year,race_name,session_name,session_kind,team,driver_code,driver_median_s,n_construct_laps,field_median_s,n_field_drivers,n_field_teams,observed_driver_to_field_s,team_median_s,team_strength_same_session,team_strength_race_event,team_strength_race_season_mean,team_strength_race_trailing_mean,driver_rating_mu_s,team_target_s,is_normal_weekend,practice_signal_balanced,practice_signal_long_run,practice_signal_short_run,n_sessions_balanced,n_sessions_long_run,n_sessions_short_run
2022,Abu Dhabi Grand Prix,Qualifying,qualifying,AlphaTauri,GAS,85.862,3,84.92150000000001,12,6,-0.9404999999999859,85.85749999999999,0.0,0.4444444444444444,0.4081547619047619,,-0.08121862419797127,-0.8592813758020146,True,0.0,0.35377777777777775,0.0,3.0,3.0,3.0
2022,Abu Dhabi Grand Prix,Qualifying,qualifying,AlphaTauri,TSU,85.853,3,84.92150000000001,12,6,-0.9314999999999856,85.85749999999999,0.0,0.4444444444444444,0.4081547619047619,,-0.01826717338177214,-0.9132328266182135,True,0.0,0.35377777777777775,0.0,3.0,3.0,3.0
2022,Abu Dhabi Grand Prix,Qualifying,qualifying,Aston Martin,STR,85.8685,4,84.92150000000001,12,6,-0.9469999999999885,85.73025,0.19999999999999996,0.6666666666666667,0.387531328320802,,-0.11131040426236238,-0.8356895957376261,True,0.40800000000000003,0.3857777777777778,0.5573333333333335,3.0,3.0,3.0
2022,Abu Dhabi Grand Prix,Qualifying,qualifying,Aston Martin,VET,85.592,4,84.92150000000001,12,6,-0.6704999999999899,85.73025,0.19999999999999996,0.6666666666666667,0.387531328320802,,-0.12531111888416818,-0.5451888811158216,True,0.40800000000000003,0.3857777777777778,0.5573333333333335,3.0,3.0,3.0
2022,Abu Dhabi Grand Prix,Qualifying,qualifying,Ferrari,LEC,84.43,4,84.92150000000001,12,6,0.49150000000000205,84.41550000000001,0.8,0.7777777777777778,0.8744164332399627,,0.4980360426406395,-0.006536042640637452,True,0.6968888888888889,0.7048888888888889,0.5617777777777778,3.0,3.0,3.0
2022,Abu Dhabi Grand Prix,Qualifying,qualifying,Ferrari,SAI,84.40100000000001,4,84.92150000000001,12,6,0.5204999999999984,84.41550000000001,0.8,0.7777777777777778,0.8744164332399627,,0.42089768077579187,0.09960231922420654,True,0.6968888888888889,0.7048888888888889,0.5617777777777778,3.0,3.0,3.0
2022,Abu Dhabi Grand Prix,Qualifying,qualifying,McLaren,NOR,84.903,3,84.92150000000001,12,6,0.01850000000000307,84.9855,0.4,0.5555555555555556,0.3907218442932729,,0.12450891586109554,-0.10600891586109247,True,0.33777777777777784,0.5013333333333334,0.5031111111111112,3.0,3.0,3.0
2022,Abu Dhabi Grand Prix,Qualifying,qualifying,McLaren,RIC,85.068,3,84.92150000000001,12,6,-0.14649999999998897,84.9855,0.4,0.5555555555555556,0.3907218442932729,,-0.1338069192715026,-0.012693080728486378,True,0.33777777777777784,0.5013333333333334,0.5031111111111112,3.0,3.0,3.0
2022,Abu Dhabi Grand Prix,Qualifying,qualifying,Mercedes,HAM,84.774,5,84.92150000000001,12,6,0.14750000000000796,84.857,0.6,0.8888888888888888,0.8018379281537176,,0.3949955738094543,-0.24749557380944637,True,0.48266666666666663,0.8346666666666668,0.4222222222222222,3.0,3.0,3.0
2022,Abu Dhabi Grand Prix,Qualifying,qualifying,Mercedes,RUS,84.94,5,84.92150000000001,12,6,-0.01849999999998886,84.857,0.6,0.8888888888888888,0.8018379281537176,,0.45271685282537005,-0.4712168528253589,True,0.48266666666666663,0.8346666666666668,0.4222222222222222,3.0,3.0,3.0
2022,Abu Dhabi Grand Prix,Qualifying,qualifying,Red Bull Racing,PER,84.3675,4,84.92150000000001,12,6,0.554000000000002,84.33625,1.0,1.0,0.9149007936507937,,0.050894241176247655,0.5031057588237544,True,0.8791111111111111,0.8604444444444445,0.8791111111111111,3.0,3.0,3.0
2022,Abu Dhabi Grand Prix,Qualifying,qualifying,Red Bull Racing,VER,84.305,4,84.92150000000001,12,6,0.616500000000002,84.33625,1.0,1.0,0.9149007936507937,,0.44653785362151754,0.1699621463784845,True,0.8791111111111111,0.8604444444444445,0.8791111111111111,3.0,3.0,3.0
2022,Abu Dhabi Grand Prix,Race,race,Alfa Romeo,BOT,92.6525,30,91.496,20,10,-1.1565000000000083,92.15950000000001,0.11111111111111116,0.11111111111111116,0.2804811507936508,,0.10127365318653098,-1.2577736531865393,True,0.6906666666666668,0.3528888888888889,0.5013333333333334,3.0,3.0,3.0
2022,Abu Dhabi Grand Prix,Race,race,Alfa Romeo,ZHO,91.6665,30,91.496,20,10,-0.1705000000000041,92.15950000000001,0.11111111111111116,0.11111111111111116,0.2804811507936508,,-0.10127365318653098,-0.06922634681347312,True,0.6906666666666668,0.3528888888888889,0.5013333333333334,3.0,3.0,3.0
2022,Abu Dhabi Grand Prix,Race,race,AlphaTauri,GAS,92.17349999999999,28,91.496,20,10,-0.6774999999999949,91.68724999999999,0.4444444444444444,0.4444444444444444,0.4081547619047619,,0.03412313799982952,-0.7116231379998244,True,0.0,0.35377777777777775,0.0,3.0,3.0,3.0
2022,Abu Dhabi Grand Prix,Race,race,AlphaTauri,TSU,91.201,28,91.496,20,10,0.2950000000000017,91.68724999999999,0.4444444444444444,0.4444444444444444,0.4081547619047619,,-0.008871756926109803,0.3038717569261115,True,0.0,0.35377777777777775,0.0,3.0,3.0,3.0
2022,Abu Dhabi Grand Prix,Race,race,Alpine,ALO,91.836,17,91.496,20,10,-0.3400000000000034,91.799,0.33333333333333337,0.33333333333333337,0.513154761904762,,0.016901313346079846,-0.35690131334608327,True,0.7777777777777779,0.7031111111111111,0.7777777777777779,3.0,3.0,3.0
2022,Abu Dhabi Grand Prix,Race,race,Alpine,OCO,91.762,17,91.496,20,10,-0.26600000000000534,91.799,0.33333333333333337,0.33333333333333337,0.513154761904762,,-0.12843307985374308,-0.13756692014626226,True,0.7777777777777779,0.7031111111111111,0.7777777777777779,3.0,3.0,3.0
2022,Abu Dhabi Grand Prix,Race,race,Aston Martin,STR,91.167,31,91.496,20,10,0.3289999999999935,91.303,0.6666666666666667,0.6666666666666667,0.387531328320802,,-0.2745680106068059,0.6035680106067994,True,0.40800000000000003,0.3857777777777778,0.5573333333333335,3.0,3.0,3.0
2022,Abu Dhabi Grand Prix,Race,race,Aston Martin,VET,91.439,31,91.496,20,10,0.05700000000000216,91.303,0.6666666666666667,0.6666666666666667,0.387531328320802,,-0.23363630178821726,0.2906363017882194,True,0.40800000000000003,0.3857777777777778,0.5573333333333335,3.0,3.0,3.0
2022,Abu Dhabi Grand Prix,Race,race,Ferrari,LEC,90.415,32,91.496,20,10,1.0809999999999889,90.50874999999999,0.7777777777777778,0.7777777777777778,0.8744164332399627,,0.1958228383996559,0.885177161600333,True,0.6968888888888889,0.7048888888888889,0.5617777777777778,3.0,3.0,3.0
2022,Abu Dhabi Grand Prix,Race,race,Ferrari,SAI,90.60249999999999,32,91.496,20,10,0.8935000000000031,90.50874999999999,0.7777777777777778,0.7777777777777778,0.8744164332399627,,0.13770117581501623,0.7557988241849869,True,0.6968888888888889,0.7048888888888889,0.5617777777777778,3.0,3.0,3.0
2022,Abu Dhabi Grand Prix,Race,race,Haas F1 Team,MAG,92.52199999999999,30,91.496,20,10,-1.0259999999999962,92.25925,0.0,0.0,0.23926237161531283,,-0.3934127617582333,-0.632587238241763,True,0.42844444444444446,0.0,0.40800000000000003,3.0,3.0,3.0
2022,Abu Dhabi Grand Prix,Race,race,Haas F1 Team,MSC,91.9965,30,91.496,20,10,-0.5005000000000024,92.25925,0.0,0.0,0.23926237161531283,,-0.26790288101912896,-0.23259711898087343,True,0.42844444444444446,0.0,0.40800000000000003,3.0,3.0,3.0
2022,Abu Dhabi Grand Prix,Race,race,McLaren,NOR,91.12950000000001,34,91.496,20,10,0.36649999999998784,91.34775,0.5555555555555556,0.5555555555555556,0.3907218442932729,,0.2594772926936577,0.10702270730633012,True,0.33777777777777784,0.5013333333333334,0.5031111111111112,3.0,3.0,3.0
2022,Abu Dhabi Grand Prix,Race,race,McLaren,RIC,91.566,34,91.496,20,10,-0.07000000000000739,91.34775,0.5555555555555556,0.5555555555555556,0.3907218442932729,,0.04057543152386005,-0.11057543152386744,True,0.33777777777777784,0.5013333333333334,0.5031111111111112,3.0,3.0,3.0
2022,Abu Dhabi Grand Prix,Race,race,Mercedes,HAM,90.358,32,91.496,20,10,1.137999999999991,90.461,0.8888888888888888,0.8888888888888888,0.8018379281537176,,-0.03013038881255811,1.1681303888125492,True,0.48266666666666663,0.8346666666666668,0.4222222222222222,3.0,3.0,3.0
2022,Abu Dhabi Grand Prix,Race,race,Mercedes,RUS,90.564,32,91.496,20,10,0.9320000000000022,90.461,0.8888888888888888,0.8888888888888888,0.8018379281537176,,-0.09081960026679484,1.022819600266797,True,0.48266666666666663,0.8346666666666668,0.4222222222222222,3.0,3.0,3.0
2022,Abu Dhabi Grand Prix,Race,race,Red Bull Racing,PER,90.5585,28,91.496,20,10,0.9375,90.34825000000001,1.0,1.0,0.9149007936507937,,0.6328857924494375,0.30461420755056245,True,0.8791111111111111,0.8604444444444445,0.8791111111111111,3.0,3.0,3.0
2022,Abu Dhabi Grand Prix,Race,race,Red Bull Racing,VER,90.138,28,91.496,20,10,1.3579999999999899,90.34825000000001,1.0,1.0,0.9149007936507937,,1.05349042621627,0.3045095737837198,True,0.8791111111111111,0.8604444444444445,0.8791111111111111,3.0,3.0,3.0
2022,Abu Dhabi Grand Prix,Race,race,Williams,ALB,91.553,38,91.496,20,10,-0.05700000000000216,91.84649999999999,0.2222222222222222,0.2222222222222222,0.16065162907268168,,0.26859346837757936,-0.3255934683775815,True,0.29866666666666675,0.30311111111111116,0.38933333333333336,3.0,3.0,3.0
2022,Abu Dhabi Grand Prix,Race,race,Williams,LAT,92.14,38,91.496,20,10,-0.6440000000000055,91.84649999999999,0.2222222222222222,0.2222222222222222,0.16065162907268168,,-0.27089614105394466,-0.3731038589460608,True,0.29866666666666675,0.30311111111111116,0.38933333333333336,3.0,3.0,3.0
2022,Australian Grand Prix,Qualifying,qualifying,Alfa Romeo,BOT,79.555,4,79.40375,16,8,-0.15125000000000455,79.86225,0.2857142857142857,0.5,0.2804811507936508,0.11111111111111116,0.13799208001694666,-0.2892420800169512,True,0.4524444444444445,0.47911111111111115,0.4222222222222222,3.0,3.0,3.0
2022,Australian Grand Prix,Qualifying,qualifying,Alfa Romeo,ZHO,80.1695,4,79.40375,16,8,-0.765749999999997,79.86225,0.2857142857142857,0.5,0.2804811507936508,0.11111111111111116,-0.13799208001694666,-0.6277579199830504,True,0.4524444444444445,0.47911111111111115,0.4222222222222222,3.0,3.0,3.0
2022,Australian Grand Prix,Qualifying,qualifying,AlphaTauri,GAS,81.31,3,79.40375,16,8,-1.90625,80.52600000000001,0.0,0.25,0.4081547619047619,0.4444444444444444,-0.08121862419797127,-1.8250313758020287,True,0.3288888888888889,0.41600000000000004,0.40355555555555556,3.0,3.0,3.0
2022,Australian Grand Prix,Qualifying,qualifying,AlphaTauri,TSU,79.742,3,79.40375,16,8,-0.33825000000000216,80.52600000000001,0.0,0.25,0.4081547619047619,0.4444444444444444,-0.01826717338177214,-0.31998282661823,True,0.3288888888888889,0.41600000000000004,0.40355555555555556,3.0,3.0,3.0
2022,Australian Grand Prix,Qualifying,qualifying,Alpine,ALO,79.653,3,79.40375,16,8,-0.24925000000000352,79.629,0.4285714285714286,0.625,0.513154761904762,0.33333333333333337,0.14345355062000661,-0.39270355062001017,True,0.5075555555555555,0.608,0.5822222222222223,3.0,3.0,3.0
2022,Australian Grand Prix,Qualifying,qualifying,Alpine,OCO,79.605,3,79.40375,16,8,-0.2012500000000017,79.629,0.4285714285714286,0.625,0.513154761904762,0.33333333333333337,-0.06464507161486799,-0.13660492838513372,True,0.5075555555555555,0.608,0.5822222222222223,3.0,3.0,3.0
2022,Australian Grand Prix,Qualifying,qualifying,Ferrari,LEC,78.606,3,79.40375,16,8,0.7977500000000077,78.8925,0.8571428571428572,,0.8744164332399627,,0.4980360426406395,0.29971395735936823,True,0.9253333333333333,0.9697777777777776,0.8951111111111111,3.0,3.0,3.0
2022,Australian Grand Prix,Qualifying,qualifying,Ferrari,SAI,79.179,3,79.40375,16,8,0.22475000000000023,78.8925,0.8571428571428572,,0.8744164332399627,,0.42089768077579187,-0.19614768077579164,True,0.9253333333333333,0.9697777777777776,0.8951111111111111,3.0,3.0,3.0
2022,Australian Grand Prix,Qualifying,qualifying,Haas F1 Team,MAG,80.4235,4,79.40375,16,8,-1.019750000000002,80.32175000000001,0.1428571428571429,0.375,0.23926237161531283,0.0,-0.47901914619435665,-0.5407308538056452,True,0.24266666666666667,0.22844444444444445,0.2728888888888889,3.0,3.0,3.0
2022,Australian Grand Prix,Qualifying,qualifying,Haas F1 Team,MSC,80.22,4,79.40375,16,8,-0.8162499999999966,80.32175000000001,0.1428571428571429,0.375,0.23926237161531283,0.0,-0.5884665298845578,-0.22778347011543876,True,0.24266666666666667,0.22844444444444445,0.2728888888888889,3.0,3.0,3.0
2022,Australian Grand Prix,Qualifying,qualifying,McLaren,NOR,79.092,3,79.40375,16,8,0.3117500000000035,79.11099999999999,0.7142857142857143,0.875,0.3907218442932729,0.5555555555555556,0.12450891586109554,0.187241084138908,True,0.5955555555555556,0.6080000000000001,0.6257777777777778,3.0,3.0,3.0
2022,Australian Grand Prix,Qualifying,qualifying,McLaren,RIC,79.13,3,79.40375,16,8,0.2737500000000068,79.11099999999999,0.7142857142857143,0.875,0.3907218442932729,0.5555555555555556,-0.1338069192715026,0.4075569192715094,True,0.5955555555555556,0.6080000000000001,0.6257777777777778,3.0,3.0,3.0
2022,Australian Grand Prix,Qualifying,qualifying,Mercedes,HAM,79.2525,4,79.40375,16,8,0.15125000000000455,79.14625,0.5714285714285714,1.0,0.8018379281537176,0.8888888888888888,0.3949955738094543,-0.24374557380944978,True,0.6062222222222223,0.719111111111111,0.3964444444444445,3.0,3.0,3.0
2022,Australian Grand Prix,Qualifying,qualifying,Mercedes,RUS,79.03999999999999,4,79.40375,16,8,0.36375000000001023,79.14625,0.5714285714285714,1.0,0.8018379281537176,0.8888888888888888,0.45271685282537005,-0.08896685282535982,True,0.6062222222222223,0.719111111111111,0.3964444444444445,3.0,3.0,3.0
2022,Australian Grand Prix,Qualifying,qualifying,Red Bull Racing,PER,78.34,3,79.40375,16,8,1.0637499999999989,78.3695,1.0,0.75,0.9149007936507937,1.0,0.050894241176247655,1.0128557588237512,True,0.9635555555555555,0.8302222222222223,0.9635555555555555,3.0,3.0,3.0
2022,Australian Grand Prix,Qualifying,qualifying,Red Bull Racing,VER,78.399,3,79.40375,16,8,1.0047500000000014,78.3695,1.0,0.75,0.9149007936507937,1.0,0.44653785362151754,0.5582121463784838,True,0.9635555555555555,0.8302222222222223,0.9635555555555555,3.0,3.0,3.0
2022,Australian Grand Prix,Race,race,Alfa Romeo,BOT,84.483,38,84.46225,18,9,-0.020750000000006708,84.6465,0.5,0.5,0.2804811507936508,0.11111111111111116,0.10127365318653098,-0.12202365318653768,True,0.4524444444444445,0.47911111111111115,0.4222222222222222,3.0,3.0,3.0
2022,Australian Grand Prix,Race,race,Alfa Romeo,ZHO,84.81,38,84.46225,18,9,-0.3477500000000049,84.6465,0.5,0.5,0.2804811507936508,0.11111111111111116,-0.10127365318653098,-0.2464763468134739,True,0.4524444444444445,0.47911111111111115,0.4222222222222222,3.0,3.0,3.0
2022,Australian Grand Prix,Race,race,AlphaTauri,GAS,84.44149999999999,30,84.46225,18,9,0.020750000000006708,84.78075,0.25,0.25,0.4081547619047619,0.4444444444444444,0.03412313799982952,-0.013373137999822815,True,0.3288888888888889,0.41600000000000004,0.40355555555555556,3.0,3.0,3.0
2022,Australian Grand Prix,Race,race,AlphaTauri,TSU,85.12,30,84.46225,18,9,-0.6577500000000072,84.78075,0.25,0.25,0.4081547619047619,0.4444444444444444,-0.008871756926109803,-0.6488782430738974,True,0.3288888888888889,0.41600000000000004,0.40355555555555556,3.0,3.0,3.0
2022,Australian Grand Prix,Race,race,Alpine,ALO,84.618,23,84.46225,18,9,-0.1557499999999976,84.3925,0.625,0.625,0.513154761904762,0.33333333333333337,0.016901313346079846,-0.17265131334607747,True,0.5075555555555555,0.608,0.5822222222222223,3.0,3.0,3.0
2022,Australian Grand Prix,Race,race,Alpine,OCO,84.167,23,84.46225,18,9,0.2952499999999958,84.3925,0.625,0.625,0.513154761904762,0.33333333333333337,-0.12843307985374308,0.4236830798537389,True,0.5075555555555555,0.608,0.5822222222222223,3.0,3.0,3.0
2022,Australian Grand Prix,Race,race,Aston Martin,STR,85.542,15,84.46225,18,9,-1.0797500000000042,85.763,0.0,0.0,0.387531328320802,0.6666666666666667,-0.2745680106068059,-0.8051819893931983,True,0.2808888888888889,0.10488888888888889,0.2808888888888889,3.0,3.0,3.0
2022,Australian Grand Prix,Race,race,Aston Martin,VET,85.984,15,84.46225,18,9,-1.5217499999999973,85.763,0.0,0.0,0.387531328320802,0.6666666666666667,-0.23363630178821726,-1.28811369821178,True,0.2808888888888889,0.10488888888888889,0.2808888888888889,3.0,3.0,3.0
2022,Australian Grand Prix,Race,race,Haas F1 Team,MAG,85.06,24,84.46225,18,9,-0.5977500000000049,84.71600000000001,0.375,0.375,0.23926237161531283,0.0,-0.3934127617582333,-0.20433723824177158,True,0.24266666666666667,0.22844444444444445,0.2728888888888889,3.0,3.0,3.0
2022,Australian Grand Prix,Race,race,Haas F1 Team,MSC,84.372,24,84.46225,18,9,0.0902499999999975,84.71600000000001,0.375,0.375,0.23926237161531283,0.0,-0.26790288101912896,0.35815288101912646,True,0.24266666666666667,0.22844444444444445,0.2728888888888889,3.0,3.0,3.0
2022,Australian Grand Prix,Race,race,McLaren,NOR,83.86,35,84.46225,18,9,0.602249999999998,83.6665,0.875,0.875,0.3907218442932729,0.5555555555555556,0.2594772926936577,0.34277270730634024,True,0.5955555555555556,0.6080000000000001,0.6257777777777778,3.0,3.0,3.0
2022,Australian Grand Prix,Race,race,McLaren,RIC,83.473,35,84.46225,18,9,0.9892499999999984,83.6665,0.875,0.875,0.3907218442932729,0.5555555555555556,0.04057543152386005,0.9486745684761384,True,0.5955555555555556,0.6080000000000001,0.6257777777777778,3.0,3.0,3.0
2022,Australian Grand Prix,Race,race,Mercedes,HAM,83.1545,36,84.46225,18,9,1.3077499999999986,82.99225,1.0,1.0,0.8018379281537176,0.8888888888888888,-0.03013038881255811,1.3378803888125568,True,0.6062222222222223,0.719111111111111,0.3964444444444445,3.0,3.0,3.0
2022,Australian Grand Prix,Race,race,Mercedes,RUS,82.83,36,84.46225,18,9,1.632249999999999,82.99225,1.0,1.0,0.8018379281537176,0.8888888888888888,-0.09081960026679484,1.723069600266794,True,0.6062222222222223,0.719111111111111,0.3964444444444445,3.0,3.0,3.0
2022,Australian Grand Prix,Race,race,Red Bull Racing,PER,84.294,21,84.46225,18,9,0.16825000000000045,84.037,0.75,0.75,0.9149007936507937,1.0,0.6328857924494375,-0.4646357924494371,True,0.9635555555555555,0.8302222222222223,0.9635555555555555,3.0,3.0,3.0
2022,Australian Grand Prix,Race,race,Red Bull Racing,VER,83.78,21,84.46225,18,9,0.6822499999999962,84.037,0.75,0.75,0.9149007936507937,1.0,1.05349042621627,-0.37124042621627384,True,0.9635555555555555,0.8302222222222223,0.9635555555555555,3.0,3.0,3.0
2022,Australian Grand Prix,Race,race,Williams,ALB,85.553,19,84.46225,18,9,-1.0907499999999999,85.03399999999999,0.125,0.125,0.16065162907268168,0.2222222222222222,0.26859346837757936,-1.3593434683775794,True,0.0968888888888889,0.03644444444444446,0.15733333333333335,3.0,3.0,3.0
2022,Australian Grand Prix,Race,race,Williams,LAT,84.515,19,84.46225,18,9,-0.05275000000000318,85.03399999999999,0.125,0.125,0.16065162907268168,0.2222222222222222,-0.27089614105394466,0.21814614105394148,True,0.0968888888888889,0.03644444444444446,0.15733333333333335,3.0,3.0,3.0
2022,Azerbaijan Grand Prix,Qualifying,qualifying,AlphaTauri,GAS,102.957,3,102.5225,8,4,-0.4344999999999999,103.1665,0.33333333333333337,0.625,0.4081547619047619,0.23148148148148148,-0.08121862419797127,-0.3532813758020286,True,0.7697777777777778,0.6177777777777778,0.7333333333333334,3.0,3.0,3.0
2022,Azerbaijan Grand Prix,Qualifying,qualifying,AlphaTauri,TSU,103.376,3,102.5225,8,4,-0.853500000000011,103.1665,0.33333333333333337,0.625,0.4081547619047619,0.23148148148148148,-0.01826717338177214,-0.8352328266182389,True,0.7697777777777778,0.6177777777777778,0.7333333333333334,3.0,3.0,3.0
2022,Azerbaijan Grand Prix,Qualifying,qualifying,Ferrari,LEC,101.861,3,102.5225,8,4,0.6614999999999895,101.9745,0.6666666666666667,,0.8744164332399627,,0.4980360426406395,0.16346395735935004,True,0.8,0.7937777777777778,0.8728888888888889,3.0,3.0,3.0
2022,Azerbaijan Grand Prix,Qualifying,qualifying,Ferrari,SAI,102.088,3,102.5225,8,4,0.4344999999999999,101.9745,0.6666666666666667,,0.8744164332399627,,0.42089768077579187,0.013602319224208015,True,0.8,0.7937777777777778,0.8728888888888889,3.0,3.0,3.0
2022,Azerbaijan Grand Prix,Qualifying,qualifying,Mercedes,HAM,103.393,3,102.5225,8,4,-0.8705000000000069,103.18549999999999,0.0,0.875,0.8018379281537176,0.9259259259259259,0.3949955738094543,-1.2654955738094613,True,0.608,0.3857777777777778,0.6262222222222222,3.0,3.0,3.0
2022,Azerbaijan Grand Prix,Qualifying,qualifying,Mercedes,RUS,102.978,3,102.5225,8,4,-0.4555000000000007,103.18549999999999,0.0,0.875,0.8018379281537176,0.9259259259259259,0.45271685282537005,-0.9082168528253707,True,0.608,0.3857777777777778,0.6262222222222222,3.0,3.0,3.0
2022,Azerbaijan Grand Prix,Qualifying,qualifying,Red Bull Racing,PER,101.94,3,102.5225,8,4,0.582499999999996,101.9645,1.0,1.0,0.9149007936507937,0.7685185185185185,0.050894241176247655,0.5316057588237484,True,0.9555555555555555,0.9555555555555555,0.9555555555555555,3.0,3.0,3.0
2022,Azerbaijan Grand Prix,Qualifying,qualifying,Red Bull Racing,VER,101.989,3,102.5225,8,4,0.5334999999999894,101.9645,1.0,1.0,0.9149007936507937,0.7685185185185185,0.44653785362151754,0.08696214637847188,True,0.9555555555555555,0.9555555555555555,0.9555555555555555,3.0,3.0,3.0
2022,Azerbaijan Grand Prix,Race,race,Alfa Romeo,BOT,110.295,11,109.9045,18,9,-0.39050000000000296,110.44800000000001,0.25,0.25,0.2804811507936508,0.2777777777777778,0.10127365318653098,-0.49177365318653393,True,0.2888888888888889,0.3804444444444444,0.3493333333333334,3.0,3.0,3.0
2022,Azerbaijan Grand Prix,Race,race,Alfa Romeo,ZHO,110.601,11,109.9045,18,9,-0.6965000000000003,110.44800000000001,0.25,0.25,0.2804811507936508,0.2777777777777778,-0.10127365318653098,-0.5952263468134693,True,0.2888888888888889,0.3804444444444444,0.3493333333333334,3.0,3.0,3.0
2022,Azerbaijan Grand Prix,Race,race,AlphaTauri,GAS,109.619,23,109.9045,18,9,0.285499999999999,109.729,0.625,0.625,0.4081547619047619,0.23148148148148148,0.03412313799982952,0.25137686200016945,True,0.7697777777777778,0.6177777777777778,0.7333333333333334,3.0,3.0,3.0
2022,Azerbaijan Grand Prix,Race,race,AlphaTauri,TSU,109.839,23,109.9045,18,9,0.06550000000000011,109.729,0.625,0.625,0.4081547619047619,0.23148148148148148,-0.008871756926109803,0.07437175692610992,True,0.7697777777777778,0.6177777777777778,0.7333333333333334,3.0,3.0,3.0
2022,Azerbaijan Grand Prix,Race,race,Alpine,ALO,109.504,29,109.9045,18,9,0.40049999999999386,110.039,0.5,0.5,0.513154761904762,0.46759259259259256,0.016901313346079846,0.383598686653914,True,0.4684444444444445,0.3431111111111111,0.5048888888888889,3.0,3.0,3.0
2022,Azerbaijan Grand Prix,Race,race,Alpine,OCO,110.574,29,109.9045,18,9,-0.6694999999999993,110.039,0.5,0.5,0.513154761904762,0.46759259259259256,-0.12843307985374308,-0.5410669201462562,True,0.4684444444444445,0.3431111111111111,0.5048888888888889,3.0,3.0,3.0
2022,Azerbaijan Grand Prix,Race,race,Aston Martin,STR,111.139,23,109.9045,18,9,-1.234499999999997,110.649,0.0,0.0,0.387531328320802,0.3333333333333333,-0.2745680106068059,-0.9599319893931911,True,0.34755555555555556,0.4924444444444445,0.34177777777777774,3.0,3.0,3.0
2022,Azerbaijan Grand Prix,Race,race,Aston Martin,VET,110.159,23,109.9045,18,9,-0.2545000000000073,110.649,0.0,0.0,0.387531328320802,0.3333333333333333,-0.23363630178821726,-0.020863698211790016,True,0.34755555555555556,0.4924444444444445,0.34177777777777774,3.0,3.0,3.0
2022,Azerbaijan Grand Prix,Race,race,Haas F1 Team,MAG,110.515,21,109.9045,18,9,-0.6105000000000018,110.0895,0.375,0.375,0.23926237161531283,0.38425925925925924,-0.3934127617582333,-0.2170872382417685,True,0.25422222222222224,0.3395555555555556,0.1635555555555556,3.0,3.0,3.0
2022,Azerbaijan Grand Prix,Race,race,Haas F1 Team,MSC,109.664,21,109.9045,18,9,0.24049999999999727,110.0895,0.375,0.375,0.23926237161531283,0.38425925925925924,-0.26790288101912896,0.5084028810191262,True,0.25422222222222224,0.3395555555555556,0.1635555555555556,3.0,3.0,3.0
2022,Azerbaijan Grand Prix,Race,race,McLaren,NOR,109.299,29,109.9045,18,9,0.6054999999999922,109.6345,0.75,0.75,0.3907218442932729,0.6990740740740741,0.2594772926936577,0.34602270730633444,True,0.43466666666666665,0.36177777777777775,0.3191111111111111,3.0,3.0,3.0
2022,Azerbaijan Grand Prix,Race,race,McLaren,RIC,109.97,29,109.9045,18,9,-0.06550000000000011,109.6345,0.75,0.75,0.3907218442932729,0.6990740740740741,0.04057543152386005,-0.10607543152386016,True,0.43466666666666665,0.36177777777777775,0.3191111111111111,3.0,3.0,3.0
2022,Azerbaijan Grand Prix,Race,race,Mercedes,HAM,109.778,37,109.9045,18,9,0.12649999999999295,109.438,0.875,0.875,0.8018379281537176,0.9259259259259259,-0.03013038881255811,0.15663038881255106,True,0.608,0.3857777777777778,0.6262222222222222,3.0,3.0,3.0
2022,Azerbaijan Grand Prix,Race,race,Mercedes,RUS,109.098,37,109.9045,18,9,0.8064999999999998,109.438,0.875,0.875,0.8018379281537176,0.9259259259259259,-0.09081960026679484,0.8973196002667946,True,0.608,0.3857777777777778,0.6262222222222222,3.0,3.0,3.0
2022,Azerbaijan Grand Prix,Race,race,Red Bull Racing,PER,107.9525,36,109.9045,18,9,1.9519999999999982,107.72999999999999,1.0,1.0,0.9149007936507937,0.7685185185185185,0.6328857924494375,1.3191142075505606,True,0.9555555555555555,0.9555555555555555,0.9555555555555555,3.0,3.0,3.0
2022,Azerbaijan Grand Prix,Race,race,Red Bull Racing,VER,107.5075,36,109.9045,18,9,2.3970000000000056,107.72999999999999,1.0,1.0,0.9149007936507937,0.7685185185185185,1.05349042621627,1.3435095737837355,True,0.9555555555555555,0.9555555555555555,0.9555555555555555,3.0,3.0,3.0
2022,Azerbaijan Grand Prix,Race,race,Williams,ALB,110.39,18,109.9045,18,9,-0.4855000000000018,110.5255,0.125,0.125,0.16065162907268168,0.1527777777777778,0.26859346837757936,-0.7540934683775812,True,0.07288888888888888,0.32977777777777784,0.13333333333333333,3.0,3.0,3.0
2022,Azerbaijan Grand Prix,Race,race,Williams,LAT,110.661,18,109.9045,18,9,-0.7565000000000026,110.5255,0.125,0.125,0.16065162907268168,0.1527777777777778,-0.27089614105394466,-0.48560385894605795,True,0.07288888888888888,0.32977777777777784,0.13333333333333333,3.0,3.0,3.0
2022,Bahrain Grand Prix,Qualifying,qualifying,Alfa Romeo,BOT,91.868,4,91.8895,14,7,0.021500000000003183,92.25375,0.16666666666666663,0.4444444444444444,0.2804811507936508,0.27083333333333337,0.13799208001694666,-0.11649208001694347,True,0.8826666666666666,0.42044444444444445,0.7653333333333334,3.0,3.0,3.0
2022,Bahrain Grand Prix,Qualifying,qualifying,Alfa Romeo,ZHO,92.6395,4,91.8895,14,7,-0.75,92.25375,0.16666666666666663,0.4444444444444444,0.2804811507936508,0.27083333333333337,-0.13799208001694666,-0.6120079199830534,True,0.8826666666666666,0.42044444444444445,0.7653333333333334,3.0,3.0,3.0
2022,Bahrain Grand Prix,Qualifying,qualifying,Alpine,ALO,91.803,3,91.8895,14,7,0.08650000000000091,91.87950000000001,0.5,0.5555555555555556,0.513154761904762,0.4756944444444444,0.14345355062000661,-0.056953550620005705,True,0.4924444444444444,0.5511111111111111,0.44800000000000006,3.0,3.0,3.0
2022,Bahrain Grand Prix,Qualifying,qualifying,Alpine,OCO,91.956,3,91.8895,14,7,-0.06650000000000489,91.87950000000001,0.5,0.5555555555555556,0.513154761904762,0.4756944444444444,-0.06464507161486799,-0.0018549283851369003,True,0.4924444444444444,0.5511111111111111,0.44800000000000006,3.0,3.0,3.0
2022,Bahrain Grand Prix,Qualifying,qualifying,Ferrari,LEC,90.8315,4,91.8895,14,7,1.0579999999999927,90.79725,1.0,1.0,0.8744164332399627,0.8888888888888888,0.4980360426406395,0.5599639573593532,True,0.9395555555555555,0.9093333333333333,0.8284444444444444,3.0,3.0,3.0
2022,Bahrain Grand Prix,Qualifying,qualifying,Ferrari,SAI,90.763,4,91.8895,14,7,1.126499999999993,90.79725,1.0,1.0,0.8744164332399627,0.8888888888888888,0.42089768077579187,0.7056023192242011,True,0.9395555555555555,0.9093333333333333,0.8284444444444444,3.0,3.0,3.0
2022,Bahrain Grand Prix,Qualifying,qualifying,Haas F1 Team,MAG,91.955,3,91.8895,14,7,-0.06550000000000011,92.16749999999999,0.33333333333333337,0.6666666666666667,0.23926237161531283,0.3819444444444444,-0.47901914619435665,0.41351914619435653,True,0.6026666666666667,0.3777777777777778,0.6248888888888888,3.0,3.0,3.0
2022,Bahrain Grand Prix,Qualifying,qualifying,Haas F1 Team,MSC,92.38,3,91.8895,14,7,-0.49049999999999727,92.16749999999999,0.33333333333333337,0.6666666666666667,0.23926237161531283,0.3819444444444444,-0.5884665298845578,0.09796652988456056,True,0.6026666666666667,0.3777777777777778,0.6248888888888888,3.0,3.0,3.0
2022,Bahrain Grand Prix,Qualifying,qualifying,McLaren,NOR,93.113,3,91.8895,14,7,-1.2235000000000014,93.319,0.0,0.0,0.3907218442932729,0.7118055555555556,0.12450891586109554,-1.3480089158610968,True,0.30488888888888893,0.16355555555555557,0.6968888888888889,3.0,3.0,3.0
2022,Bahrain Grand Prix,Qualifying,qualifying,McLaren,RIC,93.525,3,91.8895,14,7,-1.6355000000000075,93.319,0.0,0.0,0.3907218442932729,0.7118055555555556,-0.1338069192715026,-1.501693080728505,True,0.30488888888888893,0.16355555555555557,0.6968888888888889,3.0,3.0,3.0
2022,Bahrain Grand Prix,Qualifying,qualifying,Mercedes,HAM,91.36699999999999,4,91.8895,14,7,0.522500000000008,91.639,0.6666666666666667,0.7777777777777778,0.8018379281537176,0.9131944444444444,0.3949955738094543,0.12750442619055363,True,0.5493333333333335,0.6604444444444445,0.5173333333333334,3.0,3.0,3.0
2022,Bahrain Grand Prix,Qualifying,qualifying,Mercedes,RUS,91.911,4,91.8895,14,7,-0.021500000000003183,91.639,0.6666666666666667,0.7777777777777778,0.8018379281537176,0.9131944444444444,0.45271685282537005,-0.47421685282537324,True,0.5493333333333335,0.6604444444444445,0.5173333333333334,3.0,3.0,3.0
2022,Bahrain Grand Prix,Qualifying,qualifying,Red Bull Racing,PER,91.013,3,91.8895,14,7,0.876499999999993,90.878,0.8333333333333334,0.8888888888888888,0.9149007936507937,0.8263888888888888,0.050894241176247655,0.8256057588237453,True,0.5395555555555556,0.5742222222222223,0.6888888888888889,3.0,3.0,3.0
2022,Bahrain Grand Prix,Qualifying,qualifying,Red Bull Racing,VER,90.743,3,91.8895,14,7,1.1465000000000032,90.878,0.8333333333333334,0.8888888888888888,0.9149007936507937,0.8263888888888888,0.44653785362151754,0.6999621463784856,True,0.5395555555555556,0.5742222222222223,0.6888888888888889,3.0,3.0,3.0
2022,Bahrain Grand Prix,Race,race,Alfa Romeo,BOT,99.739,37,99.7125,20,10,-0.026499999999998636,99.7765,0.4444444444444444,0.4444444444444444,0.2804811507936508,0.27083333333333337,0.10127365318653098,-0.1277736531865296,True,0.8826666666666666,0.42044444444444445,0.7653333333333334,3.0,3.0,3.0
2022,Bahrain Grand Prix,Race,race,Alfa Romeo,ZHO,99.814,37,99.7125,20,10,-0.10149999999998727,99.7765,0.4444444444444444,0.4444444444444444,0.2804811507936508,0.27083333333333337,-0.10127365318653098,-0.0002263468134562907,True,0.8826666666666666,0.42044444444444445,0.7653333333333334,3.0,3.0,3.0
2022,Bahrain Grand Prix,Race,race,AlphaTauri,GAS,99.968,19,99.7125,20,10,-0.25549999999999784,100.16550000000001,0.33333333333333337,0.33333333333333337,0.4081547619047619,0.3298611111111111,0.03412313799982952,-0.28962313799982736,True,0.368,0.6204444444444445,0.24444444444444452,3.0,3.0,3.0
2022,Bahrain Grand Prix,Race,race,AlphaTauri,TSU,100.363,19,99.7125,20,10,-0.6504999999999939,100.16550000000001,0.33333333333333337,0.33333333333333337,0.4081547619047619,0.3298611111111111,-0.008871756926109803,-0.6416282430738841,True,0.368,0.6204444444444445,0.24444444444444452,3.0,3.0,3.0
2022,Bahrain Grand Prix,Race,race,Alpine,ALO,99.686,29,99.7125,20,10,0.026499999999998636,99.495,0.5555555555555556,0.5555555555555556,0.513154761904762,0.4756944444444444,0.016901313346079846,0.00959868665391879,True,0.4924444444444444,0.5511111111111111,0.44800000000000006,3.0,3.0,3.0
2022,Bahrain Grand Prix,Race,race,Alpine,OCO,99.304,29,99.7125,20,10,0.40850000000000364,99.495,0.5555555555555556,0.5555555555555556,0.513154761904762,0.4756944444444444,-0.12843307985374308,0.5369330798537467,True,0.4924444444444444,0.5511111111111111,0.44800000000000006,3.0,3.0,3.0
2022,Bahrain Grand Prix,Race,race,Aston Martin,HUL,100.638,35,99.7125,20,10,-0.9254999999999995,100.50450000000001,0.2222222222222222,0.2222222222222222,0.387531328320802,0.25,-0.18641475160805335,-0.7390852483919462,True,0.12088888888888889,0.44000000000000006,0.0,3.0,3.0,3.0
2022,Bahrain Grand Prix,Race,race,Aston Martin,STR,100.371,35,99.7125,20,10,-0.6584999999999894,100.50450000000001,0.2222222222222222,0.2222222222222222,0.387531328320802,0.25,-0.2745680106068059,-0.3839319893931835,True,0.12088888888888889,0.44000000000000006,0.0,3.0,3.0,3.0
2022,Bahrain Grand Prix,Race,race,Ferrari,LEC,97.763,34,99.7125,20,10,1.9495000000000005,97.79025,1.0,1.0,0.8744164332399627,0.8888888888888888,0.1958228383996559,1.7536771616003446,True,0.9395555555555555,0.9093333333333333,0.8284444444444444,3.0,3.0,3.0
2022,Bahrain Grand Prix,Race,race,Ferrari,SAI,97.8175,34,99.7125,20,10,1.8950000000000102,97.79025,1.0,1.0,0.8744164332399627,0.8888888888888888,0.13770117581501623,1.757298824184994,True,0.9395555555555555,0.9093333333333333,0.8284444444444444,3.0,3.0,3.0
2022,Bahrain Grand Prix,Race,race,Haas F1 Team,MAG,98.993,27,99.7125,20,10,0.7195000000000107,99.265,0.6666666666666667,0.6666666666666667,0.23926237161531283,0.3819444444444444,-0.3934127617582333,1.112912761758244,True,0.6026666666666667,0.3777777777777778,0.6248888888888888,3.0,3.0,3.0
2022,Bahrain Grand Prix,Race,race,Haas F1 Team,MSC,99.537,27,99.7125,20,10,0.17549999999999955,99.265,0.6666666666666667,0.6666666666666667,0.23926237161531283,0.3819444444444444,-0.26790288101912896,0.4434028810191285,True,0.6026666666666667,0.3777777777777778,0.6248888888888888,3.0,3.0,3.0
2022,Bahrain Grand Prix,Race,race,McLaren,NOR,100.7815,24,99.7125,20,10,-1.0689999999999884,101.01325,0.0,0.0,0.3907218442932729,0.7118055555555556,0.2594772926936577,-1.3284772926936461,True,0.30488888888888893,0.16355555555555557,0.6968888888888889,3.0,3.0,3.0
2022,Bahrain Grand Prix,Race,race,McLaren,RIC,101.245,24,99.7125,20,10,-1.5324999999999989,101.01325,0.0,0.0,0.3907218442932729,0.7118055555555556,0.04057543152386005,-1.5730754315238589,True,0.30488888888888893,0.16355555555555557,0.6968888888888889,3.0,3.0,3.0
2022,Bahrain Grand Prix,Race,race,Mercedes,HAM,98.393,35,99.7125,20,10,1.319500000000005,98.717,0.7777777777777778,0.7777777777777778,0.8018379281537176,0.9131944444444444,-0.03013038881255811,1.3496303888125631,True,0.5493333333333335,0.6604444444444445,0.5173333333333334,3.0,3.0,3.0
2022,Bahrain Grand Prix,Race,race,Mercedes,RUS,99.041,35,99.7125,20,10,0.6715000000000089,98.717,0.7777777777777778,0.7777777777777778,0.8018379281537176,0.9131944444444444,-0.09081960026679484,0.7623196002668037,True,0.5493333333333335,0.6604444444444445,0.5173333333333334,3.0,3.0,3.0
2022,Bahrain Grand Prix,Race,race,Red Bull Racing,PER,97.639,35,99.7125,20,10,2.07350000000001,97.865,0.8888888888888888,0.8888888888888888,0.9149007936507937,0.8263888888888888,0.6328857924494375,1.4406142075505723,True,0.5395555555555556,0.5742222222222223,0.6888888888888889,3.0,3.0,3.0
2022,Bahrain Grand Prix,Race,race,Red Bull Racing,VER,98.091,35,99.7125,20,10,1.6215000000000117,97.865,0.8888888888888888,0.8888888888888888,0.9149007936507937,0.8263888888888888,1.05349042621627,0.5680095737837416,True,0.5395555555555556,0.5742222222222223,0.6888888888888889,3.0,3.0,3.0
2022,Bahrain Grand Prix,Race,race,Williams,ALB,100.768,24,99.7125,20,10,-1.055499999999995,100.99525,0.11111111111111116,0.11111111111111116,0.16065162907268168,0.14583333333333334,0.26859346837757936,-1.3240934683775745,True,0.20000000000000004,0.2826666666666667,0.18577777777777776,3.0,3.0,3.0
2022,Bahrain Grand Prix,Race,race,Williams,LAT,101.2225,24,99.7125,20,10,-1.509999999999991,100.99525,0.11111111111111116,0.11111111111111116,0.16065162907268168,0.14583333333333334,-0.27089614105394466,-1.2391038589460464,True,0.20000000000000004,0.2826666666666667,0.18577777777777776,3.0,3.0,3.0
2022,Belgian Grand Prix,Qualifying,qualifying,Alpine,ALO,105.656,3,105.614,10,5,-0.04200000000000159,105.5655,0.5,0.7142857142857143,0.513154761904762,0.4916666666666667,0.14345355062000661,-0.1854535506200082,True,0.41600000000000004,0.14133333333333337,0.5493333333333335,3.0,3.0,3.0
2022,Belgian Grand Prix,Qualifying,qualifying,Alpine,OCO,105.475,3,105.614,10,5,0.13900000000001,105.5655,0.5,0.7142857142857143,0.513154761904762,0.4916666666666667,-0.06464507161486799,0.203645071614878,True,0.41600000000000004,0.14133333333333337,0.5493333333333335,3.0,3.0,3.0
2022,Belgian Grand Prix,Qualifying,qualifying,Ferrari,LEC,105.572,3,105.614,10,5,0.04200000000000159,105.311,0.75,0.5714285714285714,0.8744164332399627,0.9259259259259259,0.4980360426406395,-0.4560360426406379,True,0.647111111111111,0.7493333333333333,0.647111111111111,3.0,3.0,3.0
2022,Belgian Grand Prix,Qualifying,qualifying,Ferrari,SAI,105.05,3,105.614,10,5,0.5640000000000072,105.311,0.75,0.5714285714285714,0.8744164332399627,0.9259259259259259,0.42089768077579187,0.1431023192242153,True,0.647111111111111,0.7493333333333333,0.647111111111111,3.0,3.0,3.0
2022,Belgian Grand Prix,Qualifying,qualifying,McLaren,NOR,105.745,3,105.614,10,5,-0.13100000000000023,105.88900000000001,0.25,0.1428571428571429,0.3907218442932729,0.5694444444444444,0.12450891586109554,-0.25550891586109575,True,0.21155555555555558,0.3493333333333334,0.21155555555555558,3.0,3.0,3.0
2022,Belgian Grand Prix,Qualifying,qualifying,McLaren,RIC,106.033,3,105.614,10,5,-0.41899999999999693,105.88900000000001,0.25,0.1428571428571429,0.3907218442932729,0.5694444444444444,-0.1338069192715026,-0.28519308072849436,True,0.21155555555555558,0.3493333333333334,0.21155555555555558,3.0,3.0,3.0
2022,Belgian Grand Prix,Qualifying,qualifying,Mercedes,HAM,106.01650000000001,4,105.614,10,5,-0.4025000000000034,106.00325000000001,0.0,,0.8018379281537176,,0.3949955738094543,-0.7974955738094578,True,0.39555555555555555,0.4924444444444444,0.39555555555555555,3.0,3.0,3.0
2022,Belgian Grand Prix,Qualifying,qualifying,Mercedes,RUS,105.99,4,105.614,10,5,-0.37599999999999056,106.00325000000001,0.0,,0.8018379281537176,,0.45271685282537005,-0.8287168528253606,True,0.39555555555555555,0.4924444444444444,0.39555555555555555,3.0,3.0,3.0
2022,Belgian Grand Prix,Qualifying,qualifying,Red Bull Racing,PER,104.794,3,105.614,10,5,0.8200000000000074,104.6875,1.0,1.0,0.9149007936507937,0.8388888888888889,0.050894241176247655,0.7691057588237598,True,0.9271111111111111,1.0,0.9271111111111111,3.0,3.0,3.0
2022,Belgian Grand Prix,Qualifying,qualifying,Red Bull Racing,VER,104.581,3,105.614,10,5,1.0330000000000013,104.6875,1.0,1.0,0.9149007936507937,0.8388888888888889,0.44653785362151754,0.5864621463784837,True,0.9271111111111111,1.0,0.9271111111111111,3.0,3.0,3.0
2022,Belgian Grand Prix,Race,race,AlphaTauri,GAS,113.67099999999999,14,114.5515,16,8,0.880500000000012,113.85125,0.8571428571428572,0.8571428571428572,0.4081547619047619,0.33055555555555555,0.03412313799982952,0.8463768620001826,True,0.5155555555555557,0.2915555555555555,0.5457777777777778,3.0,3.0,3.0
2022,Belgian Grand Prix,Race,race,AlphaTauri,TSU,114.0315,14,114.5515,16,8,0.5200000000000102,113.85125,0.8571428571428572,0.8571428571428572,0.4081547619047619,0.33055555555555555,-0.008871756926109803,0.52887175692612,True,0.5155555555555557,0.2915555555555555,0.5457777777777778,3.0,3.0,3.0
2022,Belgian Grand Prix,Race,race,Alpine,ALO,113.793,27,114.5515,16,8,0.758499999999998,114.19300000000001,0.7142857142857143,0.7142857142857143,0.513154761904762,0.4916666666666667,0.016901313346079846,0.7415986866539181,True,0.41600000000000004,0.14133333333333337,0.5493333333333335,3.0,3.0,3.0
2022,Belgian Grand Prix,Race,race,Alpine,OCO,114.593,27,114.5515,16,8,-0.041499999999999204,114.19300000000001,0.7142857142857143,0.7142857142857143,0.513154761904762,0.4916666666666667,-0.12843307985374308,0.08693307985374388,True,0.41600000000000004,0.14133333333333337,0.5493333333333335,3.0,3.0,3.0
2022,Belgian Grand Prix,Race,race,Aston Martin,STR,114.44800000000001,30,114.5515,16,8,0.10349999999999682,114.47900000000001,0.4285714285714286,0.4285714285714286,0.387531328320802,0.24444444444444446,-0.2745680106068059,0.37806801060680273,True,0.5822222222222223,0.687111111111111,0.5377777777777778,3.0,3.0,3.0
2022,Belgian Grand Prix,Race,race,Aston Martin,VET,114.51,30,114.5515,16,8,0.041499999999999204,114.47900000000001,0.4285714285714286,0.4285714285714286,0.387531328320802,0.24444444444444446,-0.23363630178821726,0.27513630178821646,True,0.5822222222222223,0.687111111111111,0.5377777777777778,3.0,3.0,3.0
2022,Belgian Grand Prix,Race,race,Ferrari,LEC,114.888,11,114.5515,16,8,-0.3365000000000009,114.241,0.5714285714285714,0.5714285714285714,0.8744164332399627,0.9259259259259259,0.1958228383996559,-0.5323228383996568,True,0.647111111111111,0.7493333333333333,0.647111111111111,3.0,3.0,3.0
2022,Belgian Grand Prix,Race,race,Ferrari,SAI,113.594,11,114.5515,16,8,0.9575000000000102,114.241,0.5714285714285714,0.5714285714285714,0.8744164332399627,0.9259259259259259,0.13770117581501623,0.8197988241849941,True,0.647111111111111,0.7493333333333333,0.647111111111111,3.0,3.0,3.0
2022,Belgian Grand Prix,Race,race,Haas F1 Team,MAG,114.6365,30,114.5515,16,8,-0.08499999999999375,114.88749999999999,0.2857142857142857,0.2857142857142857,0.23926237161531283,0.43888888888888894,-0.3934127617582333,0.30841276175823956,True,0.3555555555555555,0.2968888888888889,0.28088888888888885,3.0,3.0,3.0
2022,Belgian Grand Prix,Race,race,Haas F1 Team,MSC,115.1385,30,114.5515,16,8,-0.5869999999999891,114.88749999999999,0.2857142857142857,0.2857142857142857,0.23926237161531283,0.43888888888888894,-0.26790288101912896,-0.31909711898086013,True,0.3555555555555555,0.2968888888888889,0.28088888888888885,3.0,3.0,3.0
2022,Belgian Grand Prix,Race,race,McLaren,NOR,114.861,28,114.5515,16,8,-0.3094999999999999,114.91125,0.1428571428571429,0.1428571428571429,0.3907218442932729,0.5694444444444444,0.2594772926936577,-0.5689772926936576,True,0.21155555555555558,0.3493333333333334,0.21155555555555558,3.0,3.0,3.0
2022,Belgian Grand Prix,Race,race,McLaren,RIC,114.9615,28,114.5515,16,8,-0.4099999999999966,114.91125,0.1428571428571429,0.1428571428571429,0.3907218442932729,0.5694444444444444,0.04057543152386005,-0.45057543152385665,True,0.21155555555555558,0.3493333333333334,0.21155555555555558,3.0,3.0,3.0
2022,Belgian Grand Prix,Race,race,Red Bull Racing,PER,113.36699999999999,20,114.5515,16,8,1.184500000000014,112.76849999999999,1.0,1.0,0.9149007936507937,0.8388888888888889,0.6328857924494375,0.5516142075505766,True,0.9271111111111111,1.0,0.9271111111111111,3.0,3.0,3.0
2022,Belgian Grand Prix,Race,race,Red Bull Racing,VER,112.17,20,114.5515,16,8,2.3815000000000026,112.76849999999999,1.0,1.0,0.9149007936507937,0.8388888888888889,1.05349042621627,1.3280095737837325,True,0.9271111111111111,1.0,0.9271111111111111,3.0,3.0,3.0
2022,Belgian Grand Prix,Race,race,Williams,ALB,115.0435,22,114.5515,16,8,-0.4919999999999902,115.41799999999999,0.0,0.0,0.16065162907268168,0.1388888888888889,0.26859346837757936,-0.7605934683775696,True,0.43822222222222224,0.4604444444444445,0.43822222222222224,3.0,3.0,3.0
2022,Belgian Grand Prix,Race,race,Williams,LAT,115.79249999999999,22,114.5515,16,8,-1.2409999999999854,115.41799999999999,0.0,0.0,0.16065162907268168,0.1388888888888889,-0.27089614105394466,-0.9701038589460408,True,0.43822222222222224,0.4604444444444445,0.43822222222222224,3.0,3.0,3.0
2022,British Grand Prix,Qualifying,qualifying,AlphaTauri,GAS,105.5845,2,102.76974999999999,8,4,-2.814750000000018,104.019,0.0,0.0,0.4081547619047619,0.4183201058201058,-0.08121862419797127,-2.7335313758020465,True,0.3583638583638584,0.5054945054945055,0.4444444444444444,2.0,2.0,2.0
2022,British Grand Prix,Qualifying,qualifying,AlphaTauri,TSU,102.45349999999999,2,102.76974999999999,8,4,0.3162499999999966,104.019,0.0,0.0,0.4081547619047619,0.4183201058201058,-0.01826717338177214,0.33451717338176873,True,0.3583638583638584,0.5054945054945055,0.4444444444444444,2.0,2.0,2.0
2022,British Grand Prix,Qualifying,qualifying,Alpine,ALO,101.77,3,102.76974999999999,8,4,0.9997499999999917,102.4735,1.0,0.6666666666666667,0.513154761904762,0.5287698412698413,0.14345355062000661,0.8562964493799851,True,0.40048840048840045,0.40048840048840045,0.31135531135531136,2.0,2.0,2.0
2022,British Grand Prix,Qualifying,qualifying,Alpine,OCO,103.177,3,102.76974999999999,8,4,-0.407250000000019,102.4735,1.0,0.6666666666666667,0.513154761904762,0.5287698412698413,-0.06464507161486799,-0.342604928385151,True,0.40048840048840045,0.40048840048840045,0.31135531135531136,2.0,2.0,2.0
2022,British Grand Prix,Qualifying,qualifying,Haas F1 Team,MAG,102.18,3,102.76974999999999,8,4,0.5897499999999809,102.677,0.6666666666666667,0.16666666666666663,0.23926237161531283,0.41335978835978837,-0.47901914619435665,1.0687691461943376,True,0.29426129426129427,0.23321123321123327,0.45543345543345554,2.0,2.0,2.0
2022,British Grand Prix,Qualifying,qualifying,Haas F1 Team,MSC,103.174,3,102.76974999999999,8,4,-0.40425000000001887,102.677,0.6666666666666667,0.16666666666666663,0.23926237161531283,0.41335978835978837,-0.5884665298845578,0.18421652988453896,True,0.29426129426129427,0.23321123321123327,0.45543345543345554,2.0,2.0,2.0
2022,British Grand Prix,Qualifying,qualifying,Williams,ALB,102.4185,2,102.76974999999999,8,4,0.3512499999999932,102.75225,0.33333333333333337,,0.16065162907268168,,0.4053446987189551,-0.05409469871896194,True,0.31135531135531136,0.06105006105006108,0.2222222222222222,2.0,2.0,2.0
2022,British Grand Prix,Qualifying,qualifying,Williams,LAT,103.086,2,102.76974999999999,8,4,-0.3162500000000108,102.75225,0.33333333333333337,,0.16065162907268168,,-0.040943622740378334,-0.2753063772596325,True,0.31135531135531136,0.06105006105006108,0.2222222222222222,2.0,2.0,2.0
2022,British Grand Prix,Race,race,AlphaTauri,GAS,95.527,15,94.97475,14,7,-0.5522500000000008,95.6465,0.0,0.0,0.4081547619047619,0.4183201058201058,0.03412313799982952,-0.5863731379998303,True,0.3583638583638584,0.5054945054945055,0.4444444444444444,2.0,2.0,2.0
2022,British Grand Prix,Race,race,AlphaTauri,TSU,95.766,15,94.97475,14,7,-0.7912500000000051,95.6465,0.0,0.0,0.4081547619047619,0.4183201058201058,-0.008871756926109803,-0.7823782430738954,True,0.3583638583638584,0.5054945054945055,0.4444444444444444,2.0,2.0,2.0
2022,British Grand Prix,Race,race,Alpine,ALO,92.142,9,94.97475,14,7,2.8327500000000043,93.818,0.6666666666666667,0.6666666666666667,0.513154761904762,0.5287698412698413,0.016901313346079846,2.8158486866539243,True,0.40048840048840045,0.40048840048840045,0.31135531135531136,2.0,2.0,2.0
2022,British Grand Prix,Race,race,Alpine,OCO,95.494,9,94.97475,14,7,-0.5192499999999995,93.818,0.6666666666666667,0.6666666666666667,0.513154761904762,0.5287698412698413,-0.12843307985374308,-0.39081692014625646,True,0.40048840048840045,0.40048840048840045,0.31135531135531136,2.0,2.0,2.0
2022,British Grand Prix,Race,race,Aston Martin,STR,95.465,14,94.97475,14,7,-0.4902500000000032,95.06275,0.33333333333333337,0.33333333333333337,0.387531328320802,0.2751322751322752,-0.2745680106068059,-0.21568198939319727,True,0.7167277167277168,0.4945054945054945,0.7277167277167278,2.0,2.0,2.0
2022,British Grand Prix,Race,race,Aston Martin,VET,94.6605,14,94.97475,14,7,0.31425000000000125,95.06275,0.33333333333333337,0.33333333333333337,0.387531328320802,0.2751322751322752,-0.23363630178821726,0.5478863017882185,True,0.7167277167277168,0.4945054945054945,0.7277167277167278,2.0,2.0,2.0
2022,British Grand Prix,Race,race,Ferrari,LEC,92.9805,26,94.97475,14,7,1.9942499999999939,93.02575,0.8333333333333334,0.8333333333333334,0.8744164332399627,0.8373015873015872,0.1958228383996559,1.798427161600338,True,0.5885225885225885,0.7277167277167278,0.8888888888888888,2.0,2.0,2.0
2022,British Grand Prix,Race,race,Ferrari,SAI,93.071,26,94.97475,14,7,1.9037500000000023,93.02575,0.8333333333333334,0.8333333333333334,0.8744164332399627,0.8373015873015872,0.13770117581501623,1.766048824184986,True,0.5885225885225885,0.7277167277167278,0.8888888888888888,2.0,2.0,2.0
2022,British Grand Prix,Race,race,Haas F1 Team,MAG,95.545,14,94.97475,14,7,-0.5702500000000015,95.491,0.16666666666666663,0.16666666666666663,0.23926237161531283,0.41335978835978837,-0.3934127617582333,-0.17683723824176817,True,0.29426129426129427,0.23321123321123327,0.45543345543345554,2.0,2.0,2.0
2022,British Grand Prix,Race,race,Haas F1 Team,MSC,95.437,14,94.97475,14,7,-0.4622499999999974,95.491,0.16666666666666663,0.16666666666666663,0.23926237161531283,0.41335978835978837,-0.26790288101912896,-0.19434711898086843,True,0.29426129426129427,0.23321123321123327,0.45543345543345554,2.0,2.0,2.0
2022,British Grand Prix,Race,race,McLaren,NOR,94.0505,24,94.97475,14,7,0.9242500000000007,94.66975,0.5,0.5,0.3907218442932729,0.49834656084656087,0.2594772926936577,0.664772707306343,True,0.2973137973137973,0.2222222222222222,0.6336996336996338,2.0,2.0,2.0
2022,British Grand Prix,Race,race,McLaren,RIC,95.289,24,94.97475,14,7,-0.31425000000000125,94.66975,0.5,0.5,0.3907218442932729,0.49834656084656087,0.04057543152386005,-0.3548254315238613,True,0.2973137973137973,0.2222222222222222,0.6336996336996338,2.0,2.0,2.0
2022,British Grand Prix,Race,race,Red Bull Racing,PER,91.976,13,94.97475,14,7,2.998750000000001,92.5135,1.0,1.0,0.9149007936507937,0.8657407407407408,0.6328857924494375,2.3658642075505636,True,0.5494505494505495,1.0,0.5494505494505495,2.0,2.0,2.0
2022,British Grand Prix,Race,race,Red Bull Racing,VER,93.051,13,94.97475,14,7,1.9237499999999983,92.5135,1.0,1.0,0.9149007936507937,0.8657407407407408,1.05349042621627,0.8702595737837282,True,0.5494505494505495,1.0,0.5494505494505495,2.0,2.0,2.0
2022,Canadian Grand Prix,Qualifying,qualifying,Alfa Romeo,BOT,89.19399999999999,4,87.376,8,4,-1.8179999999999836,88.1505,0.0,0.5714285714285714,0.2804811507936508,0.3055555555555555,0.13799208001694666,-1.9559920800169304,True,0.12148148148148147,0.282962962962963,0.12148148148148147,2.0,2.0,2.0
2022,Canadian Grand Prix,Qualifying,qualifying,Alfa Romeo,ZHO,87.107,4,87.376,8,4,0.26900000000000546,88.1505,0.0,0.5714285714285714,0.2804811507936508,0.3055555555555555,-0.13799208001694666,0.4069920800169521,True,0.12148148148148147,0.282962962962963,0.12148148148148147,2.0,2.0,2.0
2022,Canadian Grand Prix,Qualifying,qualifying,Alpine,ALO,87.031,3,87.376,8,4,0.34499999999999886,87.45500000000001,0.33333333333333337,0.7142857142857143,0.513154761904762,0.548469387755102,0.14345355062000661,0.20154644937999225,True,0.45481481481481484,0.7170370370370373,0.5762962962962963,2.0,2.0,2.0
2022,Canadian Grand Prix,Qualifying,qualifying,Alpine,OCO,87.879,3,87.376,8,4,-0.5030000000000001,87.45500000000001,0.33333333333333337,0.7142857142857143,0.513154761904762,0.548469387755102,-0.06464507161486799,-0.4383549283851321,True,0.45481481481481484,0.7170370370370373,0.5762962962962963,2.0,2.0,2.0
2022,Canadian Grand Prix,Qualifying,qualifying,Haas F1 Team,MAG,87.645,5,87.376,8,4,-0.26899999999999125,87.36699999999999,1.0,,0.23926237161531283,,-0.47901914619435665,0.2100191461943654,True,0.31259259259259264,0.8888888888888888,0.282962962962963,2.0,2.0,2.0
2022,Canadian Grand Prix,Qualifying,qualifying,Haas F1 Team,MSC,87.089,5,87.376,8,4,0.28700000000000614,87.36699999999999,1.0,,0.23926237161531283,,-0.5884665298845578,0.875466529884564,True,0.31259259259259264,0.8888888888888888,0.282962962962963,2.0,2.0,2.0
2022,Canadian Grand Prix,Qualifying,qualifying,Mercedes,HAM,87.73599999999999,4,87.376,8,4,-0.3599999999999852,87.40199999999999,0.6666666666666667,1.0,0.8018379281537176,0.8861111111111111,0.3949955738094543,-0.7549955738094396,True,0.9392592592592592,0.3037037037037037,0.5051851851851852,2.0,2.0,2.0
2022,Canadian Grand Prix,Qualifying,qualifying,Mercedes,RUS,87.068,4,87.376,8,4,0.30800000000000693,87.40199999999999,0.6666666666666667,1.0,0.8018379281537176,0.8861111111111111,0.45271685282537005,-0.14471685282536312,True,0.9392592592592592,0.3037037037037037,0.5051851851851852,2.0,2.0,2.0
2022,Canadian Grand Prix,Race,race,Alfa Romeo,BOT,78.9185,24,78.95575,16,8,0.03725000000000023,79.0775,0.5714285714285714,0.5714285714285714,0.2804811507936508,0.3055555555555555,0.10127365318653098,-0.06402365318653075,True,0.12148148148148147,0.282962962962963,0.12148148148148147,2.0,2.0,2.0
2022,Canadian Grand Prix,Race,race,Alfa Romeo,ZHO,79.2365,24,78.95575,16,8,-0.2807500000000118,79.0775,0.5714285714285714,0.5714285714285714,0.2804811507936508,0.3055555555555555,-0.10127365318653098,-0.17947634681348085,True,0.12148148148148147,0.282962962962963,0.12148148148148147,2.0,2.0,2.0
2022,Canadian Grand Prix,Race,race,AlphaTauri,GAS,78.993,29,78.95575,16,8,-0.03725000000000023,79.114,0.4285714285714286,0.4285714285714286,0.4081547619047619,0.35856009070294786,0.03412313799982952,-0.07137313799982975,True,0.8281481481481482,0.362962962962963,0.6162962962962965,2.0,2.0,2.0
2022,Canadian Grand Prix,Race,race,AlphaTauri,TSU,79.235,29,78.95575,16,8,-0.27925000000000466,79.114,0.4285714285714286,0.4285714285714286,0.4081547619047619,0.35856009070294786,-0.008871756926109803,-0.27037824307389485,True,0.8281481481481482,0.362962962962963,0.6162962962962965,2.0,2.0,2.0
2022,Canadian Grand Prix,Race,race,Alpine,ALO,78.44,43,78.95575,16,8,0.515749999999997,78.4915,0.7142857142857143,0.7142857142857143,0.513154761904762,0.548469387755102,0.016901313346079846,0.4988486866539172,True,0.45481481481481484,0.7170370370370373,0.5762962962962963,2.0,2.0,2.0
2022,Canadian Grand Prix,Race,race,Alpine,OCO,78.543,43,78.95575,16,8,0.4127499999999884,78.4915,0.7142857142857143,0.7142857142857143,0.513154761904762,0.548469387755102,-0.12843307985374308,0.5411830798537315,True,0.45481481481481484,0.7170370370370373,0.5762962962962963,2.0,2.0,2.0
2022,Canadian Grand Prix,Race,race,Aston Martin,STR,79.4445,28,78.95575,16,8,-0.48875000000001023,79.14075,0.2857142857142857,0.2857142857142857,0.387531328320802,0.2834467120181406,-0.2745680106068059,-0.21418198939320432,True,0.6666666666666669,0.5748148148148148,0.29333333333333333,2.0,2.0,2.0
2022,Canadian Grand Prix,Race,race,Aston Martin,VET,78.83699999999999,28,78.95575,16,8,0.11875000000000568,79.14075,0.2857142857142857,0.2857142857142857,0.387531328320802,0.2834467120181406,-0.23363630178821726,0.35238630178822294,True,0.6666666666666669,0.5748148148148148,0.29333333333333333,2.0,2.0,2.0
2022,Canadian Grand Prix,Race,race,Ferrari,LEC,78.8725,20,78.95575,16,8,0.0832499999999925,78.2715,0.8571428571428572,0.8571428571428572,0.8744164332399627,0.8365079365079365,0.1958228383996559,-0.1125728383996634,True,0.7481481481481481,0.7481481481481481,1.0,2.0,2.0,2.0
2022,Canadian Grand Prix,Race,race,Ferrari,SAI,77.6705,20,78.95575,16,8,1.2852499999999907,78.2715,0.8571428571428572,0.8571428571428572,0.8744164332399627,0.8365079365079365,0.13770117581501623,1.1475488241849745,True,0.7481481481481481,0.7481481481481481,1.0,2.0,2.0,2.0
2022,Canadian Grand Prix,Race,race,McLaren,NOR,79.3755,30,78.95575,16,8,-0.4197500000000076,79.231,0.1428571428571429,0.1428571428571429,0.3907218442932729,0.4985827664399093,0.2594772926936577,-0.6792272926936653,True,0.3525925925925926,0.4948148148148148,0.3525925925925926,2.0,2.0,2.0
2022,Canadian Grand Prix,Race,race,McLaren,RIC,79.0865,30,78.95575,16,8,-0.13075000000000614,79.231,0.1428571428571429,0.1428571428571429,0.3907218442932729,0.4985827664399093,0.04057543152386005,-0.1713254315238662,True,0.3525925925925926,0.4948148148148148,0.3525925925925926,2.0,2.0,2.0
2022,Canadian Grand Prix,Race,race,Mercedes,HAM,77.802,36,78.95575,16,8,1.153749999999988,77.74725000000001,1.0,1.0,0.8018379281537176,0.8861111111111111,-0.03013038881255811,1.1838803888125462,True,0.9392592592592592,0.3037037037037037,0.5051851851851852,2.0,2.0,2.0
2022,Canadian Grand Prix,Race,race,Mercedes,RUS,77.6925,36,78.95575,16,8,1.2632499999999993,77.74725000000001,1.0,1.0,0.8018379281537176,0.8861111111111111,-0.09081960026679484,1.3540696002667942,True,0.9392592592592592,0.3037037037037037,0.5051851851851852,2.0,2.0,2.0
2022,Canadian Grand Prix,Race,race,Williams,ALB,79.201,29,78.95575,16,8,-0.24524999999999864,79.5765,0.0,0.0,0.16065162907268168,0.11574074074074076,0.26859346837757936,-0.513843468377578,True,0.23259259259259266,0.0503703703703704,0.362962962962963,2.0,2.0,2.0
2022,Canadian Grand Prix,Race,race,Williams,LAT,79.952,29,78.95575,16,8,-0.9962500000000034,79.5765,0.0,0.0,0.16065162907268168,0.11574074074074076,-0.27089614105394466,-0.7253538589460587,True,0.23259259259259266,0.0503703703703704,0.362962962962963,2.0,2.0,2.0
2022,Dutch Grand Prix,Qualifying,qualifying,Alfa Romeo,BOT,72.225,3,71.7955,14,7,-0.4294999999999902,72.1125,0.16666666666666663,0.0,0.2804811507936508,0.3498677248677249,0.13799208001694666,-0.5674920800169369,True,0.4,0.5795555555555556,0.24444444444444452,3.0,3.0,3.0
2022,Dutch Grand Prix,Qualifying,qualifying,Alfa Romeo,ZHO,72.0,3,71.7955,14,7,-0.2044999999999959,72.1125,0.16666666666666663,0.0,0.2804811507936508,0.3498677248677249,-0.13799208001694666,-0.06650791998304925,True,0.4,0.5795555555555556,0.24444444444444452,3.0,3.0,3.0
2022,Dutch Grand Prix,Qualifying,qualifying,AlphaTauri,GAS,72.042,5,71.7955,14,7,-0.2464999999999975,71.983,0.33333333333333337,0.11111111111111116,0.4081547619047619,0.36731150793650796,-0.08121862419797127,-0.16528137580202623,True,0.744,0.776,0.4471111111111111,3.0,3.0,3.0
2022,Dutch Grand Prix,Qualifying,qualifying,AlphaTauri,TSU,71.924,5,71.7955,14,7,-0.1285000000000025,71.983,0.33333333333333337,0.11111111111111116,0.4081547619047619,0.36731150793650796,-0.01826717338177214,-0.11023282661823036,True,0.744,0.776,0.4471111111111111,3.0,3.0,3.0
2022,Dutch Grand Prix,Qualifying,qualifying,Alpine,ALO,71.667,3,71.7955,14,7,0.1285000000000025,71.87299999999999,0.5,0.6666666666666667,0.513154761904762,0.5691964285714286,0.14345355062000661,-0.014953550620004114,True,0.4640000000000001,0.2382222222222222,0.5084444444444445,3.0,3.0,3.0
2022,Dutch Grand Prix,Qualifying,qualifying,Alpine,OCO,72.079,3,71.7955,14,7,-0.2834999999999894,71.87299999999999,0.5,0.6666666666666667,0.513154761904762,0.5691964285714286,-0.06464507161486799,-0.21885492838512144,True,0.4640000000000001,0.2382222222222222,0.5084444444444445,3.0,3.0,3.0
2022,Dutch Grand Prix,Qualifying,qualifying,Ferrari,LEC,70.72200000000001,4,71.7955,14,7,1.0734999999999957,70.75125,1.0,0.8888888888888888,0.8744164332399627,0.8399470899470899,0.4980360426406395,0.5754639573593562,True,0.7475555555555555,0.8524444444444444,0.5920000000000001,3.0,3.0,3.0
2022,Dutch Grand Prix,Qualifying,qualifying,Ferrari,SAI,70.78049999999999,4,71.7955,14,7,1.0150000000000148,70.75125,1.0,0.8888888888888888,0.8744164332399627,0.8399470899470899,0.42089768077579187,0.594102319224223,True,0.7475555555555555,0.8524444444444444,0.5920000000000001,3.0,3.0,3.0
2022,Dutch Grand Prix,Qualifying,qualifying,Haas F1 Team,MAG,72.319,3,71.7955,14,7,-0.5234999999999985,72.439,0.0,0.33333333333333337,0.23926237161531283,0.37811791383219956,-0.47901914619435665,-0.04448085380564187,True,0.47911111111111115,0.5822222222222222,0.49066666666666664,3.0,3.0,3.0
2022,Dutch Grand Prix,Qualifying,qualifying,Haas F1 Team,MSC,72.559,3,71.7955,14,7,-0.7634999999999934,72.439,0.0,0.33333333333333337,0.23926237161531283,0.37811791383219956,-0.5884665298845578,-0.17503347011543557,True,0.47911111111111115,0.5822222222222222,0.49066666666666664,3.0,3.0,3.0
2022,Dutch Grand Prix,Qualifying,qualifying,Mercedes,HAM,71.075,3,71.7955,14,7,0.7205000000000013,71.111,0.8333333333333334,0.7777777777777778,0.8018379281537176,0.9050925925925926,0.3949955738094543,0.3255044261905469,True,0.42666666666666664,0.6968888888888889,0.5297777777777777,3.0,3.0,3.0
2022,Dutch Grand Prix,Qualifying,qualifying,Mercedes,RUS,71.147,3,71.7955,14,7,0.6484999999999985,71.111,0.8333333333333334,0.7777777777777778,0.8018379281537176,0.9050925925925926,0.45271685282537005,0.19578314717462847,True,0.42666666666666664,0.6968888888888889,0.5297777777777777,3.0,3.0,3.0
2022,Dutch Grand Prix,Qualifying,qualifying,Red Bull Racing,PER,71.314,3,71.7955,14,7,0.48150000000001114,71.12049999999999,0.6666666666666667,1.0,0.9149007936507937,0.884920634920635,0.050894241176247655,0.4306057588237635,True,0.4862222222222222,0.12711111111111112,0.7084444444444445,3.0,3.0,3.0
2022,Dutch Grand Prix,Qualifying,qualifying,Red Bull Racing,VER,70.927,3,71.7955,14,7,0.8684999999999974,71.12049999999999,0.6666666666666667,1.0,0.9149007936507937,0.884920634920635,0.44653785362151754,0.42196214637847984,True,0.4862222222222222,0.12711111111111112,0.7084444444444445,3.0,3.0,3.0
2022,Dutch Grand Prix,Race,race,Alfa Romeo,BOT,77.8435,30,77.019,20,10,-0.8245000000000005,77.74425,0.0,0.0,0.2804811507936508,0.3498677248677249,0.10127365318653098,-0.9257736531865315,True,0.4,0.5795555555555556,0.24444444444444452,3.0,3.0,3.0
2022,Dutch Grand Prix,Race,race,Alfa Romeo,ZHO,77.645,30,77.019,20,10,-0.6259999999999906,77.74425,0.0,0.0,0.2804811507936508,0.3498677248677249,-0.10127365318653098,-0.5247263468134595,True,0.4,0.5795555555555556,0.24444444444444452,3.0,3.0,3.0
2022,Dutch Grand Prix,Race,race,AlphaTauri,GAS,77.728,25,77.019,20,10,-0.708999999999989,77.627,0.11111111111111116,0.11111111111111116,0.4081547619047619,0.36731150793650796,0.03412313799982952,-0.7431231379998184,True,0.744,0.776,0.4471111111111111,3.0,3.0,3.0
2022,Dutch Grand Prix,Race,race,AlphaTauri,TSU,77.526,25,77.019,20,10,-0.5069999999999908,77.627,0.11111111111111116,0.11111111111111116,0.4081547619047619,0.36731150793650796,-0.008871756926109803,-0.498128243073881,True,0.744,0.776,0.4471111111111111,3.0,3.0,3.0
2022,Dutch Grand Prix,Race,race,Alpine,ALO,76.942,43,77.019,20,10,0.07700000000001239,76.9205,0.6666666666666667,0.6666666666666667,0.513154761904762,0.5691964285714286,0.016901313346079846,0.060098686653932545,True,0.4640000000000001,0.2382222222222222,0.5084444444444445,3.0,3.0,3.0
2022,Dutch Grand Prix,Race,race,Alpine,OCO,76.899,43,77.019,20,10,0.12000000000000455,76.9205,0.6666666666666667,0.6666666666666667,0.513154761904762,0.5691964285714286,-0.12843307985374308,0.24843307985374763,True,0.4640000000000001,0.2382222222222222,0.5084444444444445,3.0,3.0,3.0
2022,Dutch Grand Prix,Race,race,Aston Martin,STR,77.096,33,77.019,20,10,-0.07699999999999818,77.325,0.5555555555555556,0.5555555555555556,0.387531328320802,0.2837301587301587,-0.2745680106068059,0.19756801060680773,True,0.7697777777777779,0.6808888888888889,0.6142222222222222,3.0,3.0,3.0
2022,Dutch Grand Prix,Race,race,Aston Martin,VET,77.554,33,77.019,20,10,-0.5349999999999966,77.325,0.5555555555555556,0.5555555555555556,0.387531328320802,0.2837301587301587,-0.23363630178821726,-0.30136369821177933,True,0.7697777777777779,0.6808888888888889,0.6142222222222222,3.0,3.0,3.0
2022,Dutch Grand Prix,Race,race,Ferrari,LEC,76.3715,44,77.019,20,10,0.647500000000008,76.609,0.8888888888888888,0.8888888888888888,0.8744164332399627,0.8399470899470899,0.1958228383996559,0.4516771616003521,True,0.7475555555555555,0.8524444444444444,0.5920000000000001,3.0,3.0,3.0
2022,Dutch Grand Prix,Race,race,Ferrari,SAI,76.84649999999999,44,77.019,20,10,0.17250000000001364,76.609,0.8888888888888888,0.8888888888888888,0.8744164332399627,0.8399470899470899,0.13770117581501623,0.03479882418499741,True,0.7475555555555555,0.8524444444444444,0.5920000000000001,3.0,3.0,3.0
2022,Dutch Grand Prix,Race,race,Haas F1 Team,MAG,77.643,41,77.019,20,10,-0.6239999999999952,77.5065,0.33333333333333337,0.33333333333333337,0.23926237161531283,0.37811791383219956,-0.3934127617582333,-0.23058723824176192,True,0.47911111111111115,0.5822222222222222,0.49066666666666664,3.0,3.0,3.0
2022,Dutch Grand Prix,Race,race,Haas F1 Team,MSC,77.37,41,77.019,20,10,-0.3509999999999991,77.5065,0.33333333333333337,0.33333333333333337,0.23926237161531283,0.37811791383219956,-0.26790288101912896,-0.08309711898087013,True,0.47911111111111115,0.5822222222222222,0.49066666666666664,3.0,3.0,3.0
2022,Dutch Grand Prix,Race,race,McLaren,NOR,76.843,37,77.019,20,10,0.17600000000000193,77.3815,0.4444444444444444,0.4444444444444444,0.3907218442932729,0.4541170634920635,0.2594772926936577,-0.08347729269365578,True,0.32088888888888895,0.3191111111111111,0.43644444444444447,3.0,3.0,3.0
2022,Dutch Grand Prix,Race,race,McLaren,RIC,77.92,37,77.019,20,10,-0.9009999999999962,77.3815,0.4444444444444444,0.4444444444444444,0.3907218442932729,0.4541170634920635,0.04057543152386005,-0.9415754315238563,True,0.32088888888888895,0.3191111111111111,0.43644444444444447,3.0,3.0,3.0
2022,Dutch Grand Prix,Race,race,Mercedes,HAM,76.712,33,77.019,20,10,0.30700000000000216,76.7085,0.7777777777777778,0.7777777777777778,0.8018379281537176,0.9050925925925926,-0.03013038881255811,0.33713038881256024,True,0.42666666666666664,0.6968888888888889,0.5297777777777777,3.0,3.0,3.0
2022,Dutch Grand Prix,Race,race,Mercedes,RUS,76.705,33,77.019,20,10,0.31400000000000716,76.7085,0.7777777777777778,0.7777777777777778,0.8018379281537176,0.9050925925925926,-0.09081960026679484,0.40481960026680197,True,0.42666666666666664,0.6968888888888889,0.5297777777777777,3.0,3.0,3.0
2022,Dutch Grand Prix,Race,race,Red Bull Racing,PER,76.533,30,77.019,20,10,0.4860000000000042,76.3635,1.0,1.0,0.9149007936507937,0.884920634920635,0.6328857924494375,-0.14688579244943334,True,0.4862222222222222,0.12711111111111112,0.7084444444444445,3.0,3.0,3.0
2022,Dutch Grand Prix,Race,race,Red Bull Racing,VER,76.194,30,77.019,20,10,0.8250000000000028,76.3635,1.0,1.0,0.9149007936507937,0.884920634920635,1.05349042621627,-0.22849042621626725,True,0.4862222222222222,0.12711111111111112,0.7084444444444445,3.0,3.0,3.0
2022,Dutch Grand Prix,Race,race,Williams,ALB,76.654,22,77.019,20,10,0.3650000000000091,77.54925,0.2222222222222222,0.2222222222222222,0.16065162907268168,0.09920634920634921,0.26859346837757936,0.09640653162242974,True,0.16177777777777774,0.14755555555555558,0.42844444444444446,3.0,3.0,3.0
2022,Dutch Grand Prix,Race,race,Williams,LAT,78.4445,22,77.019,20,10,-1.4254999999999995,77.54925,0.2222222222222222,0.2222222222222222,0.16065162907268168,0.09920634920634921,-0.27089614105394466,-1.154603858946055,True,0.16177777777777774,0.14755555555555558,0.42844444444444446,3.0,3.0,3.0
2022,French Grand Prix,Qualifying,qualifying,Alpine,ALO,92.819,3,92.726,8,4,-0.09300000000000352,93.08250000000001,0.33333333333333337,0.6666666666666667,0.513154761904762,0.5800264550264551,0.14345355062000661,-0.23645355062001014,True,0.6080000000000001,0.43200000000000005,0.6080000000000001,3.0,3.0,3.0
2022,French Grand Prix,Qualifying,qualifying,Alpine,OCO,93.346,3,92.726,8,4,-0.6200000000000045,93.08250000000001,0.33333333333333337,0.6666666666666667,0.513154761904762,0.5800264550264551,-0.06464507161486799,-0.5553549283851366,True,0.6080000000000001,0.43200000000000005,0.6080000000000001,3.0,3.0,3.0
2022,French Grand Prix,Qualifying,qualifying,Aston Martin,STR,93.609,3,92.726,8,4,-0.8829999999999956,93.7535,0.0,0.4444444444444444,0.387531328320802,0.3253968253968254,-0.11131040426236238,-0.7716895957376332,True,0.15733333333333335,0.2888888888888889,0.19377777777777777,3.0,3.0,3.0
2022,French Grand Prix,Qualifying,qualifying,Aston Martin,VET,93.898,3,92.726,8,4,-1.171999999999997,93.7535,0.0,0.4444444444444444,0.387531328320802,0.3253968253968254,-0.12531111888416818,-1.0466888811158288,True,0.15733333333333335,0.2888888888888889,0.19377777777777777,3.0,3.0,3.0
2022,French Grand Prix,Qualifying,qualifying,Mercedes,HAM,92.44,5,92.726,8,4,0.28600000000000136,92.53649999999999,0.6666666666666667,0.7777777777777778,0.8018379281537176,0.847470238095238,0.3949955738094543,-0.10899557380945296,True,0.3751111111111111,0.6524444444444446,0.3751111111111111,3.0,3.0,3.0
2022,French Grand Prix,Qualifying,qualifying,Mercedes,RUS,92.633,5,92.726,8,4,0.09300000000000352,92.53649999999999,0.6666666666666667,0.7777777777777778,0.8018379281537176,0.847470238095238,0.45271685282537005,-0.35971685282536653,True,0.3751111111111111,0.6524444444444446,0.3751111111111111,3.0,3.0,3.0
2022,French Grand Prix,Qualifying,qualifying,Red Bull Racing,PER,91.64,3,92.726,8,4,1.0859999999999985,91.4285,1.0,1.0,0.9149007936507937,0.9104938271604939,0.050894241176247655,1.0351057588237509,True,0.7733333333333333,0.6444444444444445,0.7733333333333333,3.0,3.0,3.0
2022,French Grand Prix,Qualifying,qualifying,Red Bull Racing,VER,91.217,3,92.726,8,4,1.5090000000000003,91.4285,1.0,1.0,0.9149007936507937,0.9104938271604939,0.44653785362151754,1.0624621463784827,True,0.7733333333333333,0.6444444444444445,0.7733333333333333,3.0,3.0,3.0
2022,French Grand Prix,Race,race,Alfa Romeo,BOT,100.702,22,99.81525,20,10,-0.8867499999999922,100.52975,0.11111111111111116,0.11111111111111116,0.2804811507936508,0.3695436507936508,0.10127365318653098,-0.9880236531865232,True,0.5742222222222222,0.687111111111111,0.3191111111111111,3.0,3.0,3.0
2022,French Grand Prix,Race,race,Alfa Romeo,ZHO,100.3575,22,99.81525,20,10,-0.5422499999999957,100.52975,0.11111111111111116,0.11111111111111116,0.2804811507936508,0.3695436507936508,-0.10127365318653098,-0.4409763468134647,True,0.5742222222222222,0.687111111111111,0.3191111111111111,3.0,3.0,3.0
2022,French Grand Prix,Race,race,AlphaTauri,GAS,100.1275,8,99.81525,20,10,-0.3122499999999917,100.57900000000001,0.0,0.0,0.4081547619047619,0.37638888888888894,0.03412313799982952,-0.3463731379998212,True,0.6248888888888888,0.647111111111111,0.6248888888888888,3.0,3.0,3.0
2022,French Grand Prix,Race,race,AlphaTauri,TSU,101.0305,8,99.81525,20,10,-1.2152499999999975,100.57900000000001,0.0,0.0,0.4081547619047619,0.37638888888888894,-0.008871756926109803,-1.2063782430738876,True,0.6248888888888888,0.647111111111111,0.6248888888888888,3.0,3.0,3.0
2022,French Grand Prix,Race,race,Alpine,ALO,99.51150000000001,42,99.81525,20,10,0.30374999999999375,99.647,0.6666666666666667,0.6666666666666667,0.513154761904762,0.5800264550264551,0.016901313346079846,0.2868486866539139,True,0.6080000000000001,0.43200000000000005,0.6080000000000001,3.0,3.0,3.0
2022,French Grand Prix,Race,race,Alpine,OCO,99.7825,42,99.81525,20,10,0.03275000000000716,99.647,0.6666666666666667,0.6666666666666667,0.513154761904762,0.5800264550264551,-0.12843307985374308,0.16118307985375024,True,0.6080000000000001,0.43200000000000005,0.6080000000000001,3.0,3.0,3.0
2022,French Grand Prix,Race,race,Aston Martin,STR,99.8225,38,99.81525,20,10,-0.0072499999999990905,99.8475,0.4444444444444444,0.4444444444444444,0.387531328320802,0.3253968253968254,-0.2745680106068059,0.2673180106068068,True,0.15733333333333335,0.2888888888888889,0.19377777777777777,3.0,3.0,3.0
2022,French Grand Prix,Race,race,Aston Martin,VET,99.8725,38,99.81525,20,10,-0.05724999999999625,99.8475,0.4444444444444444,0.4444444444444444,0.387531328320802,0.3253968253968254,-0.23363630178821726,0.176386301788221,True,0.15733333333333335,0.2888888888888889,0.19377777777777777,3.0,3.0,3.0
2022,French Grand Prix,Race,race,Ferrari,LEC,98.90899999999999,16,99.81525,20,10,0.9062500000000142,98.4855,0.8888888888888888,0.8888888888888888,0.8744164332399627,0.8469387755102041,0.1958228383996559,0.7104271616003583,True,0.4728888888888889,0.7875555555555556,0.5822222222222222,3.0,3.0,3.0
2022,French Grand Prix,Race,race,Ferrari,SAI,98.06200000000001,16,99.81525,20,10,1.7532499999999942,98.4855,0.8888888888888888,0.8888888888888888,0.8744164332399627,0.8469387755102041,0.13770117581501623,1.615548824184978,True,0.4728888888888889,0.7875555555555556,0.5822222222222222,3.0,3.0,3.0
2022,French Grand Prix,Race,race,Haas F1 Team,MAG,100.145,27,99.81525,20,10,-0.32974999999999,100.16499999999999,0.33333333333333337,0.33333333333333337,0.23926237161531283,0.34700176366843033,-0.3934127617582333,0.06366276175824331,True,0.39022222222222225,0.03022222222222224,0.39022222222222225,3.0,3.0,3.0
2022,French Grand Prix,Race,race,Haas F1 Team,MSC,100.185,27,99.81525,20,10,-0.36974999999999625,100.16499999999999,0.33333333333333337,0.33333333333333337,0.23926237161531283,0.34700176366843033,-0.26790288101912896,-0.10184711898086729,True,0.39022222222222225,0.03022222222222224,0.39022222222222225,3.0,3.0,3.0
2022,French Grand Prix,Race,race,McLaren,NOR,99.597,39,99.81525,20,10,0.21825000000001182,99.7025,0.5555555555555556,0.5555555555555556,0.3907218442932729,0.40773809523809523,0.2594772926936577,-0.04122729269364589,True,0.3795555555555556,0.4666666666666667,0.3795555555555556,3.0,3.0,3.0
2022,French Grand Prix,Race,race,McLaren,RIC,99.808,39,99.81525,20,10,0.0072499999999990905,99.7025,0.5555555555555556,0.5555555555555556,0.3907218442932729,0.40773809523809523,0.04057543152386005,-0.03332543152386096,True,0.3795555555555556,0.4666666666666667,0.3795555555555556,3.0,3.0,3.0
2022,French Grand Prix,Race,race,Mercedes,HAM,98.589,37,99.81525,20,10,1.2262500000000074,98.5455,0.7777777777777778,0.7777777777777778,0.8018379281537176,0.847470238095238,-0.03013038881255811,1.2563803888125655,True,0.3751111111111111,0.6524444444444446,0.3751111111111111,3.0,3.0,3.0
2022,French Grand Prix,Race,race,Mercedes,RUS,98.502,37,99.81525,20,10,1.3132500000000107,98.5455,0.7777777777777778,0.7777777777777778,0.8018379281537176,0.847470238095238,-0.09081960026679484,1.4040696002668056,True,0.3751111111111111,0.6524444444444446,0.3751111111111111,3.0,3.0,3.0
2022,French Grand Prix,Race,race,Red Bull Racing,PER,98.663,33,99.81525,20,10,1.1522500000000093,98.4525,1.0,1.0,0.9149007936507937,0.9104938271604939,0.6328857924494375,0.5193642075505718,True,0.7733333333333333,0.6444444444444445,0.7733333333333333,3.0,3.0,3.0
2022,French Grand Prix,Race,race,Red Bull Racing,VER,98.242,33,99.81525,20,10,1.5732500000000016,98.4525,1.0,1.0,0.9149007936507937,0.9104938271604939,1.05349042621627,0.5197595737837315,True,0.7733333333333333,0.6444444444444445,0.7733333333333333,3.0,3.0,3.0
2022,French Grand Prix,Race,race,Williams,ALB,100.27199999999999,28,99.81525,20,10,-0.45674999999998533,100.46775,0.2222222222222222,0.2222222222222222,0.16065162907268168,0.1335978835978836,0.26859346837757936,-0.7253434683775647,True,0.6444444444444445,0.3635555555555556,0.7537777777777779,3.0,3.0,3.0
2022,French Grand Prix,Race,race,Williams,LAT,100.6635,28,99.81525,20,10,-0.8482499999999931,100.46775,0.2222222222222222,0.2222222222222222,0.16065162907268168,0.1335978835978836,-0.27089614105394466,-0.5773538589460484,True,0.6444444444444445,0.3635555555555556,0.7537777777777779,3.0,3.0,3.0
2022,Hungarian Grand Prix,Qualifying,qualifying,Alfa Romeo,BOT,78.935,5,78.95400000000001,20,10,0.019000000000005457,78.95400000000001,0.4444444444444444,0.11111111111111116,0.2804811507936508,0.3408289241622575,0.13799208001694666,-0.1189920800169412,True,0.3940740740740741,0.32296296296296295,0.282962962962963,2.0,2.0,2.0
2022,Hungarian Grand Prix,Qualifying,qualifying,Alfa Romeo,ZHO,78.973,5,78.95400000000001,20,10,-0.018999999999991246,78.95400000000001,0.4444444444444444,0.11111111111111116,0.2804811507936508,0.3408289241622575,-0.13799208001694666,0.11899208001695541,True,0.3940740740740741,0.32296296296296295,0.282962962962963,2.0,2.0,2.0
2022,Hungarian Grand Prix,Qualifying,qualifying,AlphaTauri,GAS,79.527,3,78.95400000000001,20,10,-0.5729999999999933,79.71549999999999,0.2222222222222222,0.4444444444444444,0.4081547619047619,0.3421717171717172,-0.08121862419797127,-0.491781375802022,True,0.20148148148148148,0.3940740740740741,0.4133333333333334,2.0,2.0,2.0
2022,Hungarian Grand Prix,Qualifying,qualifying,AlphaTauri,TSU,79.904,3,78.95400000000001,20,10,-0.9499999999999886,79.71549999999999,0.2222222222222222,0.4444444444444444,0.4081547619047619,0.3421717171717172,-0.01826717338177214,-0.9317328266182165,True,0.20148148148148148,0.3940740740740741,0.4133333333333334,2.0,2.0,2.0
2022,Hungarian Grand Prix,Qualifying,qualifying,Alpine,ALO,78.078,3,78.95400000000001,20,10,0.8760000000000048,78.40950000000001,0.6666666666666667,0.33333333333333337,0.513154761904762,0.5886904761904762,0.14345355062000661,0.7325464493799981,True,0.605925925925926,0.605925925925926,0.17185185185185184,2.0,2.0,2.0
2022,Hungarian Grand Prix,Qualifying,qualifying,Alpine,OCO,78.741,3,78.95400000000001,20,10,0.21300000000000807,78.40950000000001,0.6666666666666667,0.33333333333333337,0.513154761904762,0.5886904761904762,-0.06464507161486799,0.27764507161487606,True,0.605925925925926,0.605925925925926,0.17185185185185184,2.0,2.0,2.0
2022,Hungarian Grand Prix,Qualifying,qualifying,Aston Martin,STR,79.371,3,78.95400000000001,20,10,-0.4169999999999874,79.97149999999999,0.0,0.5555555555555556,0.387531328320802,0.33621933621933625,-0.11131040426236238,-0.305689595737625,True,0.4859259259259259,0.7777777777777778,0.4859259259259259,2.0,2.0,2.0
2022,Hungarian Grand Prix,Qualifying,qualifying,Aston Martin,VET,80.572,3,78.95400000000001,20,10,-1.617999999999995,79.97149999999999,0.0,0.5555555555555556,0.387531328320802,0.33621933621933625,-0.12531111888416818,-1.4926888811158268,True,0.4859259259259259,0.7777777777777778,0.4859259259259259,2.0,2.0,2.0
2022,Hungarian Grand Prix,Qualifying,qualifying,Ferrari,LEC,77.985,5,78.95400000000001,20,10,0.9690000000000083,77.96549999999999,1.0,0.7777777777777778,0.8744164332399627,0.8521825396825397,0.4980360426406395,0.4709639573593688,True,0.7170370370370373,1.0,0.5451851851851852,2.0,2.0,2.0
2022,Hungarian Grand Prix,Qualifying,qualifying,Ferrari,SAI,77.946,5,78.95400000000001,20,10,1.0080000000000098,77.96549999999999,1.0,0.7777777777777778,0.8744164332399627,0.8521825396825397,0.42089768077579187,0.587102319224218,True,0.7170370370370373,1.0,0.5451851851851852,2.0,2.0,2.0
2022,Hungarian Grand Prix,Qualifying,qualifying,Haas F1 Team,MAG,79.08,3,78.95400000000001,20,10,-0.12599999999999056,79.277,0.33333333333333337,0.0,0.23926237161531283,0.34563492063492063,-0.47901914619435665,0.3530191461943661,True,0.47555555555555556,0.0,0.7985185185185185,2.0,2.0,2.0
2022,Hungarian Grand Prix,Qualifying,qualifying,Haas F1 Team,MSC,79.474,3,78.95400000000001,20,10,-0.519999999999996,79.277,0.33333333333333337,0.0,0.23926237161531283,0.34563492063492063,-0.5884665298845578,0.06846652988456181,True,0.47555555555555556,0.0,0.7985185185185185,2.0,2.0,2.0
2022,Hungarian Grand Prix,Qualifying,qualifying,McLaren,NOR,78.121,3,78.95400000000001,20,10,0.8330000000000126,78.28649999999999,0.7777777777777778,0.6666666666666667,0.3907218442932729,0.42117604617604615,0.12450891586109554,0.708491084138917,True,0.5244444444444444,0.7377777777777778,0.40296296296296297,2.0,2.0,2.0
2022,Hungarian Grand Prix,Qualifying,qualifying,McLaren,RIC,78.452,3,78.95400000000001,20,10,0.5020000000000095,78.28649999999999,0.7777777777777778,0.6666666666666667,0.3907218442932729,0.42117604617604615,-0.1338069192715026,0.6358069192715121,True,0.5244444444444444,0.7377777777777778,0.40296296296296297,2.0,2.0,2.0
2022,Hungarian Grand Prix,Qualifying,qualifying,Mercedes,HAM,78.142,3,78.95400000000001,20,10,0.8120000000000118,78.148,0.8888888888888888,0.8888888888888888,0.8018379281537176,0.839726631393298,0.3949955738094543,0.4170044261905575,True,0.6474074074074073,0.23259259259259266,0.5051851851851852,2.0,2.0,2.0
2022,Hungarian Grand Prix,Qualifying,qualifying,Mercedes,RUS,78.154,3,78.95400000000001,20,10,0.8000000000000114,78.148,0.8888888888888888,0.8888888888888888,0.8018379281537176,0.839726631393298,0.45271685282537005,0.3472831471746413,True,0.6474074074074073,0.23259259259259266,0.5051851851851852,2.0,2.0,2.0
2022,Hungarian Grand Prix,Qualifying,qualifying,Red Bull Racing,PER,79.12,6,78.95400000000001,20,10,-0.16599999999999682,78.85425000000001,0.5555555555555556,1.0,0.9149007936507937,0.9194444444444445,0.050894241176247655,-0.21689424117624448,True,0.5140740740740741,0.7674074074074074,0.8785185185185185,2.0,2.0,2.0
2022,Hungarian Grand Prix,Qualifying,qualifying,Red Bull Racing,VER,78.58850000000001,6,78.95400000000001,20,10,0.36549999999999727,78.85425000000001,0.5555555555555556,1.0,0.9149007936507937,0.9194444444444445,0.44653785362151754,-0.08103785362152027,True,0.5140740740740741,0.7674074074074074,0.8785185185185185,2.0,2.0,2.0
2022,Hungarian Grand Prix,Qualifying,qualifying,Williams,ALB,79.7915,4,78.95400000000001,20,10,-0.8374999999999915,79.93225000000001,0.11111111111111116,0.2222222222222222,0.16065162907268168,0.14246031746031745,0.4053446987189551,-1.2428446987189465,True,0.4340740740740741,0.1614814814814815,0.5155555555555557,2.0,2.0,2.0
2022,Hungarian Grand Prix,Qualifying,qualifying,Williams,LAT,80.07300000000001,4,78.95400000000001,20,10,-1.1189999999999998,79.93225000000001,0.11111111111111116,0.2222222222222222,0.16065162907268168,0.14246031746031745,-0.040943622740378334,-1.0780563772596214,True,0.4340740740740741,0.1614814814814815,0.5155555555555557,2.0,2.0,2.0
2022,Hungarian Grand Prix,Race,race,Alfa Romeo,BOT,85.42750000000001,28,85.10400000000001,20,10,-0.3234999999999957,85.44800000000001,0.11111111111111116,0.11111111111111116,0.2804811507936508,0.3408289241622575,0.10127365318653098,-0.42477365318652666,True,0.3940740740740741,0.32296296296296295,0.282962962962963,2.0,2.0,2.0
2022,Hungarian Grand Prix,Race,race,Alfa Romeo,ZHO,85.4685,28,85.10400000000001,20,10,-0.3644999999999925,85.44800000000001,0.11111111111111116,0.11111111111111116,0.2804811507936508,0.3408289241622575,-0.10127365318653098,-0.2632263468134615,True,0.3940740740740741,0.32296296296296295,0.282962962962963,2.0,2.0,2.0
2022,Hungarian Grand Prix,Race,race,AlphaTauri,GAS,85.044,21,85.10400000000001,20,10,0.060000000000016485,85.259,0.4444444444444444,0.4444444444444444,0.4081547619047619,0.3421717171717172,0.03412313799982952,0.025876862000186962,True,0.20148148148148148,0.3940740740740741,0.4133333333333334,2.0,2.0,2.0
2022,Hungarian Grand Prix,Race,race,AlphaTauri,TSU,85.474,21,85.10400000000001,20,10,-0.36999999999999034,85.259,0.4444444444444444,0.4444444444444444,0.4081547619047619,0.3421717171717172,-0.008871756926109803,-0.36112824307388053,True,0.20148148148148148,0.3940740740740741,0.4133333333333334,2.0,2.0,2.0
2022,Hungarian Grand Prix,Race,race,Alpine,ALO,85.332,27,85.10400000000001,20,10,-0.22799999999998022,85.316,0.33333333333333337,0.33333333333333337,0.513154761904762,0.5886904761904762,0.016901313346079846,-0.24490131334606008,True,0.605925925925926,0.605925925925926,0.17185185185185184,2.0,2.0,2.0
2022,Hungarian Grand Prix,Race,race,Alpine,OCO,85.3,27,85.10400000000001,20,10,-0.19599999999998374,85.316,0.33333333333333337,0.33333333333333337,0.513154761904762,0.5886904761904762,-0.12843307985374308,-0.06756692014624066,True,0.605925925925926,0.605925925925926,0.17185185185185184,2.0,2.0,2.0
2022,Hungarian Grand Prix,Race,race,Aston Martin,STR,85.129,28,85.10400000000001,20,10,-0.024999999999991473,85.10400000000001,0.5555555555555556,0.5555555555555556,0.387531328320802,0.33621933621933625,-0.2745680106068059,0.24956801060681444,True,0.4859259259259259,0.7777777777777778,0.4859259259259259,2.0,2.0,2.0
2022,Hungarian Grand Prix,Race,race,Aston Martin,VET,85.07900000000001,28,85.10400000000001,20,10,0.025000000000005684,85.10400000000001,0.5555555555555556,0.5555555555555556,0.387531328320802,0.33621933621933625,-0.23363630178821726,0.25863630178822294,True,0.4859259259259259,0.7777777777777778,0.4859259259259259,2.0,2.0,2.0
2022,Hungarian Grand Prix,Race,race,Ferrari,LEC,84.056,23,85.10400000000001,20,10,1.048000000000016,83.997,0.7777777777777778,0.7777777777777778,0.8744164332399627,0.8521825396825397,0.1958228383996559,0.8521771616003602,True,0.7170370370370373,1.0,0.5451851851851852,2.0,2.0,2.0
2022,Hungarian Grand Prix,Race,race,Ferrari,SAI,83.938,23,85.10400000000001,20,10,1.166000000000011,83.997,0.7777777777777778,0.7777777777777778,0.8744164332399627,0.8521825396825397,0.13770117581501623,1.0282988241849949,True,0.7170370370370373,1.0,0.5451851851851852,2.0,2.0,2.0
2022,Hungarian Grand Prix,Race,race,Haas F1 Team,MAG,85.35900000000001,22,85.10400000000001,20,10,-0.25499999999999545,85.52425000000001,0.0,0.0,0.23926237161531283,0.34563492063492063,-0.3934127617582333,0.13841276175823786,True,0.47555555555555556,0.0,0.7985185185185185,2.0,2.0,2.0
2022,Hungarian Grand Prix,Race,race,Haas F1 Team,MSC,85.68950000000001,22,85.10400000000001,20,10,-0.5854999999999961,85.52425000000001,0.0,0.0,0.23926237161531283,0.34563492063492063,-0.26790288101912896,-0.3175971189808672,True,0.47555555555555556,0.0,0.7985185185185185,2.0,2.0,2.0
2022,Hungarian Grand Prix,Race,race,McLaren,NOR,84.52250000000001,26,85.10400000000001,20,10,0.5815000000000055,84.78225,0.6666666666666667,0.6666666666666667,0.3907218442932729,0.42117604617604615,0.2594772926936577,0.32202270730634774,True,0.5244444444444444,0.7377777777777778,0.40296296296296297,2.0,2.0,2.0
2022,Hungarian Grand Prix,Race,race,McLaren,RIC,85.042,26,85.10400000000001,20,10,0.06200000000001182,84.78225,0.6666666666666667,0.6666666666666667,0.3907218442932729,0.42117604617604615,0.04057543152386005,0.021424568476151776,True,0.5244444444444444,0.7377777777777778,0.40296296296296297,2.0,2.0,2.0
2022,Hungarian Grand Prix,Race,race,Mercedes,HAM,84.007,24,85.10400000000001,20,10,1.0970000000000084,83.85825,0.8888888888888888,0.8888888888888888,0.8018379281537176,0.839726631393298,-0.03013038881255811,1.1271303888125666,True,0.6474074074074073,0.23259259259259266,0.5051851851851852,2.0,2.0,2.0
2022,Hungarian Grand Prix,Race,race,Mercedes,RUS,83.7095,24,85.10400000000001,20,10,1.3945000000000078,83.85825,0.8888888888888888,0.8888888888888888,0.8018379281537176,0.839726631393298,-0.09081960026679484,1.4853196002668028,True,0.6474074074074073,0.23259259259259266,0.5051851851851852,2.0,2.0,2.0
2022,Hungarian Grand Prix,Race,race,Red Bull Racing,PER,83.9245,32,85.10400000000001,20,10,1.1795000000000186,83.82424999999999,1.0,1.0,0.9149007936507937,0.9194444444444445,0.6328857924494375,0.5466142075505811,True,0.5140740740740741,0.7674074074074074,0.8785185185185185,2.0,2.0,2.0
2022,Hungarian Grand Prix,Race,race,Red Bull Racing,VER,83.72399999999999,32,85.10400000000001,20,10,1.3800000000000239,83.82424999999999,1.0,1.0,0.9149007936507937,0.9194444444444445,1.05349042621627,0.3265095737837538,True,0.5140740740740741,0.7674074074074074,0.8785185185185185,2.0,2.0,2.0
2022,Hungarian Grand Prix,Race,race,Williams,ALB,85.259,29,85.10400000000001,20,10,-0.15499999999998693,85.424,0.2222222222222222,0.2222222222222222,0.16065162907268168,0.14246031746031745,0.26859346837757936,-0.4235934683775663,True,0.4340740740740741,0.1614814814814815,0.5155555555555557,2.0,2.0,2.0
2022,Hungarian Grand Prix,Race,race,Williams,LAT,85.589,29,85.10400000000001,20,10,-0.4849999999999852,85.424,0.2222222222222222,0.2222222222222222,0.16065162907268168,0.14246031746031745,-0.27089614105394466,-0.21410385894604056,True,0.4340740740740741,0.1614814814814815,0.5155555555555557,2.0,2.0,2.0
2022,Italian Grand Prix,Qualifying,qualifying,Alfa Romeo,BOT,82.33600000000001,4,82.066,14,7,-0.27000000000001023,82.43100000000001,0.16666666666666663,0.19999999999999996,0.2804811507936508,0.3178571428571429,0.13799208001694666,-0.40799208001695686,True,0.23466666666666666,0.176,0.5857777777777778,3.0,3.0,3.0
2022,Italian Grand Prix,Qualifying,qualifying,Alfa Romeo,ZHO,82.526,4,82.066,14,7,-0.45999999999999375,82.43100000000001,0.16666666666666663,0.19999999999999996,0.2804811507936508,0.3178571428571429,-0.13799208001694666,-0.3220079199830471,True,0.23466666666666666,0.176,0.5857777777777778,3.0,3.0,3.0
2022,Italian Grand Prix,Qualifying,qualifying,Alpine,ALO,81.995,4,82.066,14,7,0.07099999999999795,82.07325,0.5,,0.513154761904762,,0.14345355062000661,-0.07245355062000866,True,0.8444444444444444,0.5715555555555556,0.8017777777777779,3.0,3.0,3.0
2022,Italian Grand Prix,Qualifying,qualifying,Alpine,OCO,82.1515,4,82.066,14,7,-0.08549999999999613,82.07325,0.5,,0.513154761904762,,-0.06464507161486799,-0.020854928385128146,True,0.8444444444444444,0.5715555555555556,0.8017777777777779,3.0,3.0,3.0
2022,Italian Grand Prix,Qualifying,qualifying,Ferrari,LEC,80.77,3,82.066,14,7,1.2960000000000065,80.67699999999999,1.0,1.0,0.8744164332399627,0.8439153439153438,0.4980360426406395,0.797963957359367,True,0.8648888888888889,0.8222222222222222,0.7377777777777778,3.0,3.0,3.0
2022,Italian Grand Prix,Qualifying,qualifying,Ferrari,SAI,80.584,3,82.066,14,7,1.4819999999999993,80.67699999999999,1.0,1.0,0.8744164332399627,0.8439153439153438,0.42089768077579187,1.0611023192242075,True,0.8648888888888889,0.8222222222222222,0.7377777777777778,3.0,3.0,3.0
2022,Italian Grand Prix,Qualifying,qualifying,Haas F1 Team,MAG,82.908,3,82.066,14,7,-0.8419999999999987,83.1885,0.0,0.0,0.23926237161531283,0.3142135642135642,-0.47901914619435665,-0.3629808538056421,True,0.34755555555555556,0.2666666666666667,0.42400000000000004,3.0,3.0,3.0
2022,Italian Grand Prix,Qualifying,qualifying,Haas F1 Team,MSC,83.469,3,82.066,14,7,-1.4029999999999916,83.1885,0.0,0.0,0.23926237161531283,0.3142135642135642,-0.5884665298845578,-0.8145334701154338,True,0.34755555555555556,0.2666666666666667,0.42400000000000004,3.0,3.0,3.0
2022,Italian Grand Prix,Qualifying,qualifying,McLaren,NOR,82.0025,4,82.066,14,7,0.06350000000000477,82.14125,0.33333333333333337,0.4,0.3907218442932729,0.4416335978835979,0.12450891586109554,-0.061008915861090765,True,0.3128888888888889,0.37955555555555553,0.2888888888888889,3.0,3.0,3.0
2022,Italian Grand Prix,Qualifying,qualifying,McLaren,RIC,82.28,4,82.066,14,7,-0.21399999999999864,82.14125,0.33333333333333337,0.4,0.3907218442932729,0.4416335978835979,-0.1338069192715026,-0.08019308072849604,True,0.3128888888888889,0.37955555555555553,0.2888888888888889,3.0,3.0,3.0
2022,Italian Grand Prix,Qualifying,qualifying,Mercedes,HAM,82.12950000000001,4,82.066,14,7,-0.06350000000000477,81.94775,0.6666666666666667,,0.8018379281537176,,0.3949955738094543,-0.4584955738094591,True,0.23644444444444446,0.5075555555555555,0.25066666666666665,3.0,3.0,3.0
2022,Italian Grand Prix,Qualifying,qualifying,Mercedes,RUS,81.76599999999999,4,82.066,14,7,0.30000000000001137,81.94775,0.6666666666666667,,0.8018379281537176,,0.45271685282537005,-0.15271685282535868,True,0.23644444444444446,0.5075555555555555,0.25066666666666665,3.0,3.0,3.0
2022,Italian Grand Prix,Qualifying,qualifying,Red Bull Racing,PER,81.358,3,82.066,14,7,0.7079999999999984,81.10849999999999,0.8333333333333334,,0.9149007936507937,,0.050894241176247655,0.6571057588237508,True,0.8666666666666668,0.8542222222222222,0.8791111111111111,3.0,3.0,3.0
2022,Italian Grand Prix,Qualifying,qualifying,Red Bull Racing,VER,80.859,3,82.066,14,7,1.2070000000000078,81.10849999999999,0.8333333333333334,,0.9149007936507937,,0.44653785362151754,0.7604621463784903,True,0.8666666666666668,0.8542222222222222,0.8791111111111111,3.0,3.0,3.0
2022,Italian Grand Prix,Race,race,Alfa Romeo,BOT,87.992,11,87.46775,12,6,-0.5242500000000092,87.769,0.19999999999999996,0.19999999999999996,0.2804811507936508,0.3178571428571429,0.10127365318653098,-0.6255236531865402,True,0.23466666666666666,0.176,0.5857777777777778,3.0,3.0,3.0
2022,Italian Grand Prix,Race,race,Alfa Romeo,ZHO,87.546,11,87.46775,12,6,-0.07825000000001125,87.769,0.19999999999999996,0.19999999999999996,0.2804811507936508,0.3178571428571429,-0.10127365318653098,0.02302365318651972,True,0.23466666666666666,0.176,0.5857777777777778,3.0,3.0,3.0
2022,Italian Grand Prix,Race,race,AlphaTauri,GAS,87.196,31,87.46775,12,6,0.27174999999999727,87.232,0.8,0.8,0.4081547619047619,0.3506944444444445,0.03412313799982952,0.23762686200016775,True,0.30844444444444447,0.3591111111111111,0.25600000000000006,3.0,3.0,3.0
2022,Italian Grand Prix,Race,race,AlphaTauri,TSU,87.268,31,87.46775,12,6,0.19974999999999454,87.232,0.8,0.8,0.4081547619047619,0.3506944444444445,-0.008871756926109803,0.20862175692610435,True,0.30844444444444447,0.3591111111111111,0.25600000000000006,3.0,3.0,3.0
2022,Italian Grand Prix,Race,race,Ferrari,LEC,85.6165,20,87.46775,12,6,1.8512499999999932,86.06325000000001,1.0,1.0,0.8744164332399627,0.8439153439153438,0.1958228383996559,1.6554271616003373,True,0.8648888888888889,0.8222222222222222,0.7377777777777778,3.0,3.0,3.0
2022,Italian Grand Prix,Race,race,Ferrari,SAI,86.51,20,87.46775,12,6,0.9577499999999901,86.06325000000001,1.0,1.0,0.8744164332399627,0.8439153439153438,0.13770117581501623,0.8200488241849739,True,0.8648888888888889,0.8222222222222222,0.7377777777777778,3.0,3.0,3.0
2022,Italian Grand Prix,Race,race,Haas F1 Team,MAG,88.232,15,87.46775,12,6,-0.7642500000000041,87.97200000000001,0.0,0.0,0.23926237161531283,0.3142135642135642,-0.3934127617582333,-0.3708372382417708,True,0.34755555555555556,0.2666666666666667,0.42400000000000004,3.0,3.0,3.0
2022,Italian Grand Prix,Race,race,Haas F1 Team,MSC,87.712,15,87.46775,12,6,-0.24425000000000807,87.97200000000001,0.0,0.0,0.23926237161531283,0.3142135642135642,-0.26790288101912896,0.023652881019120886,True,0.34755555555555556,0.2666666666666667,0.42400000000000004,3.0,3.0,3.0
2022,Italian Grand Prix,Race,race,McLaren,NOR,87.39750000000001,12,87.46775,12,6,0.07024999999998727,87.46775,0.4,0.4,0.3907218442932729,0.4416335978835979,0.2594772926936577,-0.18922729269367045,True,0.3128888888888889,0.37955555555555553,0.2888888888888889,3.0,3.0,3.0
2022,Italian Grand Prix,Race,race,McLaren,RIC,87.538,12,87.46775,12,6,-0.07025000000000148,87.46775,0.4,0.4,0.3907218442932729,0.4416335978835979,0.04057543152386005,-0.11082543152386153,True,0.3128888888888889,0.37955555555555553,0.2888888888888889,3.0,3.0,3.0
2022,Italian Grand Prix,Race,race,Williams,DEV,86.924,10,87.46775,12,6,0.5437499999999886,87.43975,0.6,0.6,0.16065162907268168,0.1497113997113997,-0.2349593387079074,0.778709338707896,True,0.6062222222222223,0.48533333333333334,0.5333333333333334,3.0,3.0,3.0
2022,Italian Grand Prix,Race,race,Williams,LAT,87.9555,10,87.46775,12,6,-0.48775000000000546,87.43975,0.6,0.6,0.16065162907268168,0.1497113997113997,-0.27089614105394466,-0.2168538589460608,True,0.6062222222222223,0.48533333333333334,0.5333333333333334,3.0,3.0,3.0
2022,Japanese Grand Prix,Qualifying,qualifying,Alfa Romeo,BOT,91.0775,4,90.572,14,7,-0.5054999999999978,91.08725000000001,0.16666666666666663,,0.2804811507936508,,0.13799208001694666,-0.6434920800169445,True,0.5555555555555556,0.8888888888888888,0.33333333333333337,1.0,1.0,1.0
2022,Japanese Grand Prix,Qualifying,qualifying,Alfa Romeo,ZHO,91.09700000000001,4,90.572,14,7,-0.5250000000000057,91.08725000000001,0.16666666666666663,,0.2804811507936508,,-0.13799208001694666,-0.38700791998305906,True,0.5555555555555556,0.8888888888888888,0.33333333333333337,1.0,1.0,1.0
2022,Japanese Grand Prix,Qualifying,qualifying,AlphaTauri,GAS,91.92,3,90.572,14,7,-1.347999999999999,91.63300000000001,0.0,0.25,0.4081547619047619,0.3852564102564103,-0.08121862419797127,-1.2667813758020277,True,0.6666666666666667,0.2222222222222222,0.5555555555555556,1.0,1.0,1.0
2022,Japanese Grand Prix,Qualifying,qualifying,AlphaTauri,TSU,91.346,3,90.572,14,7,-0.7740000000000009,91.63300000000001,0.0,0.25,0.4081547619047619,0.3852564102564103,-0.01826717338177214,-0.7557328266182288,True,0.6666666666666667,0.2222222222222222,0.5555555555555556,1.0,1.0,1.0
2022,Japanese Grand Prix,Qualifying,qualifying,Alpine,ALO,90.366,4,90.572,14,7,0.20600000000000307,90.40549999999999,0.6666666666666667,0.75,0.513154761904762,0.5654761904761906,0.14345355062000661,0.06254644937999645,True,0.7777777777777778,0.33333333333333337,0.6666666666666667,1.0,1.0,1.0
2022,Japanese Grand Prix,Qualifying,qualifying,Alpine,OCO,90.445,4,90.572,14,7,0.12700000000000955,90.40549999999999,0.6666666666666667,0.75,0.513154761904762,0.5654761904761906,-0.06464507161486799,0.19164507161487754,True,0.7777777777777778,0.33333333333333337,0.6666666666666667,1.0,1.0,1.0
2022,Japanese Grand Prix,Qualifying,qualifying,Ferrari,LEC,89.557,3,90.572,14,7,1.0150000000000006,89.62950000000001,1.0,,0.8744164332399627,,0.4980360426406395,0.5169639573593611,True,0.8888888888888888,0.4444444444444444,1.0,1.0,1.0,1.0
2022,Japanese Grand Prix,Qualifying,qualifying,Ferrari,SAI,89.702,3,90.572,14,7,0.8700000000000045,89.62950000000001,1.0,,0.8744164332399627,,0.42089768077579187,0.4491023192242127,True,0.8888888888888888,0.4444444444444444,1.0,1.0,1.0,1.0
2022,Japanese Grand Prix,Qualifying,qualifying,McLaren,NOR,90.967,3,90.572,14,7,-0.394999999999996,90.92349999999999,0.33333333333333337,0.0,0.3907218442932729,0.4384310134310135,0.12450891586109554,-0.5195089158610916,True,0.0,0.6666666666666667,0.11111111111111116,1.0,1.0,1.0
2022,Japanese Grand Prix,Qualifying,qualifying,McLaren,RIC,90.88,3,90.572,14,7,-0.3079999999999927,90.92349999999999,0.33333333333333337,0.0,0.3907218442932729,0.4384310134310135,-0.1338069192715026,-0.17419308072849013,True,0.0,0.6666666666666667,0.11111111111111116,1.0,1.0,1.0
2022,Japanese Grand Prix,Qualifying,qualifying,Mercedes,HAM,90.56049999999999,4,90.572,14,7,0.011500000000012278,90.572,0.5,0.5,0.8018379281537176,0.8446428571428571,0.3949955738094543,-0.38349557380944205,True,0.11111111111111116,0.5555555555555556,0.7777777777777778,1.0,1.0,1.0
2022,Japanese Grand Prix,Qualifying,qualifying,Mercedes,RUS,90.5835,4,90.572,14,7,-0.011499999999998067,90.572,0.5,0.5,0.8018379281537176,0.8446428571428571,0.45271685282537005,-0.4642168528253681,True,0.11111111111111116,0.5555555555555556,0.7777777777777778,1.0,1.0,1.0
2022,Japanese Grand Prix,Qualifying,qualifying,Red Bull Racing,PER,89.994,3,90.572,14,7,0.578000000000003,89.663,0.8333333333333334,1.0,0.9149007936507937,0.9267676767676768,0.050894241176247655,0.5271057588237553,True,1.0,1.0,0.8888888888888888,1.0,1.0,1.0
2022,Japanese Grand Prix,Qualifying,qualifying,Red Bull Racing,VER,89.332,3,90.572,14,7,1.240000000000009,89.663,0.8333333333333334,1.0,0.9149007936507937,0.9267676767676768,0.44653785362151754,0.7934621463784916,True,1.0,1.0,0.8888888888888888,1.0,1.0,1.0
2022,Japanese Grand Prix,Race,race,AlphaTauri,GAS,109.7345,2,107.9085,10,5,-1.8259999999999934,109.2445,0.25,0.25,0.4081547619047619,0.3852564102564103,0.03412313799982952,-1.8601231379998229,True,0.6666666666666667,0.2222222222222222,0.5555555555555556,1.0,1.0,1.0
2022,Japanese Grand Prix,Race,race,AlphaTauri,TSU,108.75450000000001,2,107.9085,10,5,-0.8460000000000036,109.2445,0.25,0.25,0.4081547619047619,0.3852564102564103,-0.008871756926109803,-0.8371282430738939,True,0.6666666666666667,0.2222222222222222,0.5555555555555556,1.0,1.0,1.0
2022,Japanese Grand Prix,Race,race,Alpine,ALO,107.101,2,107.9085,10,5,0.8075000000000045,107.217,0.75,0.75,0.513154761904762,0.5654761904761906,0.016901313346079846,0.7905986866539247,True,0.7777777777777778,0.33333333333333337,0.6666666666666667,1.0,1.0,1.0
2022,Japanese Grand Prix,Race,race,Alpine,OCO,107.333,2,107.9085,10,5,0.5755000000000052,107.217,0.75,0.75,0.513154761904762,0.5654761904761906,-0.12843307985374308,0.7039330798537483,True,0.7777777777777778,0.33333333333333337,0.6666666666666667,1.0,1.0,1.0
2022,Japanese Grand Prix,Race,race,McLaren,NOR,108.788,1,107.9085,10,5,-0.8794999999999931,109.3575,0.0,0.0,0.3907218442932729,0.4384310134310135,0.2594772926936577,-1.1389772926936508,True,0.0,0.6666666666666667,0.11111111111111116,1.0,1.0,1.0
2022,Japanese Grand Prix,Race,race,McLaren,RIC,109.927,1,107.9085,10,5,-2.018500000000003,109.3575,0.0,0.0,0.3907218442932729,0.4384310134310135,0.04057543152386005,-2.0590754315238633,True,0.0,0.6666666666666667,0.11111111111111116,1.0,1.0,1.0
2022,Japanese Grand Prix,Race,race,Mercedes,HAM,107.378,3,107.9085,10,5,0.5305000000000035,107.9085,0.5,0.5,0.8018379281537176,0.8446428571428571,-0.03013038881255811,0.5606303888125617,True,0.11111111111111116,0.5555555555555556,0.7777777777777778,1.0,1.0,1.0
2022,Japanese Grand Prix,Race,race,Mercedes,RUS,108.439,3,107.9085,10,5,-0.5304999999999893,107.9085,0.5,0.5,0.8018379281537176,0.8446428571428571,-0.09081960026679484,-0.4396803997331945,True,0.11111111111111116,0.5555555555555556,0.7777777777777778,1.0,1.0,1.0
2022,Japanese Grand Prix,Race,race,Red Bull Racing,PER,107.32,2,107.9085,10,5,0.5885000000000105,107.20025,1.0,1.0,0.9149007936507937,0.9267676767676768,0.6328857924494375,-0.044385792449427086,True,1.0,1.0,0.8888888888888888,1.0,1.0,1.0
2022,Japanese Grand Prix,Race,race,Red Bull Racing,VER,107.0805,2,107.9085,10,5,0.828000000000003,107.20025,1.0,1.0,0.9149007936507937,0.9267676767676768,1.05349042621627,-0.22549042621626714,True,1.0,1.0,0.8888888888888888,1.0,1.0,1.0
2022,Mexico City Grand Prix,Qualifying,qualifying,Alfa Romeo,BOT,79.1515,4,79.6165,20,10,0.4650000000000034,79.6045,0.5555555555555556,0.33333333333333337,0.2804811507936508,0.30714285714285716,0.13799208001694666,0.3270079199830568,True,0.37955555555555553,0.38755555555555554,0.3413333333333333,3.0,3.0,3.0
2022,Mexico City Grand Prix,Qualifying,qualifying,Alfa Romeo,ZHO,80.0575,4,79.6165,20,10,-0.4410000000000025,79.6045,0.5555555555555556,0.33333333333333337,0.2804811507936508,0.30714285714285716,-0.13799208001694666,-0.3030079199830559,True,0.37955555555555553,0.38755555555555554,0.3413333333333333,3.0,3.0,3.0
2022,Mexico City Grand Prix,Qualifying,qualifying,AlphaTauri,GAS,80.129,3,79.6165,20,10,-0.5125000000000028,79.87100000000001,0.33333333333333337,0.6666666666666667,0.4081547619047619,0.37559523809523815,-0.08121862419797127,-0.4312813758020316,True,0.48711111111111116,0.4666666666666667,0.5173333333333334,3.0,3.0,3.0
2022,Mexico City Grand Prix,Qualifying,qualifying,AlphaTauri,TSU,79.613,3,79.6165,20,10,0.003500000000002501,79.87100000000001,0.33333333333333337,0.6666666666666667,0.4081547619047619,0.37559523809523815,-0.01826717338177214,0.02176717338177464,True,0.48711111111111116,0.4666666666666667,0.5173333333333334,3.0,3.0,3.0
2022,Mexico City Grand Prix,Qualifying,qualifying,Alpine,ALO,79.272,3,79.6165,20,10,0.3444999999999965,79.2805,0.6666666666666667,0.4444444444444444,0.513154761904762,0.5808531746031746,0.14345355062000661,0.20104644937998986,True,0.39822222222222226,0.6266666666666667,0.7048888888888889,3.0,3.0,3.0
2022,Mexico City Grand Prix,Qualifying,qualifying,Alpine,OCO,79.289,3,79.6165,20,10,0.32750000000000057,79.2805,0.6666666666666667,0.4444444444444444,0.513154761904762,0.5808531746031746,-0.06464507161486799,0.39214507161486856,True,0.39822222222222226,0.6266666666666667,0.7048888888888889,3.0,3.0,3.0
2022,Mexico City Grand Prix,Qualifying,qualifying,Aston Martin,STR,80.761,3,79.6165,20,10,-1.1444999999999936,80.87549999999999,0.11111111111111116,0.2222222222222222,0.387531328320802,0.3544973544973545,-0.11131040426236238,-1.0331895957376314,True,0.34755555555555556,0.36177777777777786,0.1697777777777778,3.0,3.0,3.0
2022,Mexico City Grand Prix,Qualifying,qualifying,Aston Martin,VET,80.99,3,79.6165,20,10,-1.3734999999999928,80.87549999999999,0.11111111111111116,0.2222222222222222,0.387531328320802,0.3544973544973545,-0.12531111888416818,-1.2481888811158246,True,0.34755555555555556,0.36177777777777786,0.1697777777777778,3.0,3.0,3.0
2022,Mexico City Grand Prix,Qualifying,qualifying,Ferrari,LEC,78.816,3,79.6165,20,10,0.8004999999999995,78.617,0.7777777777777778,0.7777777777777778,0.8744164332399627,0.8595238095238095,0.4980360426406395,0.30246395735936005,True,0.8826666666666666,0.8142222222222222,0.7937777777777778,3.0,3.0,3.0
2022,Mexico City Grand Prix,Qualifying,qualifying,Ferrari,SAI,78.418,3,79.6165,20,10,1.1984999999999957,78.617,0.7777777777777778,0.7777777777777778,0.8744164332399627,0.8595238095238095,0.42089768077579187,0.7776023192242039,True,0.8826666666666666,0.8142222222222222,0.7937777777777778,3.0,3.0,3.0
2022,Mexico City Grand Prix,Qualifying,qualifying,Haas F1 Team,MAG,81.049,4,79.6165,20,10,-1.4325000000000045,80.84,0.2222222222222222,0.0,0.23926237161531283,0.2880291005291005,-0.47901914619435665,-0.9534808538056478,True,0.32711111111111113,0.04444444444444447,0.3555555555555555,3.0,3.0,3.0
2022,Mexico City Grand Prix,Qualifying,qualifying,Haas F1 Team,MSC,80.631,4,79.6165,20,10,-1.0144999999999982,80.84,0.2222222222222222,0.0,0.23926237161531283,0.2880291005291005,-0.5884665298845578,-0.42603347011544035,True,0.32711111111111113,0.04444444444444447,0.3555555555555555,3.0,3.0,3.0
2022,Mexico City Grand Prix,Qualifying,qualifying,McLaren,NOR,79.62,4,79.6165,20,10,-0.003500000000002501,79.72525,0.4444444444444444,0.11111111111111116,0.3907218442932729,0.40711451247165537,0.12450891586109554,-0.12800891586109803,True,0.4177777777777778,0.34311111111111114,0.5066666666666666,3.0,3.0,3.0
2022,Mexico City Grand Prix,Qualifying,qualifying,McLaren,RIC,79.8305,4,79.6165,20,10,-0.21399999999999864,79.72525,0.4444444444444444,0.11111111111111116,0.3907218442932729,0.40711451247165537,-0.1338069192715026,-0.08019308072849604,True,0.4177777777777778,0.34311111111111114,0.5066666666666666,3.0,3.0,3.0
2022,Mexico City Grand Prix,Qualifying,qualifying,Mercedes,HAM,78.094,3,79.6165,20,10,1.522500000000008,78.3295,0.8888888888888888,0.8888888888888888,0.8018379281537176,0.8133116883116883,0.3949955738094543,1.1275044261905536,True,0.6391111111111111,0.7013333333333334,0.5502222222222223,3.0,3.0,3.0
2022,Mexico City Grand Prix,Qualifying,qualifying,Mercedes,RUS,78.565,3,79.6165,20,10,1.0515000000000043,78.3295,0.8888888888888888,0.8888888888888888,0.8018379281537176,0.8133116883116883,0.45271685282537005,0.5987831471746343,True,0.6391111111111111,0.7013333333333334,0.5502222222222223,3.0,3.0,3.0
2022,Mexico City Grand Prix,Qualifying,qualifying,Red Bull Racing,PER,78.384,4,79.6165,20,10,1.2325000000000017,78.32025,1.0,1.0,0.9149007936507937,0.9328703703703703,0.050894241176247655,1.181605758823754,True,0.8240000000000001,0.8906666666666666,0.8604444444444445,3.0,3.0,3.0
2022,Mexico City Grand Prix,Qualifying,qualifying,Red Bull Racing,VER,78.2565,4,79.6165,20,10,1.3599999999999994,78.32025,1.0,1.0,0.9149007936507937,0.9328703703703703,0.44653785362151754,0.9134621463784819,True,0.8240000000000001,0.8906666666666666,0.8604444444444445,3.0,3.0,3.0
2022,Mexico City Grand Prix,Qualifying,qualifying,Williams,ALB,80.967,3,79.6165,20,10,-1.3504999999999967,81.095,0.0,0.5555555555555556,0.16065162907268168,0.18723544973544973,0.4053446987189551,-1.7558446987189518,True,0.2968888888888889,0.3635555555555556,0.20000000000000004,3.0,3.0,3.0
2022,Mexico City Grand Prix,Qualifying,qualifying,Williams,LAT,81.223,3,79.6165,20,10,-1.606499999999997,81.095,0.0,0.5555555555555556,0.16065162907268168,0.18723544973544973,-0.040943622740378334,-1.5655563772596186,True,0.2968888888888889,0.3635555555555556,0.20000000000000004,3.0,3.0,3.0
2022,Mexico City Grand Prix,Race,race,Alfa Romeo,BOT,84.394,29,84.4,20,10,0.006000000000000227,84.59450000000001,0.33333333333333337,0.33333333333333337,0.2804811507936508,0.30714285714285716,0.10127365318653098,-0.09527365318653075,True,0.37955555555555553,0.38755555555555554,0.3413333333333333,3.0,3.0,3.0
2022,Mexico City Grand Prix,Race,race,Alfa Romeo,ZHO,84.795,29,84.4,20,10,-0.394999999999996,84.59450000000001,0.33333333333333337,0.33333333333333337,0.2804811507936508,0.30714285714285716,-0.10127365318653098,-0.29372634681346504,True,0.37955555555555553,0.38755555555555554,0.3413333333333333,3.0,3.0,3.0
2022,Mexico City Grand Prix,Race,race,AlphaTauri,GAS,83.487,33,84.4,20,10,0.9130000000000109,84.083,0.6666666666666667,0.6666666666666667,0.4081547619047619,0.37559523809523815,0.03412313799982952,0.8788768620001814,True,0.48711111111111116,0.4666666666666667,0.5173333333333334,3.0,3.0,3.0
2022,Mexico City Grand Prix,Race,race,AlphaTauri,TSU,84.679,33,84.4,20,10,-0.27899999999999636,84.083,0.6666666666666667,0.6666666666666667,0.4081547619047619,0.37559523809523815,-0.008871756926109803,-0.27012824307388655,True,0.48711111111111116,0.4666666666666667,0.5173333333333334,3.0,3.0,3.0
2022,Mexico City Grand Prix,Race,race,Alpine,ALO,84.387,45,84.4,20,10,0.01300000000000523,84.42099999999999,0.4444444444444444,0.4444444444444444,0.513154761904762,0.5808531746031746,0.016901313346079846,-0.003901313346074617,True,0.39822222222222226,0.6266666666666667,0.7048888888888889,3.0,3.0,3.0
2022,Mexico City Grand Prix,Race,race,Alpine,OCO,84.455,45,84.4,20,10,-0.05499999999999261,84.42099999999999,0.4444444444444444,0.4444444444444444,0.513154761904762,0.5808531746031746,-0.12843307985374308,0.07343307985375047,True,0.39822222222222226,0.6266666666666667,0.7048888888888889,3.0,3.0,3.0
2022,Mexico City Grand Prix,Race,race,Aston Martin,STR,84.4995,36,84.4,20,10,-0.09949999999999193,84.68475000000001,0.2222222222222222,0.2222222222222222,0.387531328320802,0.3544973544973545,-0.2745680106068059,0.17506801060681398,True,0.34755555555555556,0.36177777777777786,0.1697777777777778,3.0,3.0,3.0
2022,Mexico City Grand Prix,Race,race,Aston Martin,VET,84.87,36,84.4,20,10,-0.46999999999999886,84.68475000000001,0.2222222222222222,0.2222222222222222,0.387531328320802,0.3544973544973545,-0.23363630178821726,-0.2363636982117816,True,0.34755555555555556,0.36177777777777786,0.1697777777777778,3.0,3.0,3.0
2022,Mexico City Grand Prix,Race,race,Ferrari,LEC,83.348,59,84.4,20,10,1.0520000000000067,83.3595,0.7777777777777778,0.7777777777777778,0.8744164332399627,0.8595238095238095,0.1958228383996559,0.8561771616003508,True,0.8826666666666666,0.8142222222222222,0.7937777777777778,3.0,3.0,3.0
2022,Mexico City Grand Prix,Race,race,Ferrari,SAI,83.371,59,84.4,20,10,1.0290000000000106,83.3595,0.7777777777777778,0.7777777777777778,0.8744164332399627,0.8595238095238095,0.13770117581501623,0.8912988241849944,True,0.8826666666666666,0.8142222222222222,0.7937777777777778,3.0,3.0,3.0
2022,Mexico City Grand Prix,Race,race,Haas F1 Team,MAG,85.147,41,84.4,20,10,-0.7469999999999999,84.7765,0.0,0.0,0.23926237161531283,0.2880291005291005,-0.3934127617582333,-0.3535872382417666,True,0.32711111111111113,0.04444444444444447,0.3555555555555555,3.0,3.0,3.0
2022,Mexico City Grand Prix,Race,race,Haas F1 Team,MSC,84.406,41,84.4,20,10,-0.006000000000000227,84.7765,0.0,0.0,0.23926237161531283,0.2880291005291005,-0.26790288101912896,0.26190288101912873,True,0.32711111111111113,0.04444444444444447,0.3555555555555555,3.0,3.0,3.0
2022,Mexico City Grand Prix,Race,race,McLaren,NOR,84.664,25,84.4,20,10,-0.2639999999999958,84.6925,0.11111111111111116,0.11111111111111116,0.3907218442932729,0.40711451247165537,0.2594772926936577,-0.5234772926936535,True,0.4177777777777778,0.34311111111111114,0.5066666666666666,3.0,3.0,3.0
2022,Mexico City Grand Prix,Race,race,McLaren,RIC,84.721,25,84.4,20,10,-0.32099999999999795,84.6925,0.11111111111111116,0.11111111111111116,0.3907218442932729,0.40711451247165537,0.04057543152386005,-0.361575431523858,True,0.4177777777777778,0.34311111111111114,0.5066666666666666,3.0,3.0,3.0
2022,Mexico City Grand Prix,Race,race,Mercedes,HAM,82.976,47,84.4,20,10,1.4240000000000066,83.0125,0.8888888888888888,0.8888888888888888,0.8018379281537176,0.8133116883116883,-0.03013038881255811,1.4541303888125647,True,0.6391111111111111,0.7013333333333334,0.5502222222222223,3.0,3.0,3.0
2022,Mexico City Grand Prix,Race,race,Mercedes,RUS,83.049,47,84.4,20,10,1.350999999999999,83.0125,0.8888888888888888,0.8888888888888888,0.8018379281537176,0.8133116883116883,-0.09081960026679484,1.441819600266794,True,0.6391111111111111,0.7013333333333334,0.5502222222222223,3.0,3.0,3.0
2022,Mexico City Grand Prix,Race,race,Red Bull Racing,PER,82.79650000000001,52,84.4,20,10,1.6034999999999968,82.6525,1.0,1.0,0.9149007936507937,0.9328703703703703,0.6328857924494375,0.9706142075505593,True,0.8240000000000001,0.8906666666666666,0.8604444444444445,3.0,3.0,3.0
2022,Mexico City Grand Prix,Race,race,Red Bull Racing,VER,82.5085,52,84.4,20,10,1.8915000000000077,82.6525,1.0,1.0,0.9149007936507937,0.9328703703703703,1.05349042621627,0.8380095737837376,True,0.8240000000000001,0.8906666666666666,0.8604444444444445,3.0,3.0,3.0
2022,Mexico City Grand Prix,Race,race,Williams,ALB,83.1635,18,84.4,20,10,1.2365000000000066,84.3675,0.5555555555555556,0.5555555555555556,0.16065162907268168,0.18723544973544973,0.26859346837757936,0.9679065316224272,True,0.2968888888888889,0.3635555555555556,0.20000000000000004,3.0,3.0,3.0
2022,Mexico City Grand Prix,Race,race,Williams,LAT,85.5715,18,84.4,20,10,-1.1714999999999947,84.3675,0.5555555555555556,0.5555555555555556,0.16065162907268168,0.18723544973544973,-0.27089614105394466,-0.90060385894605,True,0.2968888888888889,0.3635555555555556,0.20000000000000004,3.0,3.0,3.0
2022,Miami Grand Prix,Qualifying,qualifying,AlphaTauri,GAS,90.22200000000001,4,90.483,16,8,0.2609999999999957,90.18875,0.7142857142857143,0.25,0.4081547619047619,0.3950000000000001,-0.08121862419797127,0.34221862419796695,True,0.33333333333333337,0.376,0.1697777777777778,3.0,3.0,3.0
2022,Miami Grand Prix,Qualifying,qualifying,AlphaTauri,TSU,90.1555,4,90.483,16,8,0.32750000000000057,90.18875,0.7142857142857143,0.25,0.4081547619047619,0.3950000000000001,-0.01826717338177214,0.3457671733817727,True,0.33333333333333337,0.376,0.1697777777777778,3.0,3.0,3.0
2022,Miami Grand Prix,Qualifying,qualifying,Aston Martin,STR,90.441,5,90.483,16,8,0.04200000000000159,90.559,0.5714285714285714,0.625,0.387531328320802,0.3443223443223443,-0.11131040426236238,0.15331040426236398,True,0.5706666666666667,0.4017777777777778,0.5315555555555556,3.0,3.0,3.0
2022,Miami Grand Prix,Qualifying,qualifying,Aston Martin,VET,90.677,5,90.483,16,8,-0.19400000000000261,90.559,0.5714285714285714,0.625,0.387531328320802,0.3443223443223443,-0.12531111888416818,-0.06868888111583443,True,0.5706666666666667,0.4017777777777778,0.5315555555555556,3.0,3.0,3.0
2022,Miami Grand Prix,Qualifying,qualifying,Ferrari,LEC,89.0925,4,90.483,16,8,1.390500000000003,89.24625,1.0,1.0,0.8744164332399627,0.8520923520923521,0.4980360426406395,0.8924639573593635,True,0.9333333333333332,0.8666666666666668,0.9031111111111111,3.0,3.0,3.0
2022,Miami Grand Prix,Qualifying,qualifying,Ferrari,SAI,89.4,4,90.483,16,8,1.0829999999999984,89.24625,1.0,1.0,0.8744164332399627,0.8520923520923521,0.42089768077579187,0.6621023192242066,True,0.9333333333333332,0.8666666666666668,0.9031111111111111,3.0,3.0,3.0
2022,Miami Grand Prix,Qualifying,qualifying,Haas F1 Team,MAG,91.559,3,90.483,16,8,-1.0759999999999934,91.31649999999999,0.1428571428571429,0.5,0.23926237161531283,0.26587301587301587,-0.47901914619435665,-0.5969808538056367,True,0.2968888888888889,0.4906666666666667,0.44800000000000006,3.0,3.0,3.0
2022,Miami Grand Prix,Qualifying,qualifying,Haas F1 Team,MSC,91.074,3,90.483,16,8,-0.590999999999994,91.31649999999999,0.1428571428571429,0.5,0.23926237161531283,0.26587301587301587,-0.5884665298845578,-0.0025334701154361428,True,0.2968888888888889,0.4906666666666667,0.44800000000000006,3.0,3.0,3.0
2022,Miami Grand Prix,Qualifying,qualifying,McLaren,NOR,90.525,4,90.483,16,8,-0.04200000000000159,90.6905,0.2857142857142857,0.125,0.3907218442932729,0.3873809523809524,0.12450891586109554,-0.16650891586109712,True,0.2311111111111111,0.2728888888888889,0.29066666666666674,3.0,3.0,3.0
2022,Miami Grand Prix,Qualifying,qualifying,McLaren,RIC,90.856,4,90.483,16,8,-0.37299999999999045,90.6905,0.2857142857142857,0.125,0.3907218442932729,0.3873809523809524,-0.1338069192715026,-0.23919308072848786,True,0.2311111111111111,0.2728888888888889,0.29066666666666674,3.0,3.0,3.0
2022,Miami Grand Prix,Qualifying,qualifying,Mercedes,HAM,90.388,3,90.483,16,8,0.09499999999999886,90.5975,0.4285714285714286,0.75,0.8018379281537176,0.8196097883597884,0.3949955738094543,-0.29999557380945546,True,0.5955555555555556,0.4462222222222222,0.6462222222222223,3.0,3.0,3.0
2022,Miami Grand Prix,Qualifying,qualifying,Mercedes,RUS,90.807,3,90.483,16,8,-0.32399999999999807,90.5975,0.4285714285714286,0.75,0.8018379281537176,0.8196097883597884,0.45271685282537005,-0.7767168528253681,True,0.5955555555555556,0.4462222222222222,0.6462222222222223,3.0,3.0,3.0
2022,Miami Grand Prix,Qualifying,qualifying,Red Bull Racing,PER,89.95949999999999,4,90.483,16,8,0.5235000000000127,89.73925,0.8571428571428572,0.875,0.9149007936507937,0.938034188034188,0.050894241176247655,0.4726057588237651,True,0.6728888888888889,0.888888888888889,0.7777777777777778,3.0,3.0,3.0
2022,Miami Grand Prix,Qualifying,qualifying,Red Bull Racing,VER,89.519,4,90.483,16,8,0.9639999999999986,89.73925,0.8571428571428572,0.875,0.9149007936507937,0.938034188034188,0.44653785362151754,0.5174621463784811,True,0.6728888888888889,0.888888888888889,0.7777777777777778,3.0,3.0,3.0
2022,Miami Grand Prix,Qualifying,qualifying,Williams,ALB,91.74199999999999,4,90.483,16,8,-1.2589999999999861,91.804,0.0,0.0,0.16065162907268168,0.21556776556776555,0.4053446987189551,-1.6643446987189412,True,0.11733333333333333,0.08088888888888893,0.11733333333333333,3.0,3.0,3.0
2022,Miami Grand Prix,Qualifying,qualifying,Williams,LAT,91.866,4,90.483,16,8,-1.3829999999999956,91.804,0.0,0.0,0.16065162907268168,0.21556776556776555,-0.040943622740378334,-1.3420563772596172,True,0.11733333333333333,0.08088888888888893,0.11733333333333333,3.0,3.0,3.0
2022,Miami Grand Prix,Race,race,AlphaTauri,GAS,95.0085,24,94.9735,18,9,-0.03499999999999659,95.41125,0.25,0.25,0.4081547619047619,0.3950000000000001,0.03412313799982952,-0.06912313799982611,True,0.33333333333333337,0.376,0.1697777777777778,3.0,3.0,3.0
2022,Miami Grand Prix,Race,race,AlphaTauri,TSU,95.814,24,94.9735,18,9,-0.8404999999999916,95.41125,0.25,0.25,0.4081547619047619,0.3950000000000001,-0.008871756926109803,-0.8316282430738818,True,0.33333333333333337,0.376,0.1697777777777778,3.0,3.0,3.0
2022,Miami Grand Prix,Race,race,Alpine,ALO,94.74799999999999,20,94.9735,18,9,0.22550000000001091,95.02499999999999,0.375,0.375,0.513154761904762,0.5703601953601953,0.016901313346079846,0.20859868665393105,True,0.5902222222222223,0.5537777777777778,0.6808888888888889,3.0,3.0,3.0
2022,Miami Grand Prix,Race,race,Alpine,OCO,95.30199999999999,20,94.9735,18,9,-0.32849999999999113,95.02499999999999,0.375,0.375,0.513154761904762,0.5703601953601953,-0.12843307985374308,-0.20006692014624805,True,0.5902222222222223,0.5537777777777778,0.6808888888888889,3.0,3.0,3.0
2022,Miami Grand Prix,Race,race,Aston Martin,STR,94.9,35,94.9735,18,9,0.07349999999999568,94.993,0.625,0.625,0.387531328320802,0.3443223443223443,-0.2745680106068059,0.3480680106068016,True,0.5706666666666667,0.4017777777777778,0.5315555555555556,3.0,3.0,3.0
2022,Miami Grand Prix,Race,race,Aston Martin,VET,95.086,35,94.9735,18,9,-0.11249999999999716,94.993,0.625,0.625,0.387531328320802,0.3443223443223443,-0.23363630178821726,0.1211363017882201,True,0.5706666666666667,0.4017777777777778,0.5315555555555556,3.0,3.0,3.0
2022,Miami Grand Prix,Race,race,Ferrari,LEC,93.579,35,94.9735,18,9,1.3945000000000078,93.7195,1.0,1.0,0.8744164332399627,0.8520923520923521,0.1958228383996559,1.198677161600352,True,0.9333333333333332,0.8666666666666668,0.9031111111111111,3.0,3.0,3.0
2022,Miami Grand Prix,Race,race,Ferrari,SAI,93.86,35,94.9735,18,9,1.113500000000002,93.7195,1.0,1.0,0.8744164332399627,0.8520923520923521,0.13770117581501623,0.9757988241849858,True,0.9333333333333332,0.8666666666666668,0.9031111111111111,3.0,3.0,3.0
2022,Miami Grand Prix,Race,race,Haas F1 Team,MAG,95.024,25,94.9735,18,9,-0.050499999999999545,95.006,0.5,0.5,0.23926237161531283,0.26587301587301587,-0.3934127617582333,0.34291276175823376,True,0.2968888888888889,0.4906666666666667,0.44800000000000006,3.0,3.0,3.0
2022,Miami Grand Prix,Race,race,Haas F1 Team,MSC,94.988,25,94.9735,18,9,-0.014499999999998181,95.006,0.5,0.5,0.23926237161531283,0.26587301587301587,-0.26790288101912896,0.2534028810191308,True,0.2968888888888889,0.4906666666666667,0.44800000000000006,3.0,3.0,3.0
2022,Miami Grand Prix,Race,race,McLaren,NOR,95.685,21,94.9735,18,9,-0.7115000000000009,95.76050000000001,0.125,0.125,0.3907218442932729,0.3873809523809524,0.2594772926936577,-0.9709772926936586,True,0.2311111111111111,0.2728888888888889,0.29066666666666674,3.0,3.0,3.0
2022,Miami Grand Prix,Race,race,McLaren,RIC,95.836,21,94.9735,18,9,-0.8624999999999972,95.76050000000001,0.125,0.125,0.3907218442932729,0.3873809523809524,0.04057543152386005,-0.9030754315238572,True,0.2311111111111111,0.2728888888888889,0.29066666666666674,3.0,3.0,3.0
2022,Miami Grand Prix,Race,race,Mercedes,HAM,93.7245,24,94.9735,18,9,1.2489999999999952,94.191,0.75,0.75,0.8018379281537176,0.8196097883597884,-0.03013038881255811,1.2791303888125534,True,0.5955555555555556,0.4462222222222222,0.6462222222222223,3.0,3.0,3.0
2022,Miami Grand Prix,Race,race,Mercedes,RUS,94.6575,24,94.9735,18,9,0.3160000000000025,94.191,0.75,0.75,0.8018379281537176,0.8196097883597884,-0.09081960026679484,0.4068196002667973,True,0.5955555555555556,0.4462222222222222,0.6462222222222223,3.0,3.0,3.0
2022,Miami Grand Prix,Race,race,Red Bull Racing,PER,94.2165,32,94.9735,18,9,0.757000000000005,93.8575,0.875,0.875,0.9149007936507937,0.938034188034188,0.6328857924494375,0.12411420755056746,True,0.6728888888888889,0.888888888888889,0.7777777777777778,3.0,3.0,3.0
2022,Miami Grand Prix,Race,race,Red Bull Racing,VER,93.4985,32,94.9735,18,9,1.4749999999999943,93.8575,0.875,0.875,0.9149007936507937,0.938034188034188,1.05349042621627,0.4215095737837242,True,0.6728888888888889,0.888888888888889,0.7777777777777778,3.0,3.0,3.0
2022,Miami Grand Prix,Race,race,Williams,ALB,94.959,23,94.9735,18,9,0.014499999999998181,95.908,0.0,0.0,0.16065162907268168,0.21556776556776555,0.26859346837757936,-0.2540934683775812,True,0.11733333333333333,0.08088888888888893,0.11733333333333333,3.0,3.0,3.0
2022,Miami Grand Prix,Race,race,Williams,LAT,96.857,23,94.9735,18,9,-1.883499999999998,95.908,0.0,0.0,0.16065162907268168,0.21556776556776555,-0.27089614105394466,-1.6126038589460534,True,0.11733333333333333,0.08088888888888893,0.11733333333333333,3.0,3.0,3.0
2022,Monaco Grand Prix,Qualifying,qualifying,Alpine,ALO,73.394,5,73.41900000000001,16,8,0.025000000000005684,73.2245,0.5714285714285714,0.4,0.513154761904762,0.5564058956916099,0.14345355062000661,-0.11845355062000093,True,0.3288888888888889,0.26844444444444443,0.576,3.0,3.0,3.0
2022,Monaco Grand Prix,Qualifying,qualifying,Alpine,OCO,73.055,5,73.41900000000001,16,8,0.3640000000000043,73.2245,0.5714285714285714,0.4,0.513154761904762,0.5564058956916099,-0.06464507161486799,0.4286450716148723,True,0.3288888888888889,0.26844444444444443,0.576,3.0,3.0,3.0
2022,Monaco Grand Prix,Qualifying,qualifying,Aston Martin,STR,75.31,4,73.41900000000001,16,8,-1.8909999999999911,74.8385,0.1428571428571429,,0.387531328320802,,-0.11131040426236238,-1.7796895957376289,True,0.33155555555555555,0.11111111111111116,0.5031111111111112,3.0,3.0,3.0
2022,Monaco Grand Prix,Qualifying,qualifying,Aston Martin,VET,74.36699999999999,4,73.41900000000001,16,8,-0.9479999999999791,74.8385,0.1428571428571429,,0.387531328320802,,-0.12531111888416818,-0.8226888811158108,True,0.33155555555555555,0.11111111111111116,0.5031111111111112,3.0,3.0,3.0
2022,Monaco Grand Prix,Qualifying,qualifying,Ferrari,LEC,72.5155,4,73.41900000000001,16,8,0.9035000000000082,72.49225,0.8571428571428572,1.0,0.8744164332399627,0.8644179894179894,0.4980360426406395,0.4054639573593687,True,0.9253333333333333,0.9635555555555555,0.9697777777777776,3.0,3.0,3.0
2022,Monaco Grand Prix,Qualifying,qualifying,Ferrari,SAI,72.469,4,73.41900000000001,16,8,0.950000000000017,72.49225,0.8571428571428572,1.0,0.8744164332399627,0.8644179894179894,0.42089768077579187,0.5291023192242252,True,0.9253333333333333,0.9635555555555555,0.9697777777777776,3.0,3.0,3.0
2022,Monaco Grand Prix,Qualifying,qualifying,Haas F1 Team,MAG,74.743,3,73.41900000000001,16,8,-1.3239999999999839,74.106,0.2857142857142857,,0.23926237161531283,,-0.47901914619435665,-0.8449808538056272,True,0.4408888888888889,0.40444444444444444,0.3902222222222222,3.0,3.0,3.0
2022,Monaco Grand Prix,Qualifying,qualifying,Haas F1 Team,MSC,73.469,3,73.41900000000001,16,8,-0.04999999999998295,74.106,0.2857142857142857,,0.23926237161531283,,-0.5884665298845578,0.5384665298845749,True,0.4408888888888889,0.40444444444444444,0.3902222222222222,3.0,3.0,3.0
2022,Monaco Grand Prix,Qualifying,qualifying,McLaren,NOR,72.678,3,73.41900000000001,16,8,0.7410000000000139,72.8725,0.7142857142857143,0.19999999999999996,0.3907218442932729,0.37098214285714287,0.12450891586109554,0.6164910841389183,True,0.41244444444444445,0.376,0.42044444444444445,3.0,3.0,3.0
2022,Monaco Grand Prix,Qualifying,qualifying,McLaren,RIC,73.067,3,73.41900000000001,16,8,0.3520000000000181,72.8725,0.7142857142857143,0.19999999999999996,0.3907218442932729,0.37098214285714287,-0.1338069192715026,0.48580691927152064,True,0.41244444444444445,0.376,0.42044444444444445,3.0,3.0,3.0
2022,Monaco Grand Prix,Qualifying,qualifying,Mercedes,HAM,73.444,5,73.41900000000001,16,8,-0.024999999999991473,73.648,0.4285714285714286,0.6,0.8018379281537176,0.8142551892551892,0.3949955738094543,-0.4199955738094458,True,0.5573333333333335,0.5955555555555556,0.6222222222222223,3.0,3.0,3.0
2022,Monaco Grand Prix,Qualifying,qualifying,Mercedes,RUS,73.852,5,73.41900000000001,16,8,-0.4329999999999927,73.648,0.4285714285714286,0.6,0.8018379281537176,0.8142551892551892,0.45271685282537005,-0.8857168528253627,True,0.5573333333333335,0.5955555555555556,0.6222222222222223,3.0,3.0,3.0
2022,Monaco Grand Prix,Qualifying,qualifying,Red Bull Racing,PER,72.059,3,73.41900000000001,16,8,1.3600000000000136,72.20599999999999,1.0,0.8,0.9149007936507937,0.933531746031746,0.050894241176247655,1.309105758823766,True,0.9271111111111111,0.9253333333333333,0.7368888888888889,3.0,3.0,3.0
2022,Monaco Grand Prix,Qualifying,qualifying,Red Bull Racing,VER,72.353,3,73.41900000000001,16,8,1.0660000000000167,72.20599999999999,1.0,0.8,0.9149007936507937,0.933531746031746,0.44653785362151754,0.6194621463784992,True,0.9271111111111111,0.9253333333333333,0.7368888888888889,3.0,3.0,3.0
2022,Monaco Grand Prix,Qualifying,qualifying,Williams,ALB,74.798,5,73.41900000000001,16,8,-1.3789999999999907,75.218,0.0,0.0,0.16065162907268168,0.20017006802721088,0.4053446987189551,-1.7843446987189457,True,0.14755555555555558,0.2586666666666667,0.0968888888888889,3.0,3.0,3.0
2022,Monaco Grand Prix,Qualifying,qualifying,Williams,LAT,75.638,5,73.41900000000001,16,8,-2.218999999999994,75.218,0.0,0.0,0.16065162907268168,0.20017006802721088,-0.040943622740378334,-2.1780563772596158,True,0.14755555555555558,0.2586666666666667,0.0968888888888889,3.0,3.0,3.0
2022,Monaco Grand Prix,Race,race,Alpine,ALO,78.911,29,78.34299999999999,12,6,-0.568000000000012,78.7375,0.4,0.4,0.513154761904762,0.5564058956916099,0.016901313346079846,-0.5849013133460919,True,0.3288888888888889,0.26844444444444443,0.576,3.0,3.0,3.0
2022,Monaco Grand Prix,Race,race,Alpine,OCO,78.564,29,78.34299999999999,12,6,-0.22100000000000364,78.7375,0.4,0.4,0.513154761904762,0.5564058956916099,-0.12843307985374308,-0.09256692014626056,True,0.3288888888888889,0.26844444444444443,0.576,3.0,3.0,3.0
2022,Monaco Grand Prix,Race,race,Ferrari,LEC,77.4845,28,78.34299999999999,12,6,0.8584999999999923,77.52074999999999,1.0,1.0,0.8744164332399627,0.8644179894179894,0.1958228383996559,0.6626771616003364,True,0.9253333333333333,0.9635555555555555,0.9697777777777776,3.0,3.0,3.0
2022,Monaco Grand Prix,Race,race,Ferrari,SAI,77.557,28,78.34299999999999,12,6,0.7859999999999872,77.52074999999999,1.0,1.0,0.8744164332399627,0.8644179894179894,0.13770117581501623,0.648298824184971,True,0.9253333333333333,0.9635555555555555,0.9697777777777776,3.0,3.0,3.0
2022,Monaco Grand Prix,Race,race,McLaren,NOR,78.122,17,78.34299999999999,12,6,0.22099999999998943,78.919,0.19999999999999996,0.19999999999999996,0.3907218442932729,0.37098214285714287,0.2594772926936577,-0.038477292693668286,True,0.41244444444444445,0.376,0.42044444444444445,3.0,3.0,3.0
2022,Monaco Grand Prix,Race,race,McLaren,RIC,79.716,17,78.34299999999999,12,6,-1.3730000000000047,78.919,0.19999999999999996,0.19999999999999996,0.3907218442932729,0.37098214285714287,0.04057543152386005,-1.4135754315238647,True,0.41244444444444445,0.376,0.42044444444444445,3.0,3.0,3.0
2022,Monaco Grand Prix,Race,race,Mercedes,HAM,78.68,28,78.34299999999999,12,6,-0.3370000000000175,78.2425,0.6,0.6,0.8018379281537176,0.8142551892551892,-0.03013038881255811,-0.3068696111874594,True,0.5573333333333335,0.5955555555555556,0.6222222222222223,3.0,3.0,3.0
2022,Monaco Grand Prix,Race,race,Mercedes,RUS,77.805,28,78.34299999999999,12,6,0.5379999999999825,78.2425,0.6,0.6,0.8018379281537176,0.8142551892551892,-0.09081960026679484,0.6288196002667773,True,0.5573333333333335,0.5955555555555556,0.6222222222222223,3.0,3.0,3.0
2022,Monaco Grand Prix,Race,race,Red Bull Racing,PER,77.95949999999999,28,78.34299999999999,12,6,0.38349999999999795,77.7725,0.8,0.8,0.9149007936507937,0.933531746031746,0.6328857924494375,-0.2493857924494396,True,0.9271111111111111,0.9253333333333333,0.7368888888888889,3.0,3.0,3.0
2022,Monaco Grand Prix,Race,race,Red Bull Racing,VER,77.5855,28,78.34299999999999,12,6,0.7574999999999932,77.7725,0.8,0.8,0.9149007936507937,0.933531746031746,1.05349042621627,-0.2959904262162769,True,0.9271111111111111,0.9253333333333333,0.7368888888888889,3.0,3.0,3.0
2022,Monaco Grand Prix,Race,race,Williams,ALB,78.776,9,78.34299999999999,12,6,-0.43300000000000693,79.57499999999999,0.0,0.0,0.16065162907268168,0.20017006802721088,0.26859346837757936,-0.7015934683775863,True,0.14755555555555558,0.2586666666666667,0.0968888888888889,3.0,3.0,3.0
2022,Monaco Grand Prix,Race,race,Williams,LAT,80.374,9,78.34299999999999,12,6,-2.031000000000006,79.57499999999999,0.0,0.0,0.16065162907268168,0.20017006802721088,-0.27089614105394466,-1.7601038589460614,True,0.14755555555555558,0.2586666666666667,0.0968888888888889,3.0,3.0,3.0
2022,Singapore Grand Prix,Qualifying,qualifying,Alfa Romeo,BOT,117.434,3,114.7225,12,6,-2.711500000000001,117.09649999999999,0.0,,0.2804811507936508,,0.13799208001694666,-2.8494920800169474,True,0.24296296296296294,0.32296296296296295,0.3037037037037037,2.0,2.0,2.0
2022,Singapore Grand Prix,Qualifying,qualifying,Alfa Romeo,ZHO,116.759,3,114.7225,12,6,-2.0365000000000038,117.09649999999999,0.0,,0.2804811507936508,,-0.13799208001694666,-1.898507919983057,True,0.24296296296296294,0.32296296296296295,0.3037037037037037,2.0,2.0,2.0
2022,Singapore Grand Prix,Qualifying,qualifying,AlphaTauri,GAS,113.3965,4,114.7225,12,6,1.3259999999999934,114.12675,0.6,0.2857142857142857,0.4081547619047619,0.38593750000000004,-0.08121862419797127,1.4072186241979647,True,0.45481481481481484,0.5762962962962963,0.5451851851851852,2.0,2.0,2.0
2022,Singapore Grand Prix,Qualifying,qualifying,AlphaTauri,TSU,114.857,4,114.7225,12,6,-0.13450000000000273,114.12675,0.6,0.2857142857142857,0.4081547619047619,0.38593750000000004,-0.01826717338177214,-0.11623282661823059,True,0.45481481481481484,0.5762962962962963,0.5451851851851852,2.0,2.0,2.0
2022,Singapore Grand Prix,Qualifying,qualifying,Ferrari,LEC,111.881,3,114.7225,12,6,2.8414999999999964,113.2345,1.0,1.0,0.8744164332399627,0.8837868480725624,0.4980360426406395,2.343463957359357,True,0.9496296296296296,0.9496296296296296,0.8888888888888888,2.0,2.0,2.0
2022,Singapore Grand Prix,Qualifying,qualifying,Ferrari,SAI,114.588,3,114.7225,12,6,0.13450000000000273,113.2345,1.0,1.0,0.8744164332399627,0.8837868480725624,0.42089768077579187,-0.28639768077578914,True,0.9496296296296296,0.9496296296296296,0.8888888888888888,2.0,2.0,2.0
2022,Singapore Grand Prix,Qualifying,qualifying,Haas F1 Team,MAG,115.223,3,114.7225,12,6,-0.5005000000000024,115.1455,0.19999999999999996,0.0,0.23926237161531283,0.2825963718820862,-0.47901914619435665,-0.02148085380564574,True,0.362962962962963,0.0,0.32296296296296295,2.0,2.0,2.0
2022,Singapore Grand Prix,Qualifying,qualifying,Haas F1 Team,MSC,115.068,3,114.7225,12,6,-0.34550000000000125,115.1455,0.19999999999999996,0.0,0.23926237161531283,0.2825963718820862,-0.5884665298845578,0.24296652988455658,True,0.362962962962963,0.0,0.32296296296296295,2.0,2.0,2.0
2022,Singapore Grand Prix,Qualifying,qualifying,Mercedes,HAM,113.5305,4,114.7225,12,6,1.191999999999993,114.63974999999999,0.4,0.5714285714285714,0.8018379281537176,0.7933068783068783,0.3949955738094543,0.7970044261905387,True,0.5362962962962963,0.4651851851851852,0.8992592592592592,2.0,2.0,2.0
2022,Singapore Grand Prix,Qualifying,qualifying,Mercedes,RUS,115.749,4,114.7225,12,6,-1.0264999999999986,114.63974999999999,0.4,0.5714285714285714,0.8018379281537176,0.7933068783068783,0.45271685282537005,-1.4792168528253686,True,0.5362962962962963,0.4651851851851852,0.8992592592592592,2.0,2.0,2.0
2022,Singapore Grand Prix,Qualifying,qualifying,Red Bull Racing,PER,112.818,3,114.7225,12,6,1.9044999999999987,113.5555,0.8,0.7142857142857143,0.9149007936507937,0.9204117063492063,0.050894241176247655,1.8536057588237511,True,0.6355555555555555,0.9392592592592592,0.6355555555555555,2.0,2.0,2.0
2022,Singapore Grand Prix,Qualifying,qualifying,Red Bull Racing,VER,114.293,3,114.7225,12,6,0.4294999999999902,113.5555,0.8,0.7142857142857143,0.9149007936507937,0.9204117063492063,0.44653785362151754,-0.01703785362152732,True,0.6355555555555555,0.9392592592592592,0.6355555555555555,2.0,2.0,2.0
2022,Singapore Grand Prix,Race,race,AlphaTauri,GAS,121.533,15,121.26325,16,8,-0.26975000000000193,122.0575,0.2857142857142857,0.2857142857142857,0.4081547619047619,0.38593750000000004,0.03412313799982952,-0.30387313799983146,True,0.45481481481481484,0.5762962962962963,0.5451851851851852,2.0,2.0,2.0
2022,Singapore Grand Prix,Race,race,AlphaTauri,TSU,122.582,15,121.26325,16,8,-1.3187499999999943,122.0575,0.2857142857142857,0.2857142857142857,0.4081547619047619,0.38593750000000004,-0.008871756926109803,-1.3098782430738845,True,0.45481481481481484,0.5762962962962963,0.5451851851851852,2.0,2.0,2.0
2022,Singapore Grand Prix,Race,race,Alpine,ALO,121.474,13,121.26325,16,8,-0.21075000000000443,122.1525,0.1428571428571429,0.1428571428571429,0.513154761904762,0.538640873015873,0.016901313346079846,-0.2276513133460843,True,0.7777777777777778,0.5955555555555555,0.677037037037037,2.0,2.0,2.0
2022,Singapore Grand Prix,Race,race,Alpine,OCO,122.831,13,121.26325,16,8,-1.5677500000000038,122.1525,0.1428571428571429,0.1428571428571429,0.513154761904762,0.538640873015873,-0.12843307985374308,-1.4393169201462608,True,0.7777777777777778,0.5955555555555555,0.677037037037037,2.0,2.0,2.0
2022,Singapore Grand Prix,Race,race,Aston Martin,STR,119.199,31,121.26325,16,8,2.0642500000000013,119.071,0.8571428571428572,0.8571428571428572,0.387531328320802,0.34960317460317464,-0.2745680106068059,2.3388180106068073,True,0.6162962962962965,0.4844444444444445,0.5155555555555557,2.0,2.0,2.0
2022,Singapore Grand Prix,Race,race,Aston Martin,VET,118.943,31,121.26325,16,8,2.3202500000000015,119.071,0.8571428571428572,0.8571428571428572,0.387531328320802,0.34960317460317464,-0.23363630178821726,2.5538863017882187,True,0.6162962962962965,0.4844444444444445,0.5155555555555557,2.0,2.0,2.0
2022,Singapore Grand Prix,Race,race,Ferrari,LEC,116.7425,32,121.26325,16,8,4.5207499999999925,117.36975000000001,1.0,1.0,0.8744164332399627,0.8837868480725624,0.1958228383996559,4.324927161600336,True,0.9496296296296296,0.9496296296296296,0.8888888888888888,2.0,2.0,2.0
2022,Singapore Grand Prix,Race,race,Ferrari,SAI,117.997,32,121.26325,16,8,3.2662499999999994,117.36975000000001,1.0,1.0,0.8744164332399627,0.8837868480725624,0.13770117581501623,3.1285488241849833,True,0.9496296296296296,0.9496296296296296,0.8888888888888888,2.0,2.0,2.0
2022,Singapore Grand Prix,Race,race,Haas F1 Team,MAG,122.811,11,121.26325,16,8,-1.5477500000000077,122.9315,0.0,0.0,0.23926237161531283,0.2825963718820862,-0.3934127617582333,-1.1543372382417745,True,0.362962962962963,0.0,0.32296296296296295,2.0,2.0,2.0
2022,Singapore Grand Prix,Race,race,Haas F1 Team,MSC,123.052,11,121.26325,16,8,-1.7887500000000074,122.9315,0.0,0.0,0.23926237161531283,0.2825963718820862,-0.26790288101912896,-1.5208471189808783,True,0.362962962962963,0.0,0.32296296296296295,2.0,2.0,2.0
2022,Singapore Grand Prix,Race,race,McLaren,NOR,120.979,16,121.26325,16,8,0.2842500000000001,121.694,0.4285714285714286,0.4285714285714286,0.3907218442932729,0.3726190476190476,0.2594772926936577,0.0247727073063424,True,0.20148148148148148,0.5555555555555556,0.10074074074074074,2.0,2.0,2.0
2022,Singapore Grand Prix,Race,race,McLaren,RIC,122.409,16,121.26325,16,8,-1.1457500000000067,121.694,0.4285714285714286,0.4285714285714286,0.3907218442932729,0.3726190476190476,0.04057543152386005,-1.1863254315238667,True,0.20148148148148148,0.5555555555555556,0.10074074074074074,2.0,2.0,2.0
2022,Singapore Grand Prix,Race,race,Mercedes,HAM,120.32,17,121.26325,16,8,0.9432500000000061,121.443,0.5714285714285714,0.5714285714285714,0.8018379281537176,0.7933068783068783,-0.03013038881255811,0.9733803888125643,True,0.5362962962962963,0.4651851851851852,0.8992592592592592,2.0,2.0,2.0
2022,Singapore Grand Prix,Race,race,Mercedes,RUS,122.566,17,121.26325,16,8,-1.3027500000000032,121.443,0.5714285714285714,0.5714285714285714,0.8018379281537176,0.7933068783068783,-0.09081960026679484,-1.2119303997332083,True,0.5362962962962963,0.4651851851851852,0.8992592592592592,2.0,2.0,2.0
2022,Singapore Grand Prix,Race,race,Red Bull Racing,PER,119.298,18,121.26325,16,8,1.9652499999999975,120.17525,0.7142857142857143,0.7142857142857143,0.9149007936507937,0.9204117063492063,0.6328857924494375,1.33236420755056,True,0.6355555555555555,0.9392592592592592,0.6355555555555555,2.0,2.0,2.0
2022,Singapore Grand Prix,Race,race,Red Bull Racing,VER,121.05250000000001,18,121.26325,16,8,0.21074999999999022,120.17525,0.7142857142857143,0.7142857142857143,0.9149007936507937,0.9204117063492063,1.05349042621627,-0.8427404262162799,True,0.6355555555555555,0.9392592592592592,0.6355555555555555,2.0,2.0,2.0
2022,Spanish Grand Prix,Qualifying,qualifying,Alfa Romeo,BOT,80.40100000000001,4,80.26025000000001,14,7,-0.14074999999999704,80.74025,0.16666666666666663,0.2222222222222222,0.2804811507936508,0.3075091575091575,0.13799208001694666,-0.27874208001694367,True,0.5235555555555556,0.5111111111111112,0.648,3.0,3.0,3.0
2022,Spanish Grand Prix,Qualifying,qualifying,Alfa Romeo,ZHO,81.0795,4,80.26025000000001,14,7,-0.8192499999999825,80.74025,0.16666666666666663,0.2222222222222222,0.2804811507936508,0.3075091575091575,-0.13799208001694666,-0.6812579199830359,True,0.5235555555555556,0.5111111111111112,0.648,3.0,3.0,3.0
2022,Spanish Grand Prix,Qualifying,qualifying,AlphaTauri,GAS,81.993,5,80.26025000000001,14,7,-1.7327499999999816,81.5715,0.0,0.6666666666666667,0.4081547619047619,0.3800420168067227,-0.08121862419797127,-1.6515313758020103,True,0.6204444444444445,0.3591111111111111,0.392,3.0,3.0,3.0
2022,Spanish Grand Prix,Qualifying,qualifying,AlphaTauri,TSU,81.15,5,80.26025000000001,14,7,-0.8897499999999923,81.5715,0.0,0.6666666666666667,0.4081547619047619,0.3800420168067227,-0.01826717338177214,-0.8714828266182202,True,0.6204444444444445,0.3591111111111111,0.392,3.0,3.0,3.0
2022,Spanish Grand Prix,Qualifying,qualifying,Ferrari,LEC,79.861,3,80.26025000000001,14,7,0.3992500000000092,79.8765,0.6666666666666667,0.7777777777777778,0.8744164332399627,0.8915343915343915,0.4980360426406395,-0.09878604264063029,True,0.49688888888888894,0.4000000000000001,0.7982222222222222,3.0,3.0,3.0
2022,Spanish Grand Prix,Qualifying,qualifying,Ferrari,SAI,79.892,3,80.26025000000001,14,7,0.3682500000000175,79.8765,0.6666666666666667,0.7777777777777778,0.8744164332399627,0.8915343915343915,0.42089768077579187,-0.052647680775774364,True,0.49688888888888894,0.4000000000000001,0.7982222222222222,3.0,3.0,3.0
2022,Spanish Grand Prix,Qualifying,qualifying,Haas F1 Team,MAG,80.1195,4,80.26025000000001,14,7,0.14075000000001125,80.31075000000001,0.5,0.11111111111111116,0.23926237161531283,0.26375661375661374,-0.47901914619435665,0.619769146194368,True,0.5351111111111112,0.3368888888888889,0.38755555555555554,3.0,3.0,3.0
2022,Spanish Grand Prix,Qualifying,qualifying,Haas F1 Team,MSC,80.50200000000001,4,80.26025000000001,14,7,-0.24174999999999613,80.31075000000001,0.5,0.11111111111111116,0.23926237161531283,0.26375661375661374,-0.5884665298845578,0.3467165298845617,True,0.5351111111111112,0.3368888888888889,0.38755555555555554,3.0,3.0,3.0
2022,Spanish Grand Prix,Qualifying,qualifying,McLaren,NOR,80.6545,4,80.26025000000001,14,7,-0.39424999999998533,80.6525,0.33333333333333337,0.4444444444444444,0.3907218442932729,0.3755639097744361,0.12450891586109554,-0.5187589158610809,True,0.47022222222222226,0.5804444444444444,0.3591111111111111,3.0,3.0,3.0
2022,Spanish Grand Prix,Qualifying,qualifying,McLaren,RIC,80.6505,4,80.26025000000001,14,7,-0.39024999999998045,80.6525,0.33333333333333337,0.4444444444444444,0.3907218442932729,0.3755639097744361,-0.1338069192715026,-0.2564430807284779,True,0.47022222222222226,0.5804444444444444,0.3591111111111111,3.0,3.0,3.0
2022,Spanish Grand Prix,Qualifying,qualifying,Mercedes,HAM,79.664,3,80.26025000000001,14,7,0.5962500000000119,79.56700000000001,0.8333333333333334,0.8888888888888888,0.8018379281537176,0.779439484126984,0.3949955738094543,0.2012544261905576,True,0.5937777777777777,0.8826666666666666,0.7093333333333334,3.0,3.0,3.0
2022,Spanish Grand Prix,Qualifying,qualifying,Mercedes,RUS,79.47,3,80.26025000000001,14,7,0.7902500000000146,79.56700000000001,0.8333333333333334,0.8888888888888888,0.8018379281537176,0.779439484126984,0.45271685282537005,0.3375331471746445,True,0.5937777777777777,0.8826666666666666,0.7093333333333334,3.0,3.0,3.0
2022,Spanish Grand Prix,Qualifying,qualifying,Red Bull Racing,PER,79.83,3,80.26025000000001,14,7,0.4302500000000151,79.52449999999999,1.0,1.0,0.9149007936507937,0.9082866479925303,0.050894241176247655,0.3793557588237675,True,0.6826666666666666,0.752,0.7777777777777779,3.0,3.0,3.0
2022,Spanish Grand Prix,Qualifying,qualifying,Red Bull Racing,VER,79.219,3,80.26025000000001,14,7,1.0412500000000193,79.52449999999999,1.0,1.0,0.9149007936507937,0.9082866479925303,0.44653785362151754,0.5947121463785018,True,0.6826666666666666,0.752,0.7777777777777779,3.0,3.0,3.0
2022,Spanish Grand Prix,Race,race,Alfa Romeo,BOT,88.563,21,88.87475,20,10,0.3117500000000035,89.28399999999999,0.2222222222222222,0.2222222222222222,0.2804811507936508,0.3075091575091575,0.10127365318653098,0.21047634681347255,True,0.5235555555555556,0.5111111111111112,0.648,3.0,3.0,3.0
2022,Spanish Grand Prix,Race,race,Alfa Romeo,ZHO,90.005,21,88.87475,20,10,-1.1302499999999895,89.28399999999999,0.2222222222222222,0.2222222222222222,0.2804811507936508,0.3075091575091575,-0.10127365318653098,-1.0289763468134585,True,0.5235555555555556,0.5111111111111112,0.648,3.0,3.0,3.0
2022,Spanish Grand Prix,Race,race,AlphaTauri,GAS,88.9855,44,88.87475,20,10,-0.11074999999999591,88.79175000000001,0.6666666666666667,0.6666666666666667,0.4081547619047619,0.3800420168067227,0.03412313799982952,-0.14487313799982543,True,0.6204444444444445,0.3591111111111111,0.392,3.0,3.0,3.0
2022,Spanish Grand Prix,Race,race,AlphaTauri,TSU,88.598,44,88.87475,20,10,0.27675000000000693,88.79175000000001,0.6666666666666667,0.6666666666666667,0.4081547619047619,0.3800420168067227,-0.008871756926109803,0.28562175692611674,True,0.6204444444444445,0.3591111111111111,0.392,3.0,3.0,3.0
2022,Spanish Grand Prix,Race,race,Alpine,ALO,88.8095,42,88.87475,20,10,0.06525000000000603,88.87475,0.5555555555555556,0.5555555555555556,0.513154761904762,0.515359477124183,0.016901313346079846,0.04834868665392618,True,0.6853333333333333,0.5333333333333334,0.6106666666666667,3.0,3.0,3.0
2022,Spanish Grand Prix,Race,race,Alpine,OCO,88.94,42,88.87475,20,10,-0.06524999999999181,88.87475,0.5555555555555556,0.5555555555555556,0.513154761904762,0.515359477124183,-0.12843307985374308,0.06318307985375127,True,0.6853333333333333,0.5333333333333334,0.6106666666666667,3.0,3.0,3.0
2022,Spanish Grand Prix,Race,race,Aston Martin,STR,89.02950000000001,38,88.87475,20,10,-0.15475000000000705,89.02025,0.33333333333333337,0.33333333333333337,0.387531328320802,0.38132440476190477,-0.2745680106068059,0.11981801060679886,True,0.14933333333333332,0.4666666666666667,0.1697777777777778,3.0,3.0,3.0
2022,Spanish Grand Prix,Race,race,Aston Martin,VET,89.011,38,88.87475,20,10,-0.13624999999998977,89.02025,0.33333333333333337,0.33333333333333337,0.387531328320802,0.38132440476190477,-0.23363630178821726,0.09738630178822749,True,0.14933333333333332,0.4666666666666667,0.1697777777777778,3.0,3.0,3.0
2022,Spanish Grand Prix,Race,race,Ferrari,LEC,87.8365,18,88.87475,20,10,1.038250000000005,87.83275,0.7777777777777778,0.7777777777777778,0.8744164332399627,0.8915343915343915,0.1958228383996559,0.8424271616003491,True,0.49688888888888894,0.4000000000000001,0.7982222222222222,3.0,3.0,3.0
2022,Spanish Grand Prix,Race,race,Ferrari,SAI,87.82900000000001,18,88.87475,20,10,1.0457499999999982,87.83275,0.7777777777777778,0.7777777777777778,0.8744164332399627,0.8915343915343915,0.13770117581501623,0.908048824184982,True,0.49688888888888894,0.4000000000000001,0.7982222222222222,3.0,3.0,3.0
2022,Spanish Grand Prix,Race,race,Haas F1 Team,MAG,89.9325,22,88.87475,20,10,-1.0577499999999986,89.49425,0.11111111111111116,0.11111111111111116,0.23926237161531283,0.26375661375661374,-0.3934127617582333,-0.6643372382417654,True,0.5351111111111112,0.3368888888888889,0.38755555555555554,3.0,3.0,3.0
2022,Spanish Grand Prix,Race,race,Haas F1 Team,MSC,89.056,22,88.87475,20,10,-0.18124999999999147,89.49425,0.11111111111111116,0.11111111111111116,0.23926237161531283,0.26375661375661374,-0.26790288101912896,0.08665288101913748,True,0.5351111111111112,0.3368888888888889,0.38755555555555554,3.0,3.0,3.0
2022,Spanish Grand Prix,Race,race,McLaren,NOR,88.617,45,88.87475,20,10,0.2577500000000015,88.8935,0.4444444444444444,0.4444444444444444,0.3907218442932729,0.3755639097744361,0.2594772926936577,-0.001727292693656235,True,0.47022222222222226,0.5804444444444444,0.3591111111111111,3.0,3.0,3.0
2022,Spanish Grand Prix,Race,race,McLaren,RIC,89.17,45,88.87475,20,10,-0.2952499999999958,88.8935,0.4444444444444444,0.4444444444444444,0.3907218442932729,0.3755639097744361,0.04057543152386005,-0.33582543152385586,True,0.47022222222222226,0.5804444444444444,0.3591111111111111,3.0,3.0,3.0
2022,Spanish Grand Prix,Race,race,Mercedes,HAM,87.156,39,88.87475,20,10,1.71875,87.66650000000001,0.8888888888888888,0.8888888888888888,0.8018379281537176,0.779439484126984,-0.03013038881255811,1.7488803888125581,True,0.5937777777777777,0.8826666666666666,0.7093333333333334,3.0,3.0,3.0
2022,Spanish Grand Prix,Race,race,Mercedes,RUS,88.177,39,88.87475,20,10,0.6977499999999992,87.66650000000001,0.8888888888888888,0.8888888888888888,0.8018379281537176,0.779439484126984,-0.09081960026679484,0.788569600266794,True,0.5937777777777777,0.8826666666666666,0.7093333333333334,3.0,3.0,3.0
2022,Spanish Grand Prix,Race,race,Red Bull Racing,PER,87.607,51,88.87475,20,10,1.2677500000000066,87.37049999999999,1.0,1.0,0.9149007936507937,0.9082866479925303,0.6328857924494375,0.634864207550569,True,0.6826666666666666,0.752,0.7777777777777779,3.0,3.0,3.0
2022,Spanish Grand Prix,Race,race,Red Bull Racing,VER,87.134,51,88.87475,20,10,1.7407500000000056,87.37049999999999,1.0,1.0,0.9149007936507937,0.9082866479925303,1.05349042621627,0.6872595737837355,True,0.6826666666666666,0.752,0.7777777777777779,3.0,3.0,3.0
2022,Spanish Grand Prix,Race,race,Williams,ALB,90.4295,38,88.87475,20,10,-1.5547499999999985,90.13025,0.0,0.0,0.16065162907268168,0.1751488095238095,0.26859346837757936,-1.823343468377578,True,0.24266666666666667,0.17777777777777776,0.14755555555555558,3.0,3.0,3.0
2022,Spanish Grand Prix,Race,race,Williams,LAT,89.831,38,88.87475,20,10,-0.9562499999999972,90.13025,0.0,0.0,0.16065162907268168,0.1751488095238095,-0.27089614105394466,-0.6853538589460525,True,0.24266666666666667,0.17777777777777776,0.14755555555555558,3.0,3.0,3.0
2022,United States Grand Prix,Qualifying,qualifying,Alfa Romeo,BOT,96.747,4,96.1305,12,6,-0.616500000000002,96.84299999999999,0.4,0.125,0.2804811507936508,0.29084656084656085,0.13799208001694666,-0.7544920800169487,True,0.176,0.5253333333333334,0.14577777777777776,3.0,3.0,3.0
2022,United States Grand Prix,Qualifying,qualifying,Alfa Romeo,ZHO,96.939,4,96.1305,12,6,-0.8084999999999951,96.84299999999999,0.4,0.125,0.2804811507936508,0.29084656084656085,-0.13799208001694666,-0.6705079199830485,True,0.176,0.5253333333333334,0.14577777777777776,3.0,3.0,3.0
2022,United States Grand Prix,Qualifying,qualifying,AlphaTauri,GAS,96.74,3,96.1305,12,6,-0.609499999999997,96.9435,0.0,0.75,0.4081547619047619,0.39016290726817043,-0.08121862419797127,-0.5282813758020257,True,0.5875555555555556,0.6097777777777778,0.5271111111111111,3.0,3.0,3.0
2022,United States Grand Prix,Qualifying,qualifying,AlphaTauri,TSU,97.147,3,96.1305,12,6,-1.0165000000000077,96.9435,0.0,0.75,0.4081547619047619,0.39016290726817043,-0.01826717338177214,-0.9982328266182356,True,0.5875555555555556,0.6097777777777778,0.5271111111111111,3.0,3.0,3.0
2022,United States Grand Prix,Qualifying,qualifying,Aston Martin,STR,96.961,4,96.1305,12,6,-0.8305000000000007,96.937,0.19999999999999996,0.5,0.387531328320802,0.3812830687830688,-0.11131040426236238,-0.7191895957376383,True,0.48266666666666663,0.42844444444444446,0.528888888888889,3.0,3.0,3.0
2022,United States Grand Prix,Qualifying,qualifying,Aston Martin,VET,96.913,4,96.1305,12,6,-0.7824999999999989,96.937,0.19999999999999996,0.5,0.387531328320802,0.3812830687830688,-0.12531111888416818,-0.6571888811158306,True,0.48266666666666663,0.42844444444444446,0.528888888888889,3.0,3.0,3.0
2022,United States Grand Prix,Qualifying,qualifying,Ferrari,LEC,94.624,3,96.1305,12,6,1.5065000000000026,94.70349999999999,1.0,,0.8744164332399627,,0.4980360426406395,1.0084639573593632,True,0.7475555555555555,0.5395555555555556,0.9555555555555555,3.0,3.0,3.0
2022,United States Grand Prix,Qualifying,qualifying,Ferrari,SAI,94.783,3,96.1305,12,6,1.3474999999999966,94.70349999999999,1.0,,0.8744164332399627,,0.42089768077579187,0.9266023192242048,True,0.7475555555555555,0.5395555555555556,0.9555555555555555,3.0,3.0,3.0
2022,United States Grand Prix,Qualifying,qualifying,Mercedes,HAM,95.521,4,96.1305,12,6,0.609499999999997,95.51249999999999,0.6,0.875,0.8018379281537176,0.7977733686067019,0.3949955738094543,0.21450442619054272,True,0.3075555555555556,0.5093333333333334,0.33777777777777784,3.0,3.0,3.0
2022,United States Grand Prix,Qualifying,qualifying,Mercedes,RUS,95.50399999999999,4,96.1305,12,6,0.6265000000000072,95.51249999999999,0.6,0.875,0.8018379281537176,0.7977733686067019,0.45271685282537005,0.1737831471746371,True,0.3075555555555556,0.5093333333333334,0.33777777777777784,3.0,3.0,3.0
2022,United States Grand Prix,Qualifying,qualifying,Red Bull Racing,PER,95.171,3,96.1305,12,6,0.9594999999999914,95.1075,0.8,1.0,0.9149007936507937,0.910421888053467,0.050894241176247655,0.9086057588237437,True,0.8062222222222222,0.8906666666666666,0.776,3.0,3.0,3.0
2022,United States Grand Prix,Qualifying,qualifying,Red Bull Racing,VER,95.044,3,96.1305,12,6,1.086500000000001,95.1075,0.8,1.0,0.9149007936507937,0.910421888053467,0.44653785362151754,0.6399621463784834,True,0.8062222222222222,0.8906666666666666,0.776,3.0,3.0,3.0
2022,United States Grand Prix,Race,race,Alfa Romeo,BOT,104.037,9,103.725,18,9,-0.3120000000000118,104.24549999999999,0.125,0.125,0.2804811507936508,0.29084656084656085,0.10127365318653098,-0.4132736531865428,True,0.176,0.5253333333333334,0.14577777777777776,3.0,3.0,3.0
2022,United States Grand Prix,Race,race,Alfa Romeo,ZHO,104.454,9,103.725,18,9,-0.7289999999999992,104.24549999999999,0.125,0.125,0.2804811507936508,0.29084656084656085,-0.10127365318653098,-0.6277263468134682,True,0.176,0.5253333333333334,0.14577777777777776,3.0,3.0,3.0
2022,United States Grand Prix,Race,race,AlphaTauri,GAS,103.571,23,103.725,18,9,0.15399999999999636,103.2405,0.75,0.75,0.4081547619047619,0.39016290726817043,0.03412313799982952,0.11987686200016684,True,0.5875555555555556,0.6097777777777778,0.5271111111111111,3.0,3.0,3.0
2022,United States Grand Prix,Race,race,AlphaTauri,TSU,102.91,23,103.725,18,9,0.8149999999999977,103.2405,0.75,0.75,0.4081547619047619,0.39016290726817043,-0.008871756926109803,0.8238717569261075,True,0.5875555555555556,0.6097777777777778,0.5271111111111111,3.0,3.0,3.0
2022,United States Grand Prix,Race,race,Alpine,ALO,103.963,29,103.725,18,9,-0.23799999999999955,104.00399999999999,0.375,0.375,0.513154761904762,0.5204260651629073,0.016901313346079846,-0.2549013133460794,True,0.5955555555555556,0.3777777777777778,0.5813333333333334,3.0,3.0,3.0
2022,United States Grand Prix,Race,race,Alpine,OCO,104.045,29,103.725,18,9,-0.3200000000000074,104.00399999999999,0.375,0.375,0.513154761904762,0.5204260651629073,-0.12843307985374308,-0.1915669201462643,True,0.5955555555555556,0.3777777777777778,0.5813333333333334,3.0,3.0,3.0
2022,United States Grand Prix,Race,race,Aston Martin,STR,103.76,11,103.725,18,9,-0.0350000000000108,103.725,0.5,0.5,0.387531328320802,0.3812830687830688,-0.2745680106068059,0.2395680106067951,True,0.48266666666666663,0.42844444444444446,0.528888888888889,3.0,3.0,3.0
2022,United States Grand Prix,Race,race,Aston Martin,VET,103.69,11,103.725,18,9,0.03499999999999659,103.725,0.5,0.5,0.387531328320802,0.3812830687830688,-0.23363630178821726,0.26863630178821385,True,0.48266666666666663,0.42844444444444446,0.528888888888889,3.0,3.0,3.0
2022,United States Grand Prix,Race,race,Haas F1 Team,MAG,104.73,17,103.725,18,9,-1.0050000000000097,104.537,0.0,0.0,0.23926237161531283,0.2542162698412699,-0.3934127617582333,-0.6115872382417764,True,0.5573333333333335,0.2746666666666667,0.4826666666666667,3.0,3.0,3.0
2022,United States Grand Prix,Race,race,Haas F1 Team,MSC,104.344,17,103.725,18,9,-0.6189999999999998,104.537,0.0,0.0,0.23926237161531283,0.2542162698412699,-0.26790288101912896,-0.3510971189808708,True,0.5573333333333335,0.2746666666666667,0.4826666666666667,3.0,3.0,3.0
2022,United States Grand Prix,Race,race,McLaren,NOR,103.076,27,103.725,18,9,0.6490000000000009,103.61099999999999,0.625,0.625,0.3907218442932729,0.3790079365079365,0.2594772926936577,0.3895227073063432,True,0.6346666666666667,0.576,0.5599999999999999,3.0,3.0,3.0
2022,United States Grand Prix,Race,race,McLaren,RIC,104.146,27,103.725,18,9,-0.4210000000000065,103.61099999999999,0.625,0.625,0.3907218442932729,0.3790079365079365,0.04057543152386005,-0.46157543152386654,True,0.6346666666666667,0.576,0.5599999999999999,3.0,3.0,3.0
2022,United States Grand Prix,Race,race,Mercedes,HAM,101.334,32,103.725,18,9,2.390999999999991,101.64475,0.875,0.875,0.8018379281537176,0.7977733686067019,-0.03013038881255811,2.421130388812549,True,0.3075555555555556,0.5093333333333334,0.33777777777777784,3.0,3.0,3.0
2022,United States Grand Prix,Race,race,Mercedes,RUS,101.9555,32,103.725,18,9,1.7694999999999936,101.64475,0.875,0.875,0.8018379281537176,0.7977733686067019,-0.09081960026679484,1.8603196002667886,True,0.3075555555555556,0.5093333333333334,0.33777777777777784,3.0,3.0,3.0
2022,United States Grand Prix,Race,race,Red Bull Racing,PER,101.809,35,103.725,18,9,1.9159999999999968,101.5735,1.0,1.0,0.9149007936507937,0.910421888053467,0.6328857924494375,1.2831142075505593,True,0.8062222222222222,0.8906666666666666,0.776,3.0,3.0,3.0
2022,United States Grand Prix,Race,race,Red Bull Racing,VER,101.338,35,103.725,18,9,2.3870000000000005,101.5735,1.0,1.0,0.9149007936507937,0.910421888053467,1.05349042621627,1.3335095737837304,True,0.8062222222222222,0.8906666666666666,0.776,3.0,3.0,3.0
2022,United States Grand Prix,Race,race,Williams,ALB,103.636,33,103.725,18,9,0.08899999999999864,104.00999999999999,0.25,0.25,0.16065162907268168,0.15568783068783068,0.26859346837757936,-0.17959346837758072,True,0.10488888888888889,0.26844444444444443,0.10488888888888889,3.0,3.0,3.0
2022,United States Grand Prix,Race,race,Williams,LAT,104.384,33,103.725,18,9,-0.659000000000006,104.00999999999999,0.25,0.25,0.16065162907268168,0.15568783068783068,-0.27089614105394466,-0.38810385894606136,True,0.10488888888888889,0.26844444444444443,0.10488888888888889,3.0,3.0,3.0
2023,Australian Grand Prix,Qualifying,qualifying,Alfa Romeo,BOT,78.9465,4,78.086,18,9,-0.8605000000000018,78.834,0.0,0.0,0.1803665910808768,0.0,0.13799208001694666,-0.9984920800169484,True,0.4206349206349206,0.3095238095238095,0.44444444444444436,2.0,2.0,2.0
2023,Australian Grand Prix,Qualifying,qualifying,Alfa Romeo,ZHO,78.72149999999999,4,78.086,18,9,-0.6354999999999933,78.834,0.0,0.0,0.1803665910808768,0.0,-0.13799208001694666,-0.49750791998304666,True,0.4206349206349206,0.3095238095238095,0.44444444444444436,2.0,2.0,2.0
2023,Australian Grand Prix,Qualifying,qualifying,AlphaTauri,DEV,78.647,3,78.086,18,9,-0.561000000000007,78.59,0.25,,0.25493827160493826,,-0.26736583657342095,-0.2936341634265861,True,0.5343915343915343,0.6005291005291005,0.19841269841269843,2.0,2.0,2.0
2023,Australian Grand Prix,Qualifying,qualifying,AlphaTauri,TSU,78.533,3,78.086,18,9,-0.44700000000000273,78.59,0.25,,0.25493827160493826,,-0.01826717338177214,-0.4287328266182306,True,0.5343915343915343,0.6005291005291005,0.19841269841269843,2.0,2.0,2.0
2023,Australian Grand Prix,Qualifying,qualifying,Alpine,GAS,77.787,3,78.086,18,9,0.2989999999999924,77.82650000000001,0.625,0.8333333333333334,0.5074143692564745,0.2222222222222222,-0.08121862419797127,0.38021862419796365,True,0.9550264550264549,0.82010582010582,0.37566137566137564,2.0,2.0,2.0
2023,Australian Grand Prix,Qualifying,qualifying,Alpine,OCO,77.866,3,78.086,18,9,0.21999999999999886,77.82650000000001,0.625,0.8333333333333334,0.5074143692564745,0.2222222222222222,-0.06464507161486799,0.28464507161486685,True,0.9550264550264549,0.82010582010582,0.37566137566137564,2.0,2.0,2.0
2023,Australian Grand Prix,Qualifying,qualifying,Aston Martin,ALO,77.303,3,78.086,18,9,0.7830000000000013,77.43299999999999,0.875,0.6666666666666667,0.6029761904761906,0.4444444444444444,0.14345355062000661,0.6395464493799946,True,0.5291005291005291,0.5291005291005291,0.619047619047619,2.0,2.0,2.0
2023,Australian Grand Prix,Qualifying,qualifying,Aston Martin,STR,77.563,3,78.086,18,9,0.5229999999999961,77.43299999999999,0.875,0.6666666666666667,0.6029761904761906,0.4444444444444444,-0.11131040426236238,0.6343104042623585,True,0.5291005291005291,0.5291005291005291,0.619047619047619,2.0,2.0,2.0
2023,Australian Grand Prix,Qualifying,qualifying,Ferrari,LEC,77.39,3,78.086,18,9,0.695999999999998,77.399,1.0,,0.722577276524645,,0.4980360426406395,0.19796395735935846,True,0.40476190476190477,0.5317460317460317,0.40476190476190477,2.0,2.0,2.0
2023,Australian Grand Prix,Qualifying,qualifying,Ferrari,SAI,77.408,3,78.086,18,9,0.6779999999999973,77.399,1.0,,0.722577276524645,,0.42089768077579187,0.2571023192242054,True,0.40476190476190477,0.5317460317460317,0.40476190476190477,2.0,2.0,2.0
2023,Australian Grand Prix,Qualifying,qualifying,Haas F1 Team,HUL,78.029,5,78.086,18,9,0.05700000000000216,78.15299999999999,0.5,0.33333333333333337,0.24166666666666664,0.33333333333333337,-0.46068755930034505,0.5176875593003472,True,0.31216931216931215,0.08994708994708994,0.40211640211640215,2.0,2.0,2.0
2023,Australian Grand Prix,Qualifying,qualifying,Haas F1 Team,MAG,78.277,5,78.086,18,9,-0.1910000000000025,78.15299999999999,0.5,0.33333333333333337,0.24166666666666664,0.33333333333333337,-0.47901914619435665,0.28801914619435415,True,0.31216931216931215,0.08994708994708994,0.40211640211640215,2.0,2.0,2.0
2023,Australian Grand Prix,Qualifying,qualifying,McLaren,NOR,78.632,3,78.086,18,9,-0.5460000000000065,78.667,0.125,0.5,0.5456569664902998,0.7777777777777778,0.12450891586109554,-0.6705089158611021,True,0.11111111111111116,0.49206349206349204,0.20105820105820107,2.0,2.0,2.0
2023,Australian Grand Prix,Qualifying,qualifying,McLaren,PIA,78.702,3,78.086,18,9,-0.6159999999999997,78.667,0.125,0.5,0.5456569664902998,0.7777777777777778,0.03443707754662947,-0.6504370775466292,True,0.11111111111111116,0.49206349206349204,0.20105820105820107,2.0,2.0,2.0
2023,Australian Grand Prix,Qualifying,qualifying,Mercedes,HAM,77.756,5,78.086,18,9,0.3299999999999983,77.6345,0.75,0.16666666666666663,0.6784325396825397,0.8888888888888888,0.3949955738094543,-0.06499557380945603,True,0.3333333333333333,0.5132275132275133,0.6216931216931216,2.0,2.0,2.0
2023,Australian Grand Prix,Qualifying,qualifying,Mercedes,RUS,77.513,5,78.086,18,9,0.5729999999999933,77.6345,0.75,0.16666666666666663,0.6784325396825397,0.8888888888888888,0.45271685282537005,0.12028314717462324,True,0.3333333333333333,0.5132275132275133,0.6216931216931216,2.0,2.0,2.0
2023,Australian Grand Prix,Qualifying,qualifying,Williams,ALB,78.143,3,78.086,18,9,-0.05700000000000216,78.3625,0.375,,0.3049719887955182,,0.4053446987189551,-0.4623446987189573,True,0.7777777777777777,0.6428571428571428,0.8227513227513227,2.0,2.0,2.0
2023,Australian Grand Prix,Qualifying,qualifying,Williams,SAR,78.582,3,78.086,18,9,-0.4959999999999951,78.3625,0.375,,0.3049719887955182,,0.048932265649148064,-0.5449322656491432,True,0.7777777777777777,0.6428571428571428,0.8227513227513227,2.0,2.0,2.0
2023,Australian Grand Prix,Race,race,Alfa Romeo,BOT,83.38,42,82.3065,14,7,-1.0734999999999957,83.29675,0.0,0.0,0.1803665910808768,0.0,0.10127365318653098,-1.1747736531865267,True,0.4206349206349206,0.3095238095238095,0.44444444444444436,2.0,2.0,2.0
2023,Australian Grand Prix,Race,race,Alfa Romeo,ZHO,83.2135,42,82.3065,14,7,-0.9069999999999965,83.29675,0.0,0.0,0.1803665910808768,0.0,-0.10127365318653098,-0.8057263468134654,True,0.4206349206349206,0.3095238095238095,0.44444444444444436,2.0,2.0,2.0
2023,Australian Grand Prix,Race,race,Alpine,GAS,81.8145,36,82.3065,14,7,0.49200000000000443,81.9135,0.8333333333333334,0.8333333333333334,0.5074143692564745,0.2222222222222222,0.03412313799982952,0.4578768620001749,True,0.9550264550264549,0.82010582010582,0.37566137566137564,2.0,2.0,2.0
2023,Australian Grand Prix,Race,race,Alpine,OCO,82.0125,36,82.3065,14,7,0.29399999999999693,81.9135,0.8333333333333334,0.8333333333333334,0.5074143692564745,0.2222222222222222,-0.12843307985374308,0.42243307985374,True,0.9550264550264549,0.82010582010582,0.37566137566137564,2.0,2.0,2.0
2023,Australian Grand Prix,Race,race,Aston Martin,ALO,82.006,42,82.3065,14,7,0.30049999999999955,82.06775,0.6666666666666667,0.6666666666666667,0.6029761904761906,0.4444444444444444,0.016901313346079846,0.2835986866539197,True,0.5291005291005291,0.5291005291005291,0.619047619047619,2.0,2.0,2.0
2023,Australian Grand Prix,Race,race,Aston Martin,STR,82.12950000000001,42,82.3065,14,7,0.1769999999999925,82.06775,0.6666666666666667,0.6666666666666667,0.6029761904761906,0.4444444444444444,-0.2745680106068059,0.4515680106067984,True,0.5291005291005291,0.5291005291005291,0.619047619047619,2.0,2.0,2.0
2023,Australian Grand Prix,Race,race,Haas F1 Team,HUL,82.333,41,82.3065,14,7,-0.026499999999998636,82.77449999999999,0.33333333333333337,0.33333333333333337,0.24166666666666664,0.33333333333333337,-0.18641475160805335,0.1599147516080547,True,0.31216931216931215,0.08994708994708994,0.40211640211640215,2.0,2.0,2.0
2023,Australian Grand Prix,Race,race,Haas F1 Team,MAG,83.216,41,82.3065,14,7,-0.9094999999999942,82.77449999999999,0.33333333333333337,0.33333333333333337,0.24166666666666664,0.33333333333333337,-0.3934127617582333,-0.516087238241761,True,0.31216931216931215,0.08994708994708994,0.40211640211640215,2.0,2.0,2.0
2023,Australian Grand Prix,Race,race,McLaren,NOR,82.28,41,82.3065,14,7,0.026499999999998636,82.45750000000001,0.5,0.5,0.5456569664902998,0.7777777777777778,0.2594772926936577,-0.23297729269365908,True,0.11111111111111116,0.49206349206349204,0.20105820105820107,2.0,2.0,2.0
2023,Australian Grand Prix,Race,race,McLaren,PIA,82.635,41,82.3065,14,7,-0.32850000000000534,82.45750000000001,0.5,0.5,0.5456569664902998,0.7777777777777778,0.12747228817738215,-0.4559722881773875,True,0.11111111111111116,0.49206349206349204,0.20105820105820107,2.0,2.0,2.0
2023,Australian Grand Prix,Race,race,Mercedes,HAM,83.4565,8,82.3065,14,7,-1.1500000000000057,83.29525000000001,0.16666666666666663,0.16666666666666663,0.6784325396825397,0.8888888888888888,-0.03013038881255811,-1.1198696111874475,True,0.3333333333333333,0.5132275132275133,0.6216931216931216,2.0,2.0,2.0
2023,Australian Grand Prix,Race,race,Mercedes,RUS,83.134,8,82.3065,14,7,-0.8275000000000006,83.29525000000001,0.16666666666666663,0.16666666666666663,0.6784325396825397,0.8888888888888888,-0.09081960026679484,-0.7366803997332058,True,0.3333333333333333,0.5132275132275133,0.6216931216931216,2.0,2.0,2.0
2023,Australian Grand Prix,Race,race,Red Bull Racing,PER,81.908,39,82.3065,14,7,0.3984999999999985,81.8755,1.0,1.0,0.9392857142857143,1.0,0.6328857924494375,-0.23438579244943902,True,0.6216931216931216,0.47089947089947093,0.91005291005291,2.0,2.0,2.0
2023,Australian Grand Prix,Race,race,Red Bull Racing,VER,81.843,39,82.3065,14,7,0.46349999999999625,81.8755,1.0,1.0,0.9392857142857143,1.0,1.05349042621627,-0.5899904262162738,True,0.6216931216931216,0.47089947089947093,0.91005291005291,2.0,2.0,2.0
2023,Bahrain Grand Prix,Qualifying,qualifying,Alfa Romeo,BOT,91.72800000000001,4,90.58,12,6,-1.1480000000000103,91.75450000000001,0.19999999999999996,0.0,0.1803665910808768,0.09375,0.13799208001694666,-1.285992080016957,True,0.6444444444444445,0.31466666666666676,0.5413333333333334,3.0,3.0,3.0
2023,Bahrain Grand Prix,Qualifying,qualifying,Alfa Romeo,ZHO,91.781,4,90.58,12,6,-1.2010000000000076,91.75450000000001,0.19999999999999996,0.0,0.1803665910808768,0.09375,-0.13799208001694666,-1.0630079199830609,True,0.6444444444444445,0.31466666666666676,0.5413333333333334,3.0,3.0,3.0
2023,Bahrain Grand Prix,Qualifying,qualifying,AlphaTauri,DEV,92.279,3,90.58,12,6,-1.698999999999998,92.013,0.0,0.25,0.25493827160493826,0.2777777777777778,-0.26736583657342095,-1.431634163426577,True,0.43466666666666665,0.4017777777777778,0.37422222222222223,3.0,3.0,3.0
2023,Bahrain Grand Prix,Qualifying,qualifying,AlphaTauri,TSU,91.747,3,90.58,12,6,-1.1670000000000016,92.013,0.0,0.25,0.25493827160493826,0.2777777777777778,-0.01826717338177214,-1.1487328266182295,True,0.43466666666666665,0.4017777777777778,0.37422222222222223,3.0,3.0,3.0
2023,Bahrain Grand Prix,Qualifying,qualifying,Aston Martin,ALO,90.645,3,90.58,12,6,-0.06499999999999773,91.2855,0.4,0.875,0.6029761904761906,0.7152777777777778,0.14345355062000661,-0.20845355062000434,True,0.9635555555555555,0.8302222222222223,0.9635555555555555,3.0,3.0,3.0
2023,Bahrain Grand Prix,Qualifying,qualifying,Aston Martin,STR,91.926,3,90.58,12,6,-1.3460000000000036,91.2855,0.4,0.875,0.6029761904761906,0.7152777777777778,-0.11131040426236238,-1.2346895957376414,True,0.9635555555555555,0.8302222222222223,0.9635555555555555,3.0,3.0,3.0
2023,Bahrain Grand Prix,Qualifying,qualifying,Ferrari,LEC,90.282,3,90.58,12,6,0.2980000000000018,90.3985,0.8,0.375,0.722577276524645,0.7222222222222223,0.4980360426406395,-0.20003604264063768,True,0.41600000000000004,0.5662222222222223,0.41600000000000004,3.0,3.0,3.0
2023,Bahrain Grand Prix,Qualifying,qualifying,Ferrari,SAI,90.515,3,90.58,12,6,0.06499999999999773,90.3985,0.8,0.375,0.722577276524645,0.7222222222222223,0.42089768077579187,-0.35589768077579415,True,0.41600000000000004,0.5662222222222223,0.41600000000000004,3.0,3.0,3.0
2023,Bahrain Grand Prix,Qualifying,qualifying,Mercedes,HAM,90.513,3,90.58,12,6,0.06699999999999307,90.51,0.6,0.625,0.6784325396825397,0.5763888888888888,0.3949955738094543,-0.32799557380946126,True,0.3511111111111111,0.7795555555555556,0.31466666666666665,3.0,3.0,3.0
2023,Bahrain Grand Prix,Qualifying,qualifying,Mercedes,RUS,90.507,3,90.58,12,6,0.07299999999999329,90.51,0.6,0.625,0.6784325396825397,0.5763888888888888,0.45271685282537005,-0.37971685282537676,True,0.3511111111111111,0.7795555555555556,0.31466666666666665,3.0,3.0,3.0
2023,Bahrain Grand Prix,Qualifying,qualifying,Red Bull Racing,PER,90.131,3,90.58,12,6,0.44899999999999807,90.01400000000001,1.0,1.0,0.9392857142857143,1.0,0.050894241176247655,0.39810575882375043,True,0.33955555555555555,0.6106666666666667,0.696888888888889,3.0,3.0,3.0
2023,Bahrain Grand Prix,Qualifying,qualifying,Red Bull Racing,VER,89.897,3,90.58,12,6,0.6829999999999927,90.01400000000001,1.0,1.0,0.9392857142857143,1.0,0.44653785362151754,0.23646214637847518,True,0.33955555555555555,0.6106666666666667,0.696888888888889,3.0,3.0,3.0
2023,Bahrain Grand Prix,Race,race,Alfa Romeo,BOT,99.412,24,98.438,18,9,-0.9740000000000038,99.39175,0.0,0.0,0.1803665910808768,0.09375,0.10127365318653098,-1.0752736531865348,True,0.6444444444444445,0.31466666666666676,0.5413333333333334,3.0,3.0,3.0
2023,Bahrain Grand Prix,Race,race,Alfa Romeo,ZHO,99.3715,24,98.438,18,9,-0.9334999999999951,99.39175,0.0,0.0,0.1803665910808768,0.09375,-0.10127365318653098,-0.8322263468134641,True,0.6444444444444445,0.31466666666666676,0.5413333333333334,3.0,3.0,3.0
2023,Bahrain Grand Prix,Race,race,AlphaTauri,DEV,99.078,31,98.438,18,9,-0.6400000000000006,99.0695,0.25,0.25,0.25493827160493826,0.2777777777777778,-0.2349593387079074,-0.40504066129209315,True,0.43466666666666665,0.4017777777777778,0.37422222222222223,3.0,3.0,3.0
2023,Bahrain Grand Prix,Race,race,AlphaTauri,TSU,99.061,31,98.438,18,9,-0.6230000000000047,99.0695,0.25,0.25,0.25493827160493826,0.2777777777777778,-0.008871756926109803,-0.6141282430738949,True,0.43466666666666665,0.4017777777777778,0.37422222222222223,3.0,3.0,3.0
2023,Bahrain Grand Prix,Race,race,Alpine,GAS,98.965,24,98.438,18,9,-0.527000000000001,99.2485,0.125,0.125,0.5074143692564745,0.4201388888888889,0.03412313799982952,-0.5611231379998305,True,0.7617777777777778,0.8302222222222223,0.7013333333333334,3.0,3.0,3.0
2023,Bahrain Grand Prix,Race,race,Alpine,OCO,99.53200000000001,24,98.438,18,9,-1.0940000000000083,99.2485,0.125,0.125,0.5074143692564745,0.4201388888888889,-0.12843307985374308,-0.9655669201462652,True,0.7617777777777778,0.8302222222222223,0.7013333333333334,3.0,3.0,3.0
2023,Bahrain Grand Prix,Race,race,Aston Martin,ALO,98.009,37,98.438,18,9,0.42900000000000205,98.068,0.875,0.875,0.6029761904761906,0.7152777777777778,0.016901313346079846,0.4120986866539222,True,0.9635555555555555,0.8302222222222223,0.9635555555555555,3.0,3.0,3.0
2023,Bahrain Grand Prix,Race,race,Aston Martin,STR,98.127,37,98.438,18,9,0.31100000000000705,98.068,0.875,0.875,0.6029761904761906,0.7152777777777778,-0.2745680106068059,0.585568010606813,True,0.9635555555555555,0.8302222222222223,0.9635555555555555,3.0,3.0,3.0
2023,Bahrain Grand Prix,Race,race,Ferrari,LEC,98.447,29,98.438,18,9,-0.009000000000000341,98.44,0.375,0.375,0.722577276524645,0.7222222222222223,0.1958228383996559,-0.20482283839965623,True,0.41600000000000004,0.5662222222222223,0.41600000000000004,3.0,3.0,3.0
2023,Bahrain Grand Prix,Race,race,Ferrari,SAI,98.433,29,98.438,18,9,0.0049999999999954525,98.44,0.375,0.375,0.722577276524645,0.7222222222222223,0.13770117581501623,-0.13270117581502078,True,0.41600000000000004,0.5662222222222223,0.41600000000000004,3.0,3.0,3.0
2023,Bahrain Grand Prix,Race,race,Haas F1 Team,HUL,98.245,39,98.438,18,9,0.19299999999999784,98.28200000000001,0.75,0.75,0.24166666666666664,0.3055555555555556,-0.18641475160805335,0.37941475160805116,True,0.22044444444444444,0.12711111111111112,0.08088888888888893,3.0,3.0,3.0
2023,Bahrain Grand Prix,Race,race,Haas F1 Team,MAG,98.319,39,98.438,18,9,0.11899999999999977,98.28200000000001,0.75,0.75,0.24166666666666664,0.3055555555555556,-0.3934127617582333,0.512412761758233,True,0.22044444444444444,0.12711111111111112,0.08088888888888893,3.0,3.0,3.0
2023,Bahrain Grand Prix,Race,race,Mercedes,HAM,98.297,40,98.438,18,9,0.14100000000000534,98.37,0.625,0.625,0.6784325396825397,0.5763888888888888,-0.03013038881255811,0.17113038881256346,True,0.3511111111111111,0.7795555555555556,0.31466666666666665,3.0,3.0,3.0
2023,Bahrain Grand Prix,Race,race,Mercedes,RUS,98.443,40,98.438,18,9,-0.0049999999999954525,98.37,0.625,0.625,0.6784325396825397,0.5763888888888888,-0.09081960026679484,0.08581960026679938,True,0.3511111111111111,0.7795555555555556,0.31466666666666665,3.0,3.0,3.0
2023,Bahrain Grand Prix,Race,race,Red Bull Racing,PER,97.352,35,98.438,18,9,1.0859999999999985,97.452,1.0,1.0,0.9392857142857143,1.0,0.6328857924494375,0.453114207550561,True,0.33955555555555555,0.6106666666666667,0.696888888888889,3.0,3.0,3.0
2023,Bahrain Grand Prix,Race,race,Red Bull Racing,VER,97.552,35,98.438,18,9,0.8859999999999957,97.452,1.0,1.0,0.9392857142857143,1.0,1.05349042621627,-0.1674904262162744,True,0.33955555555555555,0.6106666666666667,0.696888888888889,3.0,3.0,3.0
2023,Bahrain Grand Prix,Race,race,Williams,ALB,98.1155,42,98.438,18,9,0.3225000000000051,98.41499999999999,0.5,0.5,0.3049719887955182,0.16203703703703706,0.26859346837757936,0.05390653162242576,True,0.3351111111111111,0.22044444444444444,0.45066666666666666,3.0,3.0,3.0
2023,Bahrain Grand Prix,Race,race,Williams,SAR,98.7145,42,98.438,18,9,-0.27649999999999864,98.41499999999999,0.5,0.5,0.3049719887955182,0.16203703703703706,0.01964940890246814,-0.29614940890246677,True,0.3351111111111111,0.22044444444444444,0.45066666666666666,3.0,3.0,3.0
2023,Saudi Arabian Grand Prix,Qualifying,qualifying,Alfa Romeo,BOT,89.988,3,89.3295,12,6,-0.6585000000000036,89.975,0.0,0.11111111111111116,0.1803665910808768,0.20498511904761907,0.13799208001694666,-0.7964920800169503,True,0.0666666666666667,0.4471111111111111,0.03022222222222224,3.0,3.0,3.0
2023,Saudi Arabian Grand Prix,Qualifying,qualifying,Alfa Romeo,ZHO,89.962,3,89.3295,12,6,-0.6325000000000074,89.975,0.0,0.11111111111111116,0.1803665910808768,0.20498511904761907,-0.13799208001694666,-0.49450791998306076,True,0.0666666666666667,0.4471111111111111,0.03022222222222224,3.0,3.0,3.0
2023,Saudi Arabian Grand Prix,Qualifying,qualifying,Alpine,GAS,89.411,3,89.3295,12,6,-0.08150000000000546,89.348,0.4,0.7777777777777778,0.5074143692564745,0.5051587301587301,-0.08121862419797127,-0.00028137580203418944,True,0.5955555555555556,0.6888888888888889,0.7697777777777778,3.0,3.0,3.0
2023,Saudi Arabian Grand Prix,Qualifying,qualifying,Alpine,OCO,89.285,3,89.3295,12,6,0.04449999999999932,89.348,0.4,0.7777777777777778,0.5074143692564745,0.5051587301587301,-0.06464507161486799,0.1091450716148673,True,0.5955555555555556,0.6888888888888889,0.7697777777777778,3.0,3.0,3.0
2023,Saudi Arabian Grand Prix,Qualifying,qualifying,Aston Martin,ALO,88.757,3,89.3295,12,6,0.5724999999999909,88.887,1.0,0.5555555555555556,0.6029761904761906,0.6173115079365079,0.14345355062000661,0.42904644937998426,True,0.8,0.4844444444444445,0.808,3.0,3.0,3.0
2023,Saudi Arabian Grand Prix,Qualifying,qualifying,Aston Martin,STR,89.017,3,89.3295,12,6,0.3125,88.887,1.0,0.5555555555555556,0.6029761904761906,0.6173115079365079,-0.11131040426236238,0.4238104042623624,True,0.8,0.4844444444444445,0.808,3.0,3.0,3.0
2023,Saudi Arabian Grand Prix,Qualifying,qualifying,Ferrari,LEC,88.83000000000001,4,89.3295,12,6,0.4994999999999834,88.98475,0.8,0.8888888888888888,0.722577276524645,0.6803439153439154,0.4980360426406395,0.0014639573593439037,True,0.4488888888888889,0.6524444444444446,0.41244444444444445,3.0,3.0,3.0
2023,Saudi Arabian Grand Prix,Qualifying,qualifying,Ferrari,SAI,89.1395,4,89.3295,12,6,0.18999999999999773,88.98475,0.8,0.8888888888888888,0.722577276524645,0.6803439153439154,0.42089768077579187,-0.23089768077579415,True,0.4488888888888889,0.6524444444444446,0.41244444444444445,3.0,3.0,3.0
2023,Saudi Arabian Grand Prix,Qualifying,qualifying,Haas F1 Team,HUL,89.6275,4,89.3295,12,6,-0.2980000000000018,89.69024999999999,0.19999999999999996,0.4444444444444444,0.24166666666666664,0.22172619047619047,-0.46068755930034505,0.16268755930034323,True,0.3413333333333334,0.10488888888888889,0.3111111111111111,3.0,3.0,3.0
2023,Saudi Arabian Grand Prix,Qualifying,qualifying,Haas F1 Team,MAG,89.753,4,89.3295,12,6,-0.4235000000000042,89.69024999999999,0.19999999999999996,0.4444444444444444,0.24166666666666664,0.22172619047619047,-0.47901914619435665,0.05551914619435244,True,0.3413333333333334,0.10488888888888889,0.3111111111111111,3.0,3.0,3.0
2023,Saudi Arabian Grand Prix,Qualifying,qualifying,Mercedes,HAM,89.374,5,89.3295,12,6,-0.04449999999999932,89.253,0.6,0.6666666666666667,0.6784325396825397,0.685,0.3949955738094543,-0.43949557380945364,True,0.5742222222222223,0.4568888888888889,0.4648888888888889,3.0,3.0,3.0
2023,Saudi Arabian Grand Prix,Qualifying,qualifying,Mercedes,RUS,89.132,5,89.3295,12,6,0.1974999999999909,89.253,0.6,0.6666666666666667,0.6784325396825397,0.685,0.45271685282537005,-0.25521685282537915,True,0.5742222222222223,0.4568888888888889,0.4648888888888889,3.0,3.0,3.0
2023,Saudi Arabian Grand Prix,Race,race,Alfa Romeo,BOT,96.24350000000001,18,95.07050000000001,20,10,-1.1730000000000018,95.99375,0.11111111111111116,0.11111111111111116,0.1803665910808768,0.20498511904761907,0.10127365318653098,-1.2742736531865329,True,0.0666666666666667,0.4471111111111111,0.03022222222222224,3.0,3.0,3.0
2023,Saudi Arabian Grand Prix,Race,race,Alfa Romeo,ZHO,95.744,18,95.07050000000001,20,10,-0.67349999999999,95.99375,0.11111111111111116,0.11111111111111116,0.1803665910808768,0.20498511904761907,-0.10127365318653098,-0.572226346813459,True,0.0666666666666667,0.4471111111111111,0.03022222222222224,3.0,3.0,3.0
2023,Saudi Arabian Grand Prix,Race,race,AlphaTauri,DEV,95.759,37,95.07050000000001,20,10,-0.6884999999999906,95.436,0.33333333333333337,0.33333333333333337,0.25493827160493826,0.24444444444444446,-0.2349593387079074,-0.45354066129208315,True,0.20977777777777779,0.43200000000000005,0.3128888888888889,3.0,3.0,3.0
2023,Saudi Arabian Grand Prix,Race,race,AlphaTauri,TSU,95.113,37,95.07050000000001,20,10,-0.04249999999998977,95.436,0.33333333333333337,0.33333333333333337,0.25493827160493826,0.24444444444444446,-0.008871756926109803,-0.03362824307387997,True,0.20977777777777779,0.43200000000000005,0.3128888888888889,3.0,3.0,3.0
2023,Saudi Arabian Grand Prix,Race,race,Alpine,GAS,94.626,33,95.07050000000001,20,10,0.444500000000005,94.6175,0.7777777777777778,0.7777777777777778,0.5074143692564745,0.5051587301587301,0.03412313799982952,0.4103768620001755,True,0.5955555555555556,0.6888888888888889,0.7697777777777778,3.0,3.0,3.0
2023,Saudi Arabian Grand Prix,Race,race,Alpine,OCO,94.609,33,95.07050000000001,20,10,0.4615000000000151,94.6175,0.7777777777777778,0.7777777777777778,0.5074143692564745,0.5051587301587301,-0.12843307985374308,0.5899330798537582,True,0.5955555555555556,0.6888888888888889,0.7697777777777778,3.0,3.0,3.0
2023,Saudi Arabian Grand Prix,Race,race,Aston Martin,ALO,94.7465,8,95.07050000000001,20,10,0.3240000000000123,95.119,0.5555555555555556,0.5555555555555556,0.6029761904761906,0.6173115079365079,0.016901313346079846,0.3070986866539324,True,0.8,0.4844444444444445,0.808,3.0,3.0,3.0
2023,Saudi Arabian Grand Prix,Race,race,Aston Martin,STR,95.4915,8,95.07050000000001,20,10,-0.42099999999999227,95.119,0.5555555555555556,0.5555555555555556,0.6029761904761906,0.6173115079365079,-0.2745680106068059,-0.14643198939318636,True,0.8,0.4844444444444445,0.808,3.0,3.0,3.0
2023,Saudi Arabian Grand Prix,Race,race,Ferrari,LEC,93.813,26,95.07050000000001,20,10,1.2575000000000074,93.83725000000001,0.8888888888888888,0.8888888888888888,0.722577276524645,0.6803439153439154,0.1958228383996559,1.0616771616003515,True,0.4488888888888889,0.6524444444444446,0.41244444444444445,3.0,3.0,3.0
2023,Saudi Arabian Grand Prix,Race,race,Ferrari,SAI,93.8615,26,95.07050000000001,20,10,1.2090000000000032,93.83725000000001,0.8888888888888888,0.8888888888888888,0.722577276524645,0.6803439153439154,0.13770117581501623,1.071298824184987,True,0.4488888888888889,0.6524444444444446,0.41244444444444445,3.0,3.0,3.0
2023,Saudi Arabian Grand Prix,Race,race,Haas F1 Team,HUL,95.028,31,95.07050000000001,20,10,0.04250000000000398,95.15350000000001,0.4444444444444444,0.4444444444444444,0.24166666666666664,0.22172619047619047,-0.18641475160805335,0.22891475160805733,True,0.3413333333333334,0.10488888888888889,0.3111111111111111,3.0,3.0,3.0
2023,Saudi Arabian Grand Prix,Race,race,Haas F1 Team,MAG,95.279,31,95.07050000000001,20,10,-0.20849999999998658,95.15350000000001,0.4444444444444444,0.4444444444444444,0.24166666666666664,0.22172619047619047,-0.3934127617582333,0.18491276175824672,True,0.3413333333333334,0.10488888888888889,0.3111111111111111,3.0,3.0,3.0
2023,Saudi Arabian Grand Prix,Race,race,McLaren,NOR,96.12049999999999,12,95.07050000000001,20,10,-1.049999999999983,95.98049999999999,0.2222222222222222,0.2222222222222222,0.5456569664902998,0.5553004535147392,0.2594772926936577,-1.3094772926936407,True,0.42222222222222233,0.41244444444444445,0.3493333333333334,3.0,3.0,3.0
2023,Saudi Arabian Grand Prix,Race,race,McLaren,PIA,95.84049999999999,12,95.07050000000001,20,10,-0.7699999999999818,95.98049999999999,0.2222222222222222,0.2222222222222222,0.5456569664902998,0.5553004535147392,0.12747228817738215,-0.897472288177364,True,0.42222222222222233,0.41244444444444445,0.3493333333333334,3.0,3.0,3.0
2023,Saudi Arabian Grand Prix,Race,race,Mercedes,HAM,94.7245,20,95.07050000000001,20,10,0.34600000000000364,94.83375000000001,0.6666666666666667,0.6666666666666667,0.6784325396825397,0.685,-0.03013038881255811,0.3761303888125617,True,0.5742222222222223,0.4568888888888889,0.4648888888888889,3.0,3.0,3.0
2023,Saudi Arabian Grand Prix,Race,race,Mercedes,RUS,94.943,20,95.07050000000001,20,10,0.12750000000001194,94.83375000000001,0.6666666666666667,0.6666666666666667,0.6784325396825397,0.685,-0.09081960026679484,0.21831960026680677,True,0.5742222222222223,0.4568888888888889,0.4648888888888889,3.0,3.0,3.0
2023,Saudi Arabian Grand Prix,Race,race,Red Bull Racing,PER,93.0485,40,95.07050000000001,20,10,2.0220000000000056,93.047,1.0,1.0,0.9392857142857143,0.9571428571428572,0.6328857924494375,1.389114207550568,True,1.0,0.9271111111111111,1.0,3.0,3.0,3.0
2023,Saudi Arabian Grand Prix,Race,race,Red Bull Racing,VER,93.0455,40,95.07050000000001,20,10,2.0250000000000057,93.047,1.0,1.0,0.9392857142857143,0.9571428571428572,1.05349042621627,0.9715095737837356,True,1.0,0.9271111111111111,1.0,3.0,3.0,3.0
2023,Saudi Arabian Grand Prix,Race,race,Williams,ALB,96.622,15,95.07050000000001,20,10,-1.55149999999999,96.113,0.0,0.0,0.3049719887955182,0.32188644688644685,0.26859346837757936,-1.8200934683775696,True,0.5413333333333334,0.39377777777777784,0.5413333333333334,3.0,3.0,3.0
2023,Saudi Arabian Grand Prix,Race,race,Williams,SAR,95.604,15,95.07050000000001,20,10,-0.5334999999999894,96.113,0.0,0.0,0.3049719887955182,0.32188644688644685,0.01964940890246814,-0.5531494089024576,True,0.5413333333333334,0.39377777777777784,0.5413333333333334,3.0,3.0,3.0
2024,Australian Grand Prix,Qualifying,qualifying,Alpine,GAS,78.088,3,77.0195,14,7,-1.0685000000000002,78.1525,0.16666666666666663,0.33333333333333337,0.25628654970760234,0.375,-0.08121862419797127,-0.9872813758020289,True,0.28711111111111115,0.24266666666666667,0.33777777777777784,3.0,3.0,3.0
2024,Australian Grand Prix,Qualifying,qualifying,Alpine,OCO,78.217,3,77.0195,14,7,-1.1975000000000051,78.1525,0.16666666666666663,0.33333333333333337,0.25628654970760234,0.375,-0.06464507161486799,-1.1328549283851372,True,0.28711111111111115,0.24266666666666667,0.33777777777777784,3.0,3.0,3.0
2024,Australian Grand Prix,Qualifying,qualifying,Aston Martin,ALO,76.95,4,77.0195,14,7,0.06949999999999079,77.0195,0.5,0.5,0.41736111111111107,0.5,0.14345355062000661,-0.07395355062001582,True,0.7093333333333334,0.5333333333333334,0.4746666666666666,3.0,3.0,3.0
2024,Australian Grand Prix,Qualifying,qualifying,Aston Martin,STR,77.089,4,77.0195,14,7,-0.069500000000005,77.0195,0.5,0.5,0.41736111111111107,0.5,-0.11131040426236238,0.04181040426235738,True,0.7093333333333334,0.5333333333333334,0.4746666666666666,3.0,3.0,3.0
2024,Australian Grand Prix,Qualifying,qualifying,Ferrari,LEC,76.569,3,77.0195,14,7,0.450499999999991,76.45,0.8333333333333334,1.0,0.7934782608695652,1.0,0.4980360426406395,-0.04753604264064848,True,0.7511111111111111,0.7937777777777778,0.9395555555555555,3.0,3.0,3.0
2024,Australian Grand Prix,Qualifying,qualifying,Ferrari,SAI,76.331,3,77.0195,14,7,0.6884999999999906,76.45,0.8333333333333334,1.0,0.7934782608695652,1.0,0.42089768077579187,0.2676023192241987,True,0.7511111111111111,0.7937777777777778,0.9395555555555555,3.0,3.0,3.0
2024,Australian Grand Prix,Qualifying,qualifying,Kick Sauber,BOT,77.882,3,77.0195,14,7,-0.8625000000000114,78.1585,0.0,0.0,0.13492063492063494,0.25,0.13799208001694666,-1.000492080016958,True,0.0,0.0746666666666667,0.03644444444444446,3.0,3.0,3.0
2024,Australian Grand Prix,Qualifying,qualifying,Kick Sauber,ZHO,78.435,3,77.0195,14,7,-1.4155000000000086,78.1585,0.0,0.0,0.13492063492063494,0.25,-0.13799208001694666,-1.277507919983062,True,0.0,0.0746666666666667,0.03644444444444446,3.0,3.0,3.0
2024,Australian Grand Prix,Qualifying,qualifying,McLaren,NOR,76.597,3,77.0195,14,7,0.42249999999999943,76.59899999999999,0.6666666666666667,0.8333333333333334,0.8485507246376811,0.875,0.12450891586109554,0.2979910841389039,True,0.7111111111111112,0.784,0.7031111111111111,3.0,3.0,3.0
2024,Australian Grand Prix,Qualifying,qualifying,McLaren,PIA,76.601,3,77.0195,14,7,0.41849999999999454,76.59899999999999,0.6666666666666667,0.8333333333333334,0.8485507246376811,0.875,0.03443707754662947,0.3840629224533651,True,0.7111111111111112,0.784,0.7031111111111111,3.0,3.0,3.0
2024,Australian Grand Prix,Qualifying,qualifying,Mercedes,HAM,77.626,4,77.0195,14,7,-0.6065000000000111,77.459,0.33333333333333337,,0.7617724867724869,,0.3949955738094543,-1.0014955738094655,True,0.8044444444444444,0.6648888888888889,0.6586666666666666,3.0,3.0,3.0
2024,Australian Grand Prix,Qualifying,qualifying,Mercedes,RUS,77.292,4,77.0195,14,7,-0.27250000000000796,77.459,0.33333333333333337,,0.7617724867724869,,0.45271685282537005,-0.725216852825378,True,0.8044444444444444,0.6648888888888889,0.6586666666666666,3.0,3.0,3.0
2024,Australian Grand Prix,Qualifying,qualifying,Red Bull Racing,PER,76.5445,4,77.0195,14,7,0.4749999999999943,76.381,1.0,,0.7876984126984128,,0.050894241176247655,0.4241057588237467,True,0.5671111111111111,0.5271111111111111,0.5528888888888889,3.0,3.0,3.0
2024,Australian Grand Prix,Qualifying,qualifying,Red Bull Racing,VER,76.2175,4,77.0195,14,7,0.8019999999999925,76.381,1.0,,0.7876984126984128,,0.44653785362151754,0.35546214637847495,True,0.5671111111111111,0.5271111111111111,0.5528888888888889,3.0,3.0,3.0
2024,Australian Grand Prix,Race,race,Alpine,GAS,82.933,33,82.85175,14,7,-0.08125000000001137,82.917,0.33333333333333337,0.33333333333333337,0.25628654970760234,0.375,0.03412313799982952,-0.11537313799984089,True,0.28711111111111115,0.24266666666666667,0.33777777777777784,3.0,3.0,3.0
2024,Australian Grand Prix,Race,race,Alpine,OCO,82.901,33,82.85175,14,7,-0.04925000000000068,82.917,0.33333333333333337,0.33333333333333337,0.25628654970760234,0.375,-0.12843307985374308,0.0791830798537424,True,0.28711111111111115,0.24266666666666667,0.33777777777777784,3.0,3.0,3.0
2024,Australian Grand Prix,Race,race,Aston Martin,ALO,82.769,27,82.85175,14,7,0.08274999999999011,82.815,0.5,0.5,0.41736111111111107,0.5,0.016901313346079846,0.06584868665391026,True,0.7093333333333334,0.5333333333333334,0.4746666666666666,3.0,3.0,3.0
2024,Australian Grand Prix,Race,race,Aston Martin,STR,82.861,27,82.85175,14,7,-0.00925000000000864,82.815,0.5,0.5,0.41736111111111107,0.5,-0.2745680106068059,0.26531801060679727,True,0.7093333333333334,0.5333333333333334,0.4746666666666666,3.0,3.0,3.0
2024,Australian Grand Prix,Race,race,Ferrari,LEC,81.84649999999999,34,82.85175,14,7,1.0052500000000038,81.64399999999999,1.0,1.0,0.7934782608695652,1.0,0.1958228383996559,0.8094271616003479,True,0.7511111111111111,0.7937777777777778,0.9395555555555555,3.0,3.0,3.0
2024,Australian Grand Prix,Race,race,Ferrari,SAI,81.44149999999999,34,82.85175,14,7,1.4102500000000049,81.64399999999999,1.0,1.0,0.7934782608695652,1.0,0.13770117581501623,1.2725488241849887,True,0.7511111111111111,0.7937777777777778,0.9395555555555555,3.0,3.0,3.0
2024,Australian Grand Prix,Race,race,Haas F1 Team,HUL,82.21000000000001,32,82.85175,14,7,0.6417499999999876,82.66375000000001,0.6666666666666667,0.6666666666666667,0.37247474747474746,0.125,-0.18641475160805335,0.8281647516080409,True,0.4142222222222222,0.27466666666666667,0.33333333333333337,3.0,3.0,3.0
2024,Australian Grand Prix,Race,race,Haas F1 Team,MAG,83.1175,32,82.85175,14,7,-0.26575000000001125,82.66375000000001,0.6666666666666667,0.6666666666666667,0.37247474747474746,0.125,-0.3934127617582333,0.12766276175822205,True,0.4142222222222222,0.27466666666666667,0.33333333333333337,3.0,3.0,3.0
2024,Australian Grand Prix,Race,race,Kick Sauber,BOT,82.84299999999999,34,82.85175,14,7,0.008750000000006253,82.935,0.0,0.0,0.13492063492063494,0.25,0.10127365318653098,-0.09252365318652472,True,0.0,0.0746666666666667,0.03644444444444446,3.0,3.0,3.0
2024,Australian Grand Prix,Race,race,Kick Sauber,ZHO,83.027,34,82.85175,14,7,-0.17525000000000546,82.935,0.0,0.0,0.13492063492063494,0.25,-0.10127365318653098,-0.07397634681347448,True,0.0,0.0746666666666667,0.03644444444444446,3.0,3.0,3.0
2024,Australian Grand Prix,Race,race,McLaren,NOR,81.642,37,82.85175,14,7,1.2097499999999997,81.8155,0.8333333333333334,0.8333333333333334,0.8485507246376811,0.875,0.2594772926936577,0.950272707306342,True,0.7111111111111112,0.784,0.7031111111111111,3.0,3.0,3.0
2024,Australian Grand Prix,Race,race,McLaren,PIA,81.989,37,82.85175,14,7,0.8627499999999912,81.8155,0.8333333333333334,0.8333333333333334,0.8485507246376811,0.875,0.12747228817738215,0.735277711822609,True,0.7111111111111112,0.784,0.7031111111111111,3.0,3.0,3.0
2024,Australian Grand Prix,Race,race,RB,RIC,82.975,34,82.85175,14,7,-0.12324999999999875,82.91775,0.16666666666666663,0.16666666666666663,0.29958333333333337,0.625,0.04057543152386005,-0.1638254315238588,True,0.3368888888888889,0.5368888888888889,0.608,3.0,3.0,3.0
2024,Australian Grand Prix,Race,race,RB,TSU,82.8605,34,82.85175,14,7,-0.008750000000006253,82.91775,0.16666666666666663,0.16666666666666663,0.29958333333333337,0.625,-0.008871756926109803,0.00012175692610355039,True,0.3368888888888889,0.5368888888888889,0.608,3.0,3.0,3.0
2024,Bahrain Grand Prix,Qualifying,qualifying,Alpine,GAS,91.281,3,90.36525,16,8,-0.9157500000000027,91.271,0.0,0.0,0.25628654970760234,0.3194444444444444,-0.08121862419797127,-0.8345313758020314,True,0.4995555555555555,0.26844444444444443,0.28088888888888885,3.0,3.0,3.0
2024,Bahrain Grand Prix,Qualifying,qualifying,Alpine,OCO,91.261,3,90.36525,16,8,-0.8957499999999925,91.271,0.0,0.0,0.25628654970760234,0.3194444444444444,-0.06464507161486799,-0.8311049283851245,True,0.4995555555555555,0.26844444444444443,0.28088888888888885,3.0,3.0,3.0
2024,Bahrain Grand Prix,Qualifying,qualifying,Aston Martin,ALO,90.136,3,90.36525,16,8,0.2292500000000075,90.5,0.4285714285714286,0.5555555555555556,0.41736111111111107,0.3680555555555556,0.14345355062000661,0.08579644938000089,True,0.719111111111111,0.7795555555555556,0.8044444444444444,3.0,3.0,3.0
2024,Bahrain Grand Prix,Qualifying,qualifying,Aston Martin,STR,90.864,3,90.36525,16,8,-0.49875000000000114,90.5,0.4285714285714286,0.5555555555555556,0.41736111111111107,0.3680555555555556,-0.11131040426236238,-0.38743959573763875,True,0.719111111111111,0.7795555555555556,0.8044444444444444,3.0,3.0,3.0
2024,Bahrain Grand Prix,Qualifying,qualifying,Ferrari,LEC,89.4435,4,90.36525,16,8,0.921750000000003,89.517,1.0,0.8888888888888888,0.7934782608695652,0.9444444444444444,0.4980360426406395,0.42371395735936346,True,0.47822222222222227,0.696888888888889,0.7093333333333334,3.0,3.0,3.0
2024,Bahrain Grand Prix,Qualifying,qualifying,Ferrari,SAI,89.59049999999999,4,90.36525,16,8,0.7747500000000116,89.517,1.0,0.8888888888888888,0.7934782608695652,0.9444444444444444,0.42089768077579187,0.3538523192242197,True,0.47822222222222227,0.696888888888889,0.7093333333333334,3.0,3.0,3.0
2024,Bahrain Grand Prix,Qualifying,qualifying,Haas F1 Team,HUL,90.59450000000001,4,90.36525,16,8,-0.2292500000000075,90.75125,0.1428571428571429,0.33333333333333337,0.37247474747474746,0.4618055555555556,-0.46068755930034505,0.23143755930033755,True,0.4613333333333333,0.32533333333333336,0.24266666666666667,3.0,3.0,3.0
2024,Bahrain Grand Prix,Qualifying,qualifying,Haas F1 Team,MAG,90.908,4,90.36525,16,8,-0.5427499999999981,90.75125,0.1428571428571429,0.33333333333333337,0.37247474747474746,0.4618055555555556,-0.47901914619435665,-0.06373085380564142,True,0.4613333333333333,0.32533333333333336,0.24266666666666667,3.0,3.0,3.0
2024,Bahrain Grand Prix,Qualifying,qualifying,McLaren,NOR,89.679,3,90.36525,16,8,0.6862500000000011,90.1515,0.5714285714285714,0.6666666666666667,0.8485507246376811,0.8368055555555556,0.12450891586109554,0.5617410841389056,True,0.24444444444444452,0.48533333333333334,0.25600000000000006,3.0,3.0,3.0
2024,Bahrain Grand Prix,Qualifying,qualifying,McLaren,PIA,90.624,3,90.36525,16,8,-0.25874999999999204,90.1515,0.5714285714285714,0.6666666666666667,0.8485507246376811,0.8368055555555556,0.03443707754662947,-0.2931870775466215,True,0.24444444444444452,0.48533333333333334,0.25600000000000006,3.0,3.0,3.0
2024,Bahrain Grand Prix,Qualifying,qualifying,Mercedes,HAM,90.04050000000001,4,90.36525,16,8,0.32474999999999454,89.9015,0.7142857142857143,0.7777777777777778,0.7617724867724869,0.7916666666666666,0.3949955738094543,-0.07024557380945978,True,0.24622222222222226,0.5662222222222223,0.4524444444444445,3.0,3.0,3.0
2024,Bahrain Grand Prix,Qualifying,qualifying,Mercedes,RUS,89.76249999999999,4,90.36525,16,8,0.6027500000000146,89.9015,0.7142857142857143,0.7777777777777778,0.7617724867724869,0.7916666666666666,0.45271685282537005,0.1500331471746445,True,0.24622222222222226,0.5662222222222223,0.4524444444444445,3.0,3.0,3.0
2024,Bahrain Grand Prix,Qualifying,qualifying,RB,RIC,90.7935,4,90.36525,16,8,-0.42824999999999136,90.73724999999999,0.2857142857142857,0.2222222222222222,0.29958333333333337,0.375,-0.1338069192715026,-0.2944430807284888,True,0.8017777777777779,0.6177777777777778,0.7288888888888889,3.0,3.0,3.0
2024,Bahrain Grand Prix,Qualifying,qualifying,RB,TSU,90.681,4,90.36525,16,8,-0.3157499999999942,90.73724999999999,0.2857142857142857,0.2222222222222222,0.29958333333333337,0.375,-0.01826717338177214,-0.29748282661822206,True,0.8017777777777779,0.6177777777777778,0.7288888888888889,3.0,3.0,3.0
2024,Bahrain Grand Prix,Qualifying,qualifying,Red Bull Racing,PER,89.932,3,90.36525,16,8,0.433250000000001,89.65299999999999,0.8571428571428572,1.0,0.7876984126984128,0.7708333333333334,0.050894241176247655,0.3823557588237534,True,0.7146666666666667,0.6,0.896888888888889,3.0,3.0,3.0
2024,Bahrain Grand Prix,Qualifying,qualifying,Red Bull Racing,VER,89.374,3,90.36525,16,8,0.991250000000008,89.65299999999999,0.8571428571428572,1.0,0.7876984126984128,0.7708333333333334,0.44653785362151754,0.5447121463784904,True,0.7146666666666667,0.6,0.896888888888889,3.0,3.0,3.0
2024,Bahrain Grand Prix,Race,race,Alpine,GAS,97.9085,32,97.16,20,10,-0.748500000000007,98.0305,0.0,0.0,0.25628654970760234,0.3194444444444444,0.03412313799982952,-0.7826231379998365,True,0.4995555555555555,0.26844444444444443,0.28088888888888885,3.0,3.0,3.0
2024,Bahrain Grand Prix,Race,race,Alpine,OCO,98.1525,32,97.16,20,10,-0.9925000000000068,98.0305,0.0,0.0,0.25628654970760234,0.3194444444444444,-0.12843307985374308,-0.8640669201462637,True,0.4995555555555555,0.26844444444444443,0.28088888888888885,3.0,3.0,3.0
2024,Bahrain Grand Prix,Race,race,Aston Martin,ALO,97.088,38,97.16,20,10,0.07200000000000273,97.16,0.5555555555555556,0.5555555555555556,0.41736111111111107,0.3680555555555556,0.016901313346079846,0.05509868665392288,True,0.719111111111111,0.7795555555555556,0.8044444444444444,3.0,3.0,3.0
2024,Bahrain Grand Prix,Race,race,Aston Martin,STR,97.232,38,97.16,20,10,-0.07200000000000273,97.16,0.5555555555555556,0.5555555555555556,0.41736111111111107,0.3680555555555556,-0.2745680106068059,0.20256801060680318,True,0.719111111111111,0.7795555555555556,0.8044444444444444,3.0,3.0,3.0
2024,Bahrain Grand Prix,Race,race,Ferrari,LEC,96.76,41,97.16,20,10,0.3999999999999915,96.432,0.8888888888888888,0.8888888888888888,0.7934782608695652,0.9444444444444444,0.1958228383996559,0.20417716160033558,True,0.47822222222222227,0.696888888888889,0.7093333333333334,3.0,3.0,3.0
2024,Bahrain Grand Prix,Race,race,Ferrari,SAI,96.104,41,97.16,20,10,1.0559999999999974,96.432,0.8888888888888888,0.8888888888888888,0.7934782608695652,0.9444444444444444,0.13770117581501623,0.9182988241849812,True,0.47822222222222227,0.696888888888889,0.7093333333333334,3.0,3.0,3.0
2024,Bahrain Grand Prix,Race,race,Haas F1 Team,HUL,96.858,39,97.16,20,10,0.3019999999999925,97.4115,0.33333333333333337,0.33333333333333337,0.37247474747474746,0.4618055555555556,-0.18641475160805335,0.4884147516080458,True,0.4613333333333333,0.32533333333333336,0.24266666666666667,3.0,3.0,3.0
2024,Bahrain Grand Prix,Race,race,Haas F1 Team,MAG,97.965,39,97.16,20,10,-0.8050000000000068,97.4115,0.33333333333333337,0.33333333333333337,0.37247474747474746,0.4618055555555556,-0.3934127617582333,-0.4115872382417735,True,0.4613333333333333,0.32533333333333336,0.24266666666666667,3.0,3.0,3.0
2024,Bahrain Grand Prix,Race,race,Kick Sauber,BOT,97.34,38,97.16,20,10,-0.18000000000000682,97.37275,0.4444444444444444,0.4444444444444444,0.13492063492063494,0.09027777777777779,0.10127365318653098,-0.2812736531865378,True,0.29688888888888887,0.2746666666666667,0.12711111111111112,3.0,3.0,3.0
2024,Bahrain Grand Prix,Race,race,Kick Sauber,ZHO,97.4055,38,97.16,20,10,-0.24550000000000693,97.37275,0.4444444444444444,0.4444444444444444,0.13492063492063494,0.09027777777777779,-0.10127365318653098,-0.14422634681347596,True,0.29688888888888887,0.2746666666666667,0.12711111111111112,3.0,3.0,3.0
2024,Bahrain Grand Prix,Race,race,McLaren,NOR,96.50450000000001,42,97.16,20,10,0.6554999999999893,96.6055,0.6666666666666667,0.6666666666666667,0.8485507246376811,0.8368055555555556,0.2594772926936577,0.3960227073063316,True,0.24444444444444452,0.48533333333333334,0.25600000000000006,3.0,3.0,3.0
2024,Bahrain Grand Prix,Race,race,McLaren,PIA,96.7065,42,97.16,20,10,0.45349999999999113,96.6055,0.6666666666666667,0.6666666666666667,0.8485507246376811,0.8368055555555556,0.12747228817738215,0.326027711822609,True,0.24444444444444452,0.48533333333333334,0.25600000000000006,3.0,3.0,3.0
2024,Bahrain Grand Prix,Race,race,Mercedes,HAM,96.666,41,97.16,20,10,0.4939999999999998,96.44999999999999,0.7777777777777778,0.7777777777777778,0.7617724867724869,0.7916666666666666,-0.03013038881255811,0.5241303888125579,True,0.24622222222222226,0.5662222222222223,0.4524444444444445,3.0,3.0,3.0
2024,Bahrain Grand Prix,Race,race,Mercedes,RUS,96.234,41,97.16,20,10,0.9260000000000019,96.44999999999999,0.7777777777777778,0.7777777777777778,0.7617724867724869,0.7916666666666666,-0.09081960026679484,1.0168196002667969,True,0.24622222222222226,0.5662222222222223,0.4524444444444445,3.0,3.0,3.0
2024,Bahrain Grand Prix,Race,race,RB,RIC,98.0015,30,97.16,20,10,-0.8414999999999964,97.88925,0.2222222222222222,0.2222222222222222,0.29958333333333337,0.375,0.04057543152386005,-0.8820754315238564,True,0.8017777777777779,0.6177777777777778,0.7288888888888889,3.0,3.0,3.0
2024,Bahrain Grand Prix,Race,race,RB,TSU,97.777,30,97.16,20,10,-0.6170000000000044,97.88925,0.2222222222222222,0.2222222222222222,0.29958333333333337,0.375,-0.008871756926109803,-0.6081282430738947,True,0.8017777777777779,0.6177777777777778,0.7288888888888889,3.0,3.0,3.0
2024,Bahrain Grand Prix,Race,race,Red Bull Racing,PER,96.188,38,97.16,20,10,0.9719999999999942,95.90899999999999,1.0,1.0,0.7876984126984128,0.7708333333333334,0.6328857924494375,0.33911420755055666,True,0.7146666666666667,0.6,0.896888888888889,3.0,3.0,3.0
2024,Bahrain Grand Prix,Race,race,Red Bull Racing,VER,95.63,38,97.16,20,10,1.5300000000000011,95.90899999999999,1.0,1.0,0.7876984126984128,0.7708333333333334,1.05349042621627,0.47650957378373104,True,0.7146666666666667,0.6,0.896888888888889,3.0,3.0,3.0
2024,Bahrain Grand Prix,Race,race,Williams,ALB,98.074,32,97.16,20,10,-0.9140000000000015,97.9045,0.11111111111111116,0.11111111111111116,0.20833333333333334,0.125,0.26859346837757936,-1.182593468377581,True,0.5377777777777778,0.3857777777777778,0.5013333333333334,3.0,3.0,3.0
2024,Bahrain Grand Prix,Race,race,Williams,SAR,97.735,32,97.16,20,10,-0.5750000000000028,97.9045,0.11111111111111116,0.11111111111111116,0.20833333333333334,0.125,0.01964940890246814,-0.594649408902471,True,0.5377777777777778,0.3857777777777778,0.5013333333333334,3.0,3.0,3.0
2024,Japanese Grand Prix,Qualifying,qualifying,Ferrari,LEC,89.196,3,89.04675,10,5,-0.149249999999995,89.14750000000001,0.25,0.5,0.7934782608695652,0.7873931623931624,0.4980360426406395,-0.6472860426406345,True,0.6805079365079365,0.6093968253968255,0.636063492063492,3.0,3.0,3.0
2024,Japanese Grand Prix,Qualifying,qualifying,Ferrari,SAI,89.099,3,89.04675,10,5,-0.052250000000000796,89.14750000000001,0.25,0.5,0.7934782608695652,0.7873931623931624,0.42089768077579187,-0.47314768077579267,True,0.6805079365079365,0.6093968253968255,0.636063492063492,3.0,3.0,3.0
2024,Japanese Grand Prix,Qualifying,qualifying,McLaren,NOR,88.585,3,89.04675,10,5,0.4617500000000092,88.8,0.75,0.8333333333333334,0.8485507246376811,0.8621794871794872,0.12450891586109554,0.3372410841389137,True,0.4471111111111111,0.3255873015873016,0.9093333333333333,3.0,3.0,3.0
2024,Japanese Grand Prix,Qualifying,qualifying,McLaren,PIA,89.015,3,89.04675,10,5,0.03175000000000239,88.8,0.75,0.8333333333333334,0.8485507246376811,0.8621794871794872,0.03443707754662947,-0.00268707754662708,True,0.4471111111111111,0.3255873015873016,0.9093333333333333,3.0,3.0,3.0
2024,Japanese Grand Prix,Qualifying,qualifying,Mercedes,HAM,88.88,4,89.04675,10,5,0.1667500000000075,88.97925,0.5,0.6666666666666667,0.7617724867724869,0.8136574074074074,0.3949955738094543,-0.22824557380944682,True,0.5371428571428571,0.6871111111111111,0.49269841269841275,3.0,3.0,3.0
2024,Japanese Grand Prix,Qualifying,qualifying,Mercedes,RUS,89.07849999999999,4,89.04675,10,5,-0.03174999999998818,88.97925,0.5,0.6666666666666667,0.7617724867724869,0.8136574074074074,0.45271685282537005,-0.48446685282535823,True,0.5371428571428571,0.6871111111111111,0.49269841269841275,3.0,3.0,3.0
2024,Japanese Grand Prix,Qualifying,qualifying,RB,RIC,89.916,4,89.04675,10,5,-0.8692499999999939,89.857,0.0,,0.29958333333333337,,-0.1338069192715026,-0.7354430807284913,True,0.7705396825396825,0.7385396825396826,0.6816507936507936,3.0,3.0,3.0
2024,Japanese Grand Prix,Qualifying,qualifying,RB,TSU,89.798,4,89.04675,10,5,-0.7512499999999989,89.857,0.0,,0.29958333333333337,,-0.01826717338177214,-0.7329828266182268,True,0.7705396825396825,0.7385396825396826,0.6816507936507936,3.0,3.0,3.0
2024,Japanese Grand Prix,Qualifying,qualifying,Red Bull Racing,PER,88.605,3,89.04675,10,5,0.441749999999999,88.4225,1.0,1.0,0.7876984126984128,0.7803030303030304,0.050894241176247655,0.39085575882375134,True,0.9550264550264549,0.537037037037037,0.8888888888888887,2.0,2.0,2.0
2024,Japanese Grand Prix,Qualifying,qualifying,Red Bull Racing,VER,88.24,3,89.04675,10,5,0.8067500000000081,88.4225,1.0,1.0,0.7876984126984128,0.7803030303030304,0.44653785362151754,0.3602121463784905,True,0.9550264550264549,0.537037037037037,0.8888888888888887,2.0,2.0,2.0
2024,Japanese Grand Prix,Race,race,Alpine,GAS,98.8835,34,97.28475,14,7,-1.5987499999999955,98.9085,0.0,0.0,0.25628654970760234,0.23958333333333334,0.03412313799982952,-1.632873137999825,True,0.3923809523809524,0.571936507936508,0.2572698412698413,3.0,3.0,3.0
2024,Japanese Grand Prix,Race,race,Alpine,OCO,98.93350000000001,34,97.28475,14,7,-1.6487500000000068,98.9085,0.0,0.0,0.25628654970760234,0.23958333333333334,-0.12843307985374308,-1.5203169201462639,True,0.3923809523809524,0.571936507936508,0.2572698412698413,3.0,3.0,3.0
2024,Japanese Grand Prix,Race,race,Aston Martin,ALO,97.453,25,97.28475,14,7,-0.16825000000000045,97.789,0.33333333333333337,0.33333333333333337,0.41736111111111107,0.5010683760683761,0.016901313346079846,-0.18515131334608032,True,0.6666666666666666,0.5105820105820105,0.48941798941798936,2.0,2.0,2.0
2024,Japanese Grand Prix,Race,race,Aston Martin,STR,98.125,25,97.28475,14,7,-0.8402499999999975,97.789,0.33333333333333337,0.33333333333333337,0.41736111111111107,0.5010683760683761,-0.2745680106068059,-0.5656819893931916,True,0.6666666666666666,0.5105820105820105,0.48941798941798936,2.0,2.0,2.0
2024,Japanese Grand Prix,Race,race,Ferrari,LEC,97.523,27,97.28475,14,7,-0.23824999999999363,97.21199999999999,0.5,0.5,0.7934782608695652,0.7873931623931624,0.1958228383996559,-0.4340728383996495,True,0.6805079365079365,0.6093968253968255,0.636063492063492,3.0,3.0,3.0
2024,Japanese Grand Prix,Race,race,Ferrari,SAI,96.901,27,97.28475,14,7,0.38375000000000625,97.21199999999999,0.5,0.5,0.7934782608695652,0.7873931623931624,0.13770117581501623,0.24604882418499002,True,0.6805079365079365,0.6093968253968255,0.636063492063492,3.0,3.0,3.0
2024,Japanese Grand Prix,Race,race,Haas F1 Team,HUL,99.042,21,97.28475,14,7,-1.757249999999999,98.352,0.16666666666666663,0.16666666666666663,0.37247474747474746,0.3354700854700855,-0.18641475160805335,-1.5708352483919457,True,0.3627936507936508,0.48190476190476195,0.22946031746031745,3.0,3.0,3.0
2024,Japanese Grand Prix,Race,race,Haas F1 Team,MAG,97.662,21,97.28475,14,7,-0.37725000000000364,98.352,0.16666666666666663,0.16666666666666663,0.37247474747474746,0.3354700854700855,-0.3934127617582333,0.01616276175822967,True,0.3627936507936508,0.48190476190476195,0.22946031746031745,3.0,3.0,3.0
2024,Japanese Grand Prix,Race,race,McLaren,NOR,96.4015,32,97.28475,14,7,0.8832500000000039,96.759,0.8333333333333334,0.8333333333333334,0.8485507246376811,0.8621794871794872,0.2594772926936577,0.6237727073063462,True,0.4471111111111111,0.3255873015873016,0.9093333333333333,3.0,3.0,3.0
2024,Japanese Grand Prix,Race,race,McLaren,PIA,97.1165,32,97.28475,14,7,0.16825000000000045,96.759,0.8333333333333334,0.8333333333333334,0.8485507246376811,0.8621794871794872,0.12747228817738215,0.0407777118226183,True,0.4471111111111111,0.3255873015873016,0.9093333333333333,3.0,3.0,3.0
2024,Japanese Grand Prix,Race,race,Mercedes,HAM,96.6115,32,97.28475,14,7,0.6732499999999959,96.81975,0.6666666666666667,0.6666666666666667,0.7617724867724869,0.8136574074074074,-0.03013038881255811,0.703380388812554,True,0.5371428571428571,0.6871111111111111,0.49269841269841275,3.0,3.0,3.0
2024,Japanese Grand Prix,Race,race,Mercedes,RUS,97.02799999999999,32,97.28475,14,7,0.2567500000000109,96.81975,0.6666666666666667,0.6666666666666667,0.7617724867724869,0.8136574074074074,-0.09081960026679484,0.3475696002668057,True,0.5371428571428571,0.6871111111111111,0.49269841269841275,3.0,3.0,3.0
2024,Japanese Grand Prix,Race,race,Red Bull Racing,PER,96.61449999999999,38,97.28475,14,7,0.67025000000001,96.517,1.0,1.0,0.7876984126984128,0.7803030303030304,0.6328857924494375,0.03736420755057246,True,0.9550264550264549,0.537037037037037,0.8888888888888887,2.0,2.0,2.0
2024,Japanese Grand Prix,Race,race,Red Bull Racing,VER,96.4195,38,97.28475,14,7,0.8652500000000032,96.517,1.0,1.0,0.7876984126984128,0.7803030303030304,1.05349042621627,-0.1882404262162669,True,0.9550264550264549,0.537037037037037,0.8888888888888887,2.0,2.0,2.0
2024,Saudi Arabian Grand Prix,Qualifying,qualifying,Aston Martin,ALO,87.988,3,88.55425,14,7,0.5662499999999966,88.283,0.8333333333333334,,0.41736111111111107,,0.14345355062000661,0.42279644937998995,True,0.9253333333333333,0.7795555555555556,0.888888888888889,3.0,3.0,3.0
2024,Saudi Arabian Grand Prix,Qualifying,qualifying,Aston Martin,STR,88.578,3,88.55425,14,7,-0.02375000000000682,88.283,0.8333333333333334,,0.41736111111111107,,-0.11131040426236238,0.08756040426235556,True,0.9253333333333333,0.7795555555555556,0.888888888888889,3.0,3.0,3.0
2024,Saudi Arabian Grand Prix,Qualifying,qualifying,Ferrari,BEA,88.984,5,88.55425,14,7,-0.4297499999999985,88.651,0.33333333333333337,0.75,0.7934782608695652,0.8040935672514621,0.1909954717993887,-0.6207454717993872,True,0.6808888888888889,0.5635555555555557,0.6444444444444445,3.0,3.0,3.0
2024,Saudi Arabian Grand Prix,Qualifying,qualifying,Ferrari,LEC,88.318,5,88.55425,14,7,0.2362499999999983,88.651,0.33333333333333337,0.75,0.7934782608695652,0.8040935672514621,0.4980360426406395,-0.2617860426406412,True,0.6808888888888889,0.5635555555555557,0.6444444444444445,3.0,3.0,3.0
2024,Saudi Arabian Grand Prix,Qualifying,qualifying,Haas F1 Team,HUL,89.173,3,88.55425,14,7,-0.6187500000000057,89.12950000000001,0.0,0.5,0.37247474747474746,0.34336419753086417,-0.46068755930034505,-0.15806244069966063,True,0.20000000000000004,0.4062222222222223,0.1635555555555556,3.0,3.0,3.0
2024,Saudi Arabian Grand Prix,Qualifying,qualifying,Haas F1 Team,MAG,89.086,3,88.55425,14,7,-0.5317500000000024,89.12950000000001,0.0,0.5,0.37247474747474746,0.34336419753086417,-0.47901914619435665,-0.05273085380564574,True,0.20000000000000004,0.4062222222222223,0.1635555555555556,3.0,3.0,3.0
2024,Saudi Arabian Grand Prix,Qualifying,qualifying,McLaren,NOR,88.53049999999999,4,88.55425,14,7,0.02375000000000682,88.43225,0.6666666666666667,,0.8485507246376811,,0.12450891586109554,-0.10075891586108872,True,0.5822222222222223,0.6995555555555555,0.5395555555555556,3.0,3.0,3.0
2024,Saudi Arabian Grand Prix,Qualifying,qualifying,McLaren,PIA,88.334,4,88.55425,14,7,0.22024999999999295,88.43225,0.6666666666666667,,0.8485507246376811,,0.03443707754662947,0.18581292245336348,True,0.5822222222222223,0.6995555555555555,0.5395555555555556,3.0,3.0,3.0
2024,Saudi Arabian Grand Prix,Qualifying,qualifying,Mercedes,HAM,88.807,3,88.55425,14,7,-0.252750000000006,88.6275,0.5,,0.7617724867724869,,0.3949955738094543,-0.6477455738094604,True,0.5297777777777778,0.7857777777777778,0.4568888888888889,3.0,3.0,3.0
2024,Saudi Arabian Grand Prix,Qualifying,qualifying,Mercedes,RUS,88.448,3,88.55425,14,7,0.10625000000000284,88.6275,0.5,,0.7617724867724869,,0.45271685282537005,-0.3464668528253672,True,0.5297777777777778,0.7857777777777778,0.4568888888888889,3.0,3.0,3.0
2024,Saudi Arabian Grand Prix,Qualifying,qualifying,RB,RIC,89.056,4,88.55425,14,7,-0.5017500000000013,88.93975,0.16666666666666663,0.0,0.29958333333333337,0.33888888888888885,-0.1338069192715026,-0.3679430807284987,True,0.49511111111111117,0.26222222222222225,0.5013333333333334,3.0,3.0,3.0
2024,Saudi Arabian Grand Prix,Qualifying,qualifying,RB,TSU,88.8235,4,88.55425,14,7,-0.26924999999999955,88.93975,0.16666666666666663,0.0,0.29958333333333337,0.33888888888888885,-0.01826717338177214,-0.2509828266182274,True,0.49511111111111117,0.26222222222222225,0.5013333333333334,3.0,3.0,3.0
2024,Saudi Arabian Grand Prix,Qualifying,qualifying,Red Bull Racing,PER,88.14949999999999,4,88.55425,14,7,0.40475000000000705,88.00399999999999,1.0,1.0,0.7876984126984128,0.7430555555555556,0.050894241176247655,0.3538557588237594,True,0.5937777777777777,0.6551111111111111,0.9093333333333333,3.0,3.0,3.0
2024,Saudi Arabian Grand Prix,Qualifying,qualifying,Red Bull Racing,VER,87.85849999999999,4,88.55425,14,7,0.6957500000000039,88.00399999999999,1.0,1.0,0.7876984126984128,0.7430555555555556,0.44653785362151754,0.24921214637848632,True,0.5937777777777777,0.6551111111111111,0.9093333333333333,3.0,3.0,3.0
2024,Saudi Arabian Grand Prix,Race,race,Ferrari,BEA,93.379,35,94.3285,10,5,0.9495000000000005,93.22149999999999,0.75,0.75,0.7934782608695652,0.8040935672514621,0.0345295176463184,0.9149704823536821,True,0.6808888888888889,0.5635555555555557,0.6444444444444445,3.0,3.0,3.0
2024,Saudi Arabian Grand Prix,Race,race,Ferrari,LEC,93.064,35,94.3285,10,5,1.2645000000000124,93.22149999999999,0.75,0.75,0.7934782608695652,0.8040935672514621,0.1958228383996559,1.0686771616003565,True,0.6808888888888889,0.5635555555555557,0.6444444444444445,3.0,3.0,3.0
2024,Saudi Arabian Grand Prix,Race,race,Haas F1 Team,HUL,92.752,15,94.3285,10,5,1.57650000000001,94.1525,0.5,0.5,0.37247474747474746,0.34336419753086417,-0.18641475160805335,1.7629147516080634,True,0.20000000000000004,0.4062222222222223,0.1635555555555556,3.0,3.0,3.0
2024,Saudi Arabian Grand Prix,Race,race,Haas F1 Team,MAG,95.553,15,94.3285,10,5,-1.224499999999992,94.1525,0.5,0.5,0.37247474747474746,0.34336419753086417,-0.3934127617582333,-0.8310872382417587,True,0.20000000000000004,0.4062222222222223,0.1635555555555556,3.0,3.0,3.0
2024,Saudi Arabian Grand Prix,Race,race,RB,RIC,95.606,39,94.3285,10,5,-1.2774999999999892,95.4865,0.0,0.0,0.29958333333333337,0.33888888888888885,0.04057543152386005,-1.3180754315238492,True,0.49511111111111117,0.26222222222222225,0.5013333333333334,3.0,3.0,3.0
2024,Saudi Arabian Grand Prix,Race,race,RB,TSU,95.367,39,94.3285,10,5,-1.038499999999999,95.4865,0.0,0.0,0.29958333333333337,0.33888888888888885,-0.008871756926109803,-1.0296282430738892,True,0.49511111111111117,0.26222222222222225,0.5013333333333334,3.0,3.0,3.0
2024,Saudi Arabian Grand Prix,Race,race,Red Bull Racing,PER,92.782,39,94.3285,10,5,1.5465000000000089,92.767,1.0,1.0,0.7876984126984128,0.7430555555555556,0.6328857924494375,0.9136142075505713,True,0.5937777777777777,0.6551111111111111,0.9093333333333333,3.0,3.0,3.0
2024,Saudi Arabian Grand Prix,Race,race,Red Bull Racing,VER,92.752,39,94.3285,10,5,1.57650000000001,92.767,1.0,1.0,0.7876984126984128,0.7430555555555556,1.05349042621627,0.5230095737837399,True,0.5937777777777777,0.6551111111111111,0.9093333333333333,3.0,3.0,3.0
2024,Saudi Arabian Grand Prix,Race,race,Williams,ALB,95.278,41,94.3285,10,5,-0.9495000000000005,95.3195,0.25,0.25,0.20833333333333334,0.19166666666666668,0.26859346837757936,-1.21809346837758,True,0.46222222222222226,0.4444444444444445,0.4257777777777778,3.0,3.0,3.0
2024,Saudi Arabian Grand Prix,Race,race,Williams,SAR,95.361,41,94.3285,10,5,-1.0324999999999989,95.3195,0.25,0.25,0.20833333333333334,0.19166666666666668,0.01964940890246814,-1.052149408902467,True,0.46222222222222226,0.4444444444444445,0.4257777777777778,3.0,3.0,3.0
2025,Abu Dhabi Grand Prix,Qualifying,qualifying,Aston Martin,ALO,83.0535,4,83.20625,14,7,0.1527499999999975,83.21950000000001,0.5,0.0,0.3057142857142857,,0.14345355062000661,0.009296449379990884,True,0.5582222222222223,0.8791111111111111,0.4488888888888889,3.0,3.0,3.0
2025,Abu Dhabi Grand Prix,Qualifying,qualifying,Aston Martin,STR,83.38550000000001,4,83.20625,14,7,-0.17925000000001035,83.21950000000001,0.5,0.0,0.3057142857142857,,-0.11131040426236238,-0.06793959573764796,True,0.5582222222222223,0.8791111111111111,0.4488888888888889,3.0,3.0,3.0
2025,Abu Dhabi Grand Prix,Qualifying,qualifying,Haas F1 Team,BEA,83.254,3,83.20625,14,7,-0.04775000000000773,83.2205,0.33333333333333337,0.6666666666666667,0.29614748677248676,,0.1909954717993887,-0.23874547179939642,True,0.6711111111111111,0.5813333333333334,0.5804444444444444,3.0,3.0,3.0
2025,Abu Dhabi Grand Prix,Qualifying,qualifying,Haas F1 Team,OCO,83.187,3,83.20625,14,7,0.019249999999999545,83.2205,0.33333333333333337,0.6666666666666667,0.29614748677248676,,-0.06464507161486799,0.08389507161486753,True,0.6711111111111111,0.5813333333333334,0.5804444444444444,3.0,3.0,3.0
2025,Abu Dhabi Grand Prix,Qualifying,qualifying,Kick Sauber,BOR,83.664,3,83.20625,14,7,-0.4577500000000043,83.5685,0.0,0.5555555555555556,0.24415204678362576,,-0.5535069083600311,0.09575690836002682,True,0.5955555555555556,0.4648888888888889,0.6257777777777778,3.0,3.0,3.0
2025,Abu Dhabi Grand Prix,Qualifying,qualifying,Kick Sauber,HUL,83.473,3,83.20625,14,7,-0.2667500000000018,83.5685,0.0,0.5555555555555556,0.24415204678362576,,-0.46068755930034505,0.19393755930034323,True,0.5955555555555556,0.4648888888888889,0.6257777777777778,3.0,3.0,3.0
2025,Abu Dhabi Grand Prix,Qualifying,qualifying,McLaren,NOR,82.751,3,83.20625,14,7,0.4552499999999924,82.6865,1.0,0.8888888888888888,0.9608585858585859,,0.12450891586109554,0.33074108413889686,True,0.6275555555555556,0.5031111111111111,0.6115555555555556,3.0,3.0,3.0
2025,Abu Dhabi Grand Prix,Qualifying,qualifying,McLaren,PIA,82.622,3,83.20625,14,7,0.5842499999999973,82.6865,1.0,0.8888888888888888,0.9608585858585859,,0.03443707754662947,0.5498129224533678,True,0.6275555555555556,0.5031111111111111,0.6115555555555556,3.0,3.0,3.0
2025,Abu Dhabi Grand Prix,Qualifying,qualifying,Mercedes,ANT,83.2255,4,83.20625,14,7,-0.019249999999999545,83.20124999999999,0.6666666666666667,0.33333333333333337,0.6664862914862915,,0.23237994816558635,-0.2516299481655859,True,0.7697777777777779,0.27911111111111114,0.7315555555555555,3.0,3.0,3.0
2025,Abu Dhabi Grand Prix,Qualifying,qualifying,Mercedes,RUS,83.17699999999999,4,83.20625,14,7,0.02925000000000466,83.20124999999999,0.6666666666666667,0.33333333333333337,0.6664862914862915,,0.45271685282537005,-0.4234668528253654,True,0.7697777777777779,0.27911111111111114,0.7315555555555555,3.0,3.0,3.0
2025,Abu Dhabi Grand Prix,Qualifying,qualifying,Racing Bulls,HAD,83.3425,4,83.20625,14,7,-0.13625000000000398,83.3485,0.16666666666666663,0.11111111111111116,0.38076341647770223,,-0.14520422670120633,0.008954226701202356,True,0.2728888888888889,0.6204444444444445,0.4417777777777778,3.0,3.0,3.0
2025,Abu Dhabi Grand Prix,Qualifying,qualifying,Racing Bulls,LAW,83.3545,4,83.20625,14,7,-0.14825000000000443,83.3485,0.16666666666666663,0.11111111111111116,0.38076341647770223,,-0.24819032494534726,0.09994032494534283,True,0.2728888888888889,0.6204444444444445,0.4417777777777778,3.0,3.0,3.0
2025,Abu Dhabi Grand Prix,Qualifying,qualifying,Red Bull Racing,TSU,83.083,3,83.20625,14,7,0.12324999999999875,82.91749999999999,0.8333333333333334,0.7777777777777778,0.6423160173160173,,-0.01826717338177214,0.1415171733817709,True,0.45066666666666666,0.49511111111111117,0.4746666666666666,3.0,3.0,3.0
2025,Abu Dhabi Grand Prix,Qualifying,qualifying,Red Bull Racing,VER,82.752,3,83.20625,14,7,0.4542500000000018,82.91749999999999,0.8333333333333334,0.7777777777777778,0.6423160173160173,,0.44653785362151754,0.007712146378484275,True,0.45066666666666666,0.49511111111111117,0.4746666666666666,3.0,3.0,3.0
2025,Abu Dhabi Grand Prix,Race,race,Alpine,COL,89.844,40,89.743,20,10,-0.10099999999999909,89.81299999999999,0.4444444444444444,0.4444444444444444,0.28111946532999166,,0.06255266167480363,-0.1635526616748027,True,0.2951111111111111,0.20177777777777778,0.2586666666666667,3.0,3.0,3.0
2025,Abu Dhabi Grand Prix,Race,race,Alpine,GAS,89.782,40,89.743,20,10,-0.03900000000000148,89.81299999999999,0.4444444444444444,0.4444444444444444,0.28111946532999166,,0.03412313799982952,-0.073123137999831,True,0.2951111111111111,0.20177777777777778,0.2586666666666667,3.0,3.0,3.0
2025,Abu Dhabi Grand Prix,Race,race,Aston Martin,ALO,89.836,45,89.743,20,10,-0.09300000000000352,89.9045,0.0,0.0,0.3057142857142857,,0.016901313346079846,-0.10990131334608337,True,0.5582222222222223,0.8791111111111111,0.4488888888888889,3.0,3.0,3.0
2025,Abu Dhabi Grand Prix,Race,race,Aston Martin,STR,89.973,45,89.743,20,10,-0.23000000000000398,89.9045,0.0,0.0,0.3057142857142857,,-0.2745680106068059,0.04456801060680193,True,0.5582222222222223,0.8791111111111111,0.4488888888888889,3.0,3.0,3.0
2025,Abu Dhabi Grand Prix,Race,race,Ferrari,HAM,89.24,33,89.743,20,10,0.5030000000000001,89.0655,1.0,1.0,0.7150103519668738,,-0.03013038881255811,0.5331303888125583,True,0.2177777777777778,0.4497777777777777,0.3822222222222222,3.0,3.0,3.0
2025,Abu Dhabi Grand Prix,Race,race,Ferrari,LEC,88.891,33,89.743,20,10,0.8519999999999897,89.0655,1.0,1.0,0.7150103519668738,,0.1958228383996559,0.6561771616003338,True,0.2177777777777778,0.4497777777777777,0.3822222222222222,3.0,3.0,3.0
2025,Abu Dhabi Grand Prix,Race,race,Haas F1 Team,BEA,89.70400000000001,42,89.743,20,10,0.03899999999998727,89.56200000000001,0.6666666666666667,0.6666666666666667,0.29614748677248676,,0.0345295176463184,0.00447048235366887,True,0.6711111111111111,0.5813333333333334,0.5804444444444444,3.0,3.0,3.0
2025,Abu Dhabi Grand Prix,Race,race,Haas F1 Team,OCO,89.42,42,89.743,20,10,0.3229999999999933,89.56200000000001,0.6666666666666667,0.6666666666666667,0.29614748677248676,,-0.12843307985374308,0.4514330798537364,True,0.6711111111111111,0.5813333333333334,0.5804444444444444,3.0,3.0,3.0
2025,Abu Dhabi Grand Prix,Race,race,Kick Sauber,BOR,90.058,37,89.743,20,10,-0.31500000000001194,89.74700000000001,0.5555555555555556,0.5555555555555556,0.24415204678362576,,-0.23563312919797155,-0.07936687080204038,True,0.5955555555555556,0.4648888888888889,0.6257777777777778,3.0,3.0,3.0
2025,Abu Dhabi Grand Prix,Race,race,Kick Sauber,HUL,89.436,37,89.743,20,10,0.30699999999998795,89.74700000000001,0.5555555555555556,0.5555555555555556,0.24415204678362576,,-0.18641475160805335,0.49341475160804127,True,0.5955555555555556,0.4648888888888889,0.6257777777777778,3.0,3.0,3.0
2025,Abu Dhabi Grand Prix,Race,race,McLaren,NOR,88.65700000000001,32,89.743,20,10,1.0859999999999843,89.0685,0.8888888888888888,0.8888888888888888,0.9608585858585859,,0.2594772926936577,0.8265227073063266,True,0.6275555555555556,0.5031111111111111,0.6115555555555556,3.0,3.0,3.0
2025,Abu Dhabi Grand Prix,Race,race,McLaren,PIA,89.48,32,89.743,20,10,0.262999999999991,89.0685,0.8888888888888888,0.8888888888888888,0.9608585858585859,,0.12747228817738215,0.13552771182260887,True,0.6275555555555556,0.5031111111111111,0.6115555555555556,3.0,3.0,3.0
2025,Abu Dhabi Grand Prix,Race,race,Mercedes,ANT,90.129,29,89.743,20,10,-0.3860000000000099,89.85900000000001,0.33333333333333337,0.33333333333333337,0.6664862914862915,,-0.24773778002094068,-0.1382622199790692,True,0.7697777777777779,0.27911111111111114,0.7315555555555555,3.0,3.0,3.0
2025,Abu Dhabi Grand Prix,Race,race,Mercedes,RUS,89.589,29,89.743,20,10,0.15399999999999636,89.85900000000001,0.33333333333333337,0.33333333333333337,0.6664862914862915,,-0.09081960026679484,0.2448196002667912,True,0.7697777777777779,0.27911111111111114,0.7315555555555555,3.0,3.0,3.0
2025,Abu Dhabi Grand Prix,Race,race,Racing Bulls,HAD,90.1695,40,89.743,20,10,-0.4265000000000043,89.87325,0.11111111111111116,0.11111111111111116,0.38076341647770223,,0.19209060622006915,-0.6185906062200734,True,0.2728888888888889,0.6204444444444445,0.4417777777777778,3.0,3.0,3.0
2025,Abu Dhabi Grand Prix,Race,race,Racing Bulls,LAW,89.577,40,89.743,20,10,0.16599999999999682,89.87325,0.11111111111111116,0.11111111111111116,0.38076341647770223,,-0.0020845522345543707,0.16808455223455118,True,0.2728888888888889,0.6204444444444445,0.4417777777777778,3.0,3.0,3.0
2025,Abu Dhabi Grand Prix,Race,race,Red Bull Racing,TSU,90.06450000000001,46,89.743,20,10,-0.32150000000001455,89.20675,0.7777777777777778,0.7777777777777778,0.6423160173160173,,-0.008871756926109803,-0.31262824307390474,True,0.45066666666666666,0.49511111111111117,0.4746666666666666,3.0,3.0,3.0
2025,Abu Dhabi Grand Prix,Race,race,Red Bull Racing,VER,88.34899999999999,46,89.743,20,10,1.3940000000000055,89.20675,0.7777777777777778,0.7777777777777778,0.6423160173160173,,1.05349042621627,0.34050957378373536,True,0.45066666666666666,0.49511111111111117,0.4746666666666666,3.0,3.0,3.0
2025,Abu Dhabi Grand Prix,Race,race,Williams,ALB,89.807,29,89.743,20,10,-0.06400000000000716,89.8655,0.2222222222222222,0.2222222222222222,0.4249622071050642,,0.26859346837757936,-0.3325934683775865,True,0.5413333333333334,0.5253333333333334,0.44444444444444453,3.0,3.0,3.0
2025,Abu Dhabi Grand Prix,Race,race,Williams,SAI,89.924,29,89.743,20,10,-0.1810000000000116,89.8655,0.2222222222222222,0.2222222222222222,0.4249622071050642,,0.13770117581501623,-0.3187011758150278,True,0.5413333333333334,0.5253333333333334,0.44444444444444453,3.0,3.0,3.0
2025,Australian Grand Prix,Qualifying,qualifying,Alpine,DOO,76.862,4,76.1715,12,6,-0.6905000000000001,76.71925,0.0,,0.28111946532999166,,0.11898813623457953,-0.8094881362345796,True,0.3697777777777778,0.34755555555555556,0.5395555555555556,3.0,3.0,3.0
2025,Australian Grand Prix,Qualifying,qualifying,Alpine,GAS,76.57650000000001,4,76.1715,12,6,-0.40500000000001535,76.71925,0.0,,0.28111946532999166,,-0.08121862419797127,-0.3237813758020441,True,0.3697777777777778,0.34755555555555556,0.5395555555555556,3.0,3.0,3.0
2025,Australian Grand Prix,Qualifying,qualifying,Aston Martin,ALO,76.453,3,76.1715,12,6,-0.2815000000000083,76.70150000000001,0.19999999999999996,0.16666666666666663,0.3057142857142857,0.0,0.14345355062000661,-0.42495355062001494,True,0.376,0.3715555555555556,0.23644444444444446,3.0,3.0,3.0
2025,Australian Grand Prix,Qualifying,qualifying,Aston Martin,STR,76.95,3,76.1715,12,6,-0.7785000000000082,76.70150000000001,0.19999999999999996,0.16666666666666663,0.3057142857142857,0.0,-0.11131040426236238,-0.6671895957376458,True,0.376,0.3715555555555556,0.23644444444444446,3.0,3.0,3.0
2025,Australian Grand Prix,Qualifying,qualifying,Ferrari,HAM,76.073,3,76.1715,12,6,0.09850000000000136,75.94999999999999,0.8,0.6666666666666667,0.7150103519668738,1.0,0.3949955738094543,-0.29649557380945296,True,0.792,0.8826666666666666,0.792,3.0,3.0,3.0
2025,Australian Grand Prix,Qualifying,qualifying,Ferrari,LEC,75.827,3,76.1715,12,6,0.3444999999999965,75.94999999999999,0.8,0.6666666666666667,0.7150103519668738,1.0,0.4980360426406395,-0.15353604264064302,True,0.792,0.8826666666666666,0.792,3.0,3.0,3.0
2025,Australian Grand Prix,Qualifying,qualifying,McLaren,NOR,75.415,3,76.1715,12,6,0.7564999999999884,75.4415,1.0,1.0,0.9608585858585859,0.8888888888888888,0.12450891586109554,0.6319910841388928,True,0.6115555555555556,0.7555555555555555,0.6115555555555556,3.0,3.0,3.0
2025,Australian Grand Prix,Qualifying,qualifying,McLaren,PIA,75.468,3,76.1715,12,6,0.7034999999999911,75.4415,1.0,1.0,0.9608585858585859,0.8888888888888888,0.03443707754662947,0.6690629224533616,True,0.6115555555555556,0.7555555555555555,0.6115555555555556,3.0,3.0,3.0
2025,Australian Grand Prix,Qualifying,qualifying,Racing Bulls,HAD,76.445,3,76.1715,12,6,-0.2734999999999985,76.335,0.4,,0.38076341647770223,,-0.14520422670120633,-0.1282957732987922,True,0.4062222222222223,0.584,0.5884444444444444,3.0,3.0,3.0
2025,Australian Grand Prix,Qualifying,qualifying,Racing Bulls,TSU,76.225,3,76.1715,12,6,-0.05349999999999966,76.335,0.4,,0.38076341647770223,,-0.01826717338177214,-0.03523282661822752,True,0.4062222222222223,0.584,0.5884444444444444,3.0,3.0,3.0
2025,Australian Grand Prix,Qualifying,qualifying,Williams,ALB,76.019,3,76.1715,12,6,0.1524999999999892,76.0685,0.6,,0.4249622071050642,,0.4053446987189551,-0.2528446987189659,True,0.6195555555555556,0.696888888888889,0.6195555555555556,3.0,3.0,3.0
2025,Australian Grand Prix,Qualifying,qualifying,Williams,SAI,76.118,3,76.1715,12,6,0.05349999999999966,76.0685,0.6,,0.4249622071050642,,0.42089768077579187,-0.3673976807757922,True,0.6195555555555556,0.696888888888889,0.6195555555555556,3.0,3.0,3.0
2025,Australian Grand Prix,Race,race,Aston Martin,ALO,91.665,13,90.876,14,7,-0.7890000000000015,91.8785,0.16666666666666663,0.16666666666666663,0.3057142857142857,0.0,0.016901313346079846,-0.8059013133460813,True,0.376,0.3715555555555556,0.23644444444444446,3.0,3.0,3.0
2025,Australian Grand Prix,Race,race,Aston Martin,STR,92.092,13,90.876,14,7,-1.215999999999994,91.8785,0.16666666666666663,0.16666666666666663,0.3057142857142857,0.0,-0.2745680106068059,-0.9414319893931881,True,0.376,0.3715555555555556,0.23644444444444446,3.0,3.0,3.0
2025,Australian Grand Prix,Race,race,Ferrari,HAM,90.5885,16,90.876,14,7,0.2875000000000085,90.35075,0.6666666666666667,0.6666666666666667,0.7150103519668738,1.0,-0.03013038881255811,0.3176303888125666,True,0.792,0.8826666666666666,0.792,3.0,3.0,3.0
2025,Australian Grand Prix,Race,race,Ferrari,LEC,90.113,16,90.876,14,7,0.7630000000000052,90.35075,0.6666666666666667,0.6666666666666667,0.7150103519668738,1.0,0.1958228383996559,0.5671771616003494,True,0.792,0.8826666666666666,0.792,3.0,3.0,3.0
2025,Australian Grand Prix,Race,race,Haas F1 Team,BEA,91.94200000000001,16,90.876,14,7,-1.0660000000000025,92.18100000000001,0.0,0.0,0.29614748677248676,0.6666666666666667,0.0345295176463184,-1.1005295176463208,True,0.17777777777777778,0.10311111111111111,0.28711111111111115,3.0,3.0,3.0
2025,Australian Grand Prix,Race,race,Haas F1 Team,OCO,92.42,16,90.876,14,7,-1.543999999999997,92.18100000000001,0.0,0.0,0.29614748677248676,0.6666666666666667,-0.12843307985374308,-1.415566920146254,True,0.17777777777777778,0.10311111111111111,0.28711111111111115,3.0,3.0,3.0
2025,Australian Grand Prix,Race,race,Kick Sauber,BOR,91.406,15,90.876,14,7,-0.5300000000000011,91.262,0.33333333333333337,0.33333333333333337,0.24415204678362576,0.5555555555555556,-0.23563312919797155,-0.2943668708020296,True,0.36,0.1697777777777778,0.25066666666666665,3.0,3.0,3.0
2025,Australian Grand Prix,Race,race,Kick Sauber,HUL,91.118,15,90.876,14,7,-0.24199999999999022,91.262,0.33333333333333337,0.33333333333333337,0.24415204678362576,0.5555555555555556,-0.18641475160805335,-0.055585248391936876,True,0.36,0.1697777777777778,0.25066666666666665,3.0,3.0,3.0
2025,Australian Grand Prix,Race,race,McLaren,NOR,89.1285,18,90.876,14,7,1.7475000000000023,89.17125,1.0,1.0,0.9608585858585859,0.8888888888888888,0.2594772926936577,1.4880227073063446,True,0.6115555555555556,0.7555555555555555,0.6115555555555556,3.0,3.0,3.0
2025,Australian Grand Prix,Race,race,McLaren,PIA,89.214,18,90.876,14,7,1.6620000000000061,89.17125,1.0,1.0,0.9608585858585859,0.8888888888888888,0.12747228817738215,1.534527711822624,True,0.6115555555555556,0.7555555555555555,0.6115555555555556,3.0,3.0,3.0
2025,Australian Grand Prix,Race,race,Mercedes,ANT,90.634,16,90.876,14,7,0.24200000000000443,90.30175,0.8333333333333334,0.8333333333333334,0.6664862914862915,0.33333333333333337,-0.24773778002094068,0.48973778002094515,True,0.7555555555555556,0.8488888888888889,0.6462222222222223,3.0,3.0,3.0
2025,Australian Grand Prix,Race,race,Mercedes,RUS,89.9695,16,90.876,14,7,0.9065000000000083,90.30175,0.8333333333333334,0.8333333333333334,0.6664862914862915,0.33333333333333337,-0.09081960026679484,0.9973196002668031,True,0.7555555555555556,0.8488888888888889,0.6462222222222223,3.0,3.0,3.0
2025,Australian Grand Prix,Race,race,Red Bull Racing,LAW,91.804,12,90.876,14,7,-0.9279999999999973,90.6875,0.5,0.5,0.6423160173160173,0.7777777777777778,-0.0020845522345543707,-0.9259154477654429,True,0.5315555555555556,0.24000000000000005,0.42844444444444446,3.0,3.0,3.0
2025,Australian Grand Prix,Race,race,Red Bull Racing,VER,89.571,12,90.876,14,7,1.3050000000000068,90.6875,0.5,0.5,0.6423160173160173,0.7777777777777778,1.05349042621627,0.25150957378373673,True,0.5315555555555556,0.24000000000000005,0.42844444444444446,3.0,3.0,3.0
2025,Austrian Grand Prix,Qualifying,qualifying,Alpine,COL,66.06700000000001,4,65.262,12,6,-0.8050000000000068,65.72625000000001,0.19999999999999996,0.16666666666666663,0.28111946532999166,0.4444444444444444,-0.24517484313212232,-0.5598251568678845,True,0.0746666666666667,0.26222222222222225,0.26222222222222225,3.0,3.0,3.0
2025,Austrian Grand Prix,Qualifying,qualifying,Alpine,GAS,65.38550000000001,4,65.262,12,6,-0.12350000000000705,65.72625000000001,0.19999999999999996,0.16666666666666663,0.28111946532999166,0.4444444444444444,-0.08121862419797127,-0.04228137580203578,True,0.0746666666666667,0.26222222222222225,0.26222222222222225,3.0,3.0,3.0
2025,Austrian Grand Prix,Qualifying,qualifying,Ferrari,HAM,64.9245,4,65.262,12,6,0.3375000000000057,64.86525,0.8,0.8333333333333334,0.7150103519668738,0.8333333333333334,0.3949955738094543,-0.05749557380944864,True,0.3884444444444444,0.9253333333333333,0.2915555555555555,3.0,3.0,3.0
2025,Austrian Grand Prix,Qualifying,qualifying,Ferrari,LEC,64.806,4,65.262,12,6,0.45600000000000307,64.86525,0.8,0.8333333333333334,0.7150103519668738,0.8333333333333334,0.4980360426406395,-0.04203604264063643,True,0.3884444444444444,0.9253333333333333,0.2915555555555555,3.0,3.0,3.0
2025,Austrian Grand Prix,Qualifying,qualifying,Haas F1 Team,BEA,65.86,3,65.262,12,6,-0.597999999999999,65.80250000000001,0.0,0.0,0.29614748677248676,0.33333333333333337,0.1909954717993887,-0.7889954717993877,True,0.5031111111111113,0.22222222222222224,0.25244444444444447,3.0,3.0,3.0
2025,Austrian Grand Prix,Qualifying,qualifying,Haas F1 Team,OCO,65.745,3,65.262,12,6,-0.4830000000000041,65.80250000000001,0.0,0.0,0.29614748677248676,0.33333333333333337,-0.06464507161486799,-0.4183549283851361,True,0.5031111111111113,0.22222222222222224,0.25244444444444447,3.0,3.0,3.0
2025,Austrian Grand Prix,Qualifying,qualifying,McLaren,NOR,64.41,3,65.262,12,6,0.8520000000000039,64.483,1.0,1.0,0.9608585858585859,0.9444444444444444,0.12450891586109554,0.7274910841389083,True,0.9635555555555555,0.6791111111111111,0.9395555555555555,3.0,3.0,3.0
2025,Austrian Grand Prix,Qualifying,qualifying,McLaren,PIA,64.556,3,65.262,12,6,0.7060000000000031,64.483,1.0,1.0,0.9608585858585859,0.9444444444444444,0.03443707754662947,0.6715629224533736,True,0.9635555555555555,0.6791111111111111,0.9395555555555555,3.0,3.0,3.0
2025,Austrian Grand Prix,Qualifying,qualifying,Mercedes,ANT,65.276,3,65.262,12,6,-0.013999999999995794,65.068,0.6,,0.6664862914862915,,0.23237994816558635,-0.24637994816558215,True,0.392,0.8062222222222222,0.3857777777777778,3.0,3.0,3.0
2025,Austrian Grand Prix,Qualifying,qualifying,Mercedes,RUS,64.86,3,65.262,12,6,0.402000000000001,65.068,0.6,,0.6664862914862915,,0.45271685282537005,-0.05071685282536903,True,0.392,0.8062222222222222,0.3857777777777778,3.0,3.0,3.0
2025,Austrian Grand Prix,Qualifying,qualifying,Racing Bulls,HAD,65.344,3,65.262,12,6,-0.08199999999999363,65.29599999999999,0.4,0.5,0.38076341647770223,0.11111111111111116,-0.14520422670120633,0.0632042267012127,True,0.5288888888888889,0.5146666666666666,0.6746666666666667,3.0,3.0,3.0
2025,Austrian Grand Prix,Qualifying,qualifying,Racing Bulls,LAW,65.248,3,65.262,12,6,0.013999999999995794,65.29599999999999,0.4,0.5,0.38076341647770223,0.11111111111111116,-0.24819032494534726,0.26219032494534306,True,0.5288888888888889,0.5146666666666666,0.6746666666666667,3.0,3.0,3.0
2025,Austrian Grand Prix,Race,race,Alpine,COL,70.9385,44,70.837,14,7,-0.10150000000000148,70.974,0.16666666666666663,0.16666666666666663,0.28111946532999166,0.4444444444444444,0.06255266167480363,-0.1640526616748051,True,0.0746666666666667,0.26222222222222225,0.26222222222222225,3.0,3.0,3.0
2025,Austrian Grand Prix,Race,race,Alpine,GAS,71.0095,44,70.837,14,7,-0.17249999999999943,70.974,0.16666666666666663,0.16666666666666663,0.28111946532999166,0.4444444444444444,0.03412313799982952,-0.20662313799982895,True,0.0746666666666667,0.26222222222222225,0.26222222222222225,3.0,3.0,3.0
2025,Austrian Grand Prix,Race,race,Aston Martin,ALO,70.727,37,70.837,14,7,0.10999999999999943,70.947,0.33333333333333337,0.33333333333333337,0.3057142857142857,0.08333333333333331,0.016901313346079846,0.09309868665391959,True,0.6888888888888889,0.5715555555555556,0.5875555555555556,3.0,3.0,3.0
2025,Austrian Grand Prix,Race,race,Aston Martin,STR,71.167,37,70.837,14,7,-0.3299999999999983,70.947,0.33333333333333337,0.33333333333333337,0.3057142857142857,0.08333333333333331,-0.2745680106068059,-0.05543198939319238,True,0.6888888888888889,0.5715555555555556,0.5875555555555556,3.0,3.0,3.0
2025,Austrian Grand Prix,Race,race,Ferrari,HAM,70.09649999999999,52,70.837,14,7,0.7405000000000115,69.929,0.8333333333333334,0.8333333333333334,0.7150103519668738,0.8333333333333334,-0.03013038881255811,0.7706303888125696,True,0.3884444444444444,0.9253333333333333,0.2915555555555555,3.0,3.0,3.0
2025,Austrian Grand Prix,Race,race,Ferrari,LEC,69.7615,52,70.837,14,7,1.0755000000000052,69.929,0.8333333333333334,0.8333333333333334,0.7150103519668738,0.8333333333333334,0.1958228383996559,0.8796771616003494,True,0.3884444444444444,0.9253333333333333,0.2915555555555555,3.0,3.0,3.0
2025,Austrian Grand Prix,Race,race,Haas F1 Team,BEA,71.189,34,70.837,14,7,-0.35199999999998965,71.03725,0.0,0.0,0.29614748677248676,0.33333333333333337,0.0345295176463184,-0.38652951764630805,True,0.5031111111111113,0.22222222222222224,0.25244444444444447,3.0,3.0,3.0
2025,Austrian Grand Prix,Race,race,Haas F1 Team,OCO,70.88550000000001,34,70.837,14,7,-0.048500000000004206,71.03725,0.0,0.0,0.29614748677248676,0.33333333333333337,-0.12843307985374308,0.07993307985373888,True,0.5031111111111113,0.22222222222222224,0.25244444444444447,3.0,3.0,3.0
2025,Austrian Grand Prix,Race,race,Kick Sauber,BOR,70.93950000000001,36,70.837,14,7,-0.10250000000000625,70.864,0.6666666666666667,0.6666666666666667,0.24415204678362576,0.4444444444444445,-0.23563312919797155,0.1331331291979653,True,0.4604444444444445,0.3982222222222222,0.392,3.0,3.0,3.0
2025,Austrian Grand Prix,Race,race,Kick Sauber,HUL,70.7885,36,70.837,14,7,0.048500000000004206,70.864,0.6666666666666667,0.6666666666666667,0.24415204678362576,0.4444444444444445,-0.18641475160805335,0.23491475160805755,True,0.4604444444444445,0.3982222222222222,0.392,3.0,3.0,3.0
2025,Austrian Grand Prix,Race,race,McLaren,NOR,69.55350000000001,44,70.837,14,7,1.2834999999999894,69.5025,1.0,1.0,0.9608585858585859,0.9444444444444444,0.2594772926936577,1.0240227073063317,True,0.9635555555555555,0.6791111111111111,0.9395555555555555,3.0,3.0,3.0
2025,Austrian Grand Prix,Race,race,McLaren,PIA,69.4515,44,70.837,14,7,1.3855000000000075,69.5025,1.0,1.0,0.9608585858585859,0.9444444444444444,0.12747228817738215,1.2580277118226253,True,0.9635555555555555,0.6791111111111111,0.9395555555555555,3.0,3.0,3.0
2025,Austrian Grand Prix,Race,race,Racing Bulls,HAD,71.258,51,70.837,14,7,-0.42099999999999227,70.896,0.5,0.5,0.38076341647770223,0.11111111111111116,0.19209060622006915,-0.6130906062200614,True,0.5288888888888889,0.5146666666666666,0.6746666666666667,3.0,3.0,3.0
2025,Austrian Grand Prix,Race,race,Racing Bulls,LAW,70.534,51,70.837,14,7,0.30299999999999727,70.896,0.5,0.5,0.38076341647770223,0.11111111111111116,-0.0020845522345543707,0.30508455223455166,True,0.5288888888888889,0.5146666666666666,0.6746666666666667,3.0,3.0,3.0
2025,Azerbaijan Grand Prix,Qualifying,qualifying,Red Bull Racing,TSU,101.967,3,101.649,2,1,-0.31799999999999784,101.649,0.5,0.75,0.6423160173160173,0.6388888888888888,-0.01826717338177214,-0.2997328266182257,True,0.687111111111111,0.7031111111111111,0.6062222222222223,3.0,3.0,3.0
2025,Azerbaijan Grand Prix,Qualifying,qualifying,Red Bull Racing,VER,101.331,3,101.649,2,1,0.31799999999999784,101.649,0.5,0.75,0.6423160173160173,0.6388888888888888,0.44653785362151754,-0.1285378536215197,True,0.687111111111111,0.7031111111111111,0.6062222222222223,3.0,3.0,3.0
2025,Azerbaijan Grand Prix,Race,race,Alpine,COL,106.73349999999999,30,105.85849999999999,18,9,-0.875,107.08624999999999,0.125,0.125,0.28111946532999166,0.3055555555555555,0.06255266167480363,-0.9375526616748037,True,0.08088888888888893,0.08888888888888888,0.07288888888888888,3.0,3.0,3.0
2025,Azerbaijan Grand Prix,Race,race,Alpine,GAS,107.439,30,105.85849999999999,18,9,-1.5805000000000007,107.08624999999999,0.125,0.125,0.28111946532999166,0.3055555555555555,0.03412313799982952,-1.6146231379998301,True,0.08088888888888893,0.08888888888888888,0.07288888888888888,3.0,3.0,3.0
2025,Azerbaijan Grand Prix,Race,race,Aston Martin,ALO,106.63149999999999,22,105.85849999999999,18,9,-0.7729999999999961,106.583,0.375,0.375,0.3057142857142857,0.16666666666666666,0.016901313346079846,-0.7899013133460759,True,0.3857777777777778,0.376,0.3493333333333334,3.0,3.0,3.0
2025,Azerbaijan Grand Prix,Race,race,Aston Martin,STR,106.53450000000001,22,105.85849999999999,18,9,-0.6760000000000161,106.583,0.375,0.375,0.3057142857142857,0.16666666666666666,-0.2745680106068059,-0.40143198939321023,True,0.3857777777777778,0.376,0.3493333333333334,3.0,3.0,3.0
2025,Azerbaijan Grand Prix,Race,race,Ferrari,HAM,105.856,27,105.85849999999999,18,9,0.0024999999999977263,105.64099999999999,0.5,0.5,0.7150103519668738,0.8333333333333334,-0.03013038881255811,0.03263038881255584,True,0.9395555555555555,0.8951111111111111,0.8951111111111111,3.0,3.0,3.0
2025,Azerbaijan Grand Prix,Race,race,Ferrari,LEC,105.426,27,105.85849999999999,18,9,0.43249999999999034,105.64099999999999,0.5,0.5,0.7150103519668738,0.8333333333333334,0.1958228383996559,0.23667716160033445,True,0.9395555555555555,0.8951111111111111,0.8951111111111111,3.0,3.0,3.0
2025,Azerbaijan Grand Prix,Race,race,Haas F1 Team,BEA,107.316,17,105.85849999999999,18,9,-1.4575000000000102,107.362,0.0,0.0,0.29614748677248676,0.22222222222222224,0.0345295176463184,-1.4920295176463285,True,0.43644444444444447,0.3777777777777778,0.42844444444444446,3.0,3.0,3.0
2025,Azerbaijan Grand Prix,Race,race,Haas F1 Team,OCO,107.408,17,105.85849999999999,18,9,-1.549500000000009,107.362,0.0,0.0,0.29614748677248676,0.22222222222222224,-0.12843307985374308,-1.421066920146266,True,0.43644444444444447,0.3777777777777778,0.42844444444444446,3.0,3.0,3.0
2025,Azerbaijan Grand Prix,Race,race,Kick Sauber,BOR,106.78399999999999,26,105.85849999999999,18,9,-0.9254999999999995,106.96449999999999,0.25,0.25,0.24415204678362576,0.5185185185185186,-0.23563312919797155,-0.689866870802028,True,0.21244444444444444,0.23200000000000004,0.2568888888888889,3.0,3.0,3.0
2025,Azerbaijan Grand Prix,Race,race,Kick Sauber,HUL,107.145,26,105.85849999999999,18,9,-1.2865000000000038,106.96449999999999,0.25,0.25,0.24415204678362576,0.5185185185185186,-0.18641475160805335,-1.1000852483919503,True,0.21244444444444444,0.23200000000000004,0.2568888888888889,3.0,3.0,3.0
2025,Azerbaijan Grand Prix,Race,race,Mercedes,ANT,104.917,27,105.85849999999999,18,9,0.9414999999999907,105.148,1.0,1.0,0.6664862914862915,0.5833333333333334,-0.24773778002094068,1.1892377800209313,True,0.5973333333333333,0.9333333333333332,0.5528888888888889,3.0,3.0,3.0
2025,Azerbaijan Grand Prix,Race,race,Mercedes,RUS,105.379,27,105.85849999999999,18,9,0.4794999999999874,105.148,1.0,1.0,0.6664862914862915,0.5833333333333334,-0.09081960026679484,0.5703196002667822,True,0.5973333333333333,0.9333333333333332,0.5528888888888889,3.0,3.0,3.0
2025,Azerbaijan Grand Prix,Race,race,Racing Bulls,HAD,104.729,28,105.85849999999999,18,9,1.129499999999993,105.23150000000001,0.875,0.875,0.38076341647770223,0.3055555555555556,0.19209060622006915,0.9374093937799239,True,0.6506666666666667,0.41600000000000004,0.5697777777777778,3.0,3.0,3.0
2025,Azerbaijan Grand Prix,Race,race,Racing Bulls,LAW,105.73400000000001,28,105.85849999999999,18,9,0.1244999999999834,105.23150000000001,0.875,0.875,0.38076341647770223,0.3055555555555556,-0.0020845522345543707,0.12658455223453777,True,0.6506666666666667,0.41600000000000004,0.5697777777777778,3.0,3.0,3.0
2025,Azerbaijan Grand Prix,Race,race,Red Bull Racing,TSU,105.617,33,105.85849999999999,18,9,0.24149999999998784,105.26400000000001,0.75,0.75,0.6423160173160173,0.6388888888888888,-0.008871756926109803,0.25037175692609764,True,0.687111111111111,0.7031111111111111,0.6062222222222223,3.0,3.0,3.0
2025,Azerbaijan Grand Prix,Race,race,Red Bull Racing,VER,104.911,33,105.85849999999999,18,9,0.9474999999999909,105.26400000000001,0.75,0.75,0.6423160173160173,0.6388888888888888,1.05349042621627,-0.10599042621627919,True,0.687111111111111,0.7031111111111111,0.6062222222222223,3.0,3.0,3.0
2025,Azerbaijan Grand Prix,Race,race,Williams,ALB,105.861,23,105.85849999999999,18,9,-0.002500000000011937,105.369,0.625,0.625,0.4249622071050642,0.2222222222222222,0.26859346837757936,-0.2710934683775913,True,0.5315555555555556,0.48711111111111116,0.5599999999999999,3.0,3.0,3.0
2025,Azerbaijan Grand Prix,Race,race,Williams,SAI,104.877,23,105.85849999999999,18,9,0.9814999999999969,105.369,0.625,0.625,0.4249622071050642,0.2222222222222222,0.13770117581501623,0.8437988241849808,True,0.5315555555555556,0.48711111111111116,0.5599999999999999,3.0,3.0,3.0
2025,Bahrain Grand Prix,Qualifying,qualifying,Alpine,DOO,91.3805,4,91.0375,12,6,-0.3430000000000035,91.4325,0.19999999999999996,0.6666666666666667,0.28111946532999166,0.24537037037037035,0.11898813623457953,-0.46198813623458307,True,0.576,0.38933333333333336,0.6488888888888888,3.0,3.0,3.0
2025,Bahrain Grand Prix,Qualifying,qualifying,Alpine,GAS,91.4845,4,91.0375,12,6,-0.44700000000000273,91.4325,0.19999999999999996,0.6666666666666667,0.28111946532999166,0.24537037037037035,-0.08121862419797127,-0.36578137580203146,True,0.576,0.38933333333333336,0.6488888888888888,3.0,3.0,3.0
2025,Bahrain Grand Prix,Qualifying,qualifying,Aston Martin,ALO,91.916,3,91.0375,12,6,-0.8785000000000025,92.31,0.0,0.2222222222222222,0.3057142857142857,0.21875,0.14345355062000661,-1.021953550620009,True,0.6408888888888888,0.6933333333333334,0.5982222222222222,3.0,3.0,3.0
2025,Bahrain Grand Prix,Qualifying,qualifying,Aston Martin,STR,92.704,3,91.0375,12,6,-1.6664999999999992,92.31,0.0,0.2222222222222222,0.3057142857142857,0.21875,-0.11131040426236238,-1.555189595737637,True,0.6408888888888888,0.6933333333333334,0.5982222222222222,3.0,3.0,3.0
2025,Bahrain Grand Prix,Qualifying,qualifying,Ferrari,HAM,91.009,3,91.0375,12,6,0.028499999999993975,91.0325,0.6,0.8888888888888888,0.7150103519668738,0.75,0.3949955738094543,-0.36649557380946035,True,0.5875555555555556,0.6044444444444445,0.47822222222222227,3.0,3.0,3.0
2025,Bahrain Grand Prix,Qualifying,qualifying,Ferrari,LEC,91.056,3,91.0375,12,6,-0.01850000000000307,91.0325,0.6,0.8888888888888888,0.7150103519668738,0.75,0.4980360426406395,-0.5165360426406426,True,0.5875555555555556,0.6044444444444445,0.47822222222222227,3.0,3.0,3.0
2025,Bahrain Grand Prix,Qualifying,qualifying,McLaren,NOR,90.396,3,91.0375,12,6,0.6414999999999935,90.31450000000001,1.0,1.0,0.9608585858585859,0.9629629629629629,0.12450891586109554,0.5169910841388979,True,0.8524444444444444,1.0,0.888888888888889,3.0,3.0,3.0
2025,Bahrain Grand Prix,Qualifying,qualifying,McLaren,PIA,90.233,3,91.0375,12,6,0.8044999999999902,90.31450000000001,1.0,1.0,0.9608585858585859,0.9629629629629629,0.03443707754662947,0.7700629224533607,True,0.8524444444444444,1.0,0.888888888888889,3.0,3.0,3.0
2025,Bahrain Grand Prix,Qualifying,qualifying,Mercedes,ANT,90.947,4,91.0375,12,6,0.09049999999999159,90.7305,0.8,0.5555555555555556,0.6664862914862915,0.7222222222222223,0.23237994816558635,-0.14187994816559477,True,0.37155555555555553,0.3884444444444445,0.6871111111111111,3.0,3.0,3.0
2025,Bahrain Grand Prix,Qualifying,qualifying,Mercedes,RUS,90.51400000000001,4,91.0375,12,6,0.5234999999999843,90.7305,0.8,0.5555555555555556,0.6664862914862915,0.7222222222222223,0.45271685282537005,0.07078314717461426,True,0.37155555555555553,0.3884444444444445,0.6871111111111111,3.0,3.0,3.0
2025,Bahrain Grand Prix,Qualifying,qualifying,Red Bull Racing,TSU,91.303,3,91.0375,12,6,-0.26550000000000296,91.161,0.4,0.7777777777777778,0.6423160173160173,0.6759259259259259,-0.01826717338177214,-0.24723282661823082,True,0.3635555555555556,0.3555555555555555,0.33333333333333337,3.0,3.0,3.0
2025,Bahrain Grand Prix,Qualifying,qualifying,Red Bull Racing,VER,91.019,3,91.0375,12,6,0.01849999999998886,91.161,0.4,0.7777777777777778,0.6423160173160173,0.6759259259259259,0.44653785362151754,-0.4280378536215287,True,0.3635555555555556,0.3555555555555555,0.33333333333333337,3.0,3.0,3.0
2025,Bahrain Grand Prix,Race,race,Alpine,DOO,98.553,40,98.5585,20,10,0.00549999999999784,98.3205,0.6666666666666667,0.6666666666666667,0.28111946532999166,0.24537037037037035,-0.4703648855874647,0.47586488558746254,True,0.576,0.38933333333333336,0.6488888888888888,3.0,3.0,3.0
2025,Bahrain Grand Prix,Race,race,Alpine,GAS,98.088,40,98.5585,20,10,0.47050000000000125,98.3205,0.6666666666666667,0.6666666666666667,0.28111946532999166,0.24537037037037035,0.03412313799982952,0.43637686200017173,True,0.576,0.38933333333333336,0.6488888888888888,3.0,3.0,3.0
2025,Bahrain Grand Prix,Race,race,Aston Martin,ALO,98.679,33,98.5585,20,10,-0.12050000000000693,98.7565,0.2222222222222222,0.2222222222222222,0.3057142857142857,0.21875,0.016901313346079846,-0.1374013133460868,True,0.6408888888888888,0.6933333333333334,0.5982222222222222,3.0,3.0,3.0
2025,Bahrain Grand Prix,Race,race,Aston Martin,STR,98.834,33,98.5585,20,10,-0.27550000000000807,98.7565,0.2222222222222222,0.2222222222222222,0.3057142857142857,0.21875,-0.2745680106068059,-0.0009319893932021595,True,0.6408888888888888,0.6933333333333334,0.5982222222222222,3.0,3.0,3.0
2025,Bahrain Grand Prix,Race,race,Ferrari,HAM,97.648,42,98.5585,20,10,0.910499999999999,97.655,0.8888888888888888,0.8888888888888888,0.7150103519668738,0.75,-0.03013038881255811,0.9406303888125571,True,0.5875555555555556,0.6044444444444445,0.47822222222222227,3.0,3.0,3.0
2025,Bahrain Grand Prix,Race,race,Ferrari,LEC,97.662,42,98.5585,20,10,0.896499999999989,97.655,0.8888888888888888,0.8888888888888888,0.7150103519668738,0.75,0.1958228383996559,0.7006771616003331,True,0.5875555555555556,0.6044444444444445,0.47822222222222227,3.0,3.0,3.0
2025,Bahrain Grand Prix,Race,race,Haas F1 Team,BEA,99.1985,16,98.5585,20,10,-0.6400000000000006,98.60825,0.4444444444444444,0.4444444444444444,0.29614748677248676,0.16666666666666669,0.0345295176463184,-0.674529517646319,True,0.39644444444444443,0.22400000000000003,0.2506666666666667,3.0,3.0,3.0
2025,Bahrain Grand Prix,Race,race,Haas F1 Team,OCO,98.018,16,98.5585,20,10,0.5404999999999944,98.60825,0.4444444444444444,0.4444444444444444,0.29614748677248676,0.16666666666666669,-0.12843307985374308,0.6689330798537375,True,0.39644444444444443,0.22400000000000003,0.2506666666666667,3.0,3.0,3.0
2025,Bahrain Grand Prix,Race,race,Kick Sauber,BOR,98.987,22,98.5585,20,10,-0.42849999999999966,99.12625,0.0,0.0,0.24415204678362576,0.45138888888888895,-0.23563312919797155,-0.1928668708020281,True,0.32088888888888895,0.3351111111111112,0.2604444444444445,3.0,3.0,3.0
2025,Bahrain Grand Prix,Race,race,Kick Sauber,HUL,99.2655,22,98.5585,20,10,-0.7070000000000078,99.12625,0.0,0.0,0.24415204678362576,0.45138888888888895,-0.18641475160805335,-0.5205852483919545,True,0.32088888888888895,0.3351111111111112,0.2604444444444445,3.0,3.0,3.0
2025,Bahrain Grand Prix,Race,race,McLaren,NOR,97.76150000000001,36,98.5585,20,10,0.7969999999999828,97.62975,1.0,1.0,0.9608585858585859,0.9629629629629629,0.2594772926936577,0.5375227073063251,True,0.8524444444444444,1.0,0.888888888888889,3.0,3.0,3.0
2025,Bahrain Grand Prix,Race,race,McLaren,PIA,97.498,36,98.5585,20,10,1.0604999999999905,97.62975,1.0,1.0,0.9608585858585859,0.9629629629629629,0.12747228817738215,0.9330277118226082,True,0.8524444444444444,1.0,0.888888888888889,3.0,3.0,3.0
2025,Bahrain Grand Prix,Race,race,Mercedes,ANT,98.564,23,98.5585,20,10,-0.00549999999999784,98.363,0.5555555555555556,0.5555555555555556,0.6664862914862915,0.7222222222222223,-0.24773778002094068,0.24223778002094284,True,0.37155555555555553,0.3884444444444445,0.6871111111111111,3.0,3.0,3.0
2025,Bahrain Grand Prix,Race,race,Mercedes,RUS,98.162,23,98.5585,20,10,0.396499999999989,98.363,0.5555555555555556,0.5555555555555556,0.6664862914862915,0.7222222222222223,-0.09081960026679484,0.4873196002667838,True,0.37155555555555553,0.3884444444444445,0.6871111111111111,3.0,3.0,3.0
2025,Bahrain Grand Prix,Race,race,Racing Bulls,HAD,98.623,21,98.5585,20,10,-0.06450000000000955,99.116,0.11111111111111116,0.11111111111111116,0.38076341647770223,0.4953703703703704,0.19209060622006915,-0.2565906062200787,True,0.08888888888888888,0.3191111111111111,0.16177777777777774,3.0,3.0,3.0
2025,Bahrain Grand Prix,Race,race,Racing Bulls,LAW,99.609,21,98.5585,20,10,-1.0504999999999995,99.116,0.11111111111111116,0.11111111111111116,0.38076341647770223,0.4953703703703704,-0.0020845522345543707,-1.0484154477654453,True,0.08888888888888888,0.3191111111111111,0.16177777777777774,3.0,3.0,3.0
2025,Bahrain Grand Prix,Race,race,Red Bull Racing,TSU,98.959,15,98.5585,20,10,-0.40050000000000807,98.152,0.7777777777777778,0.7777777777777778,0.6423160173160173,0.6759259259259259,-0.008871756926109803,-0.39162824307389826,True,0.3635555555555556,0.3555555555555555,0.33333333333333337,3.0,3.0,3.0
2025,Bahrain Grand Prix,Race,race,Red Bull Racing,VER,97.345,15,98.5585,20,10,1.2134999999999962,98.152,0.7777777777777778,0.7777777777777778,0.6423160173160173,0.6759259259259259,1.05349042621627,0.16000957378372616,True,0.3635555555555556,0.3555555555555555,0.33333333333333337,3.0,3.0,3.0
2025,Bahrain Grand Prix,Race,race,Williams,ALB,98.474,27,98.5585,20,10,0.08449999999999136,98.636,0.33333333333333337,0.33333333333333337,0.4249622071050642,0.4236111111111111,0.26859346837757936,-0.184093468377588,True,0.8017777777777779,0.6906666666666668,0.6924444444444445,3.0,3.0,3.0
2025,Bahrain Grand Prix,Race,race,Williams,SAI,98.798,27,98.5585,20,10,-0.2395000000000067,98.636,0.33333333333333337,0.33333333333333337,0.4249622071050642,0.4236111111111111,0.13770117581501623,-0.37720117581502294,True,0.8017777777777779,0.6906666666666668,0.6924444444444445,3.0,3.0,3.0
2025,British Grand Prix,Qualifying,qualifying,Ferrari,HAM,85.1125,4,85.80525,12,6,0.6927500000000038,85.1625,1.0,0.6,0.7150103519668738,0.8148148148148149,0.3949955738094543,0.2977544261905494,True,0.9031111111111111,0.792,0.9031111111111111,3.0,3.0,3.0
2025,British Grand Prix,Qualifying,qualifying,Ferrari,LEC,85.2125,4,85.80525,12,6,0.5927499999999952,85.1625,1.0,0.6,0.7150103519668738,0.8148148148148149,0.4980360426406395,0.09471395735935573,True,0.9031111111111111,0.792,0.9031111111111111,3.0,3.0,3.0
2025,British Grand Prix,Qualifying,qualifying,Haas F1 Team,BEA,85.969,4,85.80525,12,6,-0.16374999999999318,86.015,0.0,0.8,0.29614748677248676,0.3101851851851852,0.1909954717993887,-0.3547454717993819,True,0.4142222222222222,0.792,0.27466666666666667,3.0,3.0,3.0
2025,British Grand Prix,Qualifying,qualifying,Haas F1 Team,OCO,86.061,4,85.80525,12,6,-0.25575000000000614,86.015,0.0,0.8,0.29614748677248676,0.3101851851851852,-0.06464507161486799,-0.19110492838513815,True,0.4142222222222222,0.792,0.27466666666666667,3.0,3.0,3.0
2025,British Grand Prix,Qualifying,qualifying,McLaren,NOR,85.199,4,85.80525,12,6,0.6062500000000028,85.20150000000001,0.8,1.0,0.9608585858585859,0.9722222222222222,0.12450891586109554,0.4817410841389073,True,0.8364444444444444,0.5475555555555556,0.8666666666666668,3.0,3.0,3.0
2025,British Grand Prix,Qualifying,qualifying,McLaren,PIA,85.20400000000001,4,85.80525,12,6,0.6012499999999932,85.20150000000001,0.8,1.0,0.9608585858585859,0.9722222222222222,0.03443707754662947,0.5668129224533637,True,0.8364444444444444,0.5475555555555556,0.8666666666666668,3.0,3.0,3.0
2025,British Grand Prix,Qualifying,qualifying,Mercedes,ANT,86.217,3,85.80525,12,6,-0.41174999999999784,85.92699999999999,0.6,,0.6664862914862915,,0.23237994816558635,-0.6441299481655842,True,0.3555555555555555,0.5537777777777778,0.5066666666666666,3.0,3.0,3.0
2025,British Grand Prix,Qualifying,qualifying,Mercedes,RUS,85.637,3,85.80525,12,6,0.16825000000000045,85.92699999999999,0.6,,0.6664862914862915,,0.45271685282537005,-0.2844668528253696,True,0.3555555555555555,0.5537777777777778,0.5066666666666666,3.0,3.0,3.0
2025,British Grand Prix,Qualifying,qualifying,Red Bull Racing,TSU,86.374,4,85.80525,12,6,-0.5687499999999943,86.00775,0.4,0.0,0.6423160173160173,0.736111111111111,-0.01826717338177214,-0.5504828266182222,True,0.512888888888889,0.7822222222222222,0.4764444444444445,3.0,3.0,3.0
2025,British Grand Prix,Qualifying,qualifying,Red Bull Racing,VER,85.64150000000001,4,85.80525,12,6,0.16374999999999318,86.00775,0.4,0.0,0.6423160173160173,0.736111111111111,0.44653785362151754,-0.28278785362152437,True,0.512888888888889,0.7822222222222222,0.4764444444444445,3.0,3.0,3.0
2025,British Grand Prix,Qualifying,qualifying,Williams,ALB,86.0075,4,85.80525,12,6,-0.20224999999999227,86.01275,0.19999999999999996,0.19999999999999996,0.4249622071050642,0.3576388888888889,0.4053446987189551,-0.6075946987189473,True,0.5964444444444444,0.4604444444444445,0.5964444444444444,3.0,3.0,3.0
2025,British Grand Prix,Qualifying,qualifying,Williams,SAI,86.018,4,85.80525,12,6,-0.21274999999999977,86.01275,0.19999999999999996,0.19999999999999996,0.4249622071050642,0.3576388888888889,0.42089768077579187,-0.6336476807757916,True,0.5964444444444444,0.4604444444444445,0.5964444444444444,3.0,3.0,3.0
2025,British Grand Prix,Race,race,Aston Martin,ALO,104.158,13,103.877,12,6,-0.2810000000000059,103.9805,0.4,0.4,0.3057142857142857,0.24537037037037038,0.016901313346079846,-0.29790131334608577,True,0.23022222222222224,0.4702222222222222,0.3155555555555556,3.0,3.0,3.0
2025,British Grand Prix,Race,race,Aston Martin,STR,103.803,13,103.877,12,6,0.07399999999999807,103.9805,0.4,0.4,0.3057142857142857,0.24537037037037038,-0.2745680106068059,0.348568010606804,True,0.23022222222222224,0.4702222222222222,0.3155555555555556,3.0,3.0,3.0
2025,British Grand Prix,Race,race,Ferrari,HAM,102.0055,22,103.877,12,6,1.8714999999999975,102.97825,0.6,0.6,0.7150103519668738,0.8148148148148149,-0.03013038881255811,1.9016303888125556,True,0.9031111111111111,0.792,0.9031111111111111,3.0,3.0,3.0
2025,British Grand Prix,Race,race,Ferrari,LEC,103.951,22,103.877,12,6,-0.07399999999999807,102.97825,0.6,0.6,0.7150103519668738,0.8148148148148149,0.1958228383996559,-0.26982283839965393,True,0.9031111111111111,0.792,0.9031111111111111,3.0,3.0,3.0
2025,British Grand Prix,Race,race,Haas F1 Team,BEA,103.157,17,103.877,12,6,0.7199999999999989,102.594,0.8,0.8,0.29614748677248676,0.3101851851851852,0.0345295176463184,0.6854704823536805,True,0.4142222222222222,0.792,0.27466666666666667,3.0,3.0,3.0
2025,British Grand Prix,Race,race,Haas F1 Team,OCO,102.031,17,103.877,12,6,1.8459999999999894,102.594,0.8,0.8,0.29614748677248676,0.3101851851851852,-0.12843307985374308,1.9744330798537324,True,0.4142222222222222,0.792,0.27466666666666667,3.0,3.0,3.0
2025,British Grand Prix,Race,race,McLaren,NOR,101.2735,26,103.877,12,6,2.603499999999997,101.3785,1.0,1.0,0.9608585858585859,0.9722222222222222,0.2594772926936577,2.344022707306339,True,0.8364444444444444,0.5475555555555556,0.8666666666666668,3.0,3.0,3.0
2025,British Grand Prix,Race,race,McLaren,PIA,101.48349999999999,26,103.877,12,6,2.393500000000003,101.3785,1.0,1.0,0.9608585858585859,0.9722222222222222,0.12747228817738215,2.266027711822621,True,0.8364444444444444,0.5475555555555556,0.8666666666666668,3.0,3.0,3.0
2025,British Grand Prix,Race,race,Red Bull Racing,TSU,104.72800000000001,26,103.877,12,6,-0.8510000000000133,104.37950000000001,0.0,0.0,0.6423160173160173,0.736111111111111,-0.008871756926109803,-0.8421282430739035,True,0.512888888888889,0.7822222222222222,0.4764444444444445,3.0,3.0,3.0
2025,British Grand Prix,Race,race,Red Bull Racing,VER,104.031,26,103.877,12,6,-0.15400000000001057,104.37950000000001,0.0,0.0,0.6423160173160173,0.736111111111111,1.05349042621627,-1.2074904262162807,True,0.512888888888889,0.7822222222222222,0.4764444444444445,3.0,3.0,3.0
2025,British Grand Prix,Race,race,Williams,ALB,104.082,25,103.877,12,6,-0.2049999999999983,104.1845,0.19999999999999996,0.19999999999999996,0.4249622071050642,0.3576388888888889,0.26859346837757936,-0.47359346837757765,True,0.5964444444444444,0.4604444444444445,0.5964444444444444,3.0,3.0,3.0
2025,British Grand Prix,Race,race,Williams,SAI,104.287,25,103.877,12,6,-0.4100000000000108,104.1845,0.19999999999999996,0.19999999999999996,0.4249622071050642,0.3576388888888889,0.13770117581501623,-0.547701175815027,True,0.5964444444444444,0.4604444444444445,0.5964444444444444,3.0,3.0,3.0
2025,Canadian Grand Prix,Qualifying,qualifying,Alpine,COL,72.779,3,72.63149999999999,16,8,-0.14750000000000796,72.8485,0.2857142857142857,0.11111111111111116,0.28111946532999166,0.3055555555555555,-0.24517484313212232,0.09767484313211436,True,0.3191111111111111,0.3813333333333334,0.19822222222222224,3.0,3.0,3.0
2025,Canadian Grand Prix,Qualifying,qualifying,Alpine,GAS,72.918,3,72.63149999999999,16,8,-0.28650000000001796,72.8485,0.2857142857142857,0.11111111111111116,0.28111946532999166,0.3055555555555555,-0.08121862419797127,-0.2052813758020467,True,0.3191111111111111,0.3813333333333334,0.19822222222222224,3.0,3.0,3.0
2025,Canadian Grand Prix,Qualifying,qualifying,Ferrari,HAM,71.85650000000001,4,72.63149999999999,16,8,0.7749999999999773,71.781,0.7142857142857143,0.7777777777777778,0.7150103519668738,0.7841269841269841,0.3949955738094543,0.38000442619052294,True,0.6551111111111111,0.5031111111111111,0.711111111111111,3.0,3.0,3.0
2025,Canadian Grand Prix,Qualifying,qualifying,Ferrari,LEC,71.7055,4,72.63149999999999,16,8,0.9259999999999877,71.781,0.7142857142857143,0.7777777777777778,0.7150103519668738,0.7841269841269841,0.4980360426406395,0.4279639573593482,True,0.6551111111111111,0.5031111111111111,0.711111111111111,3.0,3.0,3.0
2025,Canadian Grand Prix,Qualifying,qualifying,Haas F1 Team,BEA,72.733,4,72.63149999999999,16,8,-0.10150000000001569,72.96325,0.1428571428571429,0.4444444444444444,0.29614748677248676,0.3801587301587302,0.1909954717993887,-0.2924954717994044,True,0.48711111111111116,0.5777777777777778,0.44266666666666676,3.0,3.0,3.0
2025,Canadian Grand Prix,Qualifying,qualifying,Haas F1 Team,OCO,73.1935,4,72.63149999999999,16,8,-0.5620000000000118,72.96325,0.1428571428571429,0.4444444444444444,0.29614748677248676,0.3801587301587302,-0.06464507161486799,-0.49735492838514384,True,0.48711111111111116,0.5777777777777778,0.44266666666666676,3.0,3.0,3.0
2025,Canadian Grand Prix,Qualifying,qualifying,McLaren,NOR,71.923,3,72.63149999999999,16,8,0.7084999999999866,71.598,1.0,1.0,0.9608585858585859,0.9777777777777779,0.12450891586109554,0.583991084138891,True,0.6524444444444445,0.6124444444444445,0.7493333333333333,3.0,3.0,3.0
2025,Canadian Grand Prix,Qualifying,qualifying,McLaren,PIA,71.273,3,72.63149999999999,16,8,1.3584999999999923,71.598,1.0,1.0,0.9608585858585859,0.9777777777777779,0.03443707754662947,1.3240629224533629,True,0.6524444444444445,0.6124444444444445,0.7493333333333333,3.0,3.0,3.0
2025,Canadian Grand Prix,Qualifying,qualifying,Mercedes,ANT,71.7815,4,72.63149999999999,16,8,0.8499999999999943,71.66225,0.8571428571428572,0.8888888888888888,0.6664862914862915,0.6694444444444445,0.23237994816558635,0.6176200518344079,True,0.4,0.5173333333333334,0.5333333333333333,3.0,3.0,3.0
2025,Canadian Grand Prix,Qualifying,qualifying,Mercedes,RUS,71.543,4,72.63149999999999,16,8,1.088499999999982,71.66225,0.8571428571428572,0.8888888888888888,0.6664862914862915,0.6694444444444445,0.45271685282537005,0.635783147174612,True,0.4,0.5173333333333334,0.5333333333333333,3.0,3.0,3.0
2025,Canadian Grand Prix,Qualifying,qualifying,Racing Bulls,HAD,72.654,3,72.63149999999999,16,8,-0.022500000000007958,72.666,0.4285714285714286,0.0,0.38076341647770223,0.3194444444444445,-0.14520422670120633,0.12270422670119838,True,0.47022222222222226,0.1955555555555556,0.5937777777777778,3.0,3.0,3.0
2025,Canadian Grand Prix,Qualifying,qualifying,Racing Bulls,LAW,72.678,3,72.63149999999999,16,8,-0.04650000000000887,72.666,0.4285714285714286,0.0,0.38076341647770223,0.3194444444444445,-0.24819032494534726,0.2016903249453384,True,0.47022222222222226,0.1955555555555556,0.5937777777777778,3.0,3.0,3.0
2025,Canadian Grand Prix,Qualifying,qualifying,Red Bull Racing,TSU,72.609,3,72.63149999999999,16,8,0.022499999999993747,72.441,0.5714285714285714,0.5555555555555556,0.6423160173160173,0.6134259259259259,-0.01826717338177214,0.04076717338176589,True,0.5413333333333334,0.7066666666666667,0.6444444444444445,3.0,3.0,3.0
2025,Canadian Grand Prix,Qualifying,qualifying,Red Bull Racing,VER,72.273,3,72.63149999999999,16,8,0.35849999999999227,72.441,0.5714285714285714,0.5555555555555556,0.6423160173160173,0.6134259259259259,0.44653785362151754,-0.08803785362152527,True,0.5413333333333334,0.7066666666666667,0.6444444444444445,3.0,3.0,3.0
2025,Canadian Grand Prix,Qualifying,qualifying,Williams,ALB,73.185,3,72.63149999999999,16,8,-0.5535000000000139,73.042,0.0,0.33333333333333337,0.4249622071050642,0.32611111111111113,0.4053446987189551,-0.9588446987189689,True,0.8746666666666666,0.7857777777777778,0.5964444444444444,3.0,3.0,3.0
2025,Canadian Grand Prix,Qualifying,qualifying,Williams,SAI,72.899,3,72.63149999999999,16,8,-0.2675000000000125,73.042,0.0,0.33333333333333337,0.4249622071050642,0.32611111111111113,0.42089768077579187,-0.6883976807758043,True,0.8746666666666666,0.7857777777777778,0.5964444444444444,3.0,3.0,3.0
2025,Canadian Grand Prix,Race,race,Alpine,COL,77.1965,48,76.8635,20,10,-0.3329999999999984,77.42025000000001,0.11111111111111116,0.11111111111111116,0.28111946532999166,0.3055555555555555,0.06255266167480363,-0.395552661674802,True,0.3191111111111111,0.3813333333333334,0.19822222222222224,3.0,3.0,3.0
2025,Canadian Grand Prix,Race,race,Alpine,GAS,77.644,48,76.8635,20,10,-0.7805000000000035,77.42025000000001,0.11111111111111116,0.11111111111111116,0.28111946532999166,0.3055555555555555,0.03412313799982952,-0.814623137999833,True,0.3191111111111111,0.3813333333333334,0.19822222222222224,3.0,3.0,3.0
2025,Canadian Grand Prix,Race,race,Aston Martin,ALO,76.58,43,76.8635,20,10,0.28350000000000364,76.6485,0.6666666666666667,0.6666666666666667,0.3057142857142857,0.26746031746031745,0.016901313346079846,0.2665986866539238,True,0.49688888888888894,0.5377777777777778,0.37333333333333335,3.0,3.0,3.0
2025,Canadian Grand Prix,Race,race,Aston Martin,STR,76.717,43,76.8635,20,10,0.14650000000000318,76.6485,0.6666666666666667,0.6666666666666667,0.3057142857142857,0.26746031746031745,-0.2745680106068059,0.4210680106068091,True,0.49688888888888894,0.5377777777777778,0.37333333333333335,3.0,3.0,3.0
2025,Canadian Grand Prix,Race,race,Ferrari,HAM,75.997,47,76.8635,20,10,0.866500000000002,75.836,0.7777777777777778,0.7777777777777778,0.7150103519668738,0.7841269841269841,-0.03013038881255811,0.8966303888125602,True,0.6551111111111111,0.5031111111111111,0.711111111111111,3.0,3.0,3.0
2025,Canadian Grand Prix,Race,race,Ferrari,LEC,75.675,47,76.8635,20,10,1.1885000000000048,75.836,0.7777777777777778,0.7777777777777778,0.7150103519668738,0.7841269841269841,0.1958228383996559,0.9926771616003489,True,0.6551111111111111,0.5031111111111111,0.711111111111111,3.0,3.0,3.0
2025,Canadian Grand Prix,Race,race,Haas F1 Team,BEA,76.903,43,76.8635,20,10,-0.039500000000003865,77.09100000000001,0.4444444444444444,0.4444444444444444,0.29614748677248676,0.3801587301587302,0.0345295176463184,-0.07402951764632226,True,0.48711111111111116,0.5777777777777778,0.44266666666666676,3.0,3.0,3.0
2025,Canadian Grand Prix,Race,race,Haas F1 Team,OCO,77.279,43,76.8635,20,10,-0.41549999999999443,77.09100000000001,0.4444444444444444,0.4444444444444444,0.29614748677248676,0.3801587301587302,-0.12843307985374308,-0.28706692014625135,True,0.48711111111111116,0.5777777777777778,0.44266666666666676,3.0,3.0,3.0
2025,Canadian Grand Prix,Race,race,Kick Sauber,BOR,77.551,51,76.8635,20,10,-0.6875,77.1875,0.2222222222222222,0.2222222222222222,0.24415204678362576,0.3842592592592593,-0.23563312919797155,-0.4518668708020285,True,0.10311111111111111,0.18222222222222223,0.15733333333333335,3.0,3.0,3.0
2025,Canadian Grand Prix,Race,race,Kick Sauber,HUL,76.824,51,76.8635,20,10,0.039500000000003865,77.1875,0.2222222222222222,0.2222222222222222,0.24415204678362576,0.3842592592592593,-0.18641475160805335,0.2259147516080572,True,0.10311111111111111,0.18222222222222223,0.15733333333333335,3.0,3.0,3.0
2025,Canadian Grand Prix,Race,race,McLaren,NOR,75.2625,48,76.8635,20,10,1.600999999999999,75.47025,1.0,1.0,0.9608585858585859,0.9777777777777779,0.2594772926936577,1.3415227073063414,True,0.6524444444444445,0.6124444444444445,0.7493333333333333,3.0,3.0,3.0
2025,Canadian Grand Prix,Race,race,McLaren,PIA,75.678,48,76.8635,20,10,1.1855000000000047,75.47025,1.0,1.0,0.9608585858585859,0.9777777777777779,0.12747228817738215,1.0580277118226225,True,0.6524444444444445,0.6124444444444445,0.7493333333333333,3.0,3.0,3.0
2025,Canadian Grand Prix,Race,race,Mercedes,ANT,75.5375,52,76.8635,20,10,1.3260000000000076,75.56025,0.8888888888888888,0.8888888888888888,0.6664862914862915,0.6694444444444445,-0.24773778002094068,1.5737377800209482,True,0.4,0.5173333333333334,0.5333333333333333,3.0,3.0,3.0
2025,Canadian Grand Prix,Race,race,Mercedes,RUS,75.583,52,76.8635,20,10,1.2805000000000035,75.56025,0.8888888888888888,0.8888888888888888,0.6664862914862915,0.6694444444444445,-0.09081960026679484,1.3713196002667984,True,0.4,0.5173333333333334,0.5333333333333333,3.0,3.0,3.0
2025,Canadian Grand Prix,Race,race,Racing Bulls,HAD,77.256,36,76.8635,20,10,-0.3924999999999983,77.468,0.0,0.0,0.38076341647770223,0.3194444444444445,0.19209060622006915,-0.5845906062200674,True,0.47022222222222226,0.1955555555555556,0.5937777777777778,3.0,3.0,3.0
2025,Canadian Grand Prix,Race,race,Racing Bulls,LAW,77.68,36,76.8635,20,10,-0.8165000000000049,77.468,0.0,0.0,0.38076341647770223,0.3194444444444445,-0.0020845522345543707,-0.8144154477654505,True,0.47022222222222226,0.1955555555555556,0.5937777777777778,3.0,3.0,3.0
2025,Canadian Grand Prix,Race,race,Red Bull Racing,TSU,77.4395,30,76.8635,20,10,-0.5759999999999934,76.65674999999999,0.5555555555555556,0.5555555555555556,0.6423160173160173,0.6134259259259259,-0.008871756926109803,-0.5671282430738837,True,0.5413333333333334,0.7066666666666667,0.6444444444444445,3.0,3.0,3.0
2025,Canadian Grand Prix,Race,race,Red Bull Racing,VER,75.874,30,76.8635,20,10,0.9895000000000067,76.65674999999999,0.5555555555555556,0.5555555555555556,0.6423160173160173,0.6134259259259259,1.05349042621627,-0.06399042621626339,True,0.5413333333333334,0.7066666666666667,0.6444444444444445,3.0,3.0,3.0
2025,Canadian Grand Prix,Race,race,Williams,ALB,77.039,22,76.8635,20,10,-0.17549999999999955,77.15125,0.33333333333333337,0.33333333333333337,0.4249622071050642,0.32611111111111113,0.26859346837757936,-0.4440934683775789,True,0.8746666666666666,0.7857777777777778,0.5964444444444444,3.0,3.0,3.0
2025,Canadian Grand Prix,Race,race,Williams,SAI,77.2635,22,76.8635,20,10,-0.3999999999999915,77.15125,0.33333333333333337,0.33333333333333337,0.4249622071050642,0.32611111111111113,0.13770117581501623,-0.5377011758150076,True,0.8746666666666666,0.7857777777777778,0.5964444444444444,3.0,3.0,3.0
2025,Dutch Grand Prix,Qualifying,qualifying,Alpine,COL,70.561,3,69.68950000000001,16,8,-0.8714999999999975,70.302,0.1428571428571429,0.2222222222222222,0.28111946532999166,0.2698412698412698,-0.24517484313212232,-0.6263251568678752,True,0.32533333333333336,0.13333333333333336,0.29911111111111116,3.0,3.0,3.0
2025,Dutch Grand Prix,Qualifying,qualifying,Alpine,GAS,70.043,3,69.68950000000001,16,8,-0.3534999999999968,70.302,0.1428571428571429,0.2222222222222222,0.28111946532999166,0.2698412698412698,-0.08121862419797127,-0.27228137580202555,True,0.32533333333333336,0.13333333333333336,0.29911111111111116,3.0,3.0,3.0
2025,Dutch Grand Prix,Qualifying,qualifying,Ferrari,HAM,69.458,4,69.68950000000001,16,8,0.23150000000001114,69.44800000000001,0.8571428571428572,0.5555555555555556,0.7150103519668738,0.7796296296296297,0.3949955738094543,-0.16349557380944318,True,0.7555555555555556,0.7617777777777778,0.596,3.0,3.0,3.0
2025,Dutch Grand Prix,Qualifying,qualifying,Ferrari,LEC,69.438,4,69.68950000000001,16,8,0.25150000000000716,69.44800000000001,0.8571428571428572,0.5555555555555556,0.7150103519668738,0.7796296296296297,0.4980360426406395,-0.24653604264063234,True,0.7555555555555556,0.7617777777777778,0.596,3.0,3.0,3.0
2025,Dutch Grand Prix,Qualifying,qualifying,Haas F1 Team,BEA,70.319,3,69.68950000000001,16,8,-0.6294999999999931,70.481,0.0,0.0,0.29614748677248676,0.3450617283950617,0.1909954717993887,-0.8204954717993818,True,0.376,0.34755555555555556,0.2728888888888889,3.0,3.0,3.0
2025,Dutch Grand Prix,Qualifying,qualifying,Haas F1 Team,OCO,70.643,3,69.68950000000001,16,8,-0.9534999999999911,70.481,0.0,0.0,0.29614748677248676,0.3450617283950617,-0.06464507161486799,-0.8888549283851231,True,0.376,0.34755555555555556,0.2728888888888889,3.0,3.0,3.0
2025,Dutch Grand Prix,Qualifying,qualifying,McLaren,NOR,68.812,4,69.68950000000001,16,8,0.8775000000000119,68.8355,1.0,1.0,0.9608585858585859,0.9841269841269842,0.12450891586109554,0.7529910841389164,True,0.7146666666666667,0.8240000000000001,0.9093333333333333,3.0,3.0,3.0
2025,Dutch Grand Prix,Qualifying,qualifying,McLaren,PIA,68.85900000000001,4,69.68950000000001,16,8,0.8305000000000007,68.8355,1.0,1.0,0.9608585858585859,0.9841269841269842,0.03443707754662947,0.7960629224533712,True,0.7146666666666667,0.8240000000000001,0.9093333333333333,3.0,3.0,3.0
2025,Dutch Grand Prix,Qualifying,qualifying,Mercedes,ANT,69.723,4,69.68950000000001,16,8,-0.03349999999998943,69.68950000000001,0.5714285714285714,0.8888888888888888,0.6664862914862915,0.7301587301587301,0.23237994816558635,-0.2658799481655758,True,0.4995555555555555,0.43022222222222234,0.5297777777777777,3.0,3.0,3.0
2025,Dutch Grand Prix,Qualifying,qualifying,Mercedes,RUS,69.656,4,69.68950000000001,16,8,0.03350000000000364,69.68950000000001,0.5714285714285714,0.8888888888888888,0.6664862914862915,0.7301587301587301,0.45271685282537005,-0.4192168528253664,True,0.4995555555555555,0.43022222222222234,0.5297777777777777,3.0,3.0,3.0
2025,Dutch Grand Prix,Qualifying,qualifying,Racing Bulls,HAD,69.477,4,69.68950000000001,16,8,0.21250000000000568,69.545,0.7142857142857143,0.6666666666666667,0.38076341647770223,0.28174603174603174,-0.14520422670120633,0.35770422670121205,True,0.4826666666666667,0.6248888888888888,0.37333333333333335,3.0,3.0,3.0
2025,Dutch Grand Prix,Qualifying,qualifying,Racing Bulls,LAW,69.613,4,69.68950000000001,16,8,0.07650000000001,69.545,0.7142857142857143,0.6666666666666667,0.38076341647770223,0.28174603174603174,-0.24819032494534726,0.32469032494535727,True,0.4826666666666667,0.6248888888888888,0.37333333333333335,3.0,3.0,3.0
2025,Dutch Grand Prix,Qualifying,qualifying,Red Bull Racing,TSU,70.04050000000001,4,69.68950000000001,16,8,-0.3509999999999991,69.77825,0.4285714285714286,0.33333333333333337,0.6423160173160173,0.6076388888888888,-0.01826717338177214,-0.33273282661822695,True,0.5146666666666667,0.3493333333333334,0.5751111111111111,3.0,3.0,3.0
2025,Dutch Grand Prix,Qualifying,qualifying,Red Bull Racing,VER,69.51599999999999,4,69.68950000000001,16,8,0.17350000000001842,69.77825,0.4285714285714286,0.33333333333333337,0.6423160173160173,0.6076388888888888,0.44653785362151754,-0.2730378536214991,True,0.5146666666666667,0.3493333333333334,0.5751111111111111,3.0,3.0,3.0
2025,Dutch Grand Prix,Qualifying,qualifying,Williams,ALB,69.86500000000001,4,69.68950000000001,16,8,-0.17549999999999955,69.86875,0.2857142857142857,0.11111111111111116,0.4249622071050642,0.351984126984127,0.4053446987189551,-0.5808446987189546,True,0.687111111111111,0.6382222222222222,0.7857777777777779,3.0,3.0,3.0
2025,Dutch Grand Prix,Qualifying,qualifying,Williams,SAI,69.8725,4,69.68950000000001,16,8,-0.18299999999999272,69.86875,0.2857142857142857,0.11111111111111116,0.4249622071050642,0.351984126984127,0.42089768077579187,-0.6038976807757845,True,0.687111111111111,0.6382222222222222,0.7857777777777779,3.0,3.0,3.0
2025,Dutch Grand Prix,Race,race,Alpine,COL,76.367,21,76.18075,20,10,-0.18625000000000114,76.4605,0.2222222222222222,0.2222222222222222,0.28111946532999166,0.2698412698412698,0.06255266167480363,-0.24880266167480475,True,0.32533333333333336,0.13333333333333336,0.29911111111111116,3.0,3.0,3.0
2025,Dutch Grand Prix,Race,race,Alpine,GAS,76.554,21,76.18075,20,10,-0.37324999999999875,76.4605,0.2222222222222222,0.2222222222222222,0.28111946532999166,0.2698412698412698,0.03412313799982952,-0.40737313799982827,True,0.32533333333333336,0.13333333333333336,0.29911111111111116,3.0,3.0,3.0
2025,Dutch Grand Prix,Race,race,Aston Martin,ALO,76.1815,26,76.18075,20,10,-0.0007499999999964757,76.10225,0.7777777777777778,0.7777777777777778,0.3057142857142857,0.3173611111111111,0.016901313346079846,-0.017651313346076322,True,0.6,0.608,0.49688888888888894,3.0,3.0,3.0
2025,Dutch Grand Prix,Race,race,Aston Martin,STR,76.023,26,76.18075,20,10,0.15775000000000716,76.10225,0.7777777777777778,0.7777777777777778,0.3057142857142857,0.3173611111111111,-0.2745680106068059,0.4323180106068131,True,0.6,0.608,0.49688888888888894,3.0,3.0,3.0
2025,Dutch Grand Prix,Race,race,Ferrari,HAM,76.179,19,76.18075,20,10,0.0017500000000012506,76.1795,0.5555555555555556,0.5555555555555556,0.7150103519668738,0.7796296296296297,-0.03013038881255811,0.03188038881255936,True,0.7555555555555556,0.7617777777777778,0.596,3.0,3.0,3.0
2025,Dutch Grand Prix,Race,race,Ferrari,LEC,76.18,19,76.18075,20,10,0.0007499999999964757,76.1795,0.5555555555555556,0.5555555555555556,0.7150103519668738,0.7796296296296297,0.1958228383996559,-0.19507283839965942,True,0.7555555555555556,0.7617777777777778,0.596,3.0,3.0,3.0
2025,Dutch Grand Prix,Race,race,Haas F1 Team,BEA,76.593,45,76.18075,20,10,-0.4122500000000002,76.63300000000001,0.0,0.0,0.29614748677248676,0.3450617283950617,0.0345295176463184,-0.4467795176463186,True,0.376,0.34755555555555556,0.2728888888888889,3.0,3.0,3.0
2025,Dutch Grand Prix,Race,race,Haas F1 Team,OCO,76.673,45,76.18075,20,10,-0.4922499999999985,76.63300000000001,0.0,0.0,0.29614748677248676,0.3450617283950617,-0.12843307985374308,-0.36381692014625544,True,0.376,0.34755555555555556,0.2728888888888889,3.0,3.0,3.0
2025,Dutch Grand Prix,Race,race,Kick Sauber,BOR,76.614,27,76.18075,20,10,-0.433250000000001,76.242,0.4444444444444444,0.4444444444444444,0.24415204678362576,0.3315972222222222,-0.23563312919797155,-0.19761687080202947,True,0.04444444444444447,0.2826666666666667,0.16177777777777774,3.0,3.0,3.0
2025,Dutch Grand Prix,Race,race,Kick Sauber,HUL,75.87,27,76.18075,20,10,0.31074999999999875,76.242,0.4444444444444444,0.4444444444444444,0.24415204678362576,0.3315972222222222,-0.18641475160805335,0.49716475160805207,True,0.04444444444444447,0.2826666666666667,0.16177777777777774,3.0,3.0,3.0
2025,Dutch Grand Prix,Race,race,McLaren,NOR,74.795,45,76.18075,20,10,1.3857500000000016,74.793,1.0,1.0,0.9608585858585859,0.9841269841269842,0.2594772926936577,1.1262727073063439,True,0.7146666666666667,0.8240000000000001,0.9093333333333333,3.0,3.0,3.0
2025,Dutch Grand Prix,Race,race,McLaren,PIA,74.791,45,76.18075,20,10,1.3897500000000065,74.793,1.0,1.0,0.9608585858585859,0.9841269841269842,0.12747228817738215,1.2622777118226243,True,0.7146666666666667,0.8240000000000001,0.9093333333333333,3.0,3.0,3.0
2025,Dutch Grand Prix,Race,race,Mercedes,ANT,75.1775,44,76.18075,20,10,1.0032500000000084,75.42675,0.8888888888888888,0.8888888888888888,0.6664862914862915,0.7301587301587301,-0.24773778002094068,1.250987780020949,True,0.4995555555555555,0.43022222222222234,0.5297777777777777,3.0,3.0,3.0
2025,Dutch Grand Prix,Race,race,Mercedes,RUS,75.676,44,76.18075,20,10,0.5047500000000014,75.42675,0.8888888888888888,0.8888888888888888,0.6664862914862915,0.7301587301587301,-0.09081960026679484,0.5955696002667962,True,0.4995555555555555,0.43022222222222234,0.5297777777777777,3.0,3.0,3.0
2025,Dutch Grand Prix,Race,race,Racing Bulls,HAD,75.905,27,76.18075,20,10,0.27575000000000216,76.1165,0.6666666666666667,0.6666666666666667,0.38076341647770223,0.28174603174603174,0.19209060622006915,0.083659393779933,True,0.4826666666666667,0.6248888888888888,0.37333333333333335,3.0,3.0,3.0
2025,Dutch Grand Prix,Race,race,Racing Bulls,LAW,76.328,27,76.18075,20,10,-0.14724999999999966,76.1165,0.6666666666666667,0.6666666666666667,0.38076341647770223,0.28174603174603174,-0.0020845522345543707,-0.1451654477654453,True,0.4826666666666667,0.6248888888888888,0.37333333333333335,3.0,3.0,3.0
2025,Dutch Grand Prix,Race,race,Red Bull Racing,TSU,76.791,23,76.18075,20,10,-0.6102499999999935,76.2955,0.33333333333333337,0.33333333333333337,0.6423160173160173,0.6076388888888888,-0.008871756926109803,-0.6013782430738838,True,0.5146666666666667,0.3493333333333334,0.5751111111111111,3.0,3.0,3.0
2025,Dutch Grand Prix,Race,race,Red Bull Racing,VER,75.8,23,76.18075,20,10,0.38075000000000614,76.2955,0.33333333333333337,0.33333333333333337,0.6423160173160173,0.6076388888888888,1.05349042621627,-0.672740426216264,True,0.5146666666666667,0.3493333333333334,0.5751111111111111,3.0,3.0,3.0
2025,Dutch Grand Prix,Race,race,Williams,ALB,76.57,27,76.18075,20,10,-0.3892499999999899,76.51599999999999,0.11111111111111116,0.11111111111111116,0.4249622071050642,0.351984126984127,0.26859346837757936,-0.6578434683775692,True,0.687111111111111,0.6382222222222222,0.7857777777777779,3.0,3.0,3.0
2025,Dutch Grand Prix,Race,race,Williams,SAI,76.462,27,76.18075,20,10,-0.28125,76.51599999999999,0.11111111111111116,0.11111111111111116,0.4249622071050642,0.351984126984127,0.13770117581501623,-0.41895117581501623,True,0.687111111111111,0.6382222222222222,0.7857777777777779,3.0,3.0,3.0
2025,Emilia Romagna Grand Prix,Qualifying,qualifying,Aston Martin,ALO,75.6475,4,75.76725,12,6,0.11975000000001046,75.66075000000001,0.8,0.2222222222222222,0.3057142857142857,0.3685185185185185,0.14345355062000661,-0.023703550619996155,True,0.40800000000000003,0.5697777777777778,0.37155555555555553,3.0,3.0,3.0
2025,Emilia Romagna Grand Prix,Qualifying,qualifying,Aston Martin,STR,75.674,4,75.76725,12,6,0.09324999999999761,75.66075000000001,0.8,0.2222222222222222,0.3057142857142857,0.3685185185185185,-0.11131040426236238,0.20456040426236,True,0.40800000000000003,0.5697777777777778,0.37155555555555553,3.0,3.0,3.0
2025,Emilia Romagna Grand Prix,Qualifying,qualifying,Ferrari,HAM,76.08699999999999,4,75.76725,12,6,-0.3197499999999849,76.0045,0.19999999999999996,0.5555555555555556,0.7150103519668738,0.7572222222222222,0.3949955738094543,-0.7147455738094393,True,0.3822222222222222,0.7742222222222221,0.3457777777777778,3.0,3.0,3.0
2025,Emilia Romagna Grand Prix,Qualifying,qualifying,Ferrari,LEC,75.922,4,75.76725,12,6,-0.15474999999999284,76.0045,0.19999999999999996,0.5555555555555556,0.7150103519668738,0.7572222222222222,0.4980360426406395,-0.6527860426406323,True,0.3822222222222222,0.7742222222222221,0.3457777777777778,3.0,3.0,3.0
2025,Emilia Romagna Grand Prix,Qualifying,qualifying,Kick Sauber,BOR,76.67,3,75.76725,12,6,-0.9027499999999975,76.7445,0.0,0.11111111111111116,0.24415204678362576,0.34413580246913583,-0.5535069083600311,-0.34924309163996636,True,0.19022222222222224,0.19377777777777777,0.22666666666666666,3.0,3.0,3.0
2025,Emilia Romagna Grand Prix,Qualifying,qualifying,Kick Sauber,HUL,76.819,3,75.76725,12,6,-1.0517499999999984,76.7445,0.0,0.11111111111111116,0.24415204678362576,0.34413580246913583,-0.46068755930034505,-0.5910624406996534,True,0.19022222222222224,0.19377777777777777,0.22666666666666666,3.0,3.0,3.0
2025,Emilia Romagna Grand Prix,Qualifying,qualifying,McLaren,NOR,75.3025,4,75.76725,12,6,0.4647500000000093,75.16,1.0,1.0,0.9608585858585859,0.9861111111111112,0.12450891586109554,0.3402410841389138,True,0.8906666666666666,0.8302222222222223,0.8177777777777777,3.0,3.0,3.0
2025,Emilia Romagna Grand Prix,Qualifying,qualifying,McLaren,PIA,75.0175,4,75.76725,12,6,0.7497500000000059,75.16,1.0,1.0,0.9608585858585859,0.9861111111111112,0.03443707754662947,0.7153129224533764,True,0.8906666666666666,0.8302222222222223,0.8177777777777777,3.0,3.0,3.0
2025,Emilia Romagna Grand Prix,Qualifying,qualifying,Mercedes,ANT,75.943,3,75.76725,12,6,-0.17574999999999363,75.747,0.6,0.33333333333333337,0.6664862914862915,0.75,0.23237994816558635,-0.40812994816558,True,0.719111111111111,0.35377777777777775,0.6764444444444445,3.0,3.0,3.0
2025,Emilia Romagna Grand Prix,Qualifying,qualifying,Mercedes,RUS,75.551,3,75.76725,12,6,0.21625000000000227,75.747,0.6,0.33333333333333337,0.6664862914862915,0.75,0.45271685282537005,-0.23646685282536778,True,0.719111111111111,0.35377777777777775,0.6764444444444445,3.0,3.0,3.0
2025,Emilia Romagna Grand Prix,Qualifying,qualifying,Williams,ALB,75.8605,4,75.76725,12,6,-0.09324999999999761,75.75575,0.4,0.8888888888888888,0.4249622071050642,0.321875,0.4053446987189551,-0.49859469871895273,True,0.7777777777777779,0.7208888888888889,0.784,3.0,3.0,3.0
2025,Emilia Romagna Grand Prix,Qualifying,qualifying,Williams,SAI,75.65100000000001,4,75.76725,12,6,0.11624999999999375,75.75575,0.4,0.8888888888888888,0.4249622071050642,0.321875,0.42089768077579187,-0.3046476807757981,True,0.7777777777777779,0.7208888888888889,0.784,3.0,3.0,3.0
2025,Emilia Romagna Grand Prix,Race,race,Alpine,COL,81.58449999999999,24,81.80575,20,10,0.22125000000001194,81.76875,0.4444444444444444,0.4444444444444444,0.28111946532999166,0.2638888888888889,0.06255266167480363,0.15869733832520833,True,0.2844444444444445,0.10488888888888889,0.5031111111111113,3.0,3.0,3.0
2025,Emilia Romagna Grand Prix,Race,race,Alpine,GAS,81.953,24,81.80575,20,10,-0.14724999999999966,81.76875,0.4444444444444444,0.4444444444444444,0.28111946532999166,0.2638888888888889,0.03412313799982952,-0.18137313799982918,True,0.2844444444444445,0.10488888888888889,0.5031111111111113,3.0,3.0,3.0
2025,Emilia Romagna Grand Prix,Race,race,Aston Martin,ALO,81.864,35,81.80575,20,10,-0.05825000000000102,81.902,0.2222222222222222,0.2222222222222222,0.3057142857142857,0.3685185185185185,0.016901313346079846,-0.07515131334608087,True,0.40800000000000003,0.5697777777777778,0.37155555555555553,3.0,3.0,3.0
2025,Emilia Romagna Grand Prix,Race,race,Aston Martin,STR,81.94,35,81.80575,20,10,-0.13424999999999443,81.902,0.2222222222222222,0.2222222222222222,0.3057142857142857,0.3685185185185185,-0.2745680106068059,0.14031801060681148,True,0.40800000000000003,0.5697777777777778,0.37155555555555553,3.0,3.0,3.0
2025,Emilia Romagna Grand Prix,Race,race,Ferrari,HAM,81.929,30,81.80575,20,10,-0.12324999999999875,81.468,0.5555555555555556,0.5555555555555556,0.7150103519668738,0.7572222222222222,-0.03013038881255811,-0.09311961118744064,True,0.3822222222222222,0.7742222222222221,0.3457777777777778,3.0,3.0,3.0
2025,Emilia Romagna Grand Prix,Race,race,Ferrari,LEC,81.007,30,81.80575,20,10,0.7987499999999983,81.468,0.5555555555555556,0.5555555555555556,0.7150103519668738,0.7572222222222222,0.1958228383996559,0.6029271616003424,True,0.3822222222222222,0.7742222222222221,0.3457777777777778,3.0,3.0,3.0
2025,Emilia Romagna Grand Prix,Race,race,Haas F1 Team,BEA,82.30449999999999,20,81.80575,20,10,-0.4987499999999869,82.30675,0.0,0.0,0.29614748677248676,0.3105555555555556,0.0345295176463184,-0.5332795176463053,True,0.18577777777777776,0.12533333333333335,0.18577777777777776,3.0,3.0,3.0
2025,Emilia Romagna Grand Prix,Race,race,Haas F1 Team,OCO,82.309,20,81.80575,20,10,-0.5032499999999942,82.30675,0.0,0.0,0.29614748677248676,0.3105555555555556,-0.12843307985374308,-0.3748169201462511,True,0.18577777777777776,0.12533333333333335,0.18577777777777776,3.0,3.0,3.0
2025,Emilia Romagna Grand Prix,Race,race,Kick Sauber,BOR,82.1235,24,81.80575,20,10,-0.31775000000000375,82.13825,0.11111111111111116,0.11111111111111116,0.24415204678362576,0.34413580246913583,-0.23563312919797155,-0.0821168708020322,True,0.19022222222222224,0.19377777777777777,0.22666666666666666,3.0,3.0,3.0
2025,Emilia Romagna Grand Prix,Race,race,Kick Sauber,HUL,82.153,24,81.80575,20,10,-0.3472500000000025,82.13825,0.11111111111111116,0.11111111111111116,0.24415204678362576,0.34413580246913583,-0.18641475160805335,-0.16083524839194915,True,0.19022222222222224,0.19377777777777777,0.22666666666666666,3.0,3.0,3.0
2025,Emilia Romagna Grand Prix,Race,race,McLaren,NOR,79.78450000000001,26,81.80575,20,10,2.021249999999995,80.48750000000001,1.0,1.0,0.9608585858585859,0.9861111111111112,0.2594772926936577,1.7617727073063372,True,0.8906666666666666,0.8302222222222223,0.8177777777777777,3.0,3.0,3.0
2025,Emilia Romagna Grand Prix,Race,race,McLaren,PIA,81.1905,26,81.80575,20,10,0.6152500000000032,80.48750000000001,1.0,1.0,0.9608585858585859,0.9861111111111112,0.12747228817738215,0.48777771182262103,True,0.8906666666666666,0.8302222222222223,0.8177777777777777,3.0,3.0,3.0
2025,Emilia Romagna Grand Prix,Race,race,Mercedes,ANT,81.994,21,81.80575,20,10,-0.18824999999999648,81.773,0.33333333333333337,0.33333333333333337,0.6664862914862915,0.75,-0.24773778002094068,0.05948778002094421,True,0.719111111111111,0.35377777777777775,0.6764444444444445,3.0,3.0,3.0
2025,Emilia Romagna Grand Prix,Race,race,Mercedes,RUS,81.552,21,81.80575,20,10,0.2537499999999966,81.773,0.33333333333333337,0.33333333333333337,0.6664862914862915,0.75,-0.09081960026679484,0.3445696002667914,True,0.719111111111111,0.35377777777777775,0.6764444444444445,3.0,3.0,3.0
2025,Emilia Romagna Grand Prix,Race,race,Racing Bulls,HAD,80.815,25,81.80575,20,10,0.9907500000000056,81.4395,0.6666666666666667,0.6666666666666667,0.38076341647770223,0.32986111111111116,0.19209060622006915,0.7986593937799364,True,0.3697777777777778,0.6648888888888889,0.2968888888888889,3.0,3.0,3.0
2025,Emilia Romagna Grand Prix,Race,race,Racing Bulls,LAW,82.064,25,81.80575,20,10,-0.25824999999998965,81.4395,0.6666666666666667,0.6666666666666667,0.38076341647770223,0.32986111111111116,-0.0020845522345543707,-0.25616544776543526,True,0.3697777777777778,0.6648888888888889,0.2968888888888889,3.0,3.0,3.0
2025,Emilia Romagna Grand Prix,Race,race,Red Bull Racing,TSU,81.7475,26,81.80575,20,10,0.05825000000000102,81.42625,0.7777777777777778,0.7777777777777778,0.6423160173160173,0.5771604938271605,-0.008871756926109803,0.06712175692611083,True,0.792,0.6622222222222222,0.792,3.0,3.0,3.0
2025,Emilia Romagna Grand Prix,Race,race,Red Bull Racing,VER,81.10499999999999,26,81.80575,20,10,0.7007500000000135,81.42625,0.7777777777777778,0.7777777777777778,0.6423160173160173,0.5771604938271605,1.05349042621627,-0.35274042621625656,True,0.792,0.6622222222222222,0.792,3.0,3.0,3.0
2025,Emilia Romagna Grand Prix,Race,race,Williams,ALB,80.70849999999999,26,81.80575,20,10,1.0972500000000167,81.12674999999999,0.8888888888888888,0.8888888888888888,0.4249622071050642,0.321875,0.26859346837757936,0.8286565316224374,True,0.7777777777777779,0.7208888888888889,0.784,3.0,3.0,3.0
2025,Emilia Romagna Grand Prix,Race,race,Williams,SAI,81.54499999999999,26,81.80575,20,10,0.2607500000000158,81.12674999999999,0.8888888888888888,0.8888888888888888,0.4249622071050642,0.321875,0.13770117581501623,0.12304882418499957,True,0.7777777777777779,0.7208888888888889,0.784,3.0,3.0,3.0
2025,Hungarian Grand Prix,Qualifying,qualifying,Aston Martin,ALO,75.481,3,75.7815,12,6,0.30049999999999955,75.5805,0.8,0.33333333333333337,0.3057142857142857,0.35388888888888886,0.14345355062000661,0.15704644937999293,True,0.7697777777777778,0.4017777777777778,0.520888888888889,3.0,3.0,3.0
2025,Hungarian Grand Prix,Qualifying,qualifying,Aston Martin,STR,75.68,3,75.7815,12,6,0.10149999999998727,75.5805,0.8,0.33333333333333337,0.3057142857142857,0.35388888888888886,-0.11131040426236238,0.21281040426234965,True,0.7697777777777778,0.4017777777777778,0.520888888888889,3.0,3.0,3.0
2025,Hungarian Grand Prix,Qualifying,qualifying,Ferrari,HAM,75.84100000000001,4,75.7815,12,6,-0.0595000000000141,75.86225,0.4,0.4444444444444444,0.7150103519668738,0.7388888888888889,0.3949955738094543,-0.4544955738094684,True,0.8240000000000001,0.703111111111111,0.9333333333333332,3.0,3.0,3.0
2025,Hungarian Grand Prix,Qualifying,qualifying,Ferrari,LEC,75.8835,4,75.7815,12,6,-0.10200000000000387,75.86225,0.4,0.4444444444444444,0.7150103519668738,0.7388888888888889,0.4980360426406395,-0.6000360426406434,True,0.8240000000000001,0.703111111111111,0.9333333333333332,3.0,3.0,3.0
2025,Hungarian Grand Prix,Qualifying,qualifying,McLaren,NOR,75.247,4,75.7815,12,6,0.5344999999999942,75.267,1.0,1.0,0.9608585858585859,0.9876543209876544,0.12450891586109554,0.4099910841388987,True,0.8382222222222222,0.8462222222222223,0.9111111111111111,3.0,3.0,3.0
2025,Hungarian Grand Prix,Qualifying,qualifying,McLaren,PIA,75.287,4,75.7815,12,6,0.49449999999998795,75.267,1.0,1.0,0.9608585858585859,0.9876543209876544,0.03443707754662947,0.4600629224533585,True,0.8382222222222222,0.8462222222222223,0.9111111111111111,3.0,3.0,3.0
2025,Hungarian Grand Prix,Qualifying,qualifying,Mercedes,ANT,75.782,3,75.7815,12,6,-0.0005000000000023874,75.7045,0.6,0.7777777777777778,0.6664862914862915,0.7037037037037037,0.23237994816558635,-0.23287994816558874,True,0.11733333333333333,0.7333333333333334,0.22666666666666666,3.0,3.0,3.0
2025,Hungarian Grand Prix,Qualifying,qualifying,Mercedes,RUS,75.627,3,75.7815,12,6,0.15449999999999875,75.7045,0.6,0.7777777777777778,0.6664862914862915,0.7037037037037037,0.45271685282537005,-0.2982168528253713,True,0.11733333333333333,0.7333333333333334,0.22666666666666666,3.0,3.0,3.0
2025,Hungarian Grand Prix,Qualifying,qualifying,Racing Bulls,HAD,75.781,3,75.7815,12,6,0.0004999999999881766,75.9685,0.19999999999999996,0.6666666666666667,0.38076341647770223,0.36728395061728397,-0.14520422670120633,0.1457042267011945,True,0.25422222222222224,0.40355555555555556,0.44266666666666676,3.0,3.0,3.0
2025,Hungarian Grand Prix,Qualifying,qualifying,Racing Bulls,LAW,76.156,3,75.7815,12,6,-0.3745000000000118,75.9685,0.19999999999999996,0.6666666666666667,0.38076341647770223,0.36728395061728397,-0.24819032494534726,-0.12630967505466456,True,0.25422222222222224,0.40355555555555556,0.44266666666666676,3.0,3.0,3.0
2025,Hungarian Grand Prix,Qualifying,qualifying,Williams,ALB,76.448,3,75.7815,12,6,-0.6664999999999992,76.45849999999999,0.0,0.5555555555555556,0.4249622071050642,0.3848765432098766,0.4053446987189551,-1.0718446987189543,True,0.5662222222222222,0.35377777777777775,0.31733333333333336,3.0,3.0,3.0
2025,Hungarian Grand Prix,Qualifying,qualifying,Williams,SAI,76.469,3,75.7815,12,6,-0.6875,76.45849999999999,0.0,0.5555555555555556,0.4249622071050642,0.3848765432098766,0.42089768077579187,-1.1083976807757918,True,0.5662222222222222,0.35377777777777775,0.31733333333333336,3.0,3.0,3.0
2025,Hungarian Grand Prix,Race,race,Alpine,COL,82.1255,34,82.5825,20,10,0.45699999999999363,82.82825,0.2222222222222222,0.2222222222222222,0.28111946532999166,0.2839506172839506,0.06255266167480363,0.39444733832519,True,0.2888888888888889,0.24266666666666667,0.3431111111111111,3.0,3.0,3.0
2025,Hungarian Grand Prix,Race,race,Alpine,GAS,83.531,34,82.5825,20,10,-0.9485000000000099,82.82825,0.2222222222222222,0.2222222222222222,0.28111946532999166,0.2839506172839506,0.03412313799982952,-0.9826231379998394,True,0.2888888888888889,0.24266666666666667,0.3431111111111111,3.0,3.0,3.0
2025,Hungarian Grand Prix,Race,race,Aston Martin,ALO,82.576,53,82.5825,20,10,0.006500000000002615,82.8265,0.33333333333333337,0.33333333333333337,0.3057142857142857,0.35388888888888886,0.016901313346079846,-0.010401313346077232,True,0.7697777777777778,0.4017777777777778,0.520888888888889,3.0,3.0,3.0
2025,Hungarian Grand Prix,Race,race,Aston Martin,STR,83.077,53,82.5825,20,10,-0.49450000000000216,82.8265,0.33333333333333337,0.33333333333333337,0.3057142857142857,0.35388888888888886,-0.2745680106068059,-0.21993198939319625,True,0.7697777777777778,0.4017777777777778,0.520888888888889,3.0,3.0,3.0
2025,Hungarian Grand Prix,Race,race,Ferrari,HAM,83.449,40,82.5825,20,10,-0.866500000000002,82.589,0.4444444444444444,0.4444444444444444,0.7150103519668738,0.7388888888888889,-0.03013038881255811,-0.8363696111874439,True,0.8240000000000001,0.703111111111111,0.9333333333333332,3.0,3.0,3.0
2025,Hungarian Grand Prix,Race,race,Ferrari,LEC,81.729,40,82.5825,20,10,0.8534999999999968,82.589,0.4444444444444444,0.4444444444444444,0.7150103519668738,0.7388888888888889,0.1958228383996559,0.657677161600341,True,0.8240000000000001,0.703111111111111,0.9333333333333332,3.0,3.0,3.0
2025,Hungarian Grand Prix,Race,race,Haas F1 Team,BEA,82.8155,24,82.5825,20,10,-0.2330000000000041,83.07425,0.0,0.0,0.29614748677248676,0.2823232323232323,0.0345295176463184,-0.2675295176463225,True,0.39822222222222226,0.5173333333333334,0.40444444444444444,3.0,3.0,3.0
2025,Hungarian Grand Prix,Race,race,Haas F1 Team,OCO,83.333,24,82.5825,20,10,-0.7505000000000024,83.07425,0.0,0.0,0.29614748677248676,0.2823232323232323,-0.12843307985374308,-0.6220669201462593,True,0.39822222222222226,0.5173333333333334,0.40444444444444444,3.0,3.0,3.0
2025,Hungarian Grand Prix,Race,race,Kick Sauber,BOR,83.02,27,82.5825,20,10,-0.4375,82.86099999999999,0.11111111111111116,0.11111111111111116,0.24415204678362576,0.32083333333333336,-0.23563312919797155,-0.20186687080202845,True,0.6462222222222223,0.7013333333333334,0.5431111111111111,3.0,3.0,3.0
2025,Hungarian Grand Prix,Race,race,Kick Sauber,HUL,82.702,27,82.5825,20,10,-0.11950000000000216,82.86099999999999,0.11111111111111116,0.11111111111111116,0.24415204678362576,0.32083333333333336,-0.18641475160805335,0.06691475160805119,True,0.6462222222222223,0.7013333333333334,0.5431111111111111,3.0,3.0,3.0
2025,Hungarian Grand Prix,Race,race,McLaren,NOR,80.726,35,82.5825,20,10,1.856499999999997,81.13550000000001,1.0,1.0,0.9608585858585859,0.9876543209876544,0.2594772926936577,1.5970227073063392,True,0.8382222222222222,0.8462222222222223,0.9111111111111111,3.0,3.0,3.0
2025,Hungarian Grand Prix,Race,race,McLaren,PIA,81.545,35,82.5825,20,10,1.0374999999999943,81.13550000000001,1.0,1.0,0.9608585858585859,0.9876543209876544,0.12747228817738215,0.9100277118226121,True,0.8382222222222222,0.8462222222222223,0.9111111111111111,3.0,3.0,3.0
2025,Hungarian Grand Prix,Race,race,Mercedes,ANT,82.589,33,82.5825,20,10,-0.006500000000002615,82.124,0.7777777777777778,0.7777777777777778,0.6664862914862915,0.7037037037037037,-0.24773778002094068,0.24123778002093807,True,0.11733333333333333,0.7333333333333334,0.22666666666666666,3.0,3.0,3.0
2025,Hungarian Grand Prix,Race,race,Mercedes,RUS,81.659,33,82.5825,20,10,0.92349999999999,82.124,0.7777777777777778,0.7777777777777778,0.6664862914862915,0.7037037037037037,-0.09081960026679484,1.014319600266785,True,0.11733333333333333,0.7333333333333334,0.22666666666666666,3.0,3.0,3.0
2025,Hungarian Grand Prix,Race,race,Racing Bulls,HAD,82.788,52,82.5825,20,10,-0.20550000000000068,82.47025,0.6666666666666667,0.6666666666666667,0.38076341647770223,0.36728395061728397,0.19209060622006915,-0.3975906062200698,True,0.25422222222222224,0.40355555555555556,0.44266666666666676,3.0,3.0,3.0
2025,Hungarian Grand Prix,Race,race,Racing Bulls,LAW,82.1525,52,82.5825,20,10,0.4299999999999926,82.47025,0.6666666666666667,0.6666666666666667,0.38076341647770223,0.36728395061728397,-0.0020845522345543707,0.432084552234547,True,0.25422222222222224,0.40355555555555556,0.44266666666666676,3.0,3.0,3.0
2025,Hungarian Grand Prix,Race,race,Red Bull Racing,TSU,82.065,38,82.5825,20,10,0.5174999999999983,82.049,0.8888888888888888,0.8888888888888888,0.6423160173160173,0.5972222222222222,-0.008871756926109803,0.526371756926108,True,0.29688888888888887,0.0968888888888889,0.35733333333333334,3.0,3.0,3.0
2025,Hungarian Grand Prix,Race,race,Red Bull Racing,VER,82.033,38,82.5825,20,10,0.5494999999999948,82.049,0.8888888888888888,0.8888888888888888,0.6423160173160173,0.5972222222222222,1.05349042621627,-0.5039904262162753,True,0.29688888888888887,0.0968888888888889,0.35733333333333334,3.0,3.0,3.0
2025,Hungarian Grand Prix,Race,race,Williams,ALB,82.37899999999999,44,82.5825,20,10,0.20350000000000534,82.52125,0.5555555555555556,0.5555555555555556,0.4249622071050642,0.3848765432098766,0.26859346837757936,-0.06509346837757402,True,0.5662222222222222,0.35377777777777775,0.31733333333333336,3.0,3.0,3.0
2025,Hungarian Grand Prix,Race,race,Williams,SAI,82.6635,44,82.5825,20,10,-0.08100000000000307,82.52125,0.5555555555555556,0.5555555555555556,0.4249622071050642,0.3848765432098766,0.13770117581501623,-0.2187011758150193,True,0.5662222222222222,0.35377777777777775,0.31733333333333336,3.0,3.0,3.0
2025,Italian Grand Prix,Qualifying,qualifying,Alpine,COL,80.181,3,79.53275000000001,16,8,-0.6482499999999902,80.15950000000001,0.0,0.1428571428571429,0.28111946532999166,0.2777777777777778,-0.24517484313212232,-0.4030751568678679,True,0.29066666666666674,0.11911111111111113,0.1955555555555556,3.0,3.0,3.0
2025,Italian Grand Prix,Qualifying,qualifying,Alpine,GAS,80.138,3,79.53275000000001,16,8,-0.6052499999999981,80.15950000000001,0.0,0.1428571428571429,0.28111946532999166,0.2777777777777778,-0.08121862419797127,-0.5240313758020267,True,0.29066666666666674,0.11911111111111113,0.1955555555555556,3.0,3.0,3.0
2025,Italian Grand Prix,Qualifying,qualifying,Ferrari,HAM,79.3255,4,79.53275000000001,16,8,0.20725000000000193,79.29575,0.7142857142857143,0.8571428571428572,0.7150103519668738,0.7143518518518519,0.3949955738094543,-0.1877455738094524,True,0.48711111111111116,0.8542222222222222,0.4711111111111112,3.0,3.0,3.0
2025,Italian Grand Prix,Qualifying,qualifying,Ferrari,LEC,79.26599999999999,4,79.53275000000001,16,8,0.26675000000001603,79.29575,0.7142857142857143,0.8571428571428572,0.7150103519668738,0.7143518518518519,0.4980360426406395,-0.23128604264062347,True,0.48711111111111116,0.8542222222222222,0.4711111111111112,3.0,3.0,3.0
2025,Italian Grand Prix,Qualifying,qualifying,Haas F1 Team,BEA,79.688,5,79.53275000000001,16,8,-0.15524999999999523,79.846,0.1428571428571429,0.4285714285714286,0.29614748677248676,0.2587962962962963,0.1909954717993887,-0.3462454717993839,True,0.42222222222222233,0.2951111111111111,0.2968888888888889,3.0,3.0,3.0
2025,Italian Grand Prix,Qualifying,qualifying,Haas F1 Team,OCO,80.004,5,79.53275000000001,16,8,-0.4712499999999977,79.846,0.1428571428571429,0.4285714285714286,0.29614748677248676,0.2587962962962963,-0.06464507161486799,-0.40660492838512974,True,0.42222222222222233,0.2951111111111111,0.2968888888888889,3.0,3.0,3.0
2025,Italian Grand Prix,Qualifying,qualifying,Kick Sauber,BOR,79.688,5,79.53275000000001,16,8,-0.15524999999999523,79.7465,0.4285714285714286,,0.24415204678362576,,-0.5535069083600311,0.3982569083600359,True,0.3128888888888889,0.30311111111111116,0.24800000000000005,3.0,3.0,3.0
2025,Italian Grand Prix,Qualifying,qualifying,Kick Sauber,HUL,79.805,5,79.53275000000001,16,8,-0.27224999999999966,79.7465,0.4285714285714286,,0.24415204678362576,,-0.46068755930034505,0.1884375593003454,True,0.3128888888888889,0.30311111111111116,0.24800000000000005,3.0,3.0,3.0
2025,Italian Grand Prix,Qualifying,qualifying,McLaren,NOR,79.363,4,79.53275000000001,16,8,0.16975000000000762,79.267,1.0,1.0,0.9608585858585859,0.9888888888888889,0.12450891586109554,0.04524108413891208,True,0.5173333333333334,0.42666666666666664,0.792,3.0,3.0,3.0
2025,Italian Grand Prix,Qualifying,qualifying,McLaren,PIA,79.17099999999999,4,79.53275000000001,16,8,0.3617500000000149,79.267,1.0,1.0,0.9608585858585859,0.9888888888888889,0.03443707754662947,0.32731292245338545,True,0.5173333333333334,0.42666666666666664,0.792,3.0,3.0,3.0
2025,Italian Grand Prix,Qualifying,qualifying,Mercedes,ANT,79.349,4,79.53275000000001,16,8,0.1837500000000034,79.31825,0.5714285714285714,0.5714285714285714,0.6664862914862915,0.711111111111111,0.23237994816558635,-0.04862994816558294,True,0.4906666666666667,0.3395555555555556,0.8542222222222222,3.0,3.0,3.0
2025,Italian Grand Prix,Qualifying,qualifying,Mercedes,RUS,79.2875,4,79.53275000000001,16,8,0.24525000000001285,79.31825,0.5714285714285714,0.5714285714285714,0.6664862914862915,0.711111111111111,0.45271685282537005,-0.2074668528253572,True,0.4906666666666667,0.3395555555555556,0.8542222222222222,3.0,3.0,3.0
2025,Italian Grand Prix,Qualifying,qualifying,Red Bull Racing,TSU,79.52350000000001,4,79.53275000000001,16,8,0.00924999999999443,79.2775,0.8571428571428572,0.2857142857142857,0.6423160173160173,0.6237373737373737,-0.01826717338177214,0.02751717338176657,True,0.5822222222222222,0.6524444444444445,0.6026666666666667,3.0,3.0,3.0
2025,Italian Grand Prix,Qualifying,qualifying,Red Bull Racing,VER,79.0315,4,79.53275000000001,16,8,0.5012500000000131,79.2775,0.8571428571428572,0.2857142857142857,0.6423160173160173,0.6237373737373737,0.44653785362151754,0.05471214637849553,True,0.5822222222222222,0.6524444444444445,0.6026666666666667,3.0,3.0,3.0
2025,Italian Grand Prix,Qualifying,qualifying,Williams,ALB,80.107,3,79.53275000000001,16,8,-0.5742499999999922,79.8245,0.2857142857142857,0.7142857142857143,0.4249622071050642,0.4019444444444445,0.4053446987189551,-0.9795946987189472,True,0.6551111111111111,0.7635555555555557,0.6266666666666667,3.0,3.0,3.0
2025,Italian Grand Prix,Qualifying,qualifying,Williams,SAI,79.542,3,79.53275000000001,16,8,-0.00924999999999443,79.8245,0.2857142857142857,0.7142857142857143,0.4249622071050642,0.4019444444444445,0.42089768077579187,-0.4301476807757863,True,0.6551111111111111,0.7635555555555557,0.6266666666666667,3.0,3.0,3.0
2025,Italian Grand Prix,Race,race,Alpine,COL,82.833,9,83.489,16,8,0.6560000000000059,83.848,0.1428571428571429,0.1428571428571429,0.28111946532999166,0.2777777777777778,0.06255266167480363,0.5934473383252022,True,0.29066666666666674,0.11911111111111113,0.1955555555555556,3.0,3.0,3.0
2025,Italian Grand Prix,Race,race,Alpine,GAS,84.863,9,83.489,16,8,-1.3739999999999952,83.848,0.1428571428571429,0.1428571428571429,0.28111946532999166,0.2777777777777778,0.03412313799982952,-1.4081231379998247,True,0.29066666666666674,0.11911111111111113,0.1955555555555556,3.0,3.0,3.0
2025,Italian Grand Prix,Race,race,Ferrari,HAM,83.463,35,83.489,16,8,0.02600000000001046,83.3075,0.8571428571428572,0.8571428571428572,0.7150103519668738,0.7143518518518519,-0.03013038881255811,0.05613038881256857,True,0.48711111111111116,0.8542222222222222,0.4711111111111112,3.0,3.0,3.0
2025,Italian Grand Prix,Race,race,Ferrari,LEC,83.152,35,83.489,16,8,0.3370000000000033,83.3075,0.8571428571428572,0.8571428571428572,0.7150103519668738,0.7143518518518519,0.1958228383996559,0.1411771616003474,True,0.48711111111111116,0.8542222222222222,0.4711111111111112,3.0,3.0,3.0
2025,Italian Grand Prix,Race,race,Haas F1 Team,BEA,82.911,29,83.489,16,8,0.578000000000003,83.58,0.4285714285714286,0.4285714285714286,0.29614748677248676,0.2587962962962963,0.0345295176463184,0.5434704823536846,True,0.42222222222222233,0.2951111111111111,0.2968888888888889,3.0,3.0,3.0
2025,Italian Grand Prix,Race,race,Haas F1 Team,OCO,84.249,29,83.489,16,8,-0.7599999999999909,83.58,0.4285714285714286,0.4285714285714286,0.29614748677248676,0.2587962962962963,-0.12843307985374308,-0.6315669201462478,True,0.42222222222222233,0.2951111111111111,0.2968888888888889,3.0,3.0,3.0
2025,Italian Grand Prix,Race,race,McLaren,NOR,82.904,41,83.489,16,8,0.585000000000008,82.89349999999999,1.0,1.0,0.9608585858585859,0.9888888888888889,0.2594772926936577,0.32552270730635025,True,0.5173333333333334,0.42666666666666664,0.792,3.0,3.0,3.0
2025,Italian Grand Prix,Race,race,McLaren,PIA,82.883,41,83.489,16,8,0.6060000000000088,82.89349999999999,1.0,1.0,0.9608585858585859,0.9888888888888889,0.12747228817738215,0.4785277118226266,True,0.5173333333333334,0.42666666666666664,0.792,3.0,3.0,3.0
2025,Italian Grand Prix,Race,race,Mercedes,ANT,83.515,41,83.489,16,8,-0.02599999999999625,83.542,0.5714285714285714,0.5714285714285714,0.6664862914862915,0.711111111111111,-0.24773778002094068,0.22173778002094444,True,0.4906666666666667,0.3395555555555556,0.8542222222222222,3.0,3.0,3.0
2025,Italian Grand Prix,Race,race,Mercedes,RUS,83.569,41,83.489,16,8,-0.0799999999999983,83.542,0.5714285714285714,0.5714285714285714,0.6664862914862915,0.711111111111111,-0.09081960026679484,0.010819600266796542,True,0.4906666666666667,0.3395555555555556,0.8542222222222222,3.0,3.0,3.0
2025,Italian Grand Prix,Race,race,Racing Bulls,HAD,84.131,22,83.489,16,8,-0.6419999999999959,83.957,0.0,0.0,0.38076341647770223,0.39722222222222225,0.19209060622006915,-0.834090606220065,True,0.41955555555555557,0.39555555555555555,0.44000000000000006,3.0,3.0,3.0
2025,Italian Grand Prix,Race,race,Racing Bulls,LAW,83.783,22,83.489,16,8,-0.29399999999999693,83.957,0.0,0.0,0.38076341647770223,0.39722222222222225,-0.0020845522345543707,-0.29191544776544254,True,0.41955555555555557,0.39555555555555555,0.44000000000000006,3.0,3.0,3.0
2025,Italian Grand Prix,Race,race,Red Bull Racing,TSU,84.395,21,83.489,16,8,-0.9059999999999917,83.69800000000001,0.2857142857142857,0.2857142857142857,0.6423160173160173,0.6237373737373737,-0.008871756926109803,-0.897128243073882,True,0.5822222222222222,0.6524444444444445,0.6026666666666667,3.0,3.0,3.0
2025,Italian Grand Prix,Race,race,Red Bull Racing,VER,83.001,21,83.489,16,8,0.48799999999999955,83.69800000000001,0.2857142857142857,0.2857142857142857,0.6423160173160173,0.6237373737373737,1.05349042621627,-0.5654904262162705,True,0.5822222222222222,0.6524444444444445,0.6026666666666667,3.0,3.0,3.0
2025,Italian Grand Prix,Race,race,Williams,ALB,84.413,23,83.489,16,8,-0.9239999999999924,83.48849999999999,0.7142857142857143,0.7142857142857143,0.4249622071050642,0.4019444444444445,0.26859346837757936,-1.1925934683775719,True,0.6551111111111111,0.7635555555555557,0.6266666666666667,3.0,3.0,3.0
2025,Italian Grand Prix,Race,race,Williams,SAI,82.564,23,83.489,16,8,0.9250000000000114,83.48849999999999,0.7142857142857143,0.7142857142857143,0.4249622071050642,0.4019444444444445,0.13770117581501623,0.7872988241849952,True,0.6551111111111111,0.7635555555555557,0.6266666666666667,3.0,3.0,3.0
2025,Japanese Grand Prix,Qualifying,qualifying,Ferrari,HAM,87.63900000000001,4,88.07650000000001,16,8,0.4375,87.5875,0.8571428571428572,0.6666666666666667,0.7150103519668738,0.7253357753357753,0.3949955738094543,0.042504426190545674,True,0.49688888888888894,0.7457777777777779,0.5271111111111111,3.0,3.0,3.0
2025,Japanese Grand Prix,Qualifying,qualifying,Ferrari,LEC,87.536,4,88.07650000000001,16,8,0.5405000000000086,87.5875,0.8571428571428572,0.6666666666666667,0.7150103519668738,0.7253357753357753,0.4980360426406395,0.04246395735936914,True,0.49688888888888894,0.7457777777777779,0.5271111111111111,3.0,3.0,3.0
2025,Japanese Grand Prix,Qualifying,qualifying,Haas F1 Team,BEA,88.327,3,88.07650000000001,16,8,-0.2504999999999882,88.614,0.1428571428571429,0.4444444444444444,0.29614748677248676,0.27185592185592183,0.1909954717993887,-0.44149547179937687,True,0.5333333333333334,0.3128888888888889,0.42844444444444446,3.0,3.0,3.0
2025,Japanese Grand Prix,Qualifying,qualifying,Haas F1 Team,OCO,88.901,3,88.07650000000001,16,8,-0.8244999999999862,88.614,0.1428571428571429,0.4444444444444444,0.29614748677248676,0.27185592185592183,-0.06464507161486799,-0.7598549283851183,True,0.5333333333333334,0.3128888888888889,0.42844444444444446,3.0,3.0,3.0
2025,Japanese Grand Prix,Qualifying,qualifying,Kick Sauber,BOR,88.768,3,88.07650000000001,16,8,-0.6914999999999907,88.8125,0.0,0.2222222222222222,0.24415204678362576,0.3017676767676768,-0.5535069083600311,-0.13799309163995954,True,0.34577777777777774,0.35377777777777775,0.3013333333333333,3.0,3.0,3.0
2025,Japanese Grand Prix,Qualifying,qualifying,Kick Sauber,HUL,88.857,3,88.07650000000001,16,8,-0.7804999999999893,88.8125,0.0,0.2222222222222222,0.24415204678362576,0.3017676767676768,-0.46068755930034505,-0.31981244069964426,True,0.34577777777777774,0.35377777777777775,0.3013333333333333,3.0,3.0,3.0
2025,Japanese Grand Prix,Qualifying,qualifying,McLaren,NOR,87.146,3,88.07650000000001,16,8,0.9305000000000092,87.099,1.0,1.0,0.9608585858585859,0.98989898989899,0.12450891586109554,0.8059910841389136,True,0.7742222222222221,0.8044444444444444,0.8791111111111111,3.0,3.0,3.0
2025,Japanese Grand Prix,Qualifying,qualifying,McLaren,PIA,87.052,3,88.07650000000001,16,8,1.0245000000000033,87.099,1.0,1.0,0.9608585858585859,0.98989898989899,0.03443707754662947,0.9900629224533738,True,0.7742222222222221,0.8044444444444444,0.8791111111111111,3.0,3.0,3.0
2025,Japanese Grand Prix,Qualifying,qualifying,Mercedes,ANT,87.902,3,88.07650000000001,16,8,0.17450000000000898,87.65100000000001,0.7142857142857143,0.5555555555555556,0.6664862914862915,0.6984126984126985,0.23237994816558635,-0.05787994816557737,True,0.5573333333333333,0.4808888888888889,0.6337777777777778,3.0,3.0,3.0
2025,Japanese Grand Prix,Qualifying,qualifying,Mercedes,RUS,87.4,3,88.07650000000001,16,8,0.6765000000000043,87.65100000000001,0.7142857142857143,0.5555555555555556,0.6664862914862915,0.6984126984126985,0.45271685282537005,0.22378314717463427,True,0.5573333333333333,0.4808888888888889,0.6337777777777778,3.0,3.0,3.0
2025,Japanese Grand Prix,Qualifying,qualifying,Racing Bulls,HAD,88.128,4,88.07650000000001,16,8,-0.05149999999999011,88.27324999999999,0.2857142857142857,0.11111111111111116,0.38076341647770223,0.3611111111111111,-0.14520422670120633,0.09370422670121623,True,0.21422222222222226,0.3635555555555556,0.21422222222222226,3.0,3.0,3.0
2025,Japanese Grand Prix,Qualifying,qualifying,Racing Bulls,LAW,88.4185,4,88.07650000000001,16,8,-0.34199999999998454,88.27324999999999,0.2857142857142857,0.11111111111111116,0.38076341647770223,0.3611111111111111,-0.24819032494534726,-0.09380967505463728,True,0.21422222222222226,0.3635555555555556,0.21422222222222226,3.0,3.0,3.0
2025,Japanese Grand Prix,Qualifying,qualifying,Red Bull Racing,TSU,88.154,3,88.07650000000001,16,8,-0.07749999999998636,88.04849999999999,0.5714285714285714,0.8888888888888888,0.6423160173160173,0.5955687830687831,-0.01826717338177214,-0.05923282661821422,True,0.30044444444444446,0.04444444444444447,0.4924444444444445,3.0,3.0,3.0
2025,Japanese Grand Prix,Qualifying,qualifying,Red Bull Racing,VER,87.943,3,88.07650000000001,16,8,0.13350000000001216,88.04849999999999,0.5714285714285714,0.8888888888888888,0.6423160173160173,0.5955687830687831,0.44653785362151754,-0.3130378536215054,True,0.30044444444444446,0.04444444444444447,0.4924444444444445,3.0,3.0,3.0
2025,Japanese Grand Prix,Qualifying,qualifying,Williams,ALB,88.025,4,88.07650000000001,16,8,0.05150000000000432,88.16675000000001,0.4285714285714286,0.0,0.4249622071050642,0.4303391053391054,0.4053446987189551,-0.3538446987189508,True,0.6062222222222223,0.6968888888888889,0.5013333333333334,3.0,3.0,3.0
2025,Japanese Grand Prix,Qualifying,qualifying,Williams,SAI,88.30850000000001,4,88.07650000000001,16,8,-0.23199999999999932,88.16675000000001,0.4285714285714286,0.0,0.4249622071050642,0.4303391053391054,0.42089768077579187,-0.6528976807757911,True,0.6062222222222223,0.6968888888888889,0.5013333333333334,3.0,3.0,3.0
2025,Japanese Grand Prix,Race,race,Alpine,DOO,93.251,23,93.25450000000001,20,10,0.003500000000002501,92.73349999999999,0.7777777777777778,0.7777777777777778,0.28111946532999166,0.26551226551226553,-0.4703648855874647,0.4738648855874672,True,0.8017777777777779,0.696888888888889,0.696888888888889,3.0,3.0,3.0
2025,Japanese Grand Prix,Race,race,Alpine,GAS,92.216,23,93.25450000000001,20,10,1.0385000000000133,92.73349999999999,0.7777777777777778,0.7777777777777778,0.28111946532999166,0.26551226551226553,0.03412313799982952,1.0043768620001838,True,0.8017777777777779,0.696888888888889,0.696888888888889,3.0,3.0,3.0
2025,Japanese Grand Prix,Race,race,Aston Martin,ALO,94.111,33,93.25450000000001,20,10,-0.8564999999999969,93.6405,0.33333333333333337,0.33333333333333337,0.3057142857142857,0.352020202020202,0.016901313346079846,-0.8734013133460767,True,0.3697777777777778,0.5004444444444445,0.32533333333333336,3.0,3.0,3.0
2025,Japanese Grand Prix,Race,race,Aston Martin,STR,93.17,33,93.25450000000001,20,10,0.08450000000000557,93.6405,0.33333333333333337,0.33333333333333337,0.3057142857142857,0.352020202020202,-0.2745680106068059,0.3590680106068115,True,0.3697777777777778,0.5004444444444445,0.32533333333333336,3.0,3.0,3.0
2025,Japanese Grand Prix,Race,race,Ferrari,HAM,93.301,38,93.25450000000001,20,10,-0.04649999999999466,92.74025,0.6666666666666667,0.6666666666666667,0.7150103519668738,0.7253357753357753,-0.03013038881255811,-0.016369611187436548,True,0.49688888888888894,0.7457777777777779,0.5271111111111111,3.0,3.0,3.0
2025,Japanese Grand Prix,Race,race,Ferrari,LEC,92.17949999999999,38,93.25450000000001,20,10,1.075000000000017,92.74025,0.6666666666666667,0.6666666666666667,0.7150103519668738,0.7253357753357753,0.1958228383996559,0.8791771616003612,True,0.49688888888888894,0.7457777777777779,0.5271111111111111,3.0,3.0,3.0
2025,Japanese Grand Prix,Race,race,Haas F1 Team,BEA,93.079,37,93.25450000000001,20,10,0.17550000000001376,93.501,0.4444444444444444,0.4444444444444444,0.29614748677248676,0.27185592185592183,0.0345295176463184,0.14097048235369536,True,0.5333333333333334,0.3128888888888889,0.42844444444444446,3.0,3.0,3.0
2025,Japanese Grand Prix,Race,race,Haas F1 Team,OCO,93.923,37,93.25450000000001,20,10,-0.6684999999999945,93.501,0.4444444444444444,0.4444444444444444,0.29614748677248676,0.27185592185592183,-0.12843307985374308,-0.5400669201462515,True,0.5333333333333334,0.3128888888888889,0.42844444444444446,3.0,3.0,3.0
2025,Japanese Grand Prix,Race,race,Kick Sauber,BOR,94.204,43,93.25450000000001,20,10,-0.9494999999999862,93.7515,0.2222222222222222,0.2222222222222222,0.24415204678362576,0.3017676767676768,-0.23563312919797155,-0.7138668708020147,True,0.34577777777777774,0.35377777777777775,0.3013333333333333,3.0,3.0,3.0
2025,Japanese Grand Prix,Race,race,Kick Sauber,HUL,93.299,43,93.25450000000001,20,10,-0.04449999999999932,93.7515,0.2222222222222222,0.2222222222222222,0.24415204678362576,0.3017676767676768,-0.18641475160805335,0.14191475160805403,True,0.34577777777777774,0.35377777777777775,0.3013333333333333,3.0,3.0,3.0
2025,Japanese Grand Prix,Race,race,McLaren,NOR,91.937,40,93.25450000000001,20,10,1.3175000000000097,91.9375,1.0,1.0,0.9608585858585859,0.98989898989899,0.2594772926936577,1.058022707306352,True,0.7742222222222221,0.8044444444444444,0.8791111111111111,3.0,3.0,3.0
2025,Japanese Grand Prix,Race,race,McLaren,PIA,91.938,40,93.25450000000001,20,10,1.3165000000000049,91.9375,1.0,1.0,0.9608585858585859,0.98989898989899,0.12747228817738215,1.1890277118226227,True,0.7742222222222221,0.8044444444444444,0.8791111111111111,3.0,3.0,3.0
2025,Japanese Grand Prix,Race,race,Mercedes,ANT,92.709,28,93.25450000000001,20,10,0.5455000000000041,92.98349999999999,0.5555555555555556,0.5555555555555556,0.6664862914862915,0.6984126984126985,-0.24773778002094068,0.7932377800209448,True,0.5573333333333333,0.4808888888888889,0.6337777777777778,3.0,3.0,3.0
2025,Japanese Grand Prix,Race,race,Mercedes,RUS,93.258,28,93.25450000000001,20,10,-0.0034999999999882903,92.98349999999999,0.5555555555555556,0.5555555555555556,0.6664862914862915,0.6984126984126985,-0.09081960026679484,0.08731960026680655,True,0.5573333333333333,0.4808888888888889,0.6337777777777778,3.0,3.0,3.0
2025,Japanese Grand Prix,Race,race,Racing Bulls,HAD,94.0085,20,93.25450000000001,20,10,-0.7539999999999907,94.353,0.11111111111111116,0.11111111111111116,0.38076341647770223,0.3611111111111111,0.19209060622006915,-0.9460906062200598,True,0.21422222222222226,0.3635555555555556,0.21422222222222226,3.0,3.0,3.0
2025,Japanese Grand Prix,Race,race,Racing Bulls,LAW,94.69749999999999,20,93.25450000000001,20,10,-1.4429999999999836,94.353,0.11111111111111116,0.11111111111111116,0.38076341647770223,0.3611111111111111,-0.0020845522345543707,-1.4409154477654293,True,0.21422222222222226,0.3635555555555556,0.21422222222222226,3.0,3.0,3.0
2025,Japanese Grand Prix,Race,race,Red Bull Racing,TSU,92.782,40,93.25450000000001,20,10,0.4725000000000108,92.43625,0.8888888888888888,0.8888888888888888,0.6423160173160173,0.5955687830687831,-0.008871756926109803,0.4813717569261206,True,0.30044444444444446,0.04444444444444447,0.4924444444444445,3.0,3.0,3.0
2025,Japanese Grand Prix,Race,race,Red Bull Racing,VER,92.09049999999999,40,93.25450000000001,20,10,1.1640000000000157,92.43625,0.8888888888888888,0.8888888888888888,0.6423160173160173,0.5955687830687831,1.05349042621627,0.1105095737837456,True,0.30044444444444446,0.04444444444444447,0.4924444444444445,3.0,3.0,3.0
2025,Japanese Grand Prix,Race,race,Williams,ALB,94.194,19,93.25450000000001,20,10,-0.9394999999999953,94.4795,0.0,0.0,0.4249622071050642,0.4303391053391054,0.26859346837757936,-1.2080934683775748,True,0.6062222222222223,0.6968888888888889,0.5013333333333334,3.0,3.0,3.0
2025,Japanese Grand Prix,Race,race,Williams,SAI,94.765,19,93.25450000000001,20,10,-1.5104999999999933,94.4795,0.0,0.0,0.4249622071050642,0.4303391053391054,0.13770117581501623,-1.6482011758150095,True,0.6062222222222223,0.6968888888888889,0.5013333333333334,3.0,3.0,3.0
2025,Las Vegas Grand Prix,Qualifying,qualifying,Alpine,COL,115.988,2,112.41575,8,4,-3.572249999999997,114.73675,0.0,0.0,0.28111946532999166,0.3082010582010582,-0.24517484313212232,-3.3270751568678745,True,0.592,0.5555555555555556,0.42400000000000004,3.0,3.0,3.0
2025,Las Vegas Grand Prix,Qualifying,qualifying,Alpine,GAS,113.4855,2,112.41575,8,4,-1.069749999999999,114.73675,0.0,0.0,0.28111946532999166,0.3082010582010582,-0.08121862419797127,-0.9885313758020278,True,0.592,0.5555555555555556,0.42400000000000004,3.0,3.0,3.0
2025,Las Vegas Grand Prix,Qualifying,qualifying,Haas F1 Team,BEA,113.516,3,112.41575,8,4,-1.1002500000000026,114.498,0.33333333333333337,0.4285714285714286,0.29614748677248676,0.2841836734693878,0.1909954717993887,-1.2912454717993913,True,0.5573333333333335,0.1875555555555556,0.8666666666666668,3.0,3.0,3.0
2025,Las Vegas Grand Prix,Qualifying,qualifying,Haas F1 Team,OCO,115.48,3,112.41575,8,4,-3.0642500000000013,114.498,0.33333333333333337,0.4285714285714286,0.29614748677248676,0.2841836734693878,-0.06464507161486799,-2.9996049283851334,True,0.5573333333333335,0.1875555555555556,0.8666666666666668,3.0,3.0,3.0
2025,Las Vegas Grand Prix,Qualifying,qualifying,McLaren,NOR,109.606,3,112.41575,8,4,2.809750000000008,109.371,1.0,1.0,0.9608585858585859,0.9907407407407408,0.12450891586109554,2.6852410841389127,True,0.24444444444444446,0.5111111111111112,0.30311111111111116,3.0,3.0,3.0
2025,Las Vegas Grand Prix,Qualifying,qualifying,McLaren,PIA,109.136,3,112.41575,8,4,3.279750000000007,109.371,1.0,1.0,0.9608585858585859,0.9907407407407408,0.03443707754662947,3.2453129224533774,True,0.24444444444444446,0.5111111111111112,0.30311111111111116,3.0,3.0,3.0
2025,Las Vegas Grand Prix,Qualifying,qualifying,Racing Bulls,HAD,111.346,3,112.41575,8,4,1.069749999999999,110.74600000000001,0.6666666666666667,0.1428571428571429,0.38076341647770223,0.34027777777777785,-0.14520422670120633,1.2149542267012055,True,0.37244444444444447,0.42666666666666675,0.41688888888888886,3.0,3.0,3.0
2025,Las Vegas Grand Prix,Qualifying,qualifying,Racing Bulls,LAW,110.146,3,112.41575,8,4,2.269750000000002,110.74600000000001,0.6666666666666667,0.1428571428571429,0.38076341647770223,0.34027777777777785,-0.24819032494534726,2.517940324945349,True,0.37244444444444447,0.42666666666666675,0.41688888888888886,3.0,3.0,3.0
2025,Las Vegas Grand Prix,Race,race,Alpine,COL,98.221,15,95.76050000000001,16,8,-2.460499999999996,97.721,0.0,0.0,0.28111946532999166,0.3082010582010582,0.06255266167480363,-2.5230526616747997,True,0.592,0.5555555555555556,0.42400000000000004,3.0,3.0,3.0
2025,Las Vegas Grand Prix,Race,race,Alpine,GAS,97.221,15,95.76050000000001,16,8,-1.4604999999999961,97.721,0.0,0.0,0.28111946532999166,0.3082010582010582,0.03412313799982952,-1.4946231379998256,True,0.592,0.5555555555555556,0.42400000000000004,3.0,3.0,3.0
2025,Las Vegas Grand Prix,Race,race,Ferrari,HAM,95.987,31,95.76050000000001,16,8,-0.22649999999998727,95.48849999999999,0.8571428571428572,0.8571428571428572,0.7150103519668738,0.7211451247165533,-0.03013038881255811,-0.19636961118742915,True,0.6222222222222221,0.6888888888888889,0.4711111111111112,3.0,3.0,3.0
2025,Las Vegas Grand Prix,Race,race,Ferrari,LEC,94.99,31,95.76050000000001,16,8,0.7705000000000126,95.48849999999999,0.8571428571428572,0.8571428571428572,0.7150103519668738,0.7211451247165533,0.1958228383996559,0.5746771616003568,True,0.6222222222222221,0.6888888888888889,0.4711111111111112,3.0,3.0,3.0
2025,Las Vegas Grand Prix,Race,race,Haas F1 Team,BEA,96.545,25,95.76050000000001,16,8,-0.7844999999999942,95.943,0.4285714285714286,0.4285714285714286,0.29614748677248676,0.2841836734693878,0.0345295176463184,-0.8190295176463126,True,0.5573333333333335,0.1875555555555556,0.8666666666666668,3.0,3.0,3.0
2025,Las Vegas Grand Prix,Race,race,Haas F1 Team,OCO,95.341,25,95.76050000000001,16,8,0.41950000000001353,95.943,0.4285714285714286,0.4285714285714286,0.29614748677248676,0.2841836734693878,-0.12843307985374308,0.5479330798537566,True,0.5573333333333335,0.1875555555555556,0.8666666666666668,3.0,3.0,3.0
2025,Las Vegas Grand Prix,Race,race,McLaren,NOR,95.534,33,95.76050000000001,16,8,0.22650000000000148,95.33600000000001,1.0,1.0,0.9608585858585859,0.9907407407407408,0.2594772926936577,-0.032977292693656235,True,0.24444444444444446,0.5111111111111112,0.30311111111111116,3.0,3.0,3.0
2025,Las Vegas Grand Prix,Race,race,McLaren,PIA,95.138,33,95.76050000000001,16,8,0.6225000000000023,95.33600000000001,1.0,1.0,0.9608585858585859,0.9907407407407408,0.12747228817738215,0.4950277118226201,True,0.24444444444444446,0.5111111111111112,0.30311111111111116,3.0,3.0,3.0
2025,Las Vegas Grand Prix,Race,race,Mercedes,ANT,96.181,23,95.76050000000001,16,8,-0.4204999999999899,95.768,0.5714285714285714,0.5714285714285714,0.6664862914862915,0.6865079365079364,-0.24773778002094068,-0.1727622199790492,True,0.6888888888888889,0.5582222222222223,0.5653333333333334,3.0,3.0,3.0
2025,Las Vegas Grand Prix,Race,race,Mercedes,RUS,95.355,23,95.76050000000001,16,8,0.4055000000000035,95.768,0.5714285714285714,0.5714285714285714,0.6664862914862915,0.6865079365079364,-0.09081960026679484,0.49631960026679833,True,0.6888888888888889,0.5582222222222223,0.5653333333333334,3.0,3.0,3.0
2025,Las Vegas Grand Prix,Race,race,Racing Bulls,HAD,95.352,20,95.76050000000001,16,8,0.40850000000000364,96.21575,0.1428571428571429,0.1428571428571429,0.38076341647770223,0.34027777777777785,0.19209060622006915,0.21640939377993448,True,0.37244444444444447,0.42666666666666675,0.41688888888888886,3.0,3.0,3.0
2025,Las Vegas Grand Prix,Race,race,Racing Bulls,LAW,97.0795,20,95.76050000000001,16,8,-1.3189999999999884,96.21575,0.1428571428571429,0.1428571428571429,0.38076341647770223,0.34027777777777785,-0.0020845522345543707,-1.3169154477654341,True,0.37244444444444447,0.42666666666666675,0.41688888888888886,3.0,3.0,3.0
2025,Las Vegas Grand Prix,Race,race,Red Bull Racing,TSU,96.15299999999999,28,95.76050000000001,16,8,-0.3924999999999841,95.69324999999999,0.7142857142857143,0.7142857142857143,0.6423160173160173,0.6181318681318682,-0.008871756926109803,-0.3836282430738743,True,0.3448888888888889,0.5573333333333335,0.38933333333333336,3.0,3.0,3.0
2025,Las Vegas Grand Prix,Race,race,Red Bull Racing,VER,95.23349999999999,28,95.76050000000001,16,8,0.5270000000000152,95.69324999999999,0.7142857142857143,0.7142857142857143,0.6423160173160173,0.6181318681318682,1.05349042621627,-0.5264904262162549,True,0.3448888888888889,0.5573333333333335,0.38933333333333336,3.0,3.0,3.0
2025,Las Vegas Grand Prix,Race,race,Williams,ALB,97.269,15,95.76050000000001,16,8,-1.508499999999998,96.20400000000001,0.2857142857142857,0.2857142857142857,0.4249622071050642,0.3944775132275133,0.26859346837757936,-1.7770934683775774,True,0.6808888888888889,0.5493333333333335,0.6746666666666667,3.0,3.0,3.0
2025,Las Vegas Grand Prix,Race,race,Williams,SAI,95.139,15,95.76050000000001,16,8,0.6215000000000117,96.20400000000001,0.2857142857142857,0.2857142857142857,0.4249622071050642,0.3944775132275133,0.13770117581501623,0.4837988241849955,True,0.6808888888888889,0.5493333333333335,0.6746666666666667,3.0,3.0,3.0
2025,Mexico City Grand Prix,Qualifying,qualifying,Aston Martin,ALO,77.414,3,77.11625,16,8,-0.29775000000000773,77.64150000000001,0.0,0.0,0.3057142857142857,0.350462962962963,0.14345355062000661,-0.4412035506200144,True,0.08088888888888893,0.5013333333333333,0.3235555555555556,3.0,3.0,3.0
2025,Mexico City Grand Prix,Qualifying,qualifying,Aston Martin,STR,77.869,3,77.11625,16,8,-0.752750000000006,77.64150000000001,0.0,0.0,0.3057142857142857,0.350462962962963,-0.11131040426236238,-0.6414395957376436,True,0.08088888888888893,0.5013333333333333,0.3235555555555556,3.0,3.0,3.0
2025,Mexico City Grand Prix,Qualifying,qualifying,Ferrari,HAM,76.416,4,77.11625,16,8,0.7002499999999969,76.37025,1.0,0.5,0.7150103519668738,0.7302116402116402,0.3949955738094543,0.3052544261905426,True,0.7173333333333333,0.624,0.6426666666666667,3.0,3.0,3.0
2025,Mexico City Grand Prix,Qualifying,qualifying,Ferrari,LEC,76.3245,4,77.11625,16,8,0.7917499999999933,76.37025,1.0,0.5,0.7150103519668738,0.7302116402116402,0.4980360426406395,0.2937139573593538,True,0.7173333333333333,0.624,0.6426666666666667,3.0,3.0,3.0
2025,Mexico City Grand Prix,Qualifying,qualifying,Haas F1 Team,BEA,77.106,5,77.11625,16,8,0.010249999999999204,77.249,0.4285714285714286,0.25,0.29614748677248676,0.29380952380952385,0.1909954717993887,-0.1807454717993895,True,0.7271111111111112,0.5902222222222222,0.8302222222222223,3.0,3.0,3.0
2025,Mexico City Grand Prix,Qualifying,qualifying,Haas F1 Team,OCO,77.392,5,77.11625,16,8,-0.27575000000000216,77.249,0.4285714285714286,0.25,0.29614748677248676,0.29380952380952385,-0.06464507161486799,-0.21110492838513417,True,0.7271111111111112,0.5902222222222222,0.8302222222222223,3.0,3.0,3.0
2025,Mexico City Grand Prix,Qualifying,qualifying,Kick Sauber,BOR,77.437,3,77.11625,16,8,-0.32075000000000387,77.554,0.1428571428571429,0.125,0.24415204678362576,0.2951388888888889,-0.5535069083600311,0.23275690836002727,True,0.8097777777777779,0.45422222222222225,0.7431111111111111,3.0,3.0,3.0
2025,Mexico City Grand Prix,Qualifying,qualifying,Kick Sauber,HUL,77.671,3,77.11625,16,8,-0.5547500000000127,77.554,0.1428571428571429,0.125,0.24415204678362576,0.2951388888888889,-0.46068755930034505,-0.09406244069966768,True,0.8097777777777779,0.45422222222222225,0.7431111111111111,3.0,3.0,3.0
2025,Mexico City Grand Prix,Qualifying,qualifying,McLaren,NOR,76.211,4,77.11625,16,8,0.9052499999999952,76.407,0.8571428571428572,0.625,0.9608585858585859,0.9914529914529915,0.12450891586109554,0.7807410841388996,True,0.5937777777777777,0.47911111111111115,0.6604444444444445,3.0,3.0,3.0
2025,Mexico City Grand Prix,Qualifying,qualifying,McLaren,PIA,76.603,4,77.11625,16,8,0.5132499999999993,76.407,0.8571428571428572,0.625,0.9608585858585859,0.9914529914529915,0.03443707754662947,0.47881292245336987,True,0.5937777777777777,0.47911111111111115,0.6604444444444445,3.0,3.0,3.0
2025,Mexico City Grand Prix,Qualifying,qualifying,Mercedes,ANT,76.78,4,77.11625,16,8,0.3362499999999926,76.64775,0.7142857142857143,0.75,0.6664862914862915,0.6776556776556777,0.23237994816558635,0.10387005183440626,True,0.42222222222222233,0.56,0.49511111111111117,3.0,3.0,3.0
2025,Mexico City Grand Prix,Qualifying,qualifying,Mercedes,RUS,76.5155,4,77.11625,16,8,0.6007499999999908,76.64775,0.7142857142857143,0.75,0.6664862914862915,0.6776556776556777,0.45271685282537005,0.14803314717462074,True,0.42222222222222233,0.56,0.49511111111111117,3.0,3.0,3.0
2025,Mexico City Grand Prix,Qualifying,qualifying,Racing Bulls,HAD,77.137,3,77.11625,16,8,-0.020750000000006708,77.2975,0.2857142857142857,,0.38076341647770223,,-0.14520422670120633,0.12445422670119963,True,0.32711111111111113,0.792,0.12088888888888889,3.0,3.0,3.0
2025,Mexico City Grand Prix,Qualifying,qualifying,Racing Bulls,LAW,77.458,3,77.11625,16,8,-0.34175000000000466,77.2975,0.2857142857142857,,0.38076341647770223,,-0.24819032494534726,-0.0935596750546574,True,0.32711111111111113,0.792,0.12088888888888889,3.0,3.0,3.0
2025,Mexico City Grand Prix,Qualifying,qualifying,Red Bull Racing,TSU,77.1265,4,77.11625,16,8,-0.010249999999999204,77.03824999999999,0.5714285714285714,0.375,0.6423160173160173,0.625,-0.01826717338177214,0.008017173381772935,True,0.576,0.3351111111111112,0.6444444444444445,3.0,3.0,3.0
2025,Mexico City Grand Prix,Qualifying,qualifying,Red Bull Racing,VER,76.94999999999999,4,77.11625,16,8,0.16625000000000512,77.03824999999999,0.5714285714285714,0.375,0.6423160173160173,0.625,0.44653785362151754,-0.28028785362151243,True,0.576,0.3351111111111112,0.6444444444444445,3.0,3.0,3.0
2025,Mexico City Grand Prix,Race,race,Alpine,COL,81.757,17,82.65674999999999,18,9,0.8997499999999832,82.21000000000001,0.875,0.875,0.28111946532999166,0.2844932844932845,0.06255266167480363,0.8371973383251795,True,0.14933333333333332,0.30044444444444446,0.12533333333333335,3.0,3.0,3.0
2025,Mexico City Grand Prix,Race,race,Alpine,GAS,82.663,17,82.65674999999999,18,9,-0.0062500000000085265,82.21000000000001,0.875,0.875,0.28111946532999166,0.2844932844932845,0.03412313799982952,-0.04037313799983805,True,0.14933333333333332,0.30044444444444446,0.12533333333333335,3.0,3.0,3.0
2025,Mexico City Grand Prix,Race,race,Aston Martin,ALO,83.803,23,82.65674999999999,18,9,-1.146250000000009,83.7065,0.0,0.0,0.3057142857142857,0.350462962962963,0.016901313346079846,-1.163151313346089,True,0.08088888888888893,0.5013333333333333,0.3235555555555556,3.0,3.0,3.0
2025,Mexico City Grand Prix,Race,race,Aston Martin,STR,83.61,23,82.65674999999999,18,9,-0.9532500000000113,83.7065,0.0,0.0,0.3057142857142857,0.350462962962963,-0.2745680106068059,-0.6786819893932053,True,0.08088888888888893,0.5013333333333333,0.3235555555555556,3.0,3.0,3.0
2025,Mexico City Grand Prix,Race,race,Ferrari,HAM,82.549,36,82.65674999999999,18,9,0.10774999999998158,82.51225,0.5,0.5,0.7150103519668738,0.7302116402116402,-0.03013038881255811,0.1378803888125397,True,0.7173333333333333,0.624,0.6426666666666667,3.0,3.0,3.0
2025,Mexico City Grand Prix,Race,race,Ferrari,LEC,82.4755,36,82.65674999999999,18,9,0.18124999999999147,82.51225,0.5,0.5,0.7150103519668738,0.7302116402116402,0.1958228383996559,-0.014572838399664417,True,0.7173333333333333,0.624,0.6426666666666667,3.0,3.0,3.0
2025,Mexico City Grand Prix,Race,race,Haas F1 Team,BEA,82.854,37,82.65674999999999,18,9,-0.19725000000001103,83.10849999999999,0.25,0.25,0.29614748677248676,0.29380952380952385,0.0345295176463184,-0.23177951764632942,True,0.7271111111111112,0.5902222222222222,0.8302222222222223,3.0,3.0,3.0
2025,Mexico City Grand Prix,Race,race,Haas F1 Team,OCO,83.363,37,82.65674999999999,18,9,-0.7062500000000114,83.10849999999999,0.25,0.25,0.29614748677248676,0.29380952380952385,-0.12843307985374308,-0.5778169201462683,True,0.7271111111111112,0.5902222222222222,0.8302222222222223,3.0,3.0,3.0
2025,Mexico City Grand Prix,Race,race,Kick Sauber,BOR,82.10499999999999,18,82.65674999999999,18,9,0.5517499999999984,83.11824999999999,0.125,0.125,0.24415204678362576,0.2951388888888889,-0.23563312919797155,0.7873831291979699,True,0.8097777777777779,0.45422222222222225,0.7431111111111111,3.0,3.0,3.0
2025,Mexico City Grand Prix,Race,race,Kick Sauber,HUL,84.13149999999999,18,82.65674999999999,18,9,-1.4747500000000002,83.11824999999999,0.125,0.125,0.24415204678362576,0.2951388888888889,-0.18641475160805335,-1.2883352483919468,True,0.8097777777777779,0.45422222222222225,0.7431111111111111,3.0,3.0,3.0
2025,Mexico City Grand Prix,Race,race,McLaren,NOR,82.076,37,82.65674999999999,18,9,0.5807499999999948,82.484,0.625,0.625,0.9608585858585859,0.9914529914529915,0.2594772926936577,0.32127270730633706,True,0.5937777777777777,0.47911111111111115,0.6604444444444445,3.0,3.0,3.0
2025,Mexico City Grand Prix,Race,race,McLaren,PIA,82.892,37,82.65674999999999,18,9,-0.23525000000000773,82.484,0.625,0.625,0.9608585858585859,0.9914529914529915,0.12747228817738215,-0.3627222881773899,True,0.5937777777777777,0.47911111111111115,0.6604444444444445,3.0,3.0,3.0
2025,Mexico City Grand Prix,Race,race,Mercedes,ANT,82.467,53,82.65674999999999,18,9,0.18974999999998943,82.382,0.75,0.75,0.6664862914862915,0.6776556776556777,-0.24773778002094068,0.43748778002093014,True,0.42222222222222233,0.56,0.49511111111111117,3.0,3.0,3.0
2025,Mexico City Grand Prix,Race,race,Mercedes,RUS,82.297,53,82.65674999999999,18,9,0.35974999999999113,82.382,0.75,0.75,0.6664862914862915,0.6776556776556777,-0.09081960026679484,0.45056960026678594,True,0.42222222222222233,0.56,0.49511111111111117,3.0,3.0,3.0
2025,Mexico City Grand Prix,Race,race,Red Bull Racing,TSU,83.235,54,82.65674999999999,18,9,-0.5782500000000113,83.037,0.375,0.375,0.6423160173160173,0.625,-0.008871756926109803,-0.5693782430739015,True,0.576,0.3351111111111112,0.6444444444444445,3.0,3.0,3.0
2025,Mexico City Grand Prix,Race,race,Red Bull Racing,VER,82.839,54,82.65674999999999,18,9,-0.18225000000001046,83.037,0.375,0.375,0.6423160173160173,0.625,1.05349042621627,-1.2357404262162806,True,0.576,0.3351111111111112,0.6444444444444445,3.0,3.0,3.0
2025,Mexico City Grand Prix,Race,race,Williams,ALB,81.6835,22,82.65674999999999,18,9,0.9732499999999931,82.167,1.0,1.0,0.4249622071050642,0.3861111111111111,0.26859346837757936,0.7046565316224137,True,0.5964444444444444,0.3635555555555556,0.4142222222222222,3.0,3.0,3.0
2025,Mexico City Grand Prix,Race,race,Williams,SAI,82.6505,22,82.65674999999999,18,9,0.006249999999994316,82.167,1.0,1.0,0.4249622071050642,0.3861111111111111,0.13770117581501623,-0.13145117581502191,True,0.5964444444444444,0.3635555555555556,0.4142222222222222,3.0,3.0,3.0
2025,Monaco Grand Prix,Qualifying,qualifying,Alpine,COL,72.815,3,71.717,18,9,-1.097999999999999,72.526,0.25,,0.28111946532999166,,-0.24517484313212232,-0.8528251568678766,True,0.20800000000000002,0.33155555555555555,0.1897777777777778,3.0,3.0,3.0
2025,Monaco Grand Prix,Qualifying,qualifying,Alpine,GAS,72.237,3,71.717,18,9,-0.519999999999996,72.526,0.25,,0.28111946532999166,,-0.08121862419797127,-0.43878137580202475,True,0.20800000000000002,0.33155555555555555,0.1897777777777778,3.0,3.0,3.0
2025,Monaco Grand Prix,Qualifying,qualifying,Aston Martin,ALO,72.318,3,71.717,18,9,-0.6009999999999991,72.475,0.375,0.125,0.3057142857142857,0.3182539682539683,0.14345355062000661,-0.7444535506200057,True,0.1697777777777778,0.17777777777777776,0.38355555555555554,3.0,3.0,3.0
2025,Monaco Grand Prix,Qualifying,qualifying,Aston Martin,STR,72.632,3,71.717,18,9,-0.9150000000000063,72.475,0.375,0.125,0.3057142857142857,0.3182539682539683,-0.11131040426236238,-0.8036895957376439,True,0.1697777777777778,0.17777777777777776,0.38355555555555554,3.0,3.0,3.0
2025,Monaco Grand Prix,Qualifying,qualifying,Ferrari,HAM,70.918,5,71.717,18,9,0.7989999999999924,70.762,0.875,0.875,0.7150103519668738,0.7031279178338001,0.3949955738094543,0.40400442619053806,True,0.6951111111111111,0.9635555555555555,0.9395555555555555,3.0,3.0,3.0
2025,Monaco Grand Prix,Qualifying,qualifying,Ferrari,LEC,70.606,5,71.717,18,9,1.1110000000000042,70.762,0.875,0.875,0.7150103519668738,0.7031279178338001,0.4980360426406395,0.6129639573593647,True,0.6951111111111111,0.9635555555555555,0.9395555555555555,3.0,3.0,3.0
2025,Monaco Grand Prix,Qualifying,qualifying,Haas F1 Team,BEA,72.6315,4,71.717,18,9,-0.9145000000000039,72.7355,0.0,0.5,0.29614748677248676,0.29600840336134454,0.1909954717993887,-1.1054954717993926,True,0.03022222222222224,0.40266666666666673,0.03022222222222224,3.0,3.0,3.0
2025,Monaco Grand Prix,Qualifying,qualifying,Haas F1 Team,OCO,72.8395,4,71.717,18,9,-1.1225000000000023,72.7355,0.0,0.5,0.29614748677248676,0.29600840336134454,-0.06464507161486799,-1.0578549283851344,True,0.03022222222222224,0.40266666666666673,0.03022222222222224,3.0,3.0,3.0
2025,Monaco Grand Prix,Qualifying,qualifying,Kick Sauber,BOR,72.446,5,71.717,18,9,-0.7289999999999992,72.5595,0.125,0.25,0.24415204678362576,0.27083333333333337,-0.5535069083600311,-0.17549309163996807,True,0.3493333333333334,0.3635555555555556,0.30311111111111116,3.0,3.0,3.0
2025,Monaco Grand Prix,Qualifying,qualifying,Kick Sauber,HUL,72.673,5,71.717,18,9,-0.9560000000000031,72.5595,0.125,0.25,0.24415204678362576,0.27083333333333337,-0.46068755930034505,-0.495312440699658,True,0.3493333333333334,0.3635555555555556,0.30311111111111116,3.0,3.0,3.0
2025,Monaco Grand Prix,Qualifying,qualifying,McLaren,NOR,70.125,3,71.717,18,9,1.5919999999999987,70.1325,1.0,1.0,0.9608585858585859,0.950925925925926,0.12450891586109554,1.4674910841389033,True,0.7777777777777779,0.8160000000000001,0.7715555555555556,3.0,3.0,3.0
2025,Monaco Grand Prix,Qualifying,qualifying,McLaren,PIA,70.14,3,71.717,18,9,1.5769999999999982,70.1325,1.0,1.0,0.9608585858585859,0.950925925925926,0.03443707754662947,1.5425629224533688,True,0.7777777777777779,0.8160000000000001,0.7715555555555556,3.0,3.0,3.0
2025,Monaco Grand Prix,Qualifying,qualifying,Racing Bulls,HAD,71.418,5,71.717,18,9,0.2989999999999924,71.402,0.625,0.75,0.38076341647770223,0.30187074829931976,-0.14520422670120633,0.44420422670119875,True,0.42044444444444445,0.3457777777777778,0.368,3.0,3.0,3.0
2025,Monaco Grand Prix,Qualifying,qualifying,Racing Bulls,LAW,71.386,5,71.717,18,9,0.33100000000000307,71.402,0.625,0.75,0.38076341647770223,0.30187074829931976,-0.24819032494534726,0.5791903249453503,True,0.42044444444444445,0.3457777777777778,0.368,3.0,3.0,3.0
2025,Monaco Grand Prix,Qualifying,qualifying,Red Bull Racing,TSU,72.003,5,71.717,18,9,-0.28600000000000136,71.717,0.5,0.375,0.6423160173160173,0.6328125,-0.01826717338177214,-0.2677328266182292,True,1.0,0.528888888888889,0.8826666666666666,3.0,3.0,3.0
2025,Monaco Grand Prix,Qualifying,qualifying,Red Bull Racing,VER,71.431,5,71.717,18,9,0.28600000000000136,71.717,0.5,0.375,0.6423160173160173,0.6328125,0.44653785362151754,-0.16053785362151618,True,1.0,0.528888888888889,0.8826666666666666,3.0,3.0,3.0
2025,Monaco Grand Prix,Qualifying,qualifying,Williams,ALB,71.071,3,71.717,18,9,0.6460000000000008,71.23400000000001,0.75,0.625,0.4249622071050642,0.45962962962962967,0.4053446987189551,0.24065530128104567,True,0.5937777777777778,0.624,0.4524444444444445,3.0,3.0,3.0
2025,Monaco Grand Prix,Qualifying,qualifying,Williams,SAI,71.397,3,71.717,18,9,0.3199999999999932,71.23400000000001,0.75,0.625,0.4249622071050642,0.45962962962962967,0.42089768077579187,-0.10089768077579869,True,0.5937777777777778,0.624,0.4524444444444445,3.0,3.0,3.0
2025,Monaco Grand Prix,Race,race,Aston Martin,ALO,77.033,24,77.04475,18,9,0.011749999999992156,78.08125000000001,0.125,0.125,0.3057142857142857,0.3182539682539683,0.016901313346079846,-0.005151313346087691,True,0.1697777777777778,0.17777777777777776,0.38355555555555554,3.0,3.0,3.0
2025,Monaco Grand Prix,Race,race,Aston Martin,STR,79.12950000000001,24,77.04475,18,9,-2.084750000000014,78.08125000000001,0.125,0.125,0.3057142857142857,0.3182539682539683,-0.2745680106068059,-1.8101819893932078,True,0.1697777777777778,0.17777777777777776,0.38355555555555554,3.0,3.0,3.0
2025,Monaco Grand Prix,Race,race,Ferrari,HAM,75.5155,36,77.04475,18,9,1.5292499999999905,75.16425000000001,0.875,0.875,0.7150103519668738,0.7031279178338001,-0.03013038881255811,1.5593803888125486,True,0.6951111111111111,0.9635555555555555,0.9395555555555555,3.0,3.0,3.0
2025,Monaco Grand Prix,Race,race,Ferrari,LEC,74.813,36,77.04475,18,9,2.231749999999991,75.16425000000001,0.875,0.875,0.7150103519668738,0.7031279178338001,0.1958228383996559,2.035927161600335,True,0.6951111111111111,0.9635555555555555,0.9395555555555555,3.0,3.0,3.0
2025,Monaco Grand Prix,Race,race,Haas F1 Team,BEA,77.189,21,77.04475,18,9,-0.14424999999999955,76.894,0.5,0.5,0.29614748677248676,0.29600840336134454,0.0345295176463184,-0.17877951764631794,True,0.03022222222222224,0.40266666666666673,0.03022222222222224,3.0,3.0,3.0
2025,Monaco Grand Prix,Race,race,Haas F1 Team,OCO,76.599,21,77.04475,18,9,0.44574999999998965,76.894,0.5,0.5,0.29614748677248676,0.29600840336134454,-0.12843307985374308,0.5741830798537327,True,0.03022222222222224,0.40266666666666673,0.03022222222222224,3.0,3.0,3.0
2025,Monaco Grand Prix,Race,race,Kick Sauber,BOR,77.67099999999999,20,77.04475,18,9,-0.6262499999999989,78.01474999999999,0.25,0.25,0.24415204678362576,0.27083333333333337,-0.23563312919797155,-0.39061687080202734,True,0.3493333333333334,0.3635555555555556,0.30311111111111116,3.0,3.0,3.0
2025,Monaco Grand Prix,Race,race,Kick Sauber,HUL,78.35849999999999,20,77.04475,18,9,-1.3137499999999989,78.01474999999999,0.25,0.25,0.24415204678362576,0.27083333333333337,-0.18641475160805335,-1.1273352483919454,True,0.3493333333333334,0.3635555555555556,0.30311111111111116,3.0,3.0,3.0
2025,Monaco Grand Prix,Race,race,McLaren,NOR,75.159,57,77.04475,18,9,1.8857499999999874,75.136,1.0,1.0,0.9608585858585859,0.950925925925926,0.2594772926936577,1.6262727073063297,True,0.7777777777777779,0.8160000000000001,0.7715555555555556,3.0,3.0,3.0
2025,Monaco Grand Prix,Race,race,McLaren,PIA,75.113,57,77.04475,18,9,1.9317499999999939,75.136,1.0,1.0,0.9608585858585859,0.950925925925926,0.12747228817738215,1.8042777118226117,True,0.7777777777777779,0.8160000000000001,0.7715555555555556,3.0,3.0,3.0
2025,Monaco Grand Prix,Race,race,Mercedes,ANT,79.084,42,77.04475,18,9,-2.0392500000000098,79.108,0.0,0.0,0.6664862914862915,0.678968253968254,-0.24773778002094068,-1.7915122199790692,True,0.7555555555555555,0.44622222222222224,0.6791111111111111,3.0,3.0,3.0
2025,Monaco Grand Prix,Race,race,Mercedes,RUS,79.132,42,77.04475,18,9,-2.0872500000000116,79.108,0.0,0.0,0.6664862914862915,0.678968253968254,-0.09081960026679484,-1.9964303997332167,True,0.7555555555555555,0.44622222222222224,0.6791111111111111,3.0,3.0,3.0
2025,Monaco Grand Prix,Race,race,Racing Bulls,HAD,77.0565,34,77.04475,18,9,-0.011750000000006366,76.82325,0.75,0.75,0.38076341647770223,0.30187074829931976,0.19209060622006915,-0.20384060622007552,True,0.42044444444444445,0.3457777777777778,0.368,3.0,3.0,3.0
2025,Monaco Grand Prix,Race,race,Racing Bulls,LAW,76.59,34,77.04475,18,9,0.45474999999999,76.82325,0.75,0.75,0.38076341647770223,0.30187074829931976,-0.0020845522345543707,0.4568345522345444,True,0.42044444444444445,0.3457777777777778,0.368,3.0,3.0,3.0
2025,Monaco Grand Prix,Race,race,Red Bull Racing,TSU,78.991,16,77.04475,18,9,-1.9462500000000063,77.13175000000001,0.375,0.375,0.6423160173160173,0.6328125,-0.008871756926109803,-1.9373782430738964,True,1.0,0.528888888888889,0.8826666666666666,3.0,3.0,3.0
2025,Monaco Grand Prix,Race,race,Red Bull Racing,VER,75.27250000000001,16,77.04475,18,9,1.7722499999999854,77.13175000000001,0.375,0.375,0.6423160173160173,0.6328125,1.05349042621627,0.7187595737837154,True,1.0,0.528888888888889,0.8826666666666666,3.0,3.0,3.0
2025,Monaco Grand Prix,Race,race,Williams,ALB,76.37,37,77.04475,18,9,0.6747499999999889,76.8235,0.625,0.625,0.4249622071050642,0.45962962962962967,0.26859346837757936,0.4061565316224095,True,0.5937777777777778,0.624,0.4524444444444445,3.0,3.0,3.0
2025,Monaco Grand Prix,Race,race,Williams,SAI,77.277,37,77.04475,18,9,-0.23225000000000762,76.8235,0.625,0.625,0.4249622071050642,0.45962962962962967,0.13770117581501623,-0.36995117581502385,True,0.5937777777777778,0.624,0.4524444444444445,3.0,3.0,3.0
2025,Saudi Arabian Grand Prix,Qualifying,qualifying,Ferrari,HAM,88.201,3,87.8835,10,5,-0.31749999999999545,88.0335,0.25,0.7142857142857143,0.7150103519668738,0.6883249791144528,0.3949955738094543,-0.7124955738094498,True,0.8284444444444444,0.5662222222222223,0.792,3.0,3.0,3.0
2025,Saudi Arabian Grand Prix,Qualifying,qualifying,Ferrari,LEC,87.866,3,87.8835,10,5,0.017499999999998295,88.0335,0.25,0.7142857142857143,0.7150103519668738,0.6883249791144528,0.4980360426406395,-0.4805360426406412,True,0.8284444444444444,0.5662222222222223,0.792,3.0,3.0,3.0
2025,Saudi Arabian Grand Prix,Qualifying,qualifying,McLaren,NOR,87.805,3,87.8835,10,5,0.07849999999999113,87.85300000000001,0.75,1.0,0.9608585858585859,0.9566993464052288,0.12450891586109554,-0.04600891586110441,True,0.7146666666666667,0.7582222222222222,0.6782222222222222,3.0,3.0,3.0
2025,Saudi Arabian Grand Prix,Qualifying,qualifying,McLaren,PIA,87.901,3,87.8835,10,5,-0.017499999999998295,87.85300000000001,0.75,1.0,0.9608585858585859,0.9566993464052288,0.03443707754662947,-0.05193707754662776,True,0.7146666666666667,0.7582222222222222,0.6782222222222222,3.0,3.0,3.0
2025,Saudi Arabian Grand Prix,Qualifying,qualifying,Mercedes,ANT,87.866,3,87.8835,10,5,0.017499999999998295,87.7325,1.0,0.8571428571428572,0.6664862914862915,0.6432072829131653,0.23237994816558635,-0.21487994816558806,True,0.4915555555555556,0.7253333333333333,0.4915555555555556,3.0,3.0,3.0
2025,Saudi Arabian Grand Prix,Qualifying,qualifying,Mercedes,RUS,87.599,3,87.8835,10,5,0.2844999999999942,87.7325,1.0,0.8571428571428572,0.6664862914862915,0.6432072829131653,0.45271685282537005,-0.16821685282537585,True,0.4915555555555556,0.7253333333333333,0.4915555555555556,3.0,3.0,3.0
2025,Saudi Arabian Grand Prix,Qualifying,qualifying,Red Bull Racing,TSU,88.165,3,87.8835,10,5,-0.2815000000000083,87.862,0.5,,0.6423160173160173,,-0.01826717338177214,-0.26323282661823616,True,0.5146666666666667,0.6275555555555556,0.7697777777777778,3.0,3.0,3.0
2025,Saudi Arabian Grand Prix,Qualifying,qualifying,Red Bull Racing,VER,87.559,3,87.8835,10,5,0.32450000000000045,87.862,0.5,,0.6423160173160173,,0.44653785362151754,-0.12203785362151709,True,0.5146666666666667,0.6275555555555556,0.7697777777777778,3.0,3.0,3.0
2025,Saudi Arabian Grand Prix,Qualifying,qualifying,Williams,ALB,88.581,5,87.8835,10,5,-0.6975000000000051,88.4675,0.0,0.5714285714285714,0.4249622071050642,0.4643790849673203,0.4053446987189551,-1.1028446987189602,True,0.49333333333333335,0.544888888888889,0.4568888888888889,3.0,3.0,3.0
2025,Saudi Arabian Grand Prix,Qualifying,qualifying,Williams,SAI,88.354,5,87.8835,10,5,-0.47050000000000125,88.4675,0.0,0.5714285714285714,0.4249622071050642,0.4643790849673203,0.42089768077579187,-0.8913976807757931,True,0.49333333333333335,0.544888888888889,0.4568888888888889,3.0,3.0,3.0
2025,Saudi Arabian Grand Prix,Race,race,Aston Martin,ALO,94.41300000000001,28,94.3755,16,8,-0.037500000000008527,95.0455,0.2857142857142857,0.2857142857142857,0.3057142857142857,0.29409722222222223,0.016901313346079846,-0.05440131334608837,True,0.34755555555555556,0.3715555555555556,0.3111111111111111,3.0,3.0,3.0
2025,Saudi Arabian Grand Prix,Race,race,Aston Martin,STR,95.678,28,94.3755,16,8,-1.3024999999999949,95.0455,0.2857142857142857,0.2857142857142857,0.3057142857142857,0.29409722222222223,-0.2745680106068059,-1.0279319893931889,True,0.34755555555555556,0.3715555555555556,0.3111111111111111,3.0,3.0,3.0
2025,Saudi Arabian Grand Prix,Race,race,Ferrari,HAM,94.45,32,94.3755,16,8,-0.07450000000000045,94.12575000000001,0.7142857142857143,0.7142857142857143,0.7150103519668738,0.6883249791144528,-0.03013038881255811,-0.04436961118744234,True,0.8284444444444444,0.5662222222222223,0.792,3.0,3.0,3.0
2025,Saudi Arabian Grand Prix,Race,race,Ferrari,LEC,93.8015,32,94.3755,16,8,0.5739999999999981,94.12575000000001,0.7142857142857143,0.7142857142857143,0.7150103519668738,0.6883249791144528,0.1958228383996559,0.3781771616003422,True,0.8284444444444444,0.5662222222222223,0.792,3.0,3.0,3.0
2025,Saudi Arabian Grand Prix,Race,race,Haas F1 Team,BEA,94.2585,26,94.3755,16,8,0.11700000000000443,95.05175,0.1428571428571429,0.1428571428571429,0.29614748677248676,0.2911654135338346,0.0345295176463184,0.08247048235368604,True,0.2888888888888889,0.2888888888888889,0.25244444444444447,3.0,3.0,3.0
2025,Saudi Arabian Grand Prix,Race,race,Haas F1 Team,OCO,95.845,26,94.3755,16,8,-1.4694999999999965,95.05175,0.1428571428571429,0.1428571428571429,0.29614748677248676,0.2911654135338346,-0.12843307985374308,-1.3410669201462535,True,0.2888888888888889,0.2888888888888889,0.25244444444444447,3.0,3.0,3.0
2025,Saudi Arabian Grand Prix,Race,race,Kick Sauber,BOR,96.087,27,94.3755,16,8,-1.711500000000001,95.97749999999999,0.0,0.0,0.24415204678362576,0.2694444444444445,-0.23563312919797155,-1.4758668708020293,True,0.0,0.13333333333333333,0.0,3.0,3.0,3.0
2025,Saudi Arabian Grand Prix,Race,race,Kick Sauber,HUL,95.868,27,94.3755,16,8,-1.4924999999999926,95.97749999999999,0.0,0.0,0.24415204678362576,0.2694444444444445,-0.18641475160805335,-1.3060852483919392,True,0.0,0.13333333333333333,0.0,3.0,3.0,3.0
2025,Saudi Arabian Grand Prix,Race,race,McLaren,NOR,93.61500000000001,34,94.3755,16,8,0.7604999999999933,93.25675000000001,1.0,1.0,0.9608585858585859,0.9566993464052288,0.2594772926936577,0.5010227073063356,True,0.7146666666666667,0.7582222222222222,0.6782222222222222,3.0,3.0,3.0
2025,Saudi Arabian Grand Prix,Race,race,McLaren,PIA,92.8985,34,94.3755,16,8,1.4770000000000039,93.25675000000001,1.0,1.0,0.9608585858585859,0.9566993464052288,0.12747228817738215,1.3495277118226217,True,0.7146666666666667,0.7582222222222222,0.6782222222222222,3.0,3.0,3.0
2025,Saudi Arabian Grand Prix,Race,race,Mercedes,ANT,93.80449999999999,40,94.3755,16,8,0.5710000000000122,93.7605,0.8571428571428572,0.8571428571428572,0.6664862914862915,0.6432072829131653,-0.24773778002094068,0.8187377800209529,True,0.4915555555555556,0.7253333333333333,0.4915555555555556,3.0,3.0,3.0
2025,Saudi Arabian Grand Prix,Race,race,Mercedes,RUS,93.7165,40,94.3755,16,8,0.659000000000006,93.7605,0.8571428571428572,0.8571428571428572,0.6664862914862915,0.6432072829131653,-0.09081960026679484,0.7498196002668008,True,0.4915555555555556,0.7253333333333333,0.4915555555555556,3.0,3.0,3.0
2025,Saudi Arabian Grand Prix,Race,race,Racing Bulls,HAD,94.63550000000001,32,94.3755,16,8,-0.2600000000000051,94.56575000000001,0.4285714285714286,0.4285714285714286,0.38076341647770223,0.34226190476190477,0.19209060622006915,-0.45209060622007424,True,0.7288888888888889,0.43644444444444447,0.6924444444444445,3.0,3.0,3.0
2025,Saudi Arabian Grand Prix,Race,race,Racing Bulls,LAW,94.496,32,94.3755,16,8,-0.12049999999999272,94.56575000000001,0.4285714285714286,0.4285714285714286,0.38076341647770223,0.34226190476190477,-0.0020845522345543707,-0.11841544776543836,True,0.7288888888888889,0.43644444444444447,0.6924444444444445,3.0,3.0,3.0
2025,Saudi Arabian Grand Prix,Race,race,Williams,ALB,94.178,37,94.3755,16,8,0.19750000000000512,94.258,0.5714285714285714,0.5714285714285714,0.4249622071050642,0.4643790849673203,0.26859346837757936,-0.07109346837757424,True,0.49333333333333335,0.544888888888889,0.4568888888888889,3.0,3.0,3.0
2025,Saudi Arabian Grand Prix,Race,race,Williams,SAI,94.338,37,94.3755,16,8,0.037500000000008527,94.258,0.5714285714285714,0.5714285714285714,0.4249622071050642,0.4643790849673203,0.13770117581501623,-0.1002011758150077,True,0.49333333333333335,0.544888888888889,0.4568888888888889,3.0,3.0,3.0
2025,Singapore Grand Prix,Qualifying,qualifying,Ferrari,HAM,89.733,3,89.838,12,6,0.10499999999998977,89.7955,0.6,0.7777777777777778,0.7150103519668738,0.6896230158730159,0.3949955738094543,-0.28999557380946456,True,0.17955555555555555,0.6746666666666667,0.17955555555555555,3.0,3.0,3.0
2025,Singapore Grand Prix,Qualifying,qualifying,Ferrari,LEC,89.858,3,89.838,12,6,-0.020000000000010232,89.7955,0.6,0.7777777777777778,0.7150103519668738,0.6896230158730159,0.4980360426406395,-0.5180360426406497,True,0.17955555555555555,0.6746666666666667,0.17955555555555555,3.0,3.0,3.0
2025,Singapore Grand Prix,Qualifying,qualifying,McLaren,NOR,89.708,4,89.838,12,6,0.12999999999999545,89.763,0.8,1.0,0.9608585858585859,0.9591049382716049,0.12450891586109554,0.005491084138899913,True,0.9253333333333333,0.9555555555555555,0.9253333333333333,3.0,3.0,3.0
2025,Singapore Grand Prix,Qualifying,qualifying,McLaren,PIA,89.818,4,89.838,12,6,0.01999999999999602,89.763,0.8,1.0,0.9608585858585859,0.9591049382716049,0.03443707754662947,-0.014437077546633446,True,0.9253333333333333,0.9555555555555555,0.9253333333333333,3.0,3.0,3.0
2025,Singapore Grand Prix,Qualifying,qualifying,Mercedes,ANT,89.705,4,89.838,12,6,0.13299999999999557,89.53425,1.0,0.8888888888888888,0.6664862914862915,0.6550925925925926,0.23237994816558635,-0.09937994816559079,True,0.6666666666666666,0.5573333333333333,0.6666666666666666,3.0,3.0,3.0
2025,Singapore Grand Prix,Qualifying,qualifying,Mercedes,RUS,89.3635,4,89.838,12,6,0.47449999999999193,89.53425,1.0,0.8888888888888888,0.6664862914862915,0.6550925925925926,0.45271685282537005,0.021783147174621875,True,0.6666666666666666,0.5573333333333333,0.6666666666666666,3.0,3.0,3.0
2025,Singapore Grand Prix,Qualifying,qualifying,Racing Bulls,HAD,90.122,3,89.838,12,6,-0.284000000000006,90.32300000000001,0.19999999999999996,0.5555555555555556,0.38076341647770223,0.34733893557422973,-0.14520422670120633,-0.1387957732987997,True,0.6222222222222223,0.5875555555555556,0.6222222222222223,3.0,3.0,3.0
2025,Singapore Grand Prix,Qualifying,qualifying,Racing Bulls,LAW,90.524,3,89.838,12,6,-0.686000000000007,90.32300000000001,0.19999999999999996,0.5555555555555556,0.38076341647770223,0.34733893557422973,-0.24819032494534726,-0.4378096750546598,True,0.6222222222222223,0.5875555555555556,0.6222222222222223,3.0,3.0,3.0
2025,Singapore Grand Prix,Qualifying,qualifying,Red Bull Racing,TSU,90.432,3,89.838,12,6,-0.5940000000000083,90.0895,0.4,0.6666666666666667,0.6423160173160173,0.6319444444444444,-0.01826717338177214,-0.5757328266182362,True,0.6,0.16355555555555557,0.6,3.0,3.0,3.0
2025,Singapore Grand Prix,Qualifying,qualifying,Red Bull Racing,VER,89.747,3,89.838,12,6,0.09099999999999397,90.0895,0.4,0.6666666666666667,0.6423160173160173,0.6319444444444444,0.44653785362151754,-0.35553785362152357,True,0.6,0.16355555555555557,0.6,3.0,3.0,3.0
2025,Singapore Grand Prix,Qualifying,qualifying,Williams,ALB,90.476,3,89.838,12,6,-0.6380000000000052,90.4195,0.0,0.33333333333333337,0.4249622071050642,0.47032627865961196,0.4053446987189551,-1.0433446987189603,True,0.8382222222222222,0.5315555555555556,0.8382222222222222,3.0,3.0,3.0
2025,Singapore Grand Prix,Qualifying,qualifying,Williams,SAI,90.363,3,89.838,12,6,-0.5250000000000057,90.4195,0.0,0.33333333333333337,0.4249622071050642,0.47032627865961196,0.42089768077579187,-0.9458976807757975,True,0.8382222222222222,0.5315555555555556,0.8382222222222222,3.0,3.0,3.0
2025,Singapore Grand Prix,Race,race,Alpine,COL,98.418,25,98.30250000000001,20,10,-0.11549999999999727,98.632,0.0,0.0,0.28111946532999166,0.34656084656084657,0.06255266167480363,-0.17805266167480088,True,0.27466666666666667,0.17777777777777776,0.23022222222222224,3.0,3.0,3.0
2025,Singapore Grand Prix,Race,race,Alpine,GAS,98.846,25,98.30250000000001,20,10,-0.5434999999999945,98.632,0.0,0.0,0.28111946532999166,0.34656084656084657,0.03412313799982952,-0.577623137999824,True,0.27466666666666667,0.17777777777777776,0.23022222222222224,3.0,3.0,3.0
2025,Singapore Grand Prix,Race,race,Aston Martin,ALO,98.11449999999999,38,98.30250000000001,20,10,0.1880000000000166,98.3065,0.4444444444444444,0.4444444444444444,0.3057142857142857,0.2936041083099907,0.016901313346079846,0.17109868665393674,True,0.5031111111111111,0.6302222222222224,0.5031111111111111,3.0,3.0,3.0
2025,Singapore Grand Prix,Race,race,Aston Martin,STR,98.4985,38,98.30250000000001,20,10,-0.19599999999999795,98.3065,0.4444444444444444,0.4444444444444444,0.3057142857142857,0.2936041083099907,-0.2745680106068059,0.07856801060680796,True,0.5031111111111111,0.6302222222222224,0.5031111111111111,3.0,3.0,3.0
2025,Singapore Grand Prix,Race,race,Ferrari,HAM,96.4615,34,98.30250000000001,20,10,1.8410000000000082,96.73025,0.7777777777777778,0.7777777777777778,0.7150103519668738,0.6896230158730159,-0.03013038881255811,1.8711303888125663,True,0.17955555555555555,0.6746666666666667,0.17955555555555555,3.0,3.0,3.0
2025,Singapore Grand Prix,Race,race,Ferrari,LEC,96.999,34,98.30250000000001,20,10,1.3035000000000139,96.73025,0.7777777777777778,0.7777777777777778,0.7150103519668738,0.6896230158730159,0.1958228383996559,1.107677161600358,True,0.17955555555555555,0.6746666666666667,0.17955555555555555,3.0,3.0,3.0
2025,Singapore Grand Prix,Race,race,Haas F1 Team,BEA,98.336,39,98.30250000000001,20,10,-0.03349999999998943,98.43299999999999,0.11111111111111116,0.11111111111111116,0.29614748677248676,0.28375,0.0345295176463184,-0.06802951764630782,True,0.18400000000000005,0.42844444444444446,0.15377777777777782,3.0,3.0,3.0
2025,Singapore Grand Prix,Race,race,Haas F1 Team,OCO,98.53,39,98.30250000000001,20,10,-0.22749999999999204,98.43299999999999,0.11111111111111116,0.11111111111111116,0.29614748677248676,0.28375,-0.12843307985374308,-0.09906692014624896,True,0.18400000000000005,0.42844444444444446,0.15377777777777782,3.0,3.0,3.0
2025,Singapore Grand Prix,Race,race,Kick Sauber,BOR,98.324,25,98.30250000000001,20,10,-0.021499999999988972,98.423,0.2222222222222222,0.2222222222222222,0.24415204678362576,0.2526041666666667,-0.23563312919797155,0.21413312919798258,True,0.20622222222222222,0.2933333333333334,0.28088888888888885,3.0,3.0,3.0
2025,Singapore Grand Prix,Race,race,Kick Sauber,HUL,98.522,25,98.30250000000001,20,10,-0.21949999999999648,98.423,0.2222222222222222,0.2222222222222222,0.24415204678362576,0.2526041666666667,-0.18641475160805335,-0.03308524839194313,True,0.20622222222222222,0.2933333333333334,0.28088888888888885,3.0,3.0,3.0
2025,Singapore Grand Prix,Race,race,McLaren,NOR,96.638,47,98.30250000000001,20,10,1.6645000000000039,96.519,1.0,1.0,0.9608585858585859,0.9591049382716049,0.2594772926936577,1.4050227073063462,True,0.9253333333333333,0.9555555555555555,0.9253333333333333,3.0,3.0,3.0
2025,Singapore Grand Prix,Race,race,McLaren,PIA,96.4,47,98.30250000000001,20,10,1.9025000000000034,96.519,1.0,1.0,0.9608585858585859,0.9591049382716049,0.12747228817738215,1.7750277118226212,True,0.9253333333333333,0.9555555555555555,0.9253333333333333,3.0,3.0,3.0
2025,Singapore Grand Prix,Race,race,Mercedes,ANT,96.825,46,98.30250000000001,20,10,1.4775000000000063,96.58500000000001,0.8888888888888888,0.8888888888888888,0.6664862914862915,0.6550925925925926,-0.24773778002094068,1.7252377800209469,True,0.6666666666666666,0.5573333333333333,0.6666666666666666,3.0,3.0,3.0
2025,Singapore Grand Prix,Race,race,Mercedes,RUS,96.345,46,98.30250000000001,20,10,1.9575000000000102,96.58500000000001,0.8888888888888888,0.8888888888888888,0.6664862914862915,0.6550925925925926,-0.09081960026679484,2.048319600266805,True,0.6666666666666666,0.5573333333333333,0.6666666666666666,3.0,3.0,3.0
2025,Singapore Grand Prix,Race,race,Racing Bulls,HAD,98.5095,8,98.30250000000001,20,10,-0.20699999999999363,97.80375000000001,0.5555555555555556,0.5555555555555556,0.38076341647770223,0.34733893557422973,0.19209060622006915,-0.39909060622006276,True,0.6222222222222223,0.5875555555555556,0.6222222222222223,3.0,3.0,3.0
2025,Singapore Grand Prix,Race,race,Racing Bulls,LAW,97.098,8,98.30250000000001,20,10,1.2045000000000101,97.80375000000001,0.5555555555555556,0.5555555555555556,0.38076341647770223,0.34733893557422973,-0.0020845522345543707,1.2065845522345644,True,0.6222222222222223,0.5875555555555556,0.6222222222222223,3.0,3.0,3.0
2025,Singapore Grand Prix,Race,race,Red Bull Racing,TSU,98.281,39,98.30250000000001,20,10,0.021500000000003183,97.272,0.6666666666666667,0.6666666666666667,0.6423160173160173,0.6319444444444444,-0.008871756926109803,0.030371756926112985,True,0.6,0.16355555555555557,0.6,3.0,3.0,3.0
2025,Singapore Grand Prix,Race,race,Red Bull Racing,VER,96.263,39,98.30250000000001,20,10,2.039500000000004,97.272,0.6666666666666667,0.6666666666666667,0.6423160173160173,0.6319444444444444,1.05349042621627,0.9860095737837338,True,0.6,0.16355555555555557,0.6,3.0,3.0,3.0
2025,Singapore Grand Prix,Race,race,Williams,ALB,98.488,40,98.30250000000001,20,10,-0.18549999999999045,98.4205,0.33333333333333337,0.33333333333333337,0.4249622071050642,0.47032627865961196,0.26859346837757936,-0.4540934683775698,True,0.8382222222222222,0.5315555555555556,0.8382222222222222,3.0,3.0,3.0
2025,Singapore Grand Prix,Race,race,Williams,SAI,98.353,40,98.30250000000001,20,10,-0.050499999999985334,98.4205,0.33333333333333337,0.33333333333333337,0.4249622071050642,0.47032627865961196,0.13770117581501623,-0.18820117581500156,True,0.8382222222222222,0.5315555555555556,0.8382222222222222,3.0,3.0,3.0
2025,Spanish Grand Prix,Qualifying,qualifying,Ferrari,HAM,72.447,3,72.6235,10,5,0.17650000000000432,72.471,0.5,0.875,0.7150103519668738,0.6938208616780046,0.3949955738094543,-0.21849557380945,True,0.40444444444444444,0.6488888888888888,0.5368888888888889,3.0,3.0,3.0
2025,Spanish Grand Prix,Qualifying,qualifying,Ferrari,LEC,72.495,3,72.6235,10,5,0.1285000000000025,72.471,0.5,0.875,0.7150103519668738,0.6938208616780046,0.4980360426406395,-0.369536042640637,True,0.40444444444444444,0.6488888888888888,0.5368888888888889,3.0,3.0,3.0
2025,Spanish Grand Prix,Qualifying,qualifying,Haas F1 Team,BEA,73.329,3,72.6235,10,5,-0.7054999999999865,73.443,0.0,0.375,0.29614748677248676,0.27552910052910057,0.1909954717993887,-0.8964954717993752,True,0.15111111111111114,0.13333333333333336,0.24266666666666667,3.0,3.0,3.0
2025,Spanish Grand Prix,Qualifying,qualifying,Haas F1 Team,OCO,73.557,3,72.6235,10,5,-0.9334999999999951,73.443,0.0,0.375,0.29614748677248676,0.27552910052910057,-0.06464507161486799,-0.8688549283851271,True,0.15111111111111114,0.13333333333333336,0.24266666666666667,3.0,3.0,3.0
2025,Spanish Grand Prix,Qualifying,qualifying,McLaren,NOR,71.819,3,72.6235,10,5,0.8045000000000044,71.8275,1.0,1.0,0.9608585858585859,0.9612573099415205,0.12450891586109554,0.6799910841389089,True,0.2951111111111111,0.368,0.6284444444444445,3.0,3.0,3.0
2025,Spanish Grand Prix,Qualifying,qualifying,McLaren,PIA,71.836,3,72.6235,10,5,0.7875000000000085,71.8275,1.0,1.0,0.9608585858585859,0.9612573099415205,0.03443707754662947,0.753062922453379,True,0.2951111111111111,0.368,0.6284444444444445,3.0,3.0,3.0
2025,Spanish Grand Prix,Qualifying,qualifying,Mercedes,ANT,72.752,3,72.6235,10,5,-0.1284999999999883,72.4135,0.75,0.625,0.6664862914862915,0.6673976608187134,0.23237994816558635,-0.36087994816557467,True,0.4666666666666667,0.5031111111111111,0.672,3.0,3.0,3.0
2025,Spanish Grand Prix,Qualifying,qualifying,Mercedes,RUS,72.075,3,72.6235,10,5,0.5485000000000042,72.4135,0.75,0.625,0.6664862914862915,0.6673976608187134,0.45271685282537005,0.09578314717463415,True,0.4666666666666667,0.5031111111111111,0.672,3.0,3.0,3.0
2025,Spanish Grand Prix,Qualifying,qualifying,Racing Bulls,HAD,73.0655,4,72.6235,10,5,-0.44199999999999307,73.06800000000001,0.25,0.5,0.38076341647770223,0.35890652557319225,-0.14520422670120633,-0.2967957732987867,True,0.5226666666666666,0.43822222222222224,0.6506666666666667,3.0,3.0,3.0
2025,Spanish Grand Prix,Qualifying,qualifying,Racing Bulls,LAW,73.07050000000001,4,72.6235,10,5,-0.44700000000000273,73.06800000000001,0.25,0.5,0.38076341647770223,0.35890652557319225,-0.24819032494534726,-0.19880967505465547,True,0.5226666666666666,0.43822222222222224,0.6506666666666667,3.0,3.0,3.0
2025,Spanish Grand Prix,Race,race,Alpine,COL,82.593,35,81.35,18,9,-1.2430000000000092,82.11449999999999,0.0,0.0,0.28111946532999166,0.32490079365079366,0.06255266167480363,-1.3055526616748128,True,0.5333333333333334,0.6142222222222222,0.2604444444444445,3.0,3.0,3.0
2025,Spanish Grand Prix,Race,race,Alpine,GAS,81.636,35,81.35,18,9,-0.28600000000000136,82.11449999999999,0.0,0.0,0.28111946532999166,0.32490079365079366,0.03412313799982952,-0.3201231379998309,True,0.5333333333333334,0.6142222222222222,0.2604444444444445,3.0,3.0,3.0
2025,Spanish Grand Prix,Race,race,Ferrari,HAM,80.592,32,81.35,18,9,0.7579999999999956,80.44049999999999,0.875,0.875,0.7150103519668738,0.6938208616780046,-0.03013038881255811,0.7881303888125537,True,0.40444444444444444,0.6488888888888888,0.5368888888888889,3.0,3.0,3.0
2025,Spanish Grand Prix,Race,race,Ferrari,LEC,80.28899999999999,32,81.35,18,9,1.061000000000007,80.44049999999999,0.875,0.875,0.7150103519668738,0.6938208616780046,0.1958228383996559,0.8651771616003512,True,0.40444444444444444,0.6488888888888888,0.5368888888888889,3.0,3.0,3.0
2025,Spanish Grand Prix,Race,race,Haas F1 Team,BEA,81.748,35,81.35,18,9,-0.39800000000001035,81.498,0.375,0.375,0.29614748677248676,0.27552910052910057,0.0345295176463184,-0.43252951764632874,True,0.15111111111111114,0.13333333333333336,0.24266666666666667,3.0,3.0,3.0
2025,Spanish Grand Prix,Race,race,Haas F1 Team,OCO,81.248,35,81.35,18,9,0.10199999999998965,81.498,0.375,0.375,0.29614748677248676,0.27552910052910057,-0.12843307985374308,0.23043307985373274,True,0.15111111111111114,0.13333333333333336,0.24266666666666667,3.0,3.0,3.0
2025,Spanish Grand Prix,Race,race,Kick Sauber,BOR,81.48349999999999,32,81.35,18,9,-0.13349999999999795,81.598,0.25,0.25,0.24415204678362576,0.2508169934640523,-0.23563312919797155,0.1021331291979736,True,0.49333333333333335,0.26666666666666666,0.22044444444444444,3.0,3.0,3.0
2025,Spanish Grand Prix,Race,race,Kick Sauber,HUL,81.7125,32,81.35,18,9,-0.36250000000001137,81.598,0.25,0.25,0.24415204678362576,0.2508169934640523,-0.18641475160805335,-0.17608524839195802,True,0.49333333333333335,0.26666666666666666,0.22044444444444444,3.0,3.0,3.0
2025,Spanish Grand Prix,Race,race,McLaren,NOR,79.9865,46,81.35,18,9,1.3634999999999877,79.95925,1.0,1.0,0.9608585858585859,0.9612573099415205,0.2594772926936577,1.10402270730633,True,0.2951111111111111,0.368,0.6284444444444445,3.0,3.0,3.0
2025,Spanish Grand Prix,Race,race,McLaren,PIA,79.93199999999999,46,81.35,18,9,1.4180000000000064,79.95925,1.0,1.0,0.9608585858585859,0.9612573099415205,0.12747228817738215,1.2905277118226242,True,0.2951111111111111,0.368,0.6284444444444445,3.0,3.0,3.0
2025,Spanish Grand Prix,Race,race,Mercedes,ANT,80.774,35,81.35,18,9,0.5759999999999934,80.72149999999999,0.625,0.625,0.6664862914862915,0.6673976608187134,-0.24773778002094068,0.8237377800209341,True,0.4666666666666667,0.5031111111111111,0.672,3.0,3.0,3.0
2025,Spanish Grand Prix,Race,race,Mercedes,RUS,80.669,35,81.35,18,9,0.6809999999999974,80.72149999999999,0.625,0.625,0.6664862914862915,0.6673976608187134,-0.09081960026679484,0.7718196002667922,True,0.4666666666666667,0.5031111111111111,0.672,3.0,3.0,3.0
2025,Spanish Grand Prix,Race,race,Racing Bulls,HAD,81.11,39,81.35,18,9,0.23999999999999488,81.2885,0.5,0.5,0.38076341647770223,0.35890652557319225,0.19209060622006915,0.04790939377992573,True,0.5226666666666666,0.43822222222222224,0.6506666666666667,3.0,3.0,3.0
2025,Spanish Grand Prix,Race,race,Racing Bulls,LAW,81.467,39,81.35,18,9,-0.11700000000000443,81.2885,0.5,0.5,0.38076341647770223,0.35890652557319225,-0.0020845522345543707,-0.11491544776545007,True,0.5226666666666666,0.43822222222222224,0.6506666666666667,3.0,3.0,3.0
2025,Spanish Grand Prix,Race,race,Red Bull Racing,TSU,81.452,33,81.35,18,9,-0.10200000000000387,80.6815,0.75,0.75,0.6423160173160173,0.6337719298245613,-0.008871756926109803,-0.09312824307389406,True,0.6568888888888889,0.9253333333333333,0.5297777777777778,3.0,3.0,3.0
2025,Spanish Grand Prix,Race,race,Red Bull Racing,VER,79.911,33,81.35,18,9,1.438999999999993,80.6815,0.75,0.75,0.6423160173160173,0.6337719298245613,1.05349042621627,0.38550957378372286,True,0.6568888888888889,0.9253333333333333,0.5297777777777778,3.0,3.0,3.0
2025,Spanish Grand Prix,Race,race,Williams,ALB,81.932,19,81.35,18,9,-0.5820000000000078,81.91300000000001,0.125,0.125,0.4249622071050642,0.4631161236424394,0.26859346837757936,-0.8505934683775872,True,0.7697777777777778,0.4097777777777778,0.6426666666666667,3.0,3.0,3.0
2025,Spanish Grand Prix,Race,race,Williams,SAI,81.894,19,81.35,18,9,-0.5440000000000111,81.91300000000001,0.125,0.125,0.4249622071050642,0.4631161236424394,0.13770117581501623,-0.6817011758150273,True,0.7697777777777778,0.4097777777777778,0.6426666666666667,3.0,3.0,3.0
