reference_driver_code,comparison_driver_code,team,year,race_name,session_name,session_kind,matched_gap_median_s,matched_gap_se_s,n_matched_pairs,weather_bucket,skip_reason
ALB,LAT,Williams,2022,Bahrain Grand Prix,Race,race,0.1265,0.4606580464637209,24,dry,
ALO,OCO,Alpine,2022,Bahrain Grand Prix,Race,race,-0.3190000000000026,0.1099840350776948,29,dry,
BOT,ZHO,Alfa Romeo,2022,Bahrain Grand Prix,Race,race,0.0870000000000033,0.0683127741429888,37,dry,
GAS,TSU,AlphaTauri,2022,Bahrain Grand Prix,Race,race,0.2240000000000037,0.0837903854848483,19,dry,
HAM,RUS,Mercedes,2022,Bahrain Grand Prix,Race,race,0.198999999999998,0.1057644145040087,35,dry,
HUL,STR,Aston Martin,2022,Bahrain Grand Prix,Race,race,-0.1809999999999973,0.1116769991365116,35,dry,
LEC,SAI,Ferrari,2022,Bahrain Grand Prix,Race,race,0.386499999999998,0.0794999387925411,34,dry,
MAG,MSC,Haas F1 Team,2022,Bahrain Grand Prix,Race,race,1.2890000000000017,0.8854420197767826,27,dry,
NOR,RIC,McLaren,2022,Bahrain Grand Prix,Race,race,0.1949999999999931,0.190963400325859,24,dry,
PER,VER,Red Bull Racing,2022,Bahrain Grand Prix,Race,race,-0.4140000000000015,0.181792017684203,35,dry,
ALO,OCO,Alpine,2022,Bahrain Grand Prix,Qualifying,qualifying,0.3209999999999979,0.1501248515971535,3,dry,
BOT,ZHO,Alfa Romeo,2022,Bahrain Grand Prix,Qualifying,qualifying,0.7685000000000031,0.3681917893183862,4,dry,
HAM,RUS,Mercedes,2022,Bahrain Grand Prix,Qualifying,qualifying,0.1684999999999945,0.2415614217963,4,dry,
LEC,SAI,Ferrari,2022,Bahrain Grand Prix,Qualifying,qualifying,0.0685000000000002,0.141893796549565,4,dry,
MAG,MSC,Haas F1 Team,2022,Bahrain Grand Prix,Qualifying,qualifying,0.4249999999999971,0.0819853972446426,3,dry,
NOR,RIC,McLaren,2022,Bahrain Grand Prix,Qualifying,qualifying,0.4899999999999949,0.1964957305085911,3,dry,
PER,VER,Red Bull Racing,2022,Bahrain Grand Prix,Qualifying,qualifying,-0.2700000000000102,0.1601788527392493,3,dry,
GAS,TSU,AlphaTauri,2022,Bahrain Grand Prix,Qualifying,qualifying,,,0,,insufficient_matched_pairs
HUL,STR,Aston Martin,2022,Bahrain Grand Prix,Qualifying,qualifying,,,0,,insufficient_matched_pairs
ALB,LAT,Williams,2022,Bahrain Grand Prix,Qualifying,qualifying,,,0,,insufficient_matched_pairs
ALB,LAT,Williams,2022,Saudi Arabian Grand Prix,Race,race,-0.1064999999999969,0.1523947923404266,8,dry,
ALO,OCO,Alpine,2022,Saudi Arabian Grand Prix,Race,race,0.1835000000000022,0.0991111345510278,24,dry,
BOT,ZHO,Alfa Romeo,2022,Saudi Arabian Grand Prix,Race,race,0.3345000000000055,0.1945822176752932,20,dry,
HAM,RUS,Mercedes,2022,Saudi Arabian Grand Prix,Race,race,-1.4350000000000025,0.2346607590178261,21,dry,
HUL,STR,Aston Martin,2022,Saudi Arabian Grand Prix,Race,race,-0.3729999999999904,0.4624560891862341,23,dry,
LEC,SAI,Ferrari,2022,Saudi Arabian Grand Prix,Race,race,0.2510000000000048,0.0735975469354458,29,dry,
NOR,RIC,McLaren,2022,Saudi Arabian Grand Prix,Race,race,1.208999999999989,0.2158715055464852,11,dry,
PER,VER,Red Bull Racing,2022,Saudi Arabian Grand Prix,Race,race,-0.2150000000000034,0.1349481698451101,27,dry,
GAS,TSU,AlphaTauri,2022,Saudi Arabian Grand Prix,Race,race,,,0,,missing_lap_time_data
MAG,MSC,Haas F1 Team,2022,Saudi Arabian Grand Prix,Race,race,,,0,,missing_lap_time_data
ALO,OCO,Alpine,2022,Saudi Arabian Grand Prix,Qualifying,qualifying,0.2535000000000025,0.1319289389735567,4,dry,
BOT,ZHO,Alfa Romeo,2022,Saudi Arabian Grand Prix,Qualifying,qualifying,0.5120000000000005,0.0659833861380775,5,dry,
HAM,RUS,Mercedes,2022,Saudi Arabian Grand Prix,Qualifying,qualifying,-0.8549999999999898,0.5146544474696627,3,dry,
HUL,STR,Aston Martin,2022,Saudi Arabian Grand Prix,Qualifying,qualifying,-0.3810000000000002,0.0634315101544959,3,dry,
LEC,SAI,Ferrari,2022,Saudi Arabian Grand Prix,Qualifying,qualifying,0.0560000000000044,0.1418263579727538,4,dry,
MAG,MSC,Haas F1 Team,2022,Saudi Arabian Grand Prix,Qualifying,qualifying,0.0600000000000022,0.1564131101443414,3,dry,
NOR,RIC,McLaren,2022,Saudi Arabian Grand Prix,Qualifying,qualifying,0.1269999999999953,0.0642900753599602,5,dry,
PER,VER,Red Bull Racing,2022,Saudi Arabian Grand Prix,Qualifying,qualifying,0.2609999999999957,0.2419866194399819,3,dry,
GAS,TSU,AlphaTauri,2022,Saudi Arabian Grand Prix,Qualifying,qualifying,,,0,,missing_lap_time_data
ALB,LAT,Williams,2022,Saudi Arabian Grand Prix,Qualifying,qualifying,,,0,,insufficient_matched_pairs
ALB,LAT,Williams,2022,Australian Grand Prix,Race,race,-1.1099999999999994,0.3253188352502352,19,dry,
ALO,OCO,Alpine,2022,Australian Grand Prix,Race,race,-1.1169999999999902,0.1619849292876226,23,dry,
BOT,ZHO,Alfa Romeo,2022,Australian Grand Prix,Race,race,0.2249999999999943,0.1844323303497203,38,dry,
GAS,TSU,AlphaTauri,2022,Australian Grand Prix,Race,race,0.2814999999999941,0.1260019567034311,30,dry,
HAM,RUS,Mercedes,2022,Australian Grand Prix,Race,race,0.0159999999999982,0.055426179835536,36,dry,
MAG,MSC,Haas F1 Team,2022,Australian Grand Prix,Race,race,-0.596500000000006,0.4856266245442221,24,dry,
NOR,RIC,McLaren,2022,Australian Grand Prix,Race,race,0.0159999999999911,0.0468246954405829,35,dry,
PER,VER,Red Bull Racing,2022,Australian Grand Prix,Race,race,-0.1120000000000089,0.1678191926819802,21,dry,
STR,VET,Aston Martin,2022,Australian Grand Prix,Race,race,0.5430000000000064,0.3601387568148678,15,dry,
LEC,SAI,Ferrari,2022,Australian Grand Prix,Race,race,,,0,,teammate_dnf_no_matched_laps
ALO,OCO,Alpine,2022,Australian Grand Prix,Qualifying,qualifying,0.152000000000001,0.2690475995708497,3,dry,
BOT,ZHO,Alfa Romeo,2022,Australian Grand Prix,Qualifying,qualifying,0.600999999999992,0.2707300244193888,4,dry,
GAS,TSU,AlphaTauri,2022,Australian Grand Prix,Qualifying,qualifying,-0.710000000000008,2.059490686987872,3,dry,
HAM,RUS,Mercedes,2022,Australian Grand Prix,Qualifying,qualifying,-0.1240000000000023,0.9063552178726416,4,dry,
LEC,SAI,Ferrari,2022,Australian Grand Prix,Qualifying,qualifying,0.1330000000000097,0.6773377634214403,3,dry,
MAG,MSC,Haas F1 Team,2022,Australian Grand Prix,Qualifying,qualifying,-0.1380000000000052,0.0439266425865787,4,dry,
NOR,RIC,McLaren,2022,Australian Grand Prix,Qualifying,qualifying,-0.0600000000000022,0.5697402754461569,3,dry,
PER,VER,Red Bull Racing,2022,Australian Grand Prix,Qualifying,qualifying,0.0010000000000047,0.6900761731292542,3,dry,
STR,VET,Aston Martin,2022,Australian Grand Prix,Qualifying,qualifying,,,0,,insufficient_matched_pairs
ALB,LAT,Williams,2022,Australian Grand Prix,Qualifying,qualifying,,,0,,insufficient_matched_pairs
ALB,LAT,Williams,2022,Emilia Romagna Grand Prix,Race,race,-0.2600000000000051,0.1164365288741321,43,dry,
BOT,ZHO,Alfa Romeo,2022,Emilia Romagna Grand Prix,Race,race,0.8539999999999992,0.1277057416581286,45,dry,
GAS,TSU,AlphaTauri,2022,Emilia Romagna Grand Prix,Race,race,-0.7590000000000003,0.0751772107224791,45,dry,
HAM,RUS,Mercedes,2022,Emilia Romagna Grand Prix,Race,race,-0.6350000000000051,0.0868329845447844,46,dry,
MAG,MSC,Haas F1 Team,2022,Emilia Romagna Grand Prix,Race,race,0.108000000000004,0.1507156963329368,35,dry,
NOR,RIC,McLaren,2022,Emilia Romagna Grand Prix,Race,race,1.950499999999998,0.372552118476035,14,dry,
PER,VER,Red Bull Racing,2022,Emilia Romagna Grand Prix,Race,race,-0.4144999999999896,0.0973763134657181,44,dry,
STR,VET,Aston Martin,2022,Emilia Romagna Grand Prix,Race,race,-0.1940000000000026,0.0666645364224211,43,dry,
ALO,OCO,Alpine,2022,Emilia Romagna Grand Prix,Race,race,,,0,,insufficient_matched_pairs
LEC,SAI,Ferrari,2022,Emilia Romagna Grand Prix,Race,race,,,0,,missing_lap_time_data
BOT,ZHO,Alfa Romeo,2022,Emilia Romagna Grand Prix,Qualifying,qualifying,-0.073999999999998,0.8382577975534504,4,dry,
GAS,TSU,AlphaTauri,2022,Emilia Romagna Grand Prix,Qualifying,qualifying,-0.4230000000000018,0.4089624978841867,3,dry,
HAM,RUS,Mercedes,2022,Emilia Romagna Grand Prix,Qualifying,qualifying,-0.3389999999999986,0.1381929921453242,5,dry,
LEC,SAI,Ferrari,2022,Emilia Romagna Grand Prix,Qualifying,qualifying,-1.2849999999999966,1.0399410170533432,3,dry,
MAG,MSC,Haas F1 Team,2022,Emilia Romagna Grand Prix,Qualifying,qualifying,-0.3150000000000048,0.6938564399054008,4,dry,
NOR,RIC,McLaren,2022,Emilia Romagna Grand Prix,Qualifying,qualifying,0.737000000000009,0.3629716133750873,3,dry,
PER,VER,Red Bull Racing,2022,Emilia Romagna Grand Prix,Qualifying,qualifying,-1.2019999999999982,0.5646904744751424,4,dry,
STR,VET,Aston Martin,2022,Emilia Romagna Grand Prix,Qualifying,qualifying,-0.8509999999999991,0.2409860035871905,3,dry,
ALO,OCO,Alpine,2022,Emilia Romagna Grand Prix,Qualifying,qualifying,,,0,,insufficient_matched_pairs
ALB,LAT,Williams,2022,Emilia Romagna Grand Prix,Qualifying,qualifying,,,0,,insufficient_matched_pairs
ALB,LAT,Williams,2022,Miami Grand Prix,Race,race,2.0400000000000063,0.2136039556020647,23,dry,
ALO,OCO,Alpine,2022,Miami Grand Prix,Race,race,0.9624999999999986,0.1067661739264576,20,dry,
GAS,TSU,AlphaTauri,2022,Miami Grand Prix,Race,race,0.654999999999994,0.1077786816360959,24,dry,
HAM,RUS,Mercedes,2022,Miami Grand Prix,Race,race,1.3540000000000063,0.427749590006525,24,dry,
LEC,SAI,Ferrari,2022,Miami Grand Prix,Race,race,0.2349999999999994,0.0763068504095121,35,dry,
MAG,MSC,Haas F1 Team,2022,Miami Grand Prix,Race,race,0.1340000000000003,0.1485909326178969,25,dry,
NOR,RIC,McLaren,2022,Miami Grand Prix,Race,race,-0.0180000000000006,0.1660094489393196,21,dry,
PER,VER,Red Bull Racing,2022,Miami Grand Prix,Race,race,-0.5375000000000014,0.0738829634170369,32,dry,
STR,VET,Aston Martin,2022,Miami Grand Prix,Race,race,-0.041000000000011,0.1355819913424228,35,dry,
BOT,ZHO,Alfa Romeo,2022,Miami Grand Prix,Race,race,,,0,,insufficient_matched_pairs
ALB,LAT,Williams,2022,Miami Grand Prix,Qualifying,qualifying,0.1609999999999942,0.1490743803168956,4,dry,
GAS,TSU,AlphaTauri,2022,Miami Grand Prix,Qualifying,qualifying,-0.0664999999999977,0.2008234467249885,4,dry,
HAM,RUS,Mercedes,2022,Miami Grand Prix,Qualifying,qualifying,0.3760000000000048,0.5081643302934411,3,dry,
LEC,SAI,Ferrari,2022,Miami Grand Prix,Qualifying,qualifying,0.1029999999999944,0.2893944809591433,4,dry,
MAG,MSC,Haas F1 Team,2022,Miami Grand Prix,Qualifying,qualifying,-0.671999999999997,0.4847255162926142,3,dry,
NOR,RIC,McLaren,2022,Miami Grand Prix,Qualifying,qualifying,0.2490000000000023,0.3651672699723486,4,dry,
PER,VER,Red Bull Racing,2022,Miami Grand Prix,Qualifying,qualifying,-0.4890000000000043,0.0323907434348211,4,dry,
STR,VET,Aston Martin,2022,Miami Grand Prix,Qualifying,qualifying,0.2360000000000042,0.0474922000760976,5,dry,
BOT,ZHO,Alfa Romeo,2022,Miami Grand Prix,Qualifying,qualifying,,,0,,insufficient_matched_pairs
ALO,OCO,Alpine,2022,Miami Grand Prix,Qualifying,qualifying,,,0,,missing_lap_time_data
ALB,LAT,Williams,2022,Spanish Grand Prix,Race,race,-0.6255000000000024,0.1822373721758707,38,dry,
ALO,OCO,Alpine,2022,Spanish Grand Prix,Race,race,-0.3250000000000028,0.1043955616359684,42,dry,
BOT,ZHO,Alfa Romeo,2022,Spanish Grand Prix,Race,race,1.4710000000000036,0.047051581507133,21,dry,
GAS,TSU,AlphaTauri,2022,Spanish Grand Prix,Race,race,-0.2235000000000013,0.0876068317811163,44,dry,
HAM,RUS,Mercedes,2022,Spanish Grand Prix,Race,race,0.9890000000000044,0.1902130645590064,39,dry,
LEC,SAI,Ferrari,2022,Spanish Grand Prix,Race,race,-0.0405000000000015,0.6905229993879138,18,dry,
MAG,MSC,Haas F1 Team,2022,Spanish Grand Prix,Race,race,-0.9135000000000062,0.2185132917614571,22,dry,
NOR,RIC,McLaren,2022,Spanish Grand Prix,Race,race,0.3000000000000113,0.3508046999021995,45,dry,
PER,VER,Red Bull Racing,2022,Spanish Grand Prix,Race,race,-0.284000000000006,0.1259548616694804,51,dry,
STR,VET,Aston Martin,2022,Spanish Grand Prix,Race,race,-0.1029999999999944,0.1921350268028294,38,dry,
BOT,ZHO,Alfa Romeo,2022,Spanish Grand Prix,Qualifying,qualifying,0.6669999999999945,0.1616211046784344,4,dry,
GAS,TSU,AlphaTauri,2022,Spanish Grand Prix,Qualifying,qualifying,-0.2220000000000084,0.1943440481338262,5,dry,
HAM,RUS,Mercedes,2022,Spanish Grand Prix,Qualifying,qualifying,-0.1189999999999997,0.1023265298674503,3,dry,
LEC,SAI,Ferrari,2022,Spanish Grand Prix,Qualifying,qualifying,0.4170000000000016,0.233939547952239,3,dry,
MAG,MSC,Haas F1 Team,2022,Spanish Grand Prix,Qualifying,qualifying,0.5539999999999949,0.1993317181807042,4,dry,
NOR,RIC,McLaren,2022,Spanish Grand Prix,Qualifying,qualifying,0.295499999999997,0.7506251715016212,4,dry,
PER,VER,Red Bull Racing,2022,Spanish Grand Prix,Qualifying,qualifying,-0.4130000000000109,0.4457679903775597,3,dry,
ALO,OCO,Alpine,2022,Spanish Grand Prix,Qualifying,qualifying,,,0,,insufficient_matched_pairs
STR,VET,Aston Martin,2022,Spanish Grand Prix,Qualifying,qualifying,,,0,,insufficient_matched_pairs
ALB,LAT,Williams,2022,Spanish Grand Prix,Qualifying,qualifying,,,0,,insufficient_matched_pairs
ALB,LAT,Williams,2022,Monaco Grand Prix,Race,race,1.3249999999999886,1.290685574326986,9,dry,
ALO,OCO,Alpine,2022,Monaco Grand Prix,Race,race,0.0060000000000002,0.0871685194883431,29,dry,
ALO,OCO,Alpine,2022,Monaco Grand Prix,Race,race,0.3459999999999965,0.3892857401925604,12,wet,
BOT,ZHO,Alfa Romeo,2022,Monaco Grand Prix,Race,race,1.3740000000000023,0.2004365760552932,12,wet,
HAM,RUS,Mercedes,2022,Monaco Grand Prix,Race,race,-1.2389999999999972,0.3884963743725955,28,dry,
HAM,RUS,Mercedes,2022,Monaco Grand Prix,Race,race,-0.0574999999999974,0.4797068630929692,8,wet,
LEC,SAI,Ferrari,2022,Monaco Grand Prix,Race,race,0.1414999999999935,0.1482801594936066,28,dry,
LEC,SAI,Ferrari,2022,Monaco Grand Prix,Race,race,0.1720000000000112,0.2259355101212171,11,wet,
NOR,RIC,McLaren,2022,Monaco Grand Prix,Race,race,2.358000000000004,0.3282620745465209,17,dry,
NOR,RIC,McLaren,2022,Monaco Grand Prix,Race,race,2.926000000000002,0.7508631565277591,9,wet,
PER,VER,Red Bull Racing,2022,Monaco Grand Prix,Race,race,0.0584999999999951,0.0750210518319233,28,dry,
PER,VER,Red Bull Racing,2022,Monaco Grand Prix,Race,race,0.0969999999999942,0.2049555324485808,11,wet,
GAS,TSU,AlphaTauri,2022,Monaco Grand Prix,Race,race,,,0,,insufficient_matched_pairs
STR,VET,Aston Martin,2022,Monaco Grand Prix,Race,race,,,0,,insufficient_matched_pairs
MAG,MSC,Haas F1 Team,2022,Monaco Grand Prix,Race,race,,,0,,insufficient_matched_pairs
ALB,LAT,Williams,2022,Monaco Grand Prix,Qualifying,qualifying,0.8400000000000034,0.2452853614722073,5,dry,
ALO,OCO,Alpine,2022,Monaco Grand Prix,Qualifying,qualifying,0.3340000000000032,0.624370721525201,5,dry,
HAM,RUS,Mercedes,2022,Monaco Grand Prix,Qualifying,qualifying,0.4080000000000012,0.4786769637611973,5,dry,
LEC,SAI,Ferrari,2022,Monaco Grand Prix,Qualifying,qualifying,-0.170499999999997,0.4942851450755832,4,dry,
MAG,MSC,Haas F1 Team,2022,Monaco Grand Prix,Qualifying,qualifying,-0.0640000000000071,0.5363493550566342,3,dry,
NOR,RIC,McLaren,2022,Monaco Grand Prix,Qualifying,qualifying,0.6979999999999933,0.4672634094949583,3,dry,
PER,VER,Red Bull Racing,2022,Monaco Grand Prix,Qualifying,qualifying,0.3990000000000009,0.1827996449372631,3,dry,
STR,VET,Aston Martin,2022,Monaco Grand Prix,Qualifying,qualifying,0.1689999999999969,0.8434887083061853,4,dry,
BOT,ZHO,Alfa Romeo,2022,Monaco Grand Prix,Qualifying,qualifying,,,0,,insufficient_matched_pairs
GAS,TSU,AlphaTauri,2022,Monaco Grand Prix,Qualifying,qualifying,,,0,,insufficient_matched_pairs
ALB,LAT,Williams,2022,Azerbaijan Grand Prix,Race,race,0.349499999999999,0.290996056094258,18,dry,
ALO,OCO,Alpine,2022,Azerbaijan Grand Prix,Race,race,1.5289999999999964,0.9129293695954096,29,dry,
BOT,ZHO,Alfa Romeo,2022,Azerbaijan Grand Prix,Race,race,0.0319999999999964,1.2080671350557493,11,dry,
GAS,TSU,AlphaTauri,2022,Azerbaijan Grand Prix,Race,race,0.3140000000000071,0.0793643602423483,23,dry,
HAM,RUS,Mercedes,2022,Azerbaijan Grand Prix,Race,race,-0.5529999999999973,0.1404777667780887,37,dry,
MAG,MSC,Haas F1 Team,2022,Azerbaijan Grand Prix,Race,race,-1.3640000000000043,0.4905850458771033,21,dry,
NOR,RIC,McLaren,2022,Azerbaijan Grand Prix,Race,race,1.378,1.1935590265776228,29,dry,
PER,VER,Red Bull Racing,2022,Azerbaijan Grand Prix,Race,race,-0.3049999999999997,0.109663132347869,36,dry,
STR,VET,Aston Martin,2022,Azerbaijan Grand Prix,Race,race,-1.4510000000000076,0.2649058553754749,23,dry,
LEC,SAI,Ferrari,2022,Azerbaijan Grand Prix,Race,race,,,0,,insufficient_matched_pairs
GAS,TSU,AlphaTauri,2022,Azerbaijan Grand Prix,Qualifying,qualifying,0.2469999999999999,0.3042387859525413,3,dry,
HAM,RUS,Mercedes,2022,Azerbaijan Grand Prix,Qualifying,qualifying,-0.2120000000000033,0.0935050751461039,3,dry,
LEC,SAI,Ferrari,2022,Azerbaijan Grand Prix,Qualifying,qualifying,-0.0470000000000112,2.036077590038426,3,dry,
PER,VER,Red Bull Racing,2022,Azerbaijan Grand Prix,Qualifying,qualifying,0.0490000000000065,0.0384678879378917,3,dry,
BOT,ZHO,Alfa Romeo,2022,Azerbaijan Grand Prix,Qualifying,qualifying,,,0,,insufficient_matched_pairs
ALO,OCO,Alpine,2022,Azerbaijan Grand Prix,Qualifying,qualifying,,,0,,insufficient_matched_pairs
STR,VET,Aston Martin,2022,Azerbaijan Grand Prix,Qualifying,qualifying,,,0,,insufficient_matched_pairs
MAG,MSC,Haas F1 Team,2022,Azerbaijan Grand Prix,Qualifying,qualifying,,,0,,insufficient_matched_pairs
NOR,RIC,McLaren,2022,Azerbaijan Grand Prix,Qualifying,qualifying,,,0,,insufficient_matched_pairs
ALB,LAT,Williams,2022,Azerbaijan Grand Prix,Qualifying,qualifying,,,0,,insufficient_matched_pairs
ALB,LAT,Williams,2022,Canadian Grand Prix,Race,race,0.7930000000000064,0.101452275677978,29,dry,
ALO,OCO,Alpine,2022,Canadian Grand Prix,Race,race,0.0450000000000017,0.0569876476351042,43,dry,
BOT,ZHO,Alfa Romeo,2022,Canadian Grand Prix,Race,race,0.1565000000000012,0.3983693612035156,24,dry,
GAS,TSU,AlphaTauri,2022,Canadian Grand Prix,Race,race,0.0770000000000123,0.1085838127687324,29,dry,
HAM,RUS,Mercedes,2022,Canadian Grand Prix,Race,race,0.0279999999999986,0.0800611968371019,36,dry,
LEC,SAI,Ferrari,2022,Canadian Grand Prix,Race,race,-1.4235000000000042,0.4787392385090648,20,dry,
NOR,RIC,McLaren,2022,Canadian Grand Prix,Race,race,-0.5685000000000002,0.1156604517536116,30,dry,
STR,VET,Aston Martin,2022,Canadian Grand Prix,Race,race,-0.7459999999999951,0.1190641586440821,28,dry,
MAG,MSC,Haas F1 Team,2022,Canadian Grand Prix,Race,race,,,0,,insufficient_matched_pairs
PER,VER,Red Bull Racing,2022,Canadian Grand Prix,Race,race,,,0,,insufficient_matched_pairs
ALB,LAT,Williams,2022,Canadian Grand Prix,Qualifying,qualifying,0.642000000000003,1.015712163200515,4,wet,
ALO,OCO,Alpine,2022,Canadian Grand Prix,Qualifying,qualifying,0.8789999999999907,0.6509863226614657,3,dry,
BOT,ZHO,Alfa Romeo,2022,Canadian Grand Prix,Qualifying,qualifying,-1.9349999999999952,0.5472756247316561,4,dry,
HAM,RUS,Mercedes,2022,Canadian Grand Prix,Qualifying,qualifying,-0.6514999999999986,0.4355814051130128,4,dry,
LEC,SAI,Ferrari,2022,Canadian Grand Prix,Qualifying,qualifying,-1.9169999999999945,1.266000755886389,4,wet,
MAG,MSC,Haas F1 Team,2022,Canadian Grand Prix,Qualifying,qualifying,-0.5799999999999983,0.1543103219699374,5,dry,
NOR,RIC,McLaren,2022,Canadian Grand Prix,Qualifying,qualifying,0.2910000000000039,1.5941873975899556,6,wet,
PER,VER,Red Bull Racing,2022,Canadian Grand Prix,Qualifying,qualifying,-1.554000000000002,0.6894397628405151,7,wet,
STR,VET,Aston Martin,2022,Canadian Grand Prix,Qualifying,qualifying,-0.9429999999999978,1.3305106647223577,5,wet,
GAS,TSU,AlphaTauri,2022,Canadian Grand Prix,Qualifying,qualifying,,,0,,insufficient_matched_pairs
ALO,OCO,Alpine,2022,British Grand Prix,Race,race,3.4470000000000027,0.5390890482814289,9,dry,
GAS,TSU,AlphaTauri,2022,British Grand Prix,Race,race,0.5359999999999872,0.2356554952285874,15,dry,
LEC,SAI,Ferrari,2022,British Grand Prix,Race,race,0.2155000000000058,0.0837749187690713,26,dry,
MAG,MSC,Haas F1 Team,2022,British Grand Prix,Race,race,-0.0784999999999982,0.0908915758118077,14,dry,
NOR,RIC,McLaren,2022,British Grand Prix,Race,race,1.1289999999999978,0.1743089553915105,24,dry,
PER,VER,Red Bull Racing,2022,British Grand Prix,Race,race,0.882000000000005,0.5212971371964821,13,dry,
STR,VET,Aston Martin,2022,British Grand Prix,Race,race,-0.7534999999999954,0.2063157973010438,14,dry,
BOT,ZHO,Alfa Romeo,2022,British Grand Prix,Race,race,,,0,,missing_lap_time_data
HAM,RUS,Mercedes,2022,British Grand Prix,Race,race,,,0,,missing_lap_time_data
ALB,LAT,Williams,2022,British Grand Prix,Race,race,,,0,,missing_lap_time_data
ALB,LAT,Williams,2022,British Grand Prix,Qualifying,qualifying,,,2,dry,insufficient_matched_pairs
ALB,LAT,Williams,2022,British Grand Prix,Qualifying,qualifying,,,1,wet,insufficient_matched_pairs
ALO,OCO,Alpine,2022,British Grand Prix,Qualifying,qualifying,0.8380000000000081,0.2603828075170321,3,dry,
ALO,OCO,Alpine,2022,British Grand Prix,Qualifying,qualifying,,,2,wet,insufficient_matched_pairs
BOT,ZHO,Alfa Romeo,2022,British Grand Prix,Qualifying,qualifying,-0.8689999999999998,0.8820946931019333,5,wet,
GAS,TSU,AlphaTauri,2022,British Grand Prix,Qualifying,qualifying,,,2,dry,insufficient_matched_pairs
GAS,TSU,AlphaTauri,2022,British Grand Prix,Qualifying,qualifying,0.0740000000000051,0.5981714013427812,4,wet,
HAM,RUS,Mercedes,2022,British Grand Prix,Qualifying,qualifying,0.5289999999999964,0.6986168295034595,4,wet,
LEC,SAI,Ferrari,2022,British Grand Prix,Qualifying,qualifying,1.0499999999999972,2.279812242717818,4,wet,
MAG,MSC,Haas F1 Team,2022,British Grand Prix,Qualifying,qualifying,0.9939999999999998,0.4026497605185493,3,dry,
MAG,MSC,Haas F1 Team,2022,British Grand Prix,Qualifying,qualifying,,,2,wet,insufficient_matched_pairs
NOR,RIC,McLaren,2022,British Grand Prix,Qualifying,qualifying,-0.7639999999999958,1.574934207946276,3,wet,
PER,VER,Red Bull Racing,2022,British Grand Prix,Qualifying,qualifying,-1.4200000000000017,0.7863480997051561,4,wet,
STR,VET,Aston Martin,2022,British Grand Prix,Qualifying,qualifying,,,0,,insufficient_matched_pairs
ALB,LAT,Williams,2022,Austrian Grand Prix,Race,race,0.5139999999999958,0.1092182788567775,35,dry,
ALO,OCO,Alpine,2022,Austrian Grand Prix,Race,race,-0.5304999999999964,0.3507995448681191,30,dry,
BOT,ZHO,Alfa Romeo,2022,Austrian Grand Prix,Race,race,0.5660000000000025,0.1591532012416506,23,dry,
GAS,TSU,AlphaTauri,2022,Austrian Grand Prix,Race,race,0.0959999999999965,0.1147254848578799,32,dry,
HAM,RUS,Mercedes,2022,Austrian Grand Prix,Race,race,0.6659999999999968,0.1471584734914058,27,dry,
LEC,SAI,Ferrari,2022,Austrian Grand Prix,Race,race,0.1659999999999968,0.0450071151643302,39,dry,
MAG,MSC,Haas F1 Team,2022,Austrian Grand Prix,Race,race,-0.0780000000000029,0.0483989921117941,45,dry,
NOR,RIC,McLaren,2022,Austrian Grand Prix,Race,race,0.2304999999999992,0.0541304872104951,42,dry,
PER,VER,Red Bull Racing,2022,Austrian Grand Prix,Race,race,-2.271000000000001,0.1900269058342571,17,dry,
STR,VET,Aston Martin,2022,Austrian Grand Prix,Race,race,-0.2810000000000059,0.1774928782820325,32,dry,
ALB,LAT,Williams,2022,Austrian Grand Prix,Qualifying,qualifying,0.597999999999999,0.2316087246031821,3,dry,
ALO,OCO,Alpine,2022,Austrian Grand Prix,Qualifying,qualifying,-0.073999999999998,0.266339015937228,4,dry,
BOT,ZHO,Alfa Romeo,2022,Austrian Grand Prix,Qualifying,qualifying,0.4590000000000032,0.2232037745222105,3,dry,
GAS,TSU,AlphaTauri,2022,Austrian Grand Prix,Qualifying,qualifying,-0.0129999999999981,0.0707768620610105,6,dry,
HAM,RUS,Mercedes,2022,Austrian Grand Prix,Qualifying,qualifying,0.2330000000000041,0.0654883853260427,3,dry,
LEC,SAI,Ferrari,2022,Austrian Grand Prix,Qualifying,qualifying,0.1329999999999955,0.123491220032741,6,dry,
MAG,MSC,Haas F1 Team,2022,Austrian Grand Prix,Qualifying,qualifying,0.1849999999999951,0.079828490521236,4,dry,
NOR,RIC,McLaren,2022,Austrian Grand Prix,Qualifying,qualifying,0.1570000000000107,0.1375889669407565,3,dry,
PER,VER,Red Bull Racing,2022,Austrian Grand Prix,Qualifying,qualifying,-0.7055000000000007,0.1802014894126481,4,dry,
STR,VET,Aston Martin,2022,Austrian Grand Prix,Qualifying,qualifying,0.0775000000000005,0.1433723253680131,4,dry,
ALB,LAT,Williams,2022,French Grand Prix,Race,race,0.1460000000000008,0.0901515690665169,28,dry,
ALO,OCO,Alpine,2022,French Grand Prix,Race,race,0.3569999999999993,0.0577057073404328,42,dry,
BOT,ZHO,Alfa Romeo,2022,French Grand Prix,Race,race,-0.5350000000000037,0.3339212131935033,22,dry,
GAS,TSU,AlphaTauri,2022,French Grand Prix,Race,race,1.0560000000000045,0.2283925360432576,8,dry,
HAM,RUS,Mercedes,2022,French Grand Prix,Race,race,0.1139999999999901,0.0460638064565353,37,dry,
LEC,SAI,Ferrari,2022,French Grand Prix,Race,race,-0.9590000000000032,0.1238651068802356,16,dry,
MAG,MSC,Haas F1 Team,2022,French Grand Prix,Race,race,0.2869999999999919,0.1579627932237277,27,dry,
NOR,RIC,McLaren,2022,French Grand Prix,Race,race,0.3070000000000021,0.0454783911221499,39,dry,
PER,VER,Red Bull Racing,2022,French Grand Prix,Race,race,-0.3930000000000007,0.0781602165967992,33,dry,
STR,VET,Aston Martin,2022,French Grand Prix,Race,race,-0.0305000000000035,0.0458959710231322,38,dry,
ALO,OCO,Alpine,2022,French Grand Prix,Qualifying,qualifying,0.527000000000001,0.0518851291086608,3,dry,
HAM,RUS,Mercedes,2022,French Grand Prix,Qualifying,qualifying,0.3589999999999946,0.0854422709240603,5,dry,
PER,VER,Red Bull Racing,2022,French Grand Prix,Qualifying,qualifying,-0.1589999999999918,0.1193067508769097,3,dry,
STR,VET,Aston Martin,2022,French Grand Prix,Qualifying,qualifying,0.2240000000000037,0.1794665646069252,3,dry,
BOT,ZHO,Alfa Romeo,2022,French Grand Prix,Qualifying,qualifying,,,0,,insufficient_matched_pairs
GAS,TSU,AlphaTauri,2022,French Grand Prix,Qualifying,qualifying,,,0,,insufficient_matched_pairs
LEC,SAI,Ferrari,2022,French Grand Prix,Qualifying,qualifying,,,0,,insufficient_matched_pairs
MAG,MSC,Haas F1 Team,2022,French Grand Prix,Qualifying,qualifying,,,0,,insufficient_matched_pairs
NOR,RIC,McLaren,2022,French Grand Prix,Qualifying,qualifying,,,0,,insufficient_matched_pairs
ALB,LAT,Williams,2022,French Grand Prix,Qualifying,qualifying,,,0,,insufficient_matched_pairs
ALB,LAT,Williams,2022,Hungarian Grand Prix,Race,race,0.7069999999999936,0.1106764060803521,29,dry,
ALB,LAT,Williams,2022,Hungarian Grand Prix,Race,race,,,2,wet,insufficient_matched_pairs
ALO,OCO,Alpine,2022,Hungarian Grand Prix,Race,race,0.034000000000006,0.1377868780681511,27,dry,
ALO,OCO,Alpine,2022,Hungarian Grand Prix,Race,race,-0.0225000000000008,0.2946830404185333,10,wet,
BOT,ZHO,Alfa Romeo,2022,Hungarian Grand Prix,Race,race,0.0570000000000021,0.0553988987772829,28,dry,
BOT,ZHO,Alfa Romeo,2022,Hungarian Grand Prix,Race,race,,,2,wet,insufficient_matched_pairs
GAS,TSU,AlphaTauri,2022,Hungarian Grand Prix,Race,race,0.4690000000000083,0.1397490292996361,21,dry,
GAS,TSU,AlphaTauri,2022,Hungarian Grand Prix,Race,race,1.7169999999999987,0.922680206270186,8,wet,
HAM,RUS,Mercedes,2022,Hungarian Grand Prix,Race,race,-0.4140000000000015,0.2576480554389472,24,dry,
HAM,RUS,Mercedes,2022,Hungarian Grand Prix,Race,race,,,1,wet,insufficient_matched_pairs
LEC,SAI,Ferrari,2022,Hungarian Grand Prix,Race,race,0.1850000000000022,0.0802269514486169,23,dry,
LEC,SAI,Ferrari,2022,Hungarian Grand Prix,Race,race,,,6,wet,insufficient_matched_pairs
MAG,MSC,Haas F1 Team,2022,Hungarian Grand Prix,Race,race,0.0364999999999966,0.2824145505783632,22,dry,
MAG,MSC,Haas F1 Team,2022,Hungarian Grand Prix,Race,race,,,7,wet,insufficient_matched_pairs
NOR,RIC,McLaren,2022,Hungarian Grand Prix,Race,race,0.4384999999999976,0.122572459724373,26,dry,
NOR,RIC,McLaren,2022,Hungarian Grand Prix,Race,race,0.8255000000000052,0.558441532985785,8,wet,
PER,VER,Red Bull Racing,2022,Hungarian Grand Prix,Race,race,-0.2224999999999966,0.0654447367120773,32,dry,
PER,VER,Red Bull Racing,2022,Hungarian Grand Prix,Race,race,0.4699999999999988,0.1738183827387913,8,wet,
STR,VET,Aston Martin,2022,Hungarian Grand Prix,Race,race,0.0719999999999956,0.1098730199799722,28,dry,
STR,VET,Aston Martin,2022,Hungarian Grand Prix,Race,race,,,2,wet,insufficient_matched_pairs
ALB,LAT,Williams,2022,Hungarian Grand Prix,Qualifying,qualifying,0.3685000000000045,0.1949398603849842,4,dry,
ALO,OCO,Alpine,2022,Hungarian Grand Prix,Qualifying,qualifying,0.5870000000000033,0.3372176084837104,3,dry,
BOT,ZHO,Alfa Romeo,2022,Hungarian Grand Prix,Qualifying,qualifying,0.1280000000000001,0.1825471365348019,5,dry,
GAS,TSU,AlphaTauri,2022,Hungarian Grand Prix,Qualifying,qualifying,0.1239999999999952,0.3142428288943282,3,dry,
HAM,RUS,Mercedes,2022,Hungarian Grand Prix,Qualifying,qualifying,-0.1739999999999923,0.1307852468009311,3,dry,
LEC,SAI,Ferrari,2022,Hungarian Grand Prix,Qualifying,qualifying,-0.1459999999999865,0.2742305278016635,5,dry,
MAG,MSC,Haas F1 Team,2022,Hungarian Grand Prix,Qualifying,qualifying,0.6490000000000009,0.2441782427044027,3,dry,
NOR,RIC,McLaren,2022,Hungarian Grand Prix,Qualifying,qualifying,0.6099999999999994,0.159876196067672,3,dry,
PER,VER,Red Bull Racing,2022,Hungarian Grand Prix,Qualifying,qualifying,-0.67349999999999,0.0773028516331763,6,dry,
STR,VET,Aston Martin,2022,Hungarian Grand Prix,Qualifying,qualifying,0.5570000000000022,0.4105339200645014,3,dry,
ALB,LAT,Williams,2022,Belgian Grand Prix,Race,race,0.8879999999999981,0.2958010569103315,22,dry,
ALO,OCO,Alpine,2022,Belgian Grand Prix,Race,race,1.0559999999999974,0.360183256325358,27,dry,
GAS,TSU,AlphaTauri,2022,Belgian Grand Prix,Race,race,0.2310000000000016,0.4114419371276771,14,dry,
LEC,SAI,Ferrari,2022,Belgian Grand Prix,Race,race,-1.0859999999999983,0.8013286242753842,11,dry,
MAG,MSC,Haas F1 Team,2022,Belgian Grand Prix,Race,race,-0.5499999999999972,0.2142738728066658,30,dry,
NOR,RIC,McLaren,2022,Belgian Grand Prix,Race,race,0.0745000000000004,0.1722184156251287,28,dry,
PER,VER,Red Bull Racing,2022,Belgian Grand Prix,Race,race,-1.240000000000002,0.2316036368639525,20,dry,
STR,VET,Aston Martin,2022,Belgian Grand Prix,Race,race,-0.1270000000000024,0.2331001656009797,30,dry,
BOT,ZHO,Alfa Romeo,2022,Belgian Grand Prix,Race,race,,,0,,teammate_dnf_no_matched_laps
HAM,RUS,Mercedes,2022,Belgian Grand Prix,Race,race,,,0,,missing_lap_time_data
ALO,OCO,Alpine,2022,Belgian Grand Prix,Qualifying,qualifying,-0.1810000000000116,0.0653720338815757,3,dry,
HAM,RUS,Mercedes,2022,Belgian Grand Prix,Qualifying,qualifying,-0.1425000000000054,0.1899063459444676,4,dry,
LEC,SAI,Ferrari,2022,Belgian Grand Prix,Qualifying,qualifying,-0.2560000000000002,0.124480750951134,3,dry,
NOR,RIC,McLaren,2022,Belgian Grand Prix,Qualifying,qualifying,0.1640000000000014,0.1112553177593303,3,dry,
PER,VER,Red Bull Racing,2022,Belgian Grand Prix,Qualifying,qualifying,-0.7959999999999923,0.3158943025909272,3,dry,
BOT,ZHO,Alfa Romeo,2022,Belgian Grand Prix,Qualifying,qualifying,,,0,,insufficient_matched_pairs
GAS,TSU,AlphaTauri,2022,Belgian Grand Prix,Qualifying,qualifying,,,0,,insufficient_matched_pairs
STR,VET,Aston Martin,2022,Belgian Grand Prix,Qualifying,qualifying,,,0,,insufficient_matched_pairs
MAG,MSC,Haas F1 Team,2022,Belgian Grand Prix,Qualifying,qualifying,,,0,,insufficient_matched_pairs
ALB,LAT,Williams,2022,Belgian Grand Prix,Qualifying,qualifying,,,0,,insufficient_matched_pairs
ALB,LAT,Williams,2022,Dutch Grand Prix,Race,race,0.5744999999999933,0.3851376097376562,22,dry,
ALO,OCO,Alpine,2022,Dutch Grand Prix,Race,race,0.0729999999999932,0.0802670772028156,43,dry,
BOT,ZHO,Alfa Romeo,2022,Dutch Grand Prix,Race,race,-0.2085000000000008,0.1678959250298864,30,dry,
GAS,TSU,AlphaTauri,2022,Dutch Grand Prix,Race,race,-0.1060000000000087,0.0798032409195337,25,dry,
HAM,RUS,Mercedes,2022,Dutch Grand Prix,Race,race,0.0030000000000001,0.0457997621086524,33,dry,
LEC,SAI,Ferrari,2022,Dutch Grand Prix,Race,race,0.446000000000005,0.0712218637278809,44,dry,
MAG,MSC,Haas F1 Team,2022,Dutch Grand Prix,Race,race,-0.2309999999999945,0.0904548232547602,41,dry,
NOR,RIC,McLaren,2022,Dutch Grand Prix,Race,race,0.7519999999999953,0.1638388973482306,37,dry,
PER,VER,Red Bull Racing,2022,Dutch Grand Prix,Race,race,-0.4585000000000079,0.0595555164408674,30,dry,
STR,VET,Aston Martin,2022,Dutch Grand Prix,Race,race,0.6770000000000067,0.0853132358970134,33,dry,
ALO,OCO,Alpine,2022,Dutch Grand Prix,Qualifying,qualifying,0.4119999999999919,0.3953034172261465,3,dry,
BOT,ZHO,Alfa Romeo,2022,Dutch Grand Prix,Qualifying,qualifying,-0.2249999999999943,0.0457900592763104,3,dry,
GAS,TSU,AlphaTauri,2022,Dutch Grand Prix,Qualifying,qualifying,-0.117999999999995,0.1069566972147063,5,dry,
HAM,RUS,Mercedes,2022,Dutch Grand Prix,Qualifying,qualifying,0.3430000000000035,0.3501115461545832,3,dry,
LEC,SAI,Ferrari,2022,Dutch Grand Prix,Qualifying,qualifying,-0.0325000000000059,0.125812296011074,4,dry,
MAG,MSC,Haas F1 Team,2022,Dutch Grand Prix,Qualifying,qualifying,0.144999999999996,0.2153130112018114,3,dry,
PER,VER,Red Bull Racing,2022,Dutch Grand Prix,Qualifying,qualifying,-0.5619999999999976,0.2334885055805534,3,dry,
STR,VET,Aston Martin,2022,Dutch Grand Prix,Qualifying,qualifying,,,0,,insufficient_matched_pairs
NOR,RIC,McLaren,2022,Dutch Grand Prix,Qualifying,qualifying,,,0,,insufficient_matched_pairs
ALB,LAT,Williams,2022,Dutch Grand Prix,Qualifying,qualifying,,,0,,insufficient_matched_pairs
BOT,ZHO,Alfa Romeo,2022,Italian Grand Prix,Race,race,-0.3349999999999937,0.148374182987394,11,dry,
DEV,LAT,Williams,2022,Italian Grand Prix,Race,race,1.0869999999999962,0.1588470535016501,10,dry,
GAS,TSU,AlphaTauri,2022,Italian Grand Prix,Race,race,0.0439999999999969,0.0363650228363162,31,dry,
LEC,SAI,Ferrari,2022,Italian Grand Prix,Race,race,0.9110000000000014,0.3404104736190537,20,dry,
MAG,MSC,Haas F1 Team,2022,Italian Grand Prix,Race,race,-0.465999999999994,0.167492662355529,15,dry,
NOR,RIC,McLaren,2022,Italian Grand Prix,Race,race,0.0600000000000022,0.0705012537887492,12,dry,
ALO,OCO,Alpine,2022,Italian Grand Prix,Race,race,,,0,,no_compound_overlap
STR,VET,Aston Martin,2022,Italian Grand Prix,Race,race,,,0,,insufficient_matched_pairs
HAM,RUS,Mercedes,2022,Italian Grand Prix,Race,race,,,0,,insufficient_matched_pairs
PER,VER,Red Bull Racing,2022,Italian Grand Prix,Race,race,,,0,,insufficient_matched_pairs
ALO,OCO,Alpine,2022,Italian Grand Prix,Qualifying,qualifying,0.1565000000000012,0.0729855158594869,4,dry,
BOT,ZHO,Alfa Romeo,2022,Italian Grand Prix,Qualifying,qualifying,-0.0460000000000064,0.2358432919914776,4,dry,
HAM,RUS,Mercedes,2022,Italian Grand Prix,Qualifying,qualifying,-0.2689999999999983,0.2668369724923615,4,dry,
LEC,SAI,Ferrari,2022,Italian Grand Prix,Qualifying,qualifying,-0.1859999999999928,0.2282021385527301,3,dry,
MAG,MSC,Haas F1 Team,2022,Italian Grand Prix,Qualifying,qualifying,0.6059999999999945,0.1333372431859202,3,dry,
NOR,RIC,McLaren,2022,Italian Grand Prix,Qualifying,qualifying,0.4009999999999962,0.1253414354251388,4,dry,
PER,VER,Red Bull Racing,2022,Italian Grand Prix,Qualifying,qualifying,-0.5,0.2916557980368793,3,dry,
GAS,TSU,AlphaTauri,2022,Italian Grand Prix,Qualifying,qualifying,,,0,,insufficient_matched_pairs
STR,VET,Aston Martin,2022,Italian Grand Prix,Qualifying,qualifying,,,0,,insufficient_matched_pairs
DEV,LAT,Williams,2022,Italian Grand Prix,Qualifying,qualifying,,,0,,insufficient_matched_pairs
ALO,OCO,Alpine,2022,Singapore Grand Prix,Race,race,1.6770000000000067,0.1500195360784892,13,dry,
GAS,TSU,AlphaTauri,2022,Singapore Grand Prix,Race,race,0.5879999999999939,0.1309374598554358,15,dry,
HAM,RUS,Mercedes,2022,Singapore Grand Prix,Race,race,2.4240000000000066,0.108390186347737,17,dry,
LEC,SAI,Ferrari,2022,Singapore Grand Prix,Race,race,0.7370000000000019,0.171478056974571,32,dry,
MAG,MSC,Haas F1 Team,2022,Singapore Grand Prix,Race,race,0.1329999999999955,0.5948411505346343,11,dry,
NOR,RIC,McLaren,2022,Singapore Grand Prix,Race,race,1.5749999999999955,0.2064800456903001,16,dry,
PER,VER,Red Bull Racing,2022,Singapore Grand Prix,Race,race,2.0359999999999943,0.1832722918964484,18,dry,
STR,VET,Aston Martin,2022,Singapore Grand Prix,Race,race,-0.0339999999999918,0.1374560461952688,31,dry,
BOT,ZHO,Alfa Romeo,2022,Singapore Grand Prix,Race,race,,,0,,insufficient_matched_pairs
ALB,LAT,Williams,2022,Singapore Grand Prix,Race,race,,,0,,insufficient_matched_pairs
BOT,ZHO,Alfa Romeo,2022,Singapore Grand Prix,Qualifying,qualifying,-0.7079999999999984,0.172211728515909,3,dry,
GAS,TSU,AlphaTauri,2022,Singapore Grand Prix,Qualifying,qualifying,1.1350000000000051,1.890985919199458,4,dry,
HAM,RUS,Mercedes,2022,Singapore Grand Prix,Qualifying,qualifying,1.5119999999999931,0.5848790389595189,4,dry,
LEC,SAI,Ferrari,2022,Singapore Grand Prix,Qualifying,qualifying,0.1709999999999922,1.902640108518045,3,dry,
MAG,MSC,Haas F1 Team,2022,Singapore Grand Prix,Qualifying,qualifying,-0.0630000000000023,1.140500208998985,3,dry,
PER,VER,Red Bull Racing,2022,Singapore Grand Prix,Qualifying,qualifying,3.1850000000000023,1.841859759872898,3,dry,
ALO,OCO,Alpine,2022,Singapore Grand Prix,Qualifying,qualifying,,,0,,insufficient_matched_pairs
STR,VET,Aston Martin,2022,Singapore Grand Prix,Qualifying,qualifying,,,0,,insufficient_matched_pairs
NOR,RIC,McLaren,2022,Singapore Grand Prix,Qualifying,qualifying,,,0,,insufficient_matched_pairs
ALB,LAT,Williams,2022,Singapore Grand Prix,Qualifying,qualifying,,,0,,insufficient_matched_pairs
ALO,OCO,Alpine,2022,Japanese Grand Prix,Race,race,,,2,dry,insufficient_matched_pairs
ALO,OCO,Alpine,2022,Japanese Grand Prix,Race,race,-0.3619999999999947,0.295128607408552,9,wet,
GAS,TSU,AlphaTauri,2022,Japanese Grand Prix,Race,race,,,2,dry,insufficient_matched_pairs
GAS,TSU,AlphaTauri,2022,Japanese Grand Prix,Race,race,-0.3260000000000076,0.4659446441535911,13,wet,
HAM,RUS,Mercedes,2022,Japanese Grand Prix,Race,race,,,3,dry,insufficient_matched_pairs
HAM,RUS,Mercedes,2022,Japanese Grand Prix,Race,race,-0.6090000000000018,0.3951238601956283,16,wet,
MAG,MSC,Haas F1 Team,2022,Japanese Grand Prix,Race,race,0.1639999999999872,0.5983324535080122,9,wet,
NOR,RIC,McLaren,2022,Japanese Grand Prix,Race,race,,,1,dry,insufficient_matched_pairs
NOR,RIC,McLaren,2022,Japanese Grand Prix,Race,race,-0.3369999999999891,0.1531751907296172,11,wet,
PER,VER,Red Bull Racing,2022,Japanese Grand Prix,Race,race,,,2,dry,insufficient_matched_pairs
PER,VER,Red Bull Racing,2022,Japanese Grand Prix,Race,race,-0.8299999999999983,0.2283446071941177,15,wet,
BOT,ZHO,Alfa Romeo,2022,Japanese Grand Prix,Race,race,,,0,,insufficient_matched_pairs
STR,VET,Aston Martin,2022,Japanese Grand Prix,Race,race,,,0,,insufficient_matched_pairs
LEC,SAI,Ferrari,2022,Japanese Grand Prix,Race,race,,,0,,missing_lap_time_data
ALB,LAT,Williams,2022,Japanese Grand Prix,Race,race,,,0,,missing_lap_time_data
ALO,OCO,Alpine,2022,Japanese Grand Prix,Qualifying,qualifying,-0.0769999999999981,0.2507348888038143,4,dry,
BOT,ZHO,Alfa Romeo,2022,Japanese Grand Prix,Qualifying,qualifying,0.2734999999999985,0.1747852348514348,4,dry,
GAS,TSU,AlphaTauri,2022,Japanese Grand Prix,Qualifying,qualifying,-0.4180000000000063,0.294343253306014,3,dry,
HAM,RUS,Mercedes,2022,Japanese Grand Prix,Qualifying,qualifying,0.0230000000000032,0.0323425333494989,4,dry,
LEC,SAI,Ferrari,2022,Japanese Grand Prix,Qualifying,qualifying,0.0470000000000112,0.067219342007638,3,dry,
NOR,RIC,McLaren,2022,Japanese Grand Prix,Qualifying,qualifying,-0.3079999999999927,0.4052519237433638,3,dry,
PER,VER,Red Bull Racing,2022,Japanese Grand Prix,Qualifying,qualifying,-0.3770000000000095,0.1389358870115962,3,dry,
STR,VET,Aston Martin,2022,Japanese Grand Prix,Qualifying,qualifying,,,0,,insufficient_matched_pairs
MAG,MSC,Haas F1 Team,2022,Japanese Grand Prix,Qualifying,qualifying,,,0,,insufficient_matched_pairs
ALB,LAT,Williams,2022,Japanese Grand Prix,Qualifying,qualifying,,,0,,insufficient_matched_pairs
ALB,LAT,Williams,2022,United States Grand Prix,Race,race,0.6850000000000023,0.1114787092390903,33,dry,
ALO,OCO,Alpine,2022,United States Grand Prix,Race,race,0.3230000000000075,0.1216841511152227,29,dry,
BOT,ZHO,Alfa Romeo,2022,United States Grand Prix,Race,race,0.1929999999999978,0.1845320697433484,9,dry,
GAS,TSU,AlphaTauri,2022,United States Grand Prix,Race,race,0.0600000000000022,0.33758805601882,23,dry,
HAM,RUS,Mercedes,2022,United States Grand Prix,Race,race,0.4250000000000042,0.1023511575677353,32,dry,
MAG,MSC,Haas F1 Team,2022,United States Grand Prix,Race,race,-0.2729999999999961,0.115211262778736,17,dry,
NOR,RIC,McLaren,2022,United States Grand Prix,Race,race,0.7930000000000064,0.1371664424592893,27,dry,
PER,VER,Red Bull Racing,2022,United States Grand Prix,Race,race,-0.5290000000000106,0.1085400369016458,35,dry,
STR,VET,Aston Martin,2022,United States Grand Prix,Race,race,0.0109999999999956,0.0917720921189645,11,dry,
LEC,SAI,Ferrari,2022,United States Grand Prix,Race,race,,,0,,teammate_dnf_no_matched_laps
BOT,ZHO,Alfa Romeo,2022,United States Grand Prix,Qualifying,qualifying,0.1920000000000001,0.2840096547214121,4,dry,
GAS,TSU,AlphaTauri,2022,United States Grand Prix,Qualifying,qualifying,0.2369999999999947,0.0745185865119327,3,dry,
HAM,RUS,Mercedes,2022,United States Grand Prix,Qualifying,qualifying,-0.0510000000000019,0.1891587092186708,4,dry,
LEC,SAI,Ferrari,2022,United States Grand Prix,Qualifying,qualifying,0.159000000000006,0.1479370322451809,3,dry,
PER,VER,Red Bull Racing,2022,United States Grand Prix,Qualifying,qualifying,-0.1970000000000027,0.1781194469488988,3,dry,
STR,VET,Aston Martin,2022,United States Grand Prix,Qualifying,qualifying,0.1069999999999993,0.2160774665960599,4,dry,
ALO,OCO,Alpine,2022,United States Grand Prix,Qualifying,qualifying,,,0,,insufficient_matched_pairs
MAG,MSC,Haas F1 Team,2022,United States Grand Prix,Qualifying,qualifying,,,0,,insufficient_matched_pairs
NOR,RIC,McLaren,2022,United States Grand Prix,Qualifying,qualifying,,,0,,insufficient_matched_pairs
ALB,LAT,Williams,2022,United States Grand Prix,Qualifying,qualifying,,,0,,insufficient_matched_pairs
ALB,LAT,Williams,2022,Mexico City Grand Prix,Race,race,2.3320000000000007,0.1256843533327552,18,dry,
ALO,OCO,Alpine,2022,Mexico City Grand Prix,Race,race,0.1779999999999972,0.0587495652018941,45,dry,
BOT,ZHO,Alfa Romeo,2022,Mexico City Grand Prix,Race,race,0.4530000000000029,0.078500394316894,29,dry,
GAS,TSU,AlphaTauri,2022,Mexico City Grand Prix,Race,race,1.362000000000009,0.5108946210255031,33,dry,
HAM,RUS,Mercedes,2022,Mexico City Grand Prix,Race,race,0.0840000000000031,0.063293226679825,47,dry,
LEC,SAI,Ferrari,2022,Mexico City Grand Prix,Race,race,-0.0900000000000034,0.0500742946628893,59,dry,
MAG,MSC,Haas F1 Team,2022,Mexico City Grand Prix,Race,race,-0.8760000000000048,0.4377206271395313,41,dry,
NOR,RIC,McLaren,2022,Mexico City Grand Prix,Race,race,0.0279999999999915,0.086883575863077,25,dry,
PER,VER,Red Bull Racing,2022,Mexico City Grand Prix,Race,race,-0.177500000000002,0.0475051367961616,52,dry,
STR,VET,Aston Martin,2022,Mexico City Grand Prix,Race,race,0.4239999999999924,0.1779746971807673,36,dry,
ALB,LAT,Williams,2022,Mexico City Grand Prix,Qualifying,qualifying,0.3320000000000078,0.2878391966830579,3,dry,
ALO,OCO,Alpine,2022,Mexico City Grand Prix,Qualifying,qualifying,-0.1269999999999953,0.4376116136351837,3,dry,
BOT,ZHO,Alfa Romeo,2022,Mexico City Grand Prix,Qualifying,qualifying,0.8305000000000007,0.1716114084647776,4,dry,
GAS,TSU,AlphaTauri,2022,Mexico City Grand Prix,Qualifying,qualifying,-0.3610000000000042,0.1568817535457722,3,dry,
HAM,RUS,Mercedes,2022,Mexico City Grand Prix,Qualifying,qualifying,0.012999999999991,0.561210470283618,3,dry,
LEC,SAI,Ferrari,2022,Mexico City Grand Prix,Qualifying,qualifying,-0.1370000000000004,0.2123649380922648,3,dry,
MAG,MSC,Haas F1 Team,2022,Mexico City Grand Prix,Qualifying,qualifying,-0.4050000000000082,0.2470277502739448,4,dry,
NOR,RIC,McLaren,2022,Mexico City Grand Prix,Qualifying,qualifying,0.2220000000000013,0.0961815999824009,4,dry,
PER,VER,Red Bull Racing,2022,Mexico City Grand Prix,Qualifying,qualifying,-0.2794999999999987,0.1694236248059654,4,dry,
STR,VET,Aston Martin,2022,Mexico City Grand Prix,Qualifying,qualifying,-0.100999999999999,0.2657613024894725,3,dry,
ALB,LAT,Williams,2022,São Paulo Grand Prix,Race,race,0.0280000000000057,0.11072411927665,27,dry,
ALO,OCO,Alpine,2022,São Paulo Grand Prix,Race,race,0.171999999999997,0.4862639621438966,29,dry,
BOT,ZHO,Alfa Romeo,2022,São Paulo Grand Prix,Race,race,0.5859999999999985,0.0800727766069947,31,dry,
GAS,TSU,AlphaTauri,2022,São Paulo Grand Prix,Race,race,0.5004999999999953,0.0871088231743776,34,dry,
HAM,RUS,Mercedes,2022,São Paulo Grand Prix,Race,race,0.1000000000000085,0.055808214276936,39,dry,
LEC,SAI,Ferrari,2022,São Paulo Grand Prix,Race,race,-0.3164999999999978,0.1357747707865224,28,dry,
PER,VER,Red Bull Racing,2022,São Paulo Grand Prix,Race,race,0.1219999999999998,0.0916622740907717,25,dry,
STR,VET,Aston Martin,2022,São Paulo Grand Prix,Race,race,-0.3435000000000059,0.3689603282435211,32,dry,
MAG,MSC,Haas F1 Team,2022,São Paulo Grand Prix,Race,race,,,0,,missing_lap_time_data
NOR,RIC,McLaren,2022,São Paulo Grand Prix,Race,race,,,0,,missing_lap_time_data
ALB,LAT,Williams,2022,São Paulo Grand Prix,Qualifying,qualifying,1.26700000000001,0.3310056252391202,3,dry,
ALO,OCO,Alpine,2022,São Paulo Grand Prix,Qualifying,qualifying,0.4309999999999974,1.729312007633016,3,dry,
ALO,OCO,Alpine,2022,São Paulo Grand Prix,Qualifying,qualifying,,,1,wet,insufficient_matched_pairs
BOT,ZHO,Alfa Romeo,2022,São Paulo Grand Prix,Qualifying,qualifying,-0.4570000000000078,0.8916425983538456,4,dry,
HAM,RUS,Mercedes,2022,São Paulo Grand Prix,Qualifying,qualifying,-0.1555000000000035,0.1143049924152078,4,dry,
HAM,RUS,Mercedes,2022,São Paulo Grand Prix,Qualifying,qualifying,,,1,wet,insufficient_matched_pairs
LEC,SAI,Ferrari,2022,São Paulo Grand Prix,Qualifying,qualifying,-0.2870000000000061,0.2317037918791418,3,dry,
NOR,RIC,McLaren,2022,São Paulo Grand Prix,Qualifying,qualifying,0.9250000000000114,0.326288970417661,3,dry,
PER,VER,Red Bull Racing,2022,São Paulo Grand Prix,Qualifying,qualifying,-0.1380000000000052,0.302637959348195,3,dry,
PER,VER,Red Bull Racing,2022,São Paulo Grand Prix,Qualifying,qualifying,,,1,wet,insufficient_matched_pairs
STR,VET,Aston Martin,2022,São Paulo Grand Prix,Qualifying,qualifying,0.0390000000000014,1.6106545103801158,3,dry,
GAS,TSU,AlphaTauri,2022,São Paulo Grand Prix,Qualifying,qualifying,,,0,,insufficient_matched_pairs
MAG,MSC,Haas F1 Team,2022,São Paulo Grand Prix,Qualifying,qualifying,,,0,,insufficient_matched_pairs
ALB,LAT,Williams,2022,Abu Dhabi Grand Prix,Race,race,0.6475000000000009,0.050270155047388,38,dry,
ALO,OCO,Alpine,2022,Abu Dhabi Grand Prix,Race,race,-0.0139999999999957,0.0848197783231852,17,dry,
BOT,ZHO,Alfa Romeo,2022,Abu Dhabi Grand Prix,Race,race,-1.2924999999999969,0.2910092964638384,30,dry,
GAS,TSU,AlphaTauri,2022,Abu Dhabi Grand Prix,Race,race,-0.9649999999999964,0.5325926330778581,28,dry,
HAM,RUS,Mercedes,2022,Abu Dhabi Grand Prix,Race,race,0.180499999999995,0.1443402167005348,32,dry,
LEC,SAI,Ferrari,2022,Abu Dhabi Grand Prix,Race,race,0.1954999999999955,0.0643312062520826,32,dry,
MAG,MSC,Haas F1 Team,2022,Abu Dhabi Grand Prix,Race,race,-0.7864999999999966,0.3598958758936206,30,dry,
NOR,RIC,McLaren,2022,Abu Dhabi Grand Prix,Race,race,0.3389999999999986,0.0800766482024421,34,dry,
PER,VER,Red Bull Racing,2022,Abu Dhabi Grand Prix,Race,race,-0.2774999999999963,0.1260584399794005,28,dry,
STR,VET,Aston Martin,2022,Abu Dhabi Grand Prix,Race,race,-0.1850000000000022,0.0892515178214542,31,dry,
GAS,TSU,AlphaTauri,2022,Abu Dhabi Grand Prix,Qualifying,qualifying,-0.1829999999999927,0.0871535166212998,3,dry,
HAM,RUS,Mercedes,2022,Abu Dhabi Grand Prix,Qualifying,qualifying,0.0160000000000053,0.1022114046241196,5,dry,
LEC,SAI,Ferrari,2022,Abu Dhabi Grand Prix,Qualifying,qualifying,-0.0289999999999963,0.1071442839192869,4,dry,
NOR,RIC,McLaren,2022,Abu Dhabi Grand Prix,Qualifying,qualifying,0.2759999999999962,0.222941115600118,3,dry,
PER,VER,Red Bull Racing,2022,Abu Dhabi Grand Prix,Qualifying,qualifying,-0.2780000000000058,0.2103960129309899,4,dry,
STR,VET,Aston Martin,2022,Abu Dhabi Grand Prix,Qualifying,qualifying,-0.2764999999999986,0.1019121545989704,4,dry,
BOT,ZHO,Alfa Romeo,2022,Abu Dhabi Grand Prix,Qualifying,qualifying,,,0,,insufficient_matched_pairs
ALO,OCO,Alpine,2022,Abu Dhabi Grand Prix,Qualifying,qualifying,,,0,,insufficient_matched_pairs
MAG,MSC,Haas F1 Team,2022,Abu Dhabi Grand Prix,Qualifying,qualifying,,,0,,insufficient_matched_pairs
ALB,LAT,Williams,2022,Abu Dhabi Grand Prix,Qualifying,qualifying,,,0,,insufficient_matched_pairs
ALB,SAR,Williams,2023,Bahrain Grand Prix,Race,race,0.0005000000000023,0.0547123631955002,42,dry,
ALO,STR,Aston Martin,2023,Bahrain Grand Prix,Race,race,0.1970000000000027,0.0866324161415743,37,dry,
BOT,ZHO,Alfa Romeo,2023,Bahrain Grand Prix,Race,race,0.4890000000000043,0.2800077319181279,24,dry,
DEV,TSU,AlphaTauri,2023,Bahrain Grand Prix,Race,race,-0.152000000000001,0.0592457421082554,31,dry,
GAS,OCO,Alpine,2023,Bahrain Grand Prix,Race,race,-0.0255000000000009,0.2216878285163914,24,dry,
HAM,RUS,Mercedes,2023,Bahrain Grand Prix,Race,race,0.0590000000000046,0.0660126595508087,40,dry,
HUL,MAG,Haas F1 Team,2023,Bahrain Grand Prix,Race,race,0.8230000000000075,0.3577346557924693,39,dry,
LEC,SAI,Ferrari,2023,Bahrain Grand Prix,Race,race,0.3419999999999987,0.0906471554202667,29,dry,
PER,VER,Red Bull Racing,2023,Bahrain Grand Prix,Race,race,-0.159000000000006,0.1899668335838171,35,dry,
NOR,PIA,McLaren,2023,Bahrain Grand Prix,Race,race,,,0,,insufficient_matched_pairs
ALO,STR,Aston Martin,2023,Bahrain Grand Prix,Qualifying,qualifying,1.2110000000000127,0.4100728651761245,3,dry,
BOT,ZHO,Alfa Romeo,2023,Bahrain Grand Prix,Qualifying,qualifying,0.0465000000000017,0.0283311459630812,4,dry,
DEV,TSU,AlphaTauri,2023,Bahrain Grand Prix,Qualifying,qualifying,-0.7169999999999987,0.187192587002339,3,dry,
HAM,RUS,Mercedes,2023,Bahrain Grand Prix,Qualifying,qualifying,-0.0060000000000002,0.0900487649891776,3,dry,
LEC,SAI,Ferrari,2023,Bahrain Grand Prix,Qualifying,qualifying,0.2330000000000041,0.2288860815391009,3,dry,
PER,VER,Red Bull Racing,2023,Bahrain Grand Prix,Qualifying,qualifying,-0.2339999999999946,0.0433783920967629,3,dry,
GAS,OCO,Alpine,2023,Bahrain Grand Prix,Qualifying,qualifying,,,0,,insufficient_matched_pairs
HUL,MAG,Haas F1 Team,2023,Bahrain Grand Prix,Qualifying,qualifying,,,0,,insufficient_matched_pairs
NOR,PIA,McLaren,2023,Bahrain Grand Prix,Qualifying,qualifying,,,0,,insufficient_matched_pairs
ALB,SAR,Williams,2023,Bahrain Grand Prix,Qualifying,qualifying,,,0,,insufficient_matched_pairs
ALB,SAR,Williams,2023,Saudi Arabian Grand Prix,Race,race,-1.1030000000000086,0.2461881320359601,15,dry,
ALO,STR,Aston Martin,2023,Saudi Arabian Grand Prix,Race,race,0.6630000000000038,0.1676906946406655,8,dry,
BOT,ZHO,Alfa Romeo,2023,Saudi Arabian Grand Prix,Race,race,-0.7179999999999964,0.0998409254233413,18,dry,
DEV,TSU,AlphaTauri,2023,Saudi Arabian Grand Prix,Race,race,-0.3910000000000053,0.0530980640740161,37,dry,
GAS,OCO,Alpine,2023,Saudi Arabian Grand Prix,Race,race,-0.1869999999999976,0.0559250746801286,33,dry,
HAM,RUS,Mercedes,2023,Saudi Arabian Grand Prix,Race,race,0.615000000000002,1.037141050495363,20,dry,
HUL,MAG,Haas F1 Team,2023,Saudi Arabian Grand Prix,Race,race,-0.0079999999999955,0.101727077291418,31,dry,
LEC,SAI,Ferrari,2023,Saudi Arabian Grand Prix,Race,race,0.0120000000000004,0.0690806607339384,26,dry,
NOR,PIA,McLaren,2023,Saudi Arabian Grand Prix,Race,race,-0.2709999999999937,0.1242717099973112,12,dry,
PER,VER,Red Bull Racing,2023,Saudi Arabian Grand Prix,Race,race,0.1829999999999927,0.155870601729394,40,dry,
ALO,STR,Aston Martin,2023,Saudi Arabian Grand Prix,Qualifying,qualifying,0.2149999999999892,0.1502551779124081,3,dry,
BOT,ZHO,Alfa Romeo,2023,Saudi Arabian Grand Prix,Qualifying,qualifying,-0.0259999999999962,0.1658135908842315,3,dry,
GAS,OCO,Alpine,2023,Saudi Arabian Grand Prix,Qualifying,qualifying,-0.2789999999999963,0.1749679611426776,3,dry,
HAM,RUS,Mercedes,2023,Saudi Arabian Grand Prix,Qualifying,qualifying,-0.2419999999999902,0.0734458464200458,5,dry,
HUL,MAG,Haas F1 Team,2023,Saudi Arabian Grand Prix,Qualifying,qualifying,0.1254999999999952,0.0868860342788347,4,dry,
LEC,SAI,Ferrari,2023,Saudi Arabian Grand Prix,Qualifying,qualifying,0.5379999999999967,0.1759787049861719,4,dry,
DEV,TSU,AlphaTauri,2023,Saudi Arabian Grand Prix,Qualifying,qualifying,,,0,,insufficient_matched_pairs
NOR,PIA,McLaren,2023,Saudi Arabian Grand Prix,Qualifying,qualifying,,,0,,insufficient_matched_pairs
PER,VER,Red Bull Racing,2023,Saudi Arabian Grand Prix,Qualifying,qualifying,,,0,,insufficient_matched_pairs
ALB,SAR,Williams,2023,Saudi Arabian Grand Prix,Qualifying,qualifying,,,0,,insufficient_matched_pairs
ALO,STR,Aston Martin,2023,Australian Grand Prix,Race,race,0.2104999999999961,0.0730852820765299,42,dry,
BOT,ZHO,Alfa Romeo,2023,Australian Grand Prix,Race,race,-0.4010000000000033,0.1109388276629663,42,dry,
GAS,OCO,Alpine,2023,Australian Grand Prix,Race,race,0.1884999999999905,0.055730647877651,36,dry,
HAM,RUS,Mercedes,2023,Australian Grand Prix,Race,race,-0.1135000000000019,0.1711667667423685,8,dry,
HUL,MAG,Haas F1 Team,2023,Australian Grand Prix,Race,race,0.6659999999999968,0.0723088038008312,41,dry,
NOR,PIA,McLaren,2023,Australian Grand Prix,Race,race,0.323999999999998,0.0522932518035004,41,dry,
PER,VER,Red Bull Racing,2023,Australian Grand Prix,Race,race,-0.3179999999999978,0.0879367553924363,39,dry,
DEV,TSU,AlphaTauri,2023,Australian Grand Prix,Race,race,,,0,,insufficient_matched_pairs
LEC,SAI,Ferrari,2023,Australian Grand Prix,Race,race,,,0,,missing_lap_time_data
ALB,SAR,Williams,2023,Australian Grand Prix,Race,race,,,0,,insufficient_matched_pairs
ALB,SAR,Williams,2023,Australian Grand Prix,Qualifying,qualifying,0.4140000000000015,0.2490157871245021,3,dry,
ALO,STR,Aston Martin,2023,Australian Grand Prix,Qualifying,qualifying,0.1690000000000111,0.1005031458279865,3,dry,
BOT,ZHO,Alfa Romeo,2023,Australian Grand Prix,Qualifying,qualifying,-0.2929999999999992,0.1235712553110118,4,dry,
DEV,TSU,AlphaTauri,2023,Australian Grand Prix,Qualifying,qualifying,-0.2149999999999892,0.26994531948436,3,dry,
GAS,OCO,Alpine,2023,Australian Grand Prix,Qualifying,qualifying,-0.0190000000000054,0.2738013041041459,3,dry,
HAM,RUS,Mercedes,2023,Australian Grand Prix,Qualifying,qualifying,-0.1359999999999956,0.1584370657510527,5,dry,
HUL,MAG,Haas F1 Team,2023,Australian Grand Prix,Qualifying,qualifying,0.242999999999995,0.9386298397942372,5,dry,
LEC,SAI,Ferrari,2023,Australian Grand Prix,Qualifying,qualifying,-0.0990000000000037,0.17519769110056,3,dry,
NOR,PIA,McLaren,2023,Australian Grand Prix,Qualifying,qualifying,0.0699999999999931,0.2166340233552275,3,dry,
PER,VER,Red Bull Racing,2023,Australian Grand Prix,Qualifying,qualifying,,,0,,insufficient_matched_pairs
ALB,SAR,Williams,2023,Azerbaijan Grand Prix,Race,race,0.1509999999999962,0.0448137964845128,35,dry,
ALO,STR,Aston Martin,2023,Azerbaijan Grand Prix,Race,race,0.6670000000000016,0.1110094181360983,38,dry,
BOT,ZHO,Alfa Romeo,2023,Azerbaijan Grand Prix,Race,race,0.0849999999999937,0.0993694601001748,21,dry,
GAS,OCO,Alpine,2023,Azerbaijan Grand Prix,Race,race,1.9699999999999989,0.4679170903081034,15,dry,
HAM,RUS,Mercedes,2023,Azerbaijan Grand Prix,Race,race,0.1589999999999918,0.0983619782984004,35,dry,
HUL,MAG,Haas F1 Team,2023,Azerbaijan Grand Prix,Race,race,-0.4570000000000007,0.1071323628177434,26,dry,
LEC,SAI,Ferrari,2023,Azerbaijan Grand Prix,Race,race,0.5334999999999894,0.0568228358357998,42,dry,
NOR,PIA,McLaren,2023,Azerbaijan Grand Prix,Race,race,0.275500000000008,0.0883964989961975,36,dry,
PER,VER,Red Bull Racing,2023,Azerbaijan Grand Prix,Race,race,0.0805000000000006,0.0337413063581556,36,dry,
DEV,TSU,AlphaTauri,2023,Azerbaijan Grand Prix,Race,race,,,0,,insufficient_matched_pairs
ALB,SAR,Williams,2023,Azerbaijan Grand Prix,Qualifying,qualifying,0.5259999999999962,0.0714340155288412,3,dry,
ALO,STR,Aston Martin,2023,Azerbaijan Grand Prix,Qualifying,qualifying,0.2819999999999965,0.2057056948260872,4,dry,
HAM,RUS,Mercedes,2023,Azerbaijan Grand Prix,Qualifying,qualifying,0.0039999999999906,0.2231064689615526,3,dry,
LEC,SAI,Ferrari,2023,Azerbaijan Grand Prix,Qualifying,qualifying,0.3319999999999936,0.1086860427418731,3,dry,
NOR,PIA,McLaren,2023,Azerbaijan Grand Prix,Qualifying,qualifying,0.5499999999999972,0.087989368863705,4,dry,
PER,VER,Red Bull Racing,2023,Azerbaijan Grand Prix,Qualifying,qualifying,-0.1039999999999992,0.0758841643717743,3,dry,
BOT,ZHO,Alfa Romeo,2023,Azerbaijan Grand Prix,Qualifying,qualifying,,,0,,insufficient_matched_pairs
DEV,TSU,AlphaTauri,2023,Azerbaijan Grand Prix,Qualifying,qualifying,,,0,,insufficient_matched_pairs
GAS,OCO,Alpine,2023,Azerbaijan Grand Prix,Qualifying,qualifying,,,0,,insufficient_matched_pairs
HUL,MAG,Haas F1 Team,2023,Azerbaijan Grand Prix,Qualifying,qualifying,,,0,,insufficient_matched_pairs
ALB,SAR,Williams,2023,Miami Grand Prix,Race,race,1.1310000000000002,0.0691344445205811,28,dry,
ALO,STR,Aston Martin,2023,Miami Grand Prix,Race,race,1.391999999999996,0.2379738111527071,36,dry,
BOT,ZHO,Alfa Romeo,2023,Miami Grand Prix,Race,race,0.6420000000000101,0.3082638278026327,35,dry,
DEV,TSU,AlphaTauri,2023,Miami Grand Prix,Race,race,0.3255000000000052,0.1864621546027484,40,dry,
GAS,OCO,Alpine,2023,Miami Grand Prix,Race,race,0.6490000000000009,0.0789962339353977,40,dry,
HAM,RUS,Mercedes,2023,Miami Grand Prix,Race,race,-1.0249999999999917,0.20302271941731,45,dry,
HUL,MAG,Haas F1 Team,2023,Miami Grand Prix,Race,race,-0.4749999999999943,0.2413993594331483,33,dry,
LEC,SAI,Ferrari,2023,Miami Grand Prix,Race,race,-0.2040000000000006,0.0587244343432854,42,dry,
NOR,PIA,McLaren,2023,Miami Grand Prix,Race,race,0.3559999999999945,0.1187765727668449,40,dry,
PER,VER,Red Bull Racing,2023,Miami Grand Prix,Race,race,0.6920000000000073,0.1151621788541645,39,dry,
ALB,SAR,Williams,2023,Miami Grand Prix,Qualifying,qualifying,-0.5629999999999882,0.7339046447233779,3,dry,
ALO,STR,Aston Martin,2023,Miami Grand Prix,Qualifying,qualifying,0.296999999999997,0.1181679559644552,3,dry,
BOT,ZHO,Alfa Romeo,2023,Miami Grand Prix,Qualifying,qualifying,0.3160000000000025,0.2350255933904811,5,dry,
DEV,TSU,AlphaTauri,2023,Miami Grand Prix,Qualifying,qualifying,-0.3969999999999984,0.1824559058747829,4,dry,
GAS,OCO,Alpine,2023,Miami Grand Prix,Qualifying,qualifying,-0.1389999999999958,0.1071448648375681,5,dry,
HAM,RUS,Mercedes,2023,Miami Grand Prix,Qualifying,qualifying,-0.1530000000000058,0.1823697595359306,5,dry,
HUL,MAG,Haas F1 Team,2023,Miami Grand Prix,Qualifying,qualifying,-0.3059999999999974,0.251017676090171,4,dry,
LEC,SAI,Ferrari,2023,Miami Grand Prix,Qualifying,qualifying,0.1040000000000063,0.1758394437803657,4,dry,
PER,VER,Red Bull Racing,2023,Miami Grand Prix,Qualifying,qualifying,-0.2839999999999989,0.1684697344404133,4,dry,
NOR,PIA,McLaren,2023,Miami Grand Prix,Qualifying,qualifying,,,0,,insufficient_matched_pairs
ALB,SAR,Williams,2023,Monaco Grand Prix,Race,race,0.0280000000000057,0.2450062854681871,19,dry,
ALB,SAR,Williams,2023,Monaco Grand Prix,Race,race,,,6,wet,insufficient_matched_pairs
ALO,STR,Aston Martin,2023,Monaco Grand Prix,Race,race,1.6140000000000043,0.1309149811262374,41,dry,
BOT,ZHO,Alfa Romeo,2023,Monaco Grand Prix,Race,race,-0.4335000000000022,0.2764404479540105,46,dry,
BOT,ZHO,Alfa Romeo,2023,Monaco Grand Prix,Race,race,,,5,wet,insufficient_matched_pairs
DEV,TSU,AlphaTauri,2023,Monaco Grand Prix,Race,race,-0.421999999999997,0.1085758344560526,53,dry,
DEV,TSU,AlphaTauri,2023,Monaco Grand Prix,Race,race,1.2959999999999994,0.8739621681864592,8,wet,
GAS,OCO,Alpine,2023,Monaco Grand Prix,Race,race,-1.242999999999995,0.2149139011416059,21,dry,
GAS,OCO,Alpine,2023,Monaco Grand Prix,Race,race,,,7,wet,insufficient_matched_pairs
HAM,RUS,Mercedes,2023,Monaco Grand Prix,Race,race,1.3164999999999978,0.1270796866399441,24,dry,
HAM,RUS,Mercedes,2023,Monaco Grand Prix,Race,race,-0.4699999999999988,0.4276165408189698,8,wet,
HUL,MAG,Haas F1 Team,2023,Monaco Grand Prix,Race,race,0.2535000000000025,0.1582821247607208,46,dry,
HUL,MAG,Haas F1 Team,2023,Monaco Grand Prix,Race,race,,,4,wet,insufficient_matched_pairs
LEC,SAI,Ferrari,2023,Monaco Grand Prix,Race,race,-0.1209999999999951,0.0595739064467785,41,dry,
LEC,SAI,Ferrari,2023,Monaco Grand Prix,Race,race,,,7,wet,insufficient_matched_pairs
NOR,PIA,McLaren,2023,Monaco Grand Prix,Race,race,0.7139999999999986,0.578165609367987,9,dry,
NOR,PIA,McLaren,2023,Monaco Grand Prix,Race,race,0.6290000000000049,0.9248340824655183,8,wet,
PER,VER,Red Bull Racing,2023,Monaco Grand Prix,Race,race,-0.0629999999999881,0.7403457230163429,11,dry,
ALB,SAR,Williams,2023,Monaco Grand Prix,Qualifying,qualifying,0.9495000000000005,0.2407394863083714,4,dry,
ALO,STR,Aston Martin,2023,Monaco Grand Prix,Qualifying,qualifying,0.4399999999999977,0.2401529470191067,5,dry,
BOT,ZHO,Alfa Romeo,2023,Monaco Grand Prix,Qualifying,qualifying,0.4100000000000037,0.0846497001219211,4,dry,
DEV,TSU,AlphaTauri,2023,Monaco Grand Prix,Qualifying,qualifying,-0.1210000000000022,0.2134113987023581,6,dry,
GAS,OCO,Alpine,2023,Monaco Grand Prix,Qualifying,qualifying,-0.1995000000000004,0.2215054952188862,4,dry,
HAM,RUS,Mercedes,2023,Monaco Grand Prix,Qualifying,qualifying,-0.0060000000000002,0.1902822874387255,5,dry,
LEC,SAI,Ferrari,2023,Monaco Grand Prix,Qualifying,qualifying,-0.0240000000000009,0.0749538261268282,5,dry,
NOR,PIA,McLaren,2023,Monaco Grand Prix,Qualifying,qualifying,0.262999999999991,0.1307971663864876,6,dry,
HUL,MAG,Haas F1 Team,2023,Monaco Grand Prix,Qualifying,qualifying,,,0,,insufficient_matched_pairs
PER,VER,Red Bull Racing,2023,Monaco Grand Prix,Qualifying,qualifying,,,0,,insufficient_matched_pairs
ALB,SAR,Williams,2023,Spanish Grand Prix,Race,race,0.0510000000000019,0.820714738296235,29,dry,
ALO,STR,Aston Martin,2023,Spanish Grand Prix,Race,race,0.0574999999999974,0.0974570363477333,36,dry,
BOT,ZHO,Alfa Romeo,2023,Spanish Grand Prix,Race,race,-0.5470000000000041,0.0998067547716494,42,dry,
DEV,TSU,AlphaTauri,2023,Spanish Grand Prix,Race,race,-0.1120000000000018,0.1143780664543516,42,dry,
GAS,OCO,Alpine,2023,Spanish Grand Prix,Race,race,0.1709999999999922,0.0908564620029173,45,dry,
HAM,RUS,Mercedes,2023,Spanish Grand Prix,Race,race,0.2199999999999988,0.0797917745026272,47,dry,
HUL,MAG,Haas F1 Team,2023,Spanish Grand Prix,Race,race,0.197499999999998,0.1095585521643661,42,dry,
LEC,SAI,Ferrari,2023,Spanish Grand Prix,Race,race,-0.1809999999999973,0.4438150953185156,28,dry,
NOR,PIA,McLaren,2023,Spanish Grand Prix,Race,race,-0.7279999999999944,0.1374097760224739,45,dry,
PER,VER,Red Bull Racing,2023,Spanish Grand Prix,Race,race,-0.4879999999999995,0.0745888578389134,50,dry,
ALO,STR,Aston Martin,2023,Spanish Grand Prix,Qualifying,qualifying,0.1139999999999901,0.2076310130702742,3,dry,
BOT,ZHO,Alfa Romeo,2023,Spanish Grand Prix,Qualifying,qualifying,-0.2999999999999971,0.1104584031879644,3,dry,
DEV,TSU,AlphaTauri,2023,Spanish Grand Prix,Qualifying,qualifying,0.1894999999999953,0.405632712999833,4,dry,
GAS,OCO,Alpine,2023,Spanish Grand Prix,Qualifying,qualifying,-0.1745000000000018,0.1739224216324507,4,dry,
HAM,RUS,Mercedes,2023,Spanish Grand Prix,Qualifying,qualifying,0.4830000000000041,0.2756061364582662,4,dry,
HAM,RUS,Mercedes,2023,Spanish Grand Prix,Qualifying,qualifying,,,1,wet,insufficient_matched_pairs
LEC,SAI,Ferrari,2023,Spanish Grand Prix,Qualifying,qualifying,-0.8739999999999952,0.6363720381246397,3,dry,
NOR,PIA,McLaren,2023,Spanish Grand Prix,Qualifying,qualifying,0.2555000000000049,0.2092857390036396,4,dry,
PER,VER,Red Bull Racing,2023,Spanish Grand Prix,Qualifying,qualifying,-1.180500000000002,0.4568126191106476,4,dry,
HUL,MAG,Haas F1 Team,2023,Spanish Grand Prix,Qualifying,qualifying,,,0,,insufficient_matched_pairs
ALB,SAR,Williams,2023,Spanish Grand Prix,Qualifying,qualifying,,,0,,insufficient_matched_pairs
ALO,STR,Aston Martin,2023,Canadian Grand Prix,Race,race,1.070999999999998,0.0966759589144678,39,dry,
BOT,ZHO,Alfa Romeo,2023,Canadian Grand Prix,Race,race,-0.4899999999999949,0.2285657080729886,25,dry,
DEV,TSU,AlphaTauri,2023,Canadian Grand Prix,Race,race,-0.0389999999999943,0.1564199789271073,20,dry,
GAS,OCO,Alpine,2023,Canadian Grand Prix,Race,race,0.1020000000000038,0.122147011015621,40,dry,
HAM,RUS,Mercedes,2023,Canadian Grand Prix,Race,race,0.6610000000000014,0.2105079431235734,23,dry,
HUL,MAG,Haas F1 Team,2023,Canadian Grand Prix,Race,race,0.5925000000000011,0.3551469968042664,26,dry,
LEC,SAI,Ferrari,2023,Canadian Grand Prix,Race,race,0.0579999999999927,0.0317909663984068,41,dry,
NOR,PIA,McLaren,2023,Canadian Grand Prix,Race,race,-0.0904999999999986,0.033836090477015,48,dry,
PER,VER,Red Bull Racing,2023,Canadian Grand Prix,Race,race,-0.5259999999999962,0.1026174269815802,31,dry,
ALB,SAR,Williams,2023,Canadian Grand Prix,Race,race,,,0,,insufficient_matched_pairs
ALB,SAR,Williams,2023,Canadian Grand Prix,Qualifying,qualifying,1.1855000000000049,0.3837435697925203,4,dry,
ALO,STR,Aston Martin,2023,Canadian Grand Prix,Qualifying,qualifying,1.5760000000000003,0.2342469499936551,6,dry,
BOT,ZHO,Alfa Romeo,2023,Canadian Grand Prix,Qualifying,qualifying,0.6545000000000059,0.4651679803895888,4,dry,
DEV,TSU,AlphaTauri,2023,Canadian Grand Prix,Qualifying,qualifying,-0.5919999999999987,1.5877676569963255,4,dry,
GAS,OCO,Alpine,2023,Canadian Grand Prix,Qualifying,qualifying,-0.894999999999996,0.6094936701147183,5,dry,
HAM,RUS,Mercedes,2023,Canadian Grand Prix,Qualifying,qualifying,-0.3990000000000009,0.8872153678131824,4,dry,
HAM,RUS,Mercedes,2023,Canadian Grand Prix,Qualifying,qualifying,,,1,wet,insufficient_matched_pairs
HUL,MAG,Haas F1 Team,2023,Canadian Grand Prix,Qualifying,qualifying,0.0120000000000004,0.430533000905702,5,dry,
LEC,SAI,Ferrari,2023,Canadian Grand Prix,Qualifying,qualifying,0.4654999999999987,0.705677906687596,6,dry,
NOR,PIA,McLaren,2023,Canadian Grand Prix,Qualifying,qualifying,,,1,dry,insufficient_matched_pairs
NOR,PIA,McLaren,2023,Canadian Grand Prix,Qualifying,qualifying,,,2,wet,insufficient_matched_pairs
PER,VER,Red Bull Racing,2023,Canadian Grand Prix,Qualifying,qualifying,-0.7309999999999945,1.3278972875589086,5,dry,
ALB,SAR,Williams,2023,Austrian Grand Prix,Race,race,0.2824999999999988,0.0571084533711653,50,dry,
ALO,STR,Aston Martin,2023,Austrian Grand Prix,Race,race,-0.5859999999999985,0.3236494698208492,29,dry,
BOT,ZHO,Alfa Romeo,2023,Austrian Grand Prix,Race,race,-0.092499999999994,0.3714555525325431,36,dry,
DEV,TSU,AlphaTauri,2023,Austrian Grand Prix,Race,race,0.1274999999999906,0.1898099116545613,36,dry,
GAS,OCO,Alpine,2023,Austrian Grand Prix,Race,race,0.2550000000000096,0.0647936433009634,31,dry,
HAM,RUS,Mercedes,2023,Austrian Grand Prix,Race,race,0.1090000000000088,0.0627804616211242,49,dry,
LEC,SAI,Ferrari,2023,Austrian Grand Prix,Race,race,0.045500000000004,0.0289439008972379,54,dry,
NOR,PIA,McLaren,2023,Austrian Grand Prix,Race,race,0.6080000000000041,0.1506060681106571,29,dry,
PER,VER,Red Bull Racing,2023,Austrian Grand Prix,Race,race,-0.4330000000000069,0.239360879499208,45,dry,
HUL,MAG,Haas F1 Team,2023,Austrian Grand Prix,Race,race,,,0,,no_compound_overlap
ALO,STR,Aston Martin,2023,Austrian Grand Prix,Qualifying,qualifying,-0.0180000000000006,0.1927497871320203,5,dry,
DEV,TSU,AlphaTauri,2023,Austrian Grand Prix,Qualifying,qualifying,-0.1110000000000042,0.1350214311243344,3,dry,
GAS,OCO,Alpine,2023,Austrian Grand Prix,Qualifying,qualifying,0.2109999999999985,0.2302580216442649,5,dry,
HAM,RUS,Mercedes,2023,Austrian Grand Prix,Qualifying,qualifying,0.2319999999999993,0.2443130042282545,4,dry,
HUL,MAG,Haas F1 Team,2023,Austrian Grand Prix,Qualifying,qualifying,-0.034000000000006,0.1575260421579828,3,dry,
LEC,SAI,Ferrari,2023,Austrian Grand Prix,Qualifying,qualifying,-0.0510000000000019,0.1480021223774484,5,dry,
NOR,PIA,McLaren,2023,Austrian Grand Prix,Qualifying,qualifying,0.3165000000000049,0.2304996839956005,4,dry,
PER,VER,Red Bull Racing,2023,Austrian Grand Prix,Qualifying,qualifying,-0.284000000000006,0.2918516276527538,5,dry,
BOT,ZHO,Alfa Romeo,2023,Austrian Grand Prix,Qualifying,qualifying,,,0,,insufficient_matched_pairs
ALB,SAR,Williams,2023,Austrian Grand Prix,Qualifying,qualifying,,,0,,insufficient_matched_pairs
ALB,SAR,Williams,2023,British Grand Prix,Race,race,0.186000000000007,0.0857406400568456,31,dry,
ALO,STR,Aston Martin,2023,British Grand Prix,Race,race,0.3389999999999986,0.0598787670693525,33,dry,
BOT,ZHO,Alfa Romeo,2023,British Grand Prix,Race,race,-0.4420000000000001,0.6421518700151209,12,dry,
DEV,TSU,AlphaTauri,2023,British Grand Prix,Race,race,-0.1219999999999998,0.1540596205903604,18,dry,
HAM,RUS,Mercedes,2023,British Grand Prix,Race,race,-1.2650000000000006,1.278881118873922,24,dry,
HUL,MAG,Haas F1 Team,2023,British Grand Prix,Race,race,0.7824999999999918,0.0456793021251705,20,dry,
LEC,SAI,Ferrari,2023,British Grand Prix,Race,race,0.0525000000000019,0.1055177553326464,18,dry,
NOR,PIA,McLaren,2023,British Grand Prix,Race,race,0.1099999999999994,0.0392734515289289,31,dry,
PER,VER,Red Bull Racing,2023,British Grand Prix,Race,race,-0.6440000000000055,0.0473859494281109,29,dry,
GAS,OCO,Alpine,2023,British Grand Prix,Race,race,,,0,,insufficient_matched_pairs
ALB,SAR,Williams,2023,British Grand Prix,Qualifying,qualifying,0.5090000000000003,0.1362362828462525,4,dry,
ALB,SAR,Williams,2023,British Grand Prix,Qualifying,qualifying,,,1,wet,insufficient_matched_pairs
ALO,STR,Aston Martin,2023,British Grand Prix,Qualifying,qualifying,0.7015000000000029,0.4661104669358311,4,dry,
ALO,STR,Aston Martin,2023,British Grand Prix,Qualifying,qualifying,,,1,wet,insufficient_matched_pairs
DEV,TSU,AlphaTauri,2023,British Grand Prix,Qualifying,qualifying,-0.1409999999999911,0.2198907965932784,3,dry,
GAS,OCO,Alpine,2023,British Grand Prix,Qualifying,qualifying,-0.144999999999996,0.4585824088707785,4,dry,
GAS,OCO,Alpine,2023,British Grand Prix,Qualifying,qualifying,,,1,wet,insufficient_matched_pairs
HAM,RUS,Mercedes,2023,British Grand Prix,Qualifying,qualifying,,,2,dry,insufficient_matched_pairs
HAM,RUS,Mercedes,2023,British Grand Prix,Qualifying,qualifying,,,2,wet,insufficient_matched_pairs
LEC,SAI,Ferrari,2023,British Grand Prix,Qualifying,qualifying,0.0120000000000004,0.0618875597681296,3,dry,
LEC,SAI,Ferrari,2023,British Grand Prix,Qualifying,qualifying,,,1,wet,insufficient_matched_pairs
NOR,PIA,McLaren,2023,British Grand Prix,Qualifying,qualifying,-0.6580000000000013,0.4044483632338289,3,dry,
PER,VER,Red Bull Racing,2023,British Grand Prix,Qualifying,qualifying,-1.443000000000012,0.5469956396771622,3,dry,
BOT,ZHO,Alfa Romeo,2023,British Grand Prix,Qualifying,qualifying,,,0,,insufficient_matched_pairs
HUL,MAG,Haas F1 Team,2023,British Grand Prix,Qualifying,qualifying,,,0,,insufficient_matched_pairs
ALB,SAR,Williams,2023,Hungarian Grand Prix,Race,race,0.1219999999999998,0.0611423444945516,47,dry,
ALO,STR,Aston Martin,2023,Hungarian Grand Prix,Race,race,0.6920000000000073,0.0592752786805998,39,dry,
BOT,ZHO,Alfa Romeo,2023,Hungarian Grand Prix,Race,race,0.3429999999999964,0.066928710792367,52,dry,
HAM,RUS,Mercedes,2023,Hungarian Grand Prix,Race,race,0.912000000000006,0.2783995306635305,49,dry,
HUL,MAG,Haas F1 Team,2023,Hungarian Grand Prix,Race,race,0.1859999999999928,0.0888631640947627,49,dry,
LEC,SAI,Ferrari,2023,Hungarian Grand Prix,Race,race,0.066999999999993,0.0610130021895839,40,dry,
NOR,PIA,McLaren,2023,Hungarian Grand Prix,Race,race,0.3125,0.0522281649324592,54,dry,
PER,VER,Red Bull Racing,2023,Hungarian Grand Prix,Race,race,-0.637999999999991,0.2784330421177466,47,dry,
RIC,TSU,AlphaTauri,2023,Hungarian Grand Prix,Race,race,-0.5240000000000009,0.4647368848576019,27,dry,
GAS,OCO,Alpine,2023,Hungarian Grand Prix,Race,race,,,0,,teammate_dnf_no_matched_laps
ALB,SAR,Williams,2023,Hungarian Grand Prix,Qualifying,qualifying,0.331000000000003,0.1129699113564005,3,dry,
ALO,STR,Aston Martin,2023,Hungarian Grand Prix,Qualifying,qualifying,0.2019999999999981,0.72679023178357,5,dry,
BOT,ZHO,Alfa Romeo,2023,Hungarian Grand Prix,Qualifying,qualifying,0.036999999999999,0.1844323806684706,4,dry,
GAS,OCO,Alpine,2023,Hungarian Grand Prix,Qualifying,qualifying,-0.1419999999999959,0.1324303027863951,5,dry,
HUL,MAG,Haas F1 Team,2023,Hungarian Grand Prix,Qualifying,qualifying,0.4930000000000092,0.1606462693244046,3,dry,
LEC,SAI,Ferrari,2023,Hungarian Grand Prix,Qualifying,qualifying,0.0280000000000057,0.1528717661207494,5,dry,
NOR,PIA,McLaren,2023,Hungarian Grand Prix,Qualifying,qualifying,0.242999999999995,0.1071622834115954,3,dry,
PER,VER,Red Bull Racing,2023,Hungarian Grand Prix,Qualifying,qualifying,-0.4714999999999989,0.4118833759611381,4,dry,
RIC,TSU,AlphaTauri,2023,Hungarian Grand Prix,Qualifying,qualifying,-0.1180000000000092,0.1696934216678961,3,dry,
HAM,RUS,Mercedes,2023,Hungarian Grand Prix,Qualifying,qualifying,,,0,,insufficient_matched_pairs
ALB,SAR,Williams,2023,Belgian Grand Prix,Race,race,0.0545000000000044,0.1748120569325807,26,dry,
ALB,SAR,Williams,2023,Belgian Grand Prix,Race,race,,,3,wet,insufficient_matched_pairs
ALO,STR,Aston Martin,2023,Belgian Grand Prix,Race,race,0.9240000000000066,0.25999791729165,19,dry,
BOT,ZHO,Alfa Romeo,2023,Belgian Grand Prix,Race,race,0.1480000000000032,0.3016771135478945,12,dry,
BOT,ZHO,Alfa Romeo,2023,Belgian Grand Prix,Race,race,,,2,wet,insufficient_matched_pairs
GAS,OCO,Alpine,2023,Belgian Grand Prix,Race,race,-1.3135000000000048,0.977399886508023,22,dry,
HAM,RUS,Mercedes,2023,Belgian Grand Prix,Race,race,-1.0684999999999931,0.6686299054036898,14,dry,
HUL,MAG,Haas F1 Team,2023,Belgian Grand Prix,Race,race,-0.7620000000000005,0.504161413861896,9,dry,
LEC,SAI,Ferrari,2023,Belgian Grand Prix,Race,race,2.954499999999996,0.6125443534969538,8,dry,
PER,VER,Red Bull Racing,2023,Belgian Grand Prix,Race,race,-0.5670000000000073,0.1154424417506714,27,dry,
PER,VER,Red Bull Racing,2023,Belgian Grand Prix,Race,race,,,1,wet,insufficient_matched_pairs
RIC,TSU,AlphaTauri,2023,Belgian Grand Prix,Race,race,0.552500000000002,0.3461505269204221,14,dry,
NOR,PIA,McLaren,2023,Belgian Grand Prix,Race,race,,,0,,missing_lap_time_data
ALB,SAR,Williams,2023,Belgian Grand Prix,Qualifying,qualifying,0.0930000000000035,0.591520138607621,3,dry,
ALO,STR,Aston Martin,2023,Belgian Grand Prix,Qualifying,qualifying,0.9979999999999905,1.0738281198916653,5,dry,
BOT,ZHO,Alfa Romeo,2023,Belgian Grand Prix,Qualifying,qualifying,1.3289999999999935,0.876839895418888,3,dry,
GAS,OCO,Alpine,2023,Belgian Grand Prix,Qualifying,qualifying,-0.4950000000000045,1.1052263601100392,3,dry,
HAM,RUS,Mercedes,2023,Belgian Grand Prix,Qualifying,qualifying,0.7180000000000035,0.1212452284810813,3,dry,
LEC,SAI,Ferrari,2023,Belgian Grand Prix,Qualifying,qualifying,0.1640000000000014,0.5865317323317071,5,dry,
NOR,PIA,McLaren,2023,Belgian Grand Prix,Qualifying,qualifying,-0.304000000000002,0.9985834960495692,3,dry,
PER,VER,Red Bull Racing,2023,Belgian Grand Prix,Qualifying,qualifying,-1.049500000000002,0.4621227788223112,4,dry,
RIC,TSU,AlphaTauri,2023,Belgian Grand Prix,Qualifying,qualifying,-0.4390000000000071,0.2846486139249778,3,dry,
HUL,MAG,Haas F1 Team,2023,Belgian Grand Prix,Qualifying,qualifying,,,0,,insufficient_matched_pairs
ALO,STR,Aston Martin,2023,Dutch Grand Prix,Race,race,0.2879999999999967,0.5018449223386453,23,dry,
ALO,STR,Aston Martin,2023,Dutch Grand Prix,Race,race,,,1,wet,insufficient_matched_pairs
BOT,ZHO,Alfa Romeo,2023,Dutch Grand Prix,Race,race,0.0,0.5642061059985516,23,dry,
GAS,OCO,Alpine,2023,Dutch Grand Prix,Race,race,0.429000000000002,0.0430320369050828,33,dry,
GAS,OCO,Alpine,2023,Dutch Grand Prix,Race,race,,,3,wet,insufficient_matched_pairs
HUL,MAG,Haas F1 Team,2023,Dutch Grand Prix,Race,race,-0.8725000000000023,0.2280501573124879,18,dry,
HUL,MAG,Haas F1 Team,2023,Dutch Grand Prix,Race,race,,,3,wet,insufficient_matched_pairs
LAW,TSU,AlphaTauri,2023,Dutch Grand Prix,Race,race,,,5,dry,insufficient_matched_pairs
LAW,TSU,AlphaTauri,2023,Dutch Grand Prix,Race,race,,,5,wet,insufficient_matched_pairs
LEC,SAI,Ferrari,2023,Dutch Grand Prix,Race,race,-1.5159999999999911,0.1680202901971005,19,dry,
LEC,SAI,Ferrari,2023,Dutch Grand Prix,Race,race,,,2,wet,insufficient_matched_pairs
NOR,PIA,McLaren,2023,Dutch Grand Prix,Race,race,-0.0954999999999941,0.2475287661420765,24,dry,
NOR,PIA,McLaren,2023,Dutch Grand Prix,Race,race,,,3,wet,insufficient_matched_pairs
PER,VER,Red Bull Racing,2023,Dutch Grand Prix,Race,race,-0.3900000000000005,0.0498920659247775,33,dry,
PER,VER,Red Bull Racing,2023,Dutch Grand Prix,Race,race,,,2,wet,insufficient_matched_pairs
HAM,RUS,Mercedes,2023,Dutch Grand Prix,Race,race,,,0,,insufficient_matched_pairs
ALB,SAR,Williams,2023,Dutch Grand Prix,Race,race,,,0,,insufficient_matched_pairs
ALB,SAR,Williams,2023,Dutch Grand Prix,Qualifying,qualifying,0.6920000000000073,0.6439891461230777,3,dry,
ALB,SAR,Williams,2023,Dutch Grand Prix,Qualifying,qualifying,,,1,wet,insufficient_matched_pairs
ALO,STR,Aston Martin,2023,Dutch Grand Prix,Qualifying,qualifying,0.1669999999999945,0.3364560161474323,4,dry,
BOT,ZHO,Alfa Romeo,2023,Dutch Grand Prix,Qualifying,qualifying,-0.993000000000002,0.4787489100968491,4,dry,
GAS,OCO,Alpine,2023,Dutch Grand Prix,Qualifying,qualifying,1.2360000000000042,0.542569719475282,4,dry,
HAM,RUS,Mercedes,2023,Dutch Grand Prix,Qualifying,qualifying,,,2,dry,insufficient_matched_pairs
HAM,RUS,Mercedes,2023,Dutch Grand Prix,Qualifying,qualifying,,,1,wet,insufficient_matched_pairs
HUL,MAG,Haas F1 Team,2023,Dutch Grand Prix,Qualifying,qualifying,0.8964999999999961,0.4581662118788965,4,dry,
LAW,TSU,AlphaTauri,2023,Dutch Grand Prix,Qualifying,qualifying,-0.7929999999999922,0.9134609994814068,5,dry,
LAW,TSU,AlphaTauri,2023,Dutch Grand Prix,Qualifying,qualifying,,,1,wet,insufficient_matched_pairs
LEC,SAI,Ferrari,2023,Dutch Grand Prix,Qualifying,qualifying,0.6084999999999994,0.4950947312794672,4,dry,
LEC,SAI,Ferrari,2023,Dutch Grand Prix,Qualifying,qualifying,,,1,wet,insufficient_matched_pairs
NOR,PIA,McLaren,2023,Dutch Grand Prix,Qualifying,qualifying,0.0794999999999959,0.7179664816385967,6,dry,
NOR,PIA,McLaren,2023,Dutch Grand Prix,Qualifying,qualifying,,,1,wet,insufficient_matched_pairs
PER,VER,Red Bull Racing,2023,Dutch Grand Prix,Qualifying,qualifying,-1.1595000000000013,0.147386556187107,4,dry,
PER,VER,Red Bull Racing,2023,Dutch Grand Prix,Qualifying,qualifying,,,2,wet,insufficient_matched_pairs
ALB,SAR,Williams,2023,Italian Grand Prix,Race,race,0.4740000000000037,0.0662466015144351,41,dry,
ALO,STR,Aston Martin,2023,Italian Grand Prix,Race,race,0.4500000000000028,0.0824837256008049,41,dry,
BOT,ZHO,Alfa Romeo,2023,Italian Grand Prix,Race,race,-0.2630000000000052,0.0986182769092047,31,dry,
GAS,OCO,Alpine,2023,Italian Grand Prix,Race,race,0.0690000000000026,0.2453547727281875,27,dry,
HAM,RUS,Mercedes,2023,Italian Grand Prix,Race,race,-0.4590000000000032,0.1863192469198297,35,dry,
HUL,MAG,Haas F1 Team,2023,Italian Grand Prix,Race,race,0.3659999999999996,0.1946894124267187,26,dry,
LEC,SAI,Ferrari,2023,Italian Grand Prix,Race,race,0.046999999999997,0.0582838848244534,38,dry,
NOR,PIA,McLaren,2023,Italian Grand Prix,Race,race,-0.0135000000000005,0.0598839243904424,34,dry,
PER,VER,Red Bull Racing,2023,Italian Grand Prix,Race,race,-0.1495000000000033,0.0872446788634688,38,dry,
LAW,TSU,AlphaTauri,2023,Italian Grand Prix,Race,race,,,0,,missing_lap_time_data
ALB,SAR,Williams,2023,Italian Grand Prix,Qualifying,qualifying,0.671999999999997,0.373697343977578,5,dry,
BOT,ZHO,Alfa Romeo,2023,Italian Grand Prix,Qualifying,qualifying,0.1800000000000068,0.3989607443239383,3,dry,
HAM,RUS,Mercedes,2023,Italian Grand Prix,Qualifying,qualifying,-0.2674999999999912,0.1429273946375866,4,dry,
LAW,TSU,AlphaTauri,2023,Italian Grand Prix,Qualifying,qualifying,-0.1640000000000014,0.1168422718518045,5,dry,
LEC,SAI,Ferrari,2023,Italian Grand Prix,Qualifying,qualifying,-0.0670000000000072,0.0588602297450958,3,dry,
NOR,PIA,McLaren,2023,Italian Grand Prix,Qualifying,qualifying,-0.1110000000000042,0.1415930806377391,5,dry,
PER,VER,Red Bull Racing,2023,Italian Grand Prix,Qualifying,qualifying,-0.3404999999999987,0.0318059383049997,4,dry,
GAS,OCO,Alpine,2023,Italian Grand Prix,Qualifying,qualifying,,,0,,insufficient_matched_pairs
ALO,STR,Aston Martin,2023,Italian Grand Prix,Qualifying,qualifying,,,0,,insufficient_matched_pairs
HUL,MAG,Haas F1 Team,2023,Italian Grand Prix,Qualifying,qualifying,,,0,,insufficient_matched_pairs
ALB,SAR,Williams,2023,Singapore Grand Prix,Race,race,0.0960000000000036,0.2952523712380996,37,dry,
BOT,ZHO,Alfa Romeo,2023,Singapore Grand Prix,Race,race,-0.630500000000005,0.3893521993194138,18,dry,
GAS,OCO,Alpine,2023,Singapore Grand Prix,Race,race,-0.1530000000000058,0.0811531576341534,29,dry,
HAM,RUS,Mercedes,2023,Singapore Grand Prix,Race,race,0.1339999999999932,0.0989562936239907,42,dry,
HUL,MAG,Haas F1 Team,2023,Singapore Grand Prix,Race,race,-0.0254999999999938,0.0580674718843629,32,dry,
LEC,SAI,Ferrari,2023,Singapore Grand Prix,Race,race,-0.1949999999999931,0.1012661124440404,29,dry,
NOR,PIA,McLaren,2023,Singapore Grand Prix,Race,race,0.6839999999999975,0.0871830129598001,41,dry,
PER,VER,Red Bull Racing,2023,Singapore Grand Prix,Race,race,-0.3414999999999963,0.0735849284258778,34,dry,
LAW,TSU,AlphaTauri,2023,Singapore Grand Prix,Race,race,,,0,,missing_lap_time_data
ALO,STR,Aston Martin,2023,Singapore Grand Prix,Race,race,,,0,,missing_lap_time_data
BOT,ZHO,Alfa Romeo,2023,Singapore Grand Prix,Qualifying,qualifying,0.448999999999998,0.1723892153749145,3,dry,
GAS,OCO,Alpine,2023,Singapore Grand Prix,Qualifying,qualifying,-0.0009999999999905,0.12972660427166,3,dry,
HAM,RUS,Mercedes,2023,Singapore Grand Prix,Qualifying,qualifying,-0.2760000000000104,0.1131990867862876,3,dry,
HUL,MAG,Haas F1 Team,2023,Singapore Grand Prix,Qualifying,qualifying,-0.1779999999999972,0.032980140094315,3,dry,
LEC,SAI,Ferrari,2023,Singapore Grand Prix,Qualifying,qualifying,-0.2510000000000048,0.0758881849606144,3,dry,
PER,VER,Red Bull Racing,2023,Singapore Grand Prix,Qualifying,qualifying,0.2989999999999924,0.1306603571284116,3,dry,
LAW,TSU,AlphaTauri,2023,Singapore Grand Prix,Qualifying,qualifying,,,0,,insufficient_matched_pairs
ALO,STR,Aston Martin,2023,Singapore Grand Prix,Qualifying,qualifying,,,0,,insufficient_matched_pairs
NOR,PIA,McLaren,2023,Singapore Grand Prix,Qualifying,qualifying,,,0,,insufficient_matched_pairs
ALB,SAR,Williams,2023,Singapore Grand Prix,Qualifying,qualifying,,,0,,insufficient_matched_pairs
GAS,OCO,Alpine,2023,Japanese Grand Prix,Race,race,0.8049999999999926,0.2610385449348266,26,dry,
HAM,RUS,Mercedes,2023,Japanese Grand Prix,Race,race,-0.0619999999999976,0.1317232089602251,25,dry,
HUL,MAG,Haas F1 Team,2023,Japanese Grand Prix,Race,race,0.8400000000000034,0.1024885106429676,17,dry,
LAW,TSU,AlphaTauri,2023,Japanese Grand Prix,Race,race,-0.0700000000000073,0.1355489058638287,29,dry,
LEC,SAI,Ferrari,2023,Japanese Grand Prix,Race,race,-0.0649999999999977,0.0580132624286708,34,dry,
NOR,PIA,McLaren,2023,Japanese Grand Prix,Race,race,0.6454999999999984,0.0900529952289164,34,dry,
BOT,ZHO,Alfa Romeo,2023,Japanese Grand Prix,Race,race,,,0,,insufficient_matched_pairs
ALO,STR,Aston Martin,2023,Japanese Grand Prix,Race,race,,,0,,insufficient_matched_pairs
PER,VER,Red Bull Racing,2023,Japanese Grand Prix,Race,race,,,0,,insufficient_matched_pairs
ALB,SAR,Williams,2023,Japanese Grand Prix,Race,race,,,0,,insufficient_matched_pairs
GAS,OCO,Alpine,2023,Japanese Grand Prix,Qualifying,qualifying,0.0169999999999959,0.1118558715982811,4,dry,
HAM,RUS,Mercedes,2023,Japanese Grand Prix,Qualifying,qualifying,-0.0639999999999929,0.2633161912085008,3,dry,
LAW,TSU,AlphaTauri,2023,Japanese Grand Prix,Qualifying,qualifying,-0.4110000000000013,0.1647456954222504,4,dry,
LEC,SAI,Ferrari,2023,Japanese Grand Prix,Qualifying,qualifying,0.3079999999999927,0.2127174866557297,3,dry,
NOR,PIA,McLaren,2023,Japanese Grand Prix,Qualifying,qualifying,-0.0819999999999936,0.0515098636870407,3,dry,
PER,VER,Red Bull Racing,2023,Japanese Grand Prix,Qualifying,qualifying,-0.7730000000000103,0.3774062364393334,3,dry,
BOT,ZHO,Alfa Romeo,2023,Japanese Grand Prix,Qualifying,qualifying,,,0,,insufficient_matched_pairs
ALO,STR,Aston Martin,2023,Japanese Grand Prix,Qualifying,qualifying,,,0,,insufficient_matched_pairs
HUL,MAG,Haas F1 Team,2023,Japanese Grand Prix,Qualifying,qualifying,,,0,,insufficient_matched_pairs
ALB,SAR,Williams,2023,Japanese Grand Prix,Qualifying,qualifying,,,0,,missing_lap_time_data
ALB,SAR,Williams,2023,Qatar Grand Prix,Race,race,1.015499999999996,0.2134871156757679,22,dry,
ALO,STR,Aston Martin,2023,Qatar Grand Prix,Race,race,0.8780000000000001,0.173317776663872,27,dry,
BOT,ZHO,Alfa Romeo,2023,Qatar Grand Prix,Race,race,-0.1110000000000042,0.0926455697677863,29,dry,
GAS,OCO,Alpine,2023,Qatar Grand Prix,Race,race,0.1259999999999976,0.121463068315906,32,dry,
HUL,MAG,Haas F1 Team,2023,Qatar Grand Prix,Race,race,0.3520000000000038,0.1916878164796522,26,dry,
LAW,TSU,AlphaTauri,2023,Qatar Grand Prix,Race,race,-1.751499999999993,0.4372877199210392,30,dry,
NOR,PIA,McLaren,2023,Qatar Grand Prix,Race,race,0.0334999999999965,0.1405547881654209,34,dry,
PER,VER,Red Bull Racing,2023,Qatar Grand Prix,Race,race,0.2635000000000076,0.5612217612094219,30,dry,
LEC,SAI,Ferrari,2023,Qatar Grand Prix,Race,race,,,0,,missing_lap_time_data
HAM,RUS,Mercedes,2023,Qatar Grand Prix,Race,race,,,0,,missing_lap_time_data
ALB,SAR,Williams,2023,Qatar Grand Prix,Qualifying,qualifying,0.0715000000000003,0.2829731221469771,4,dry,
ALO,STR,Aston Martin,2023,Qatar Grand Prix,Qualifying,qualifying,1.212999999999994,0.1874885469334921,3,dry,
BOT,ZHO,Alfa Romeo,2023,Qatar Grand Prix,Qualifying,qualifying,1.4939999999999998,0.4892396417166376,3,dry,
GAS,OCO,Alpine,2023,Qatar Grand Prix,Qualifying,qualifying,0.4600000000000008,0.4527926950113633,4,dry,
HAM,RUS,Mercedes,2023,Qatar Grand Prix,Qualifying,qualifying,0.1089999999999946,0.2403571166567127,3,dry,
LAW,TSU,AlphaTauri,2023,Qatar Grand Prix,Qualifying,qualifying,-0.7439999999999998,0.2665994931817489,4,dry,
LEC,SAI,Ferrari,2023,Qatar Grand Prix,Qualifying,qualifying,0.4500000000000028,0.1633026937952935,5,dry,
NOR,PIA,McLaren,2023,Qatar Grand Prix,Qualifying,qualifying,0.3030000000000044,0.2660808877274257,4,dry,
PER,VER,Red Bull Racing,2023,Qatar Grand Prix,Qualifying,qualifying,-0.7920000000000016,0.2202460275433993,5,dry,
HUL,MAG,Haas F1 Team,2023,Qatar Grand Prix,Qualifying,qualifying,,,0,,insufficient_matched_pairs
ALB,SAR,Williams,2023,United States Grand Prix,Race,race,-0.066999999999993,0.087114073701307,39,dry,
ALO,STR,Aston Martin,2023,United States Grand Prix,Race,race,-1.531000000000006,0.1157030861651846,27,dry,
BOT,ZHO,Alfa Romeo,2023,United States Grand Prix,Race,race,0.0504999999999995,0.11964806591595,38,dry,
HAM,RUS,Mercedes,2023,United States Grand Prix,Race,race,0.3919999999999959,0.0839613343251612,39,dry,
HUL,MAG,Haas F1 Team,2023,United States Grand Prix,Race,race,0.3815000000000026,0.2027697442153773,36,dry,
LEC,SAI,Ferrari,2023,United States Grand Prix,Race,race,-0.5969999999999942,0.0858450171353412,31,dry,
PER,VER,Red Bull Racing,2023,United States Grand Prix,Race,race,-0.3289999999999935,0.1049128461213453,41,dry,
RIC,TSU,AlphaTauri,2023,United States Grand Prix,Race,race,-0.5259999999999962,0.1106406172125646,27,dry,
GAS,OCO,Alpine,2023,United States Grand Prix,Race,race,,,0,,insufficient_matched_pairs
NOR,PIA,McLaren,2023,United States Grand Prix,Race,race,,,0,,insufficient_matched_pairs
ALO,STR,Aston Martin,2023,United States Grand Prix,Qualifying,qualifying,0.3209999999999979,0.6290487735171792,3,dry,
BOT,ZHO,Alfa Romeo,2023,United States Grand Prix,Qualifying,qualifying,0.1689999999999969,0.2126789174152263,5,dry,
GAS,OCO,Alpine,2023,United States Grand Prix,Qualifying,qualifying,0.0219999999999984,0.1896132089280696,4,dry,
HAM,RUS,Mercedes,2023,United States Grand Prix,Qualifying,qualifying,0.2914999999999992,0.1852871084460703,4,dry,
LEC,SAI,Ferrari,2023,United States Grand Prix,Qualifying,qualifying,0.3215000000000074,0.0368732128187096,4,dry,
NOR,PIA,McLaren,2023,United States Grand Prix,Qualifying,qualifying,0.0559999999999973,0.3685746510782027,3,dry,
PER,VER,Red Bull Racing,2023,United States Grand Prix,Qualifying,qualifying,-0.4429999999999978,0.1149497463249907,3,dry,
RIC,TSU,AlphaTauri,2023,United States Grand Prix,Qualifying,qualifying,-0.3034999999999925,0.1365421055584697,4,dry,
HUL,MAG,Haas F1 Team,2023,United States Grand Prix,Qualifying,qualifying,,,0,,insufficient_matched_pairs
ALB,SAR,Williams,2023,United States Grand Prix,Qualifying,qualifying,,,0,,insufficient_matched_pairs
ALB,SAR,Williams,2023,Mexico City Grand Prix,Race,race,0.9780000000000086,0.1414059425787881,35,dry,
ALO,STR,Aston Martin,2023,Mexico City Grand Prix,Race,race,-0.277000000000001,0.1398278646863449,29,dry,
BOT,ZHO,Alfa Romeo,2023,Mexico City Grand Prix,Race,race,0.073999999999998,0.0635656454012349,45,dry,
GAS,OCO,Alpine,2023,Mexico City Grand Prix,Race,race,-0.0450000000000017,0.5500186268562993,43,dry,
HAM,RUS,Mercedes,2023,Mexico City Grand Prix,Race,race,0.4200000000000017,0.0912256534306215,51,dry,
HUL,MAG,Haas F1 Team,2023,Mexico City Grand Prix,Race,race,0.284000000000006,0.1313473433442988,25,dry,
LEC,SAI,Ferrari,2023,Mexico City Grand Prix,Race,race,0.1370000000000004,0.0327274048280168,50,dry,
NOR,PIA,McLaren,2023,Mexico City Grand Prix,Race,race,0.5984999999999943,0.1618458627283444,38,dry,
RIC,TSU,AlphaTauri,2023,Mexico City Grand Prix,Race,race,0.6864999999999952,0.0730352952215445,38,dry,
PER,VER,Red Bull Racing,2023,Mexico City Grand Prix,Race,race,,,0,,teammate_dnf_no_matched_laps
BOT,ZHO,Alfa Romeo,2023,Mexico City Grand Prix,Qualifying,qualifying,0.4239999999999924,0.1953129328686305,3,dry,
HAM,RUS,Mercedes,2023,Mexico City Grand Prix,Qualifying,qualifying,0.0450000000000017,0.0698239956273335,4,dry,
LEC,SAI,Ferrari,2023,Mexico City Grand Prix,Qualifying,qualifying,-0.0124999999999957,0.2325262148411215,4,dry,
PER,VER,Red Bull Racing,2023,Mexico City Grand Prix,Qualifying,qualifying,-0.4989999999999952,0.1480808700104874,3,dry,
RIC,TSU,AlphaTauri,2023,Mexico City Grand Prix,Qualifying,qualifying,,,0,,insufficient_matched_pairs
GAS,OCO,Alpine,2023,Mexico City Grand Prix,Qualifying,qualifying,,,0,,insufficient_matched_pairs
ALO,STR,Aston Martin,2023,Mexico City Grand Prix,Qualifying,qualifying,,,0,,insufficient_matched_pairs
HUL,MAG,Haas F1 Team,2023,Mexico City Grand Prix,Qualifying,qualifying,,,0,,insufficient_matched_pairs
NOR,PIA,McLaren,2023,Mexico City Grand Prix,Qualifying,qualifying,,,0,,insufficient_matched_pairs
ALB,SAR,Williams,2023,Mexico City Grand Prix,Qualifying,qualifying,,,0,,insufficient_matched_pairs
ALO,STR,Aston Martin,2023,São Paulo Grand Prix,Race,race,0.0559999999999973,0.1662214419585118,49,dry,
BOT,ZHO,Alfa Romeo,2023,São Paulo Grand Prix,Race,race,0.0949999999999988,0.08467654035349,14,dry,
GAS,OCO,Alpine,2023,São Paulo Grand Prix,Race,race,0.6839999999999975,0.1404007392130518,46,dry,
HAM,RUS,Mercedes,2023,São Paulo Grand Prix,Race,race,0.2169999999999987,0.0818730986850292,41,dry,
NOR,PIA,McLaren,2023,São Paulo Grand Prix,Race,race,1.0849999999999935,0.3095446818054443,48,dry,
PER,VER,Red Bull Racing,2023,São Paulo Grand Prix,Race,race,-0.7169999999999987,0.0926013865543712,53,dry,
RIC,TSU,AlphaTauri,2023,São Paulo Grand Prix,Race,race,0.1650000000000062,0.0548496725840968,53,dry,
LEC,SAI,Ferrari,2023,São Paulo Grand Prix,Race,race,,,0,,missing_lap_time_data
HUL,MAG,Haas F1 Team,2023,São Paulo Grand Prix,Race,race,,,0,,missing_lap_time_data
ALB,SAR,Williams,2023,São Paulo Grand Prix,Race,race,,,0,,missing_lap_time_data
ALB,SAR,Williams,2023,São Paulo Grand Prix,Qualifying,qualifying,0.4140000000000015,0.2913866313747854,3,dry,
ALO,STR,Aston Martin,2023,São Paulo Grand Prix,Qualifying,qualifying,-0.2490000000000023,0.1475700196031907,4,dry,
BOT,ZHO,Alfa Romeo,2023,São Paulo Grand Prix,Qualifying,qualifying,0.3860000000000099,0.2582598140779287,3,dry,
GAS,OCO,Alpine,2023,São Paulo Grand Prix,Qualifying,qualifying,0.1905000000000001,0.1631942553361615,4,dry,
HAM,RUS,Mercedes,2023,São Paulo Grand Prix,Qualifying,qualifying,0.0519999999999925,0.2025910092477686,3,dry,
HUL,MAG,Haas F1 Team,2023,São Paulo Grand Prix,Qualifying,qualifying,0.0999999999999943,0.1376627208095974,5,dry,
LEC,SAI,Ferrari,2023,São Paulo Grand Prix,Qualifying,qualifying,0.0384999999999919,0.1283304482642476,4,dry,
PER,VER,Red Bull Racing,2023,São Paulo Grand Prix,Qualifying,qualifying,-0.1105000000000018,0.2375883523426973,4,dry,
RIC,TSU,AlphaTauri,2023,São Paulo Grand Prix,Qualifying,qualifying,,,0,,insufficient_matched_pairs
NOR,PIA,McLaren,2023,São Paulo Grand Prix,Qualifying,qualifying,,,0,,insufficient_matched_pairs
ALB,SAR,Williams,2023,Las Vegas Grand Prix,Race,race,0.0740000000000051,0.1057002400683201,24,dry,
ALO,STR,Aston Martin,2023,Las Vegas Grand Prix,Race,race,-0.5769999999999982,0.3189056297789446,25,dry,
BOT,ZHO,Alfa Romeo,2023,Las Vegas Grand Prix,Race,race,-1.7845000000000013,0.6054823243190619,22,dry,
GAS,OCO,Alpine,2023,Las Vegas Grand Prix,Race,race,-0.5640000000000072,0.2198457121281666,23,dry,
HAM,RUS,Mercedes,2023,Las Vegas Grand Prix,Race,race,-0.1800000000000068,0.5259886614481071,19,dry,
HUL,MAG,Haas F1 Team,2023,Las Vegas Grand Prix,Race,race,-0.0970000000000084,0.1870984546909678,25,dry,
LEC,SAI,Ferrari,2023,Las Vegas Grand Prix,Race,race,2.004000000000005,0.621898345151925,13,dry,
PER,VER,Red Bull Racing,2023,Las Vegas Grand Prix,Race,race,-0.4669999999999987,0.6409703143671341,17,dry,
RIC,TSU,AlphaTauri,2023,Las Vegas Grand Prix,Race,race,0.3879999999999981,0.2346522831206271,12,dry,
NOR,PIA,McLaren,2023,Las Vegas Grand Prix,Race,race,,,0,,insufficient_matched_pairs
ALB,SAR,Williams,2023,Las Vegas Grand Prix,Qualifying,qualifying,0.1450000000000102,0.0278143003921835,3,dry,
ALO,STR,Aston Martin,2023,Las Vegas Grand Prix,Qualifying,qualifying,0.786999999999999,0.1183836364595305,4,dry,
BOT,ZHO,Alfa Romeo,2023,Las Vegas Grand Prix,Qualifying,qualifying,0.5439999999999969,0.1138924591149221,3,dry,
HAM,RUS,Mercedes,2023,Las Vegas Grand Prix,Qualifying,qualifying,0.0330000000000012,0.2715284775380174,3,dry,
HUL,MAG,Haas F1 Team,2023,Las Vegas Grand Prix,Qualifying,qualifying,-0.4230000000000018,0.2836205936672342,5,dry,
LEC,SAI,Ferrari,2023,Las Vegas Grand Prix,Qualifying,qualifying,0.1120000000000018,0.1284578329680612,4,dry,
PER,VER,Red Bull Racing,2023,Las Vegas Grand Prix,Qualifying,qualifying,-0.3470000000000013,0.0246555640949636,4,dry,
RIC,TSU,AlphaTauri,2023,Las Vegas Grand Prix,Qualifying,qualifying,,,0,,insufficient_matched_pairs
GAS,OCO,Alpine,2023,Las Vegas Grand Prix,Qualifying,qualifying,,,0,,insufficient_matched_pairs
NOR,PIA,McLaren,2023,Las Vegas Grand Prix,Qualifying,qualifying,,,0,,insufficient_matched_pairs
ALB,SAR,Williams,2023,Abu Dhabi Grand Prix,Race,race,0.1709999999999993,0.0717417085644601,44,dry,
ALO,STR,Aston Martin,2023,Abu Dhabi Grand Prix,Race,race,0.7420000000000044,0.1139211107673998,40,dry,
BOT,ZHO,Alfa Romeo,2023,Abu Dhabi Grand Prix,Race,race,-0.38900000000001,0.1664264856750104,33,dry,
GAS,OCO,Alpine,2023,Abu Dhabi Grand Prix,Race,race,0.2090000000000031,0.1020272784923566,29,dry,
HAM,RUS,Mercedes,2023,Abu Dhabi Grand Prix,Race,race,-0.2680000000000007,0.0887676604473222,42,dry,
HUL,MAG,Haas F1 Team,2023,Abu Dhabi Grand Prix,Race,race,0.375,0.0949117872928199,32,dry,
LEC,SAI,Ferrari,2023,Abu Dhabi Grand Prix,Race,race,1.4960000000000022,0.0786290102379594,34,dry,
NOR,PIA,McLaren,2023,Abu Dhabi Grand Prix,Race,race,0.3069999999999879,0.0871336239601245,35,dry,
PER,VER,Red Bull Racing,2023,Abu Dhabi Grand Prix,Race,race,-0.179000000000002,0.0537691889624686,43,dry,
RIC,TSU,AlphaTauri,2023,Abu Dhabi Grand Prix,Race,race,-0.4639999999999986,0.1284454010856749,26,dry,
ALO,STR,Aston Martin,2023,Abu Dhabi Grand Prix,Qualifying,qualifying,0.0564999999999997,0.0995521387418575,4,dry,
GAS,OCO,Alpine,2023,Abu Dhabi Grand Prix,Qualifying,qualifying,0.0325000000000059,0.1467295716170969,4,dry,
HAM,RUS,Mercedes,2023,Abu Dhabi Grand Prix,Qualifying,qualifying,-0.2874999999999943,0.0737003363583177,4,dry,
NOR,PIA,McLaren,2023,Abu Dhabi Grand Prix,Qualifying,qualifying,0.1329999999999955,0.1914314753789628,3,dry,
PER,VER,Red Bull Racing,2023,Abu Dhabi Grand Prix,Qualifying,qualifying,-0.3760000000000048,0.1616747599472646,3,dry,
RIC,TSU,AlphaTauri,2023,Abu Dhabi Grand Prix,Qualifying,qualifying,-0.2049999999999983,0.0540194894574284,4,dry,
BOT,ZHO,Alfa Romeo,2023,Abu Dhabi Grand Prix,Qualifying,qualifying,,,0,,insufficient_matched_pairs
LEC,SAI,Ferrari,2023,Abu Dhabi Grand Prix,Qualifying,qualifying,,,0,,insufficient_matched_pairs
HUL,MAG,Haas F1 Team,2023,Abu Dhabi Grand Prix,Qualifying,qualifying,,,0,,insufficient_matched_pairs
ALB,SAR,Williams,2023,Abu Dhabi Grand Prix,Qualifying,qualifying,,,0,,insufficient_matched_pairs
ALB,SAR,Williams,2024,Bahrain Grand Prix,Race,race,-0.0614999999999952,0.2016256543802251,32,dry,
ALO,STR,Aston Martin,2024,Bahrain Grand Prix,Race,race,0.7084999999999937,0.1598090956455587,38,dry,
BOT,ZHO,Kick Sauber,2024,Bahrain Grand Prix,Race,race,-0.2555000000000049,0.0551555436016184,38,dry,
GAS,OCO,Alpine,2024,Bahrain Grand Prix,Race,race,0.045500000000004,0.0286353743543596,32,dry,
HAM,RUS,Mercedes,2024,Bahrain Grand Prix,Race,race,0.1230000000000046,0.088595385920524,41,dry,
HUL,MAG,Haas F1 Team,2024,Bahrain Grand Prix,Race,race,0.277000000000001,0.1829778281694292,39,dry,
LEC,SAI,Ferrari,2024,Bahrain Grand Prix,Race,race,-0.2609999999999957,0.0945235637028928,41,dry,
NOR,PIA,McLaren,2024,Bahrain Grand Prix,Race,race,0.0704999999999955,0.0437254111768252,42,dry,
PER,VER,Red Bull Racing,2024,Bahrain Grand Prix,Race,race,-0.4615000000000009,0.0908717628159425,38,dry,
RIC,TSU,RB,2024,Bahrain Grand Prix,Race,race,-0.3019999999999996,0.0875331408939182,30,dry,
ALO,STR,Aston Martin,2024,Bahrain Grand Prix,Qualifying,qualifying,0.6850000000000023,0.1618545082994513,3,dry,
GAS,OCO,Alpine,2024,Bahrain Grand Prix,Qualifying,qualifying,-0.1549999999999869,0.1550187264963961,3,dry,
HAM,RUS,Mercedes,2024,Bahrain Grand Prix,Qualifying,qualifying,-0.0105000000000003,0.303143486390668,4,dry,
HUL,MAG,Haas F1 Team,2024,Bahrain Grand Prix,Qualifying,qualifying,0.4009999999999962,0.201707271347151,4,dry,
LEC,SAI,Ferrari,2024,Bahrain Grand Prix,Qualifying,qualifying,0.2295000000000016,0.0971574460814943,4,dry,
NOR,PIA,McLaren,2024,Bahrain Grand Prix,Qualifying,qualifying,0.6829999999999927,0.3310712327221043,3,dry,
PER,VER,Red Bull Racing,2024,Bahrain Grand Prix,Qualifying,qualifying,-0.5580000000000069,0.0967746254300517,3,dry,
RIC,TSU,RB,2024,Bahrain Grand Prix,Qualifying,qualifying,-0.1125000000000042,0.0352954240760861,4,dry,
BOT,ZHO,Kick Sauber,2024,Bahrain Grand Prix,Qualifying,qualifying,,,0,,insufficient_matched_pairs
ALB,SAR,Williams,2024,Bahrain Grand Prix,Qualifying,qualifying,,,0,,insufficient_matched_pairs
ALB,SAR,Williams,2024,Saudi Arabian Grand Prix,Race,race,0.2620000000000004,0.0854652846123756,41,dry,
BEA,LEC,Ferrari,2024,Saudi Arabian Grand Prix,Race,race,-0.4549999999999983,0.1059941004978133,35,dry,
HUL,MAG,Haas F1 Team,2024,Saudi Arabian Grand Prix,Race,race,2.620999999999995,0.3075774287064161,15,dry,
PER,VER,Red Bull Racing,2024,Saudi Arabian Grand Prix,Race,race,-0.1299999999999954,0.045623468488015,39,dry,
RIC,TSU,RB,2024,Saudi Arabian Grand Prix,Race,race,0.0619999999999976,0.1403914526742408,39,dry,
GAS,OCO,Alpine,2024,Saudi Arabian Grand Prix,Race,race,,,0,,teammate_dnf_no_matched_laps
ALO,STR,Aston Martin,2024,Saudi Arabian Grand Prix,Race,race,,,0,,insufficient_matched_pairs
BOT,ZHO,Kick Sauber,2024,Saudi Arabian Grand Prix,Race,race,,,0,,insufficient_matched_pairs
NOR,PIA,McLaren,2024,Saudi Arabian Grand Prix,Race,race,,,0,,insufficient_matched_pairs
HAM,RUS,Mercedes,2024,Saudi Arabian Grand Prix,Race,race,,,0,,insufficient_matched_pairs
ALO,STR,Aston Martin,2024,Saudi Arabian Grand Prix,Qualifying,qualifying,0.7259999999999991,0.1342008103608205,3,dry,
BEA,LEC,Ferrari,2024,Saudi Arabian Grand Prix,Qualifying,qualifying,-0.7360000000000042,0.1763038303741713,5,dry,
HAM,RUS,Mercedes,2024,Saudi Arabian Grand Prix,Qualifying,qualifying,-0.4909999999999996,0.1953566424613039,3,dry,
HUL,MAG,Haas F1 Team,2024,Saudi Arabian Grand Prix,Qualifying,qualifying,0.0309999999999917,0.2281189026225881,3,dry,
NOR,PIA,McLaren,2024,Saudi Arabian Grand Prix,Qualifying,qualifying,-0.1409999999999982,0.0925384490011741,4,dry,
PER,VER,Red Bull Racing,2024,Saudi Arabian Grand Prix,Qualifying,qualifying,-0.3845000000000027,0.0850420946097023,4,dry,
RIC,TSU,RB,2024,Saudi Arabian Grand Prix,Qualifying,qualifying,-0.2214999999999989,0.1494638800486251,4,dry,
GAS,OCO,Alpine,2024,Saudi Arabian Grand Prix,Qualifying,qualifying,,,0,,insufficient_matched_pairs
BOT,ZHO,Kick Sauber,2024,Saudi Arabian Grand Prix,Qualifying,qualifying,,,0,,insufficient_matched_pairs
ALB,SAR,Williams,2024,Saudi Arabian Grand Prix,Qualifying,qualifying,,,0,,insufficient_matched_pairs
ALO,STR,Aston Martin,2024,Australian Grand Prix,Race,race,0.166000000000011,0.1854422220982473,27,dry,
BOT,ZHO,Kick Sauber,2024,Australian Grand Prix,Race,race,0.1215000000000046,0.0521377584563909,34,dry,
GAS,OCO,Alpine,2024,Australian Grand Prix,Race,race,0.1270000000000095,0.1482072010073417,33,dry,
HUL,MAG,Haas F1 Team,2024,Australian Grand Prix,Race,race,0.089500000000001,0.4284498493022447,32,dry,
LEC,SAI,Ferrari,2024,Australian Grand Prix,Race,race,-0.2754999999999938,0.1011119182775617,34,dry,
NOR,PIA,McLaren,2024,Australian Grand Prix,Race,race,0.2730000000000103,0.0650041279893477,37,dry,
RIC,TSU,RB,2024,Australian Grand Prix,Race,race,-0.0979999999999989,0.1247152901917308,34,dry,
HAM,RUS,Mercedes,2024,Australian Grand Prix,Race,race,,,0,,insufficient_matched_pairs
PER,VER,Red Bull Racing,2024,Australian Grand Prix,Race,race,,,0,,insufficient_matched_pairs
ALB,,Williams,2024,Australian Grand Prix,Race,race,,,0,,single_car_session
ALO,STR,Aston Martin,2024,Australian Grand Prix,Qualifying,qualifying,0.0320000000000035,0.1403738406047463,4,dry,
BOT,ZHO,Kick Sauber,2024,Australian Grand Prix,Qualifying,qualifying,0.6209999999999951,0.2118389005725708,3,dry,
GAS,OCO,Alpine,2024,Australian Grand Prix,Qualifying,qualifying,0.1050000000000039,0.2802887666116616,3,dry,
HAM,RUS,Mercedes,2024,Australian Grand Prix,Qualifying,qualifying,-0.0449999999999946,0.4793927867625883,4,dry,
LEC,SAI,Ferrari,2024,Australian Grand Prix,Qualifying,qualifying,-0.1039999999999992,0.1290815951334812,3,dry,
NOR,PIA,McLaren,2024,Australian Grand Prix,Qualifying,qualifying,0.257000000000005,0.1819505398671826,3,dry,
PER,VER,Red Bull Racing,2024,Australian Grand Prix,Qualifying,qualifying,-0.3624999999999971,1.05973339557997,4,dry,
HUL,MAG,Haas F1 Team,2024,Australian Grand Prix,Qualifying,qualifying,,,0,,insufficient_matched_pairs
RIC,TSU,RB,2024,Australian Grand Prix,Qualifying,qualifying,,,0,,insufficient_matched_pairs
ALB,,Williams,2024,Australian Grand Prix,Qualifying,qualifying,,,0,,single_car_session
ALO,STR,Aston Martin,2024,Japanese Grand Prix,Race,race,1.1039999999999992,0.3657980711100468,25,dry,
GAS,OCO,Alpine,2024,Japanese Grand Prix,Race,race,-0.525500000000001,0.3442517788145283,34,dry,
HAM,RUS,Mercedes,2024,Japanese Grand Prix,Race,race,0.0015,0.1090270227406372,32,dry,
HUL,MAG,Haas F1 Team,2024,Japanese Grand Prix,Race,race,-1.1460000000000008,0.2763223407308688,21,dry,
LEC,SAI,Ferrari,2024,Japanese Grand Prix,Race,race,-0.9959999999999952,0.1280844863816502,27,dry,
NOR,PIA,McLaren,2024,Japanese Grand Prix,Race,race,0.2555000000000049,0.1957749270611949,32,dry,
PER,VER,Red Bull Racing,2024,Japanese Grand Prix,Race,race,-0.366500000000002,0.0764472034718638,38,dry,
BOT,ZHO,Kick Sauber,2024,Japanese Grand Prix,Race,race,,,0,,insufficient_matched_pairs
RIC,TSU,RB,2024,Japanese Grand Prix,Race,race,,,0,,missing_lap_time_data
ALB,SAR,Williams,2024,Japanese Grand Prix,Race,race,,,0,,missing_lap_time_data
HAM,RUS,Mercedes,2024,Japanese Grand Prix,Qualifying,qualifying,0.1929999999999907,0.0631516595752428,4,dry,
LEC,SAI,Ferrari,2024,Japanese Grand Prix,Qualifying,qualifying,-0.1039999999999992,0.1203146334201051,3,dry,
NOR,PIA,McLaren,2024,Japanese Grand Prix,Qualifying,qualifying,0.2710000000000008,0.0833046316699028,3,dry,
PER,VER,Red Bull Racing,2024,Japanese Grand Prix,Qualifying,qualifying,-0.0660000000000025,0.1395145902043252,3,dry,
RIC,TSU,RB,2024,Japanese Grand Prix,Qualifying,qualifying,-0.1694999999999993,0.136465669927714,4,dry,
GAS,OCO,Alpine,2024,Japanese Grand Prix,Qualifying,qualifying,,,0,,insufficient_matched_pairs
ALO,STR,Aston Martin,2024,Japanese Grand Prix,Qualifying,qualifying,,,0,,insufficient_matched_pairs
HUL,MAG,Haas F1 Team,2024,Japanese Grand Prix,Qualifying,qualifying,,,0,,insufficient_matched_pairs
BOT,ZHO,Kick Sauber,2024,Japanese Grand Prix,Qualifying,qualifying,,,0,,insufficient_matched_pairs
ALB,SAR,Williams,2024,Japanese Grand Prix,Qualifying,qualifying,,,0,,insufficient_matched_pairs
ALB,SAR,Williams,2024,Chinese Grand Prix,Race,race,0.6039999999999992,0.2837732322795054,27,dry,
ALO,STR,Aston Martin,2024,Chinese Grand Prix,Race,race,-1.1060000000000088,0.3974020070737284,17,dry,
BOT,ZHO,Kick Sauber,2024,Chinese Grand Prix,Race,race,0.6340000000000003,0.1570694837411867,15,dry,
GAS,OCO,Alpine,2024,Chinese Grand Prix,Race,race,0.0799999999999983,0.1516837919744491,18,dry,
HAM,RUS,Mercedes,2024,Chinese Grand Prix,Race,race,-0.5350000000000108,0.1582118152303361,27,dry,
HUL,MAG,Haas F1 Team,2024,Chinese Grand Prix,Race,race,1.7490000000000023,0.2476095650140282,14,dry,
LEC,SAI,Ferrari,2024,Chinese Grand Prix,Race,race,0.3210000000000121,0.1081645105214108,29,dry,
NOR,PIA,McLaren,2024,Chinese Grand Prix,Race,race,1.4539999999999935,0.150198816918123,32,dry,
PER,VER,Red Bull Racing,2024,Chinese Grand Prix,Race,race,-0.570999999999998,0.0396768352474758,37,dry,
RIC,TSU,RB,2024,Chinese Grand Prix,Race,race,-1.1640000000000017,0.208911046487121,9,dry,
ALO,STR,Aston Martin,2024,Chinese Grand Prix,Qualifying,qualifying,0.2909999999999968,0.2149838871816896,3,dry,
GAS,OCO,Alpine,2024,Chinese Grand Prix,Qualifying,qualifying,-0.1129999999999995,0.252314494090068,5,dry,
LEC,SAI,Ferrari,2024,Chinese Grand Prix,Qualifying,qualifying,-0.0030000000000001,0.3385069215539632,3,dry,
NOR,PIA,McLaren,2024,Chinese Grand Prix,Qualifying,qualifying,0.1079999999999898,0.0472355687798812,3,dry,
PER,VER,Red Bull Racing,2024,Chinese Grand Prix,Qualifying,qualifying,-0.4074999999999988,0.1783378744327932,4,dry,
HUL,MAG,Haas F1 Team,2024,Chinese Grand Prix,Qualifying,qualifying,,,0,,insufficient_matched_pairs
BOT,ZHO,Kick Sauber,2024,Chinese Grand Prix,Qualifying,qualifying,,,0,,insufficient_matched_pairs
HAM,RUS,Mercedes,2024,Chinese Grand Prix,Qualifying,qualifying,,,0,,insufficient_matched_pairs
RIC,TSU,RB,2024,Chinese Grand Prix,Qualifying,qualifying,,,0,,insufficient_matched_pairs
ALB,SAR,Williams,2024,Chinese Grand Prix,Qualifying,qualifying,,,0,,insufficient_matched_pairs
ALB,SAR,Williams,2024,Miami Grand Prix,Race,race,0.0439999999999969,0.0956565054297457,15,dry,
ALO,STR,Aston Martin,2024,Miami Grand Prix,Race,race,-0.3860000000000028,0.1349473963347499,28,dry,
BOT,ZHO,Kick Sauber,2024,Miami Grand Prix,Race,race,1.2224999999999966,0.1079215149130665,26,dry,
GAS,OCO,Alpine,2024,Miami Grand Prix,Race,race,-0.2289999999999992,0.1364393615874487,22,dry,
HAM,RUS,Mercedes,2024,Miami Grand Prix,Race,race,-0.8119999999999976,1.1085412169846245,25,dry,
HUL,MAG,Haas F1 Team,2024,Miami Grand Prix,Race,race,-0.0665000000000048,0.1852591712393162,30,dry,
LEC,SAI,Ferrari,2024,Miami Grand Prix,Race,race,-0.0545000000000044,0.073199872534651,30,dry,
NOR,PIA,McLaren,2024,Miami Grand Prix,Race,race,0.0679999999999978,0.1892789782717973,29,dry,
PER,VER,Red Bull Racing,2024,Miami Grand Prix,Race,race,-0.2009999999999934,0.5367802462906096,19,dry,
RIC,TSU,RB,2024,Miami Grand Prix,Race,race,-1.393500000000003,0.9756701402659648,32,dry,
ALO,STR,Aston Martin,2024,Miami Grand Prix,Qualifying,qualifying,-0.2050000000000125,0.1923021167202646,5,dry,
GAS,OCO,Alpine,2024,Miami Grand Prix,Qualifying,qualifying,-0.1430000000000006,0.1369064867166823,5,dry,
HAM,RUS,Mercedes,2024,Miami Grand Prix,Qualifying,qualifying,-0.0694999999999979,0.2263401760028987,4,dry,
HUL,MAG,Haas F1 Team,2024,Miami Grand Prix,Qualifying,qualifying,0.0700000000000073,0.3629656408759069,3,dry,
LEC,SAI,Ferrari,2024,Miami Grand Prix,Qualifying,qualifying,0.2404999999999972,0.151781887869522,4,dry,
NOR,PIA,McLaren,2024,Miami Grand Prix,Qualifying,qualifying,-0.019999999999996,0.056684443987658,4,dry,
PER,VER,Red Bull Racing,2024,Miami Grand Prix,Qualifying,qualifying,-0.2700000000000031,0.1039545576396476,4,dry,
RIC,TSU,RB,2024,Miami Grand Prix,Qualifying,qualifying,-0.0910000000000081,0.2167194302836335,3,dry,
BOT,ZHO,Kick Sauber,2024,Miami Grand Prix,Qualifying,qualifying,,,0,,insufficient_matched_pairs
ALB,SAR,Williams,2024,Miami Grand Prix,Qualifying,qualifying,,,0,,insufficient_matched_pairs
ALB,SAR,Williams,2024,Emilia Romagna Grand Prix,Race,race,0.142000000000003,0.4068189741118877,18,dry,
ALO,STR,Aston Martin,2024,Emilia Romagna Grand Prix,Race,race,-0.8885000000000076,0.5041694496346902,34,dry,
BOT,ZHO,Kick Sauber,2024,Emilia Romagna Grand Prix,Race,race,0.4139999999999944,0.0735205952705016,34,dry,
GAS,OCO,Alpine,2024,Emilia Romagna Grand Prix,Race,race,0.6570000000000107,0.1303744312483226,37,dry,
HAM,RUS,Mercedes,2024,Emilia Romagna Grand Prix,Race,race,0.0784999999999911,0.0357497044899834,40,dry,
HUL,MAG,Haas F1 Team,2024,Emilia Romagna Grand Prix,Race,race,-0.7790000000000035,0.2684409127231208,30,dry,
LEC,SAI,Ferrari,2024,Emilia Romagna Grand Prix,Race,race,0.1745000000000018,0.0318746277137761,46,dry,
NOR,PIA,McLaren,2024,Emilia Romagna Grand Prix,Race,race,0.1760000000000019,0.044526372959054,52,dry,
PER,VER,Red Bull Racing,2024,Emilia Romagna Grand Prix,Race,race,-1.2600000000000051,0.2669755729918481,48,dry,
RIC,TSU,RB,2024,Emilia Romagna Grand Prix,Race,race,-0.1570000000000035,0.0782025699814389,42,dry,
GAS,OCO,Alpine,2024,Emilia Romagna Grand Prix,Qualifying,qualifying,-0.3769999999999953,0.3021493987801134,3,dry,
HAM,RUS,Mercedes,2024,Emilia Romagna Grand Prix,Qualifying,qualifying,-0.1380000000000052,0.1452096611961674,4,dry,
LEC,SAI,Ferrari,2024,Emilia Romagna Grand Prix,Qualifying,qualifying,0.3149999999999977,0.1014136785902396,4,dry,
NOR,PIA,McLaren,2024,Emilia Romagna Grand Prix,Qualifying,qualifying,-0.0170000000000101,0.1067181825627212,3,dry,
PER,VER,Red Bull Racing,2024,Emilia Romagna Grand Prix,Qualifying,qualifying,-0.4669999999999987,0.0503941625152754,3,dry,
RIC,TSU,RB,2024,Emilia Romagna Grand Prix,Qualifying,qualifying,-0.2090000000000031,0.2746306749210761,3,dry,
ALO,STR,Aston Martin,2024,Emilia Romagna Grand Prix,Qualifying,qualifying,,,0,,insufficient_matched_pairs
HUL,MAG,Haas F1 Team,2024,Emilia Romagna Grand Prix,Qualifying,qualifying,,,0,,insufficient_matched_pairs
BOT,ZHO,Kick Sauber,2024,Emilia Romagna Grand Prix,Qualifying,qualifying,,,0,,insufficient_matched_pairs
ALB,SAR,Williams,2024,Emilia Romagna Grand Prix,Qualifying,qualifying,,,0,,insufficient_matched_pairs
ALB,SAR,Williams,2024,Monaco Grand Prix,Race,race,0.6280000000000001,0.1047990812862328,45,dry,
ALO,STR,Aston Martin,2024,Monaco Grand Prix,Race,race,-0.2690000000000054,0.1698212791933509,35,dry,
BOT,ZHO,Kick Sauber,2024,Monaco Grand Prix,Race,race,0.762999999999991,0.2316377730291286,51,dry,
HAM,RUS,Mercedes,2024,Monaco Grand Prix,Race,race,0.1105000000000018,0.0850315709710914,44,dry,
LEC,SAI,Ferrari,2024,Monaco Grand Prix,Race,race,0.019999999999996,0.144106802179614,67,dry,
NOR,PIA,McLaren,2024,Monaco Grand Prix,Race,race,0.0120000000000004,0.0579138496214678,67,dry,
RIC,TSU,RB,2024,Monaco Grand Prix,Race,race,-0.4505000000000052,0.161816601832533,66,dry,
GAS,OCO,Alpine,2024,Monaco Grand Prix,Race,race,,,0,,missing_lap_time_data
HUL,MAG,Haas F1 Team,2024,Monaco Grand Prix,Race,race,,,0,,missing_lap_time_data
PER,VER,Red Bull Racing,2024,Monaco Grand Prix,Race,race,,,0,,missing_lap_time_data
ALB,SAR,Williams,2024,Monaco Grand Prix,Qualifying,qualifying,-0.0184999999999959,0.1647896968925915,4,dry,
ALO,STR,Aston Martin,2024,Monaco Grand Prix,Qualifying,qualifying,-0.061000000000007,0.0866258172152485,3,dry,
BOT,ZHO,Kick Sauber,2024,Monaco Grand Prix,Qualifying,qualifying,0.5110000000000028,0.1678389458252621,4,dry,
GAS,OCO,Alpine,2024,Monaco Grand Prix,Qualifying,qualifying,-0.3014999999999972,0.4999379452080129,6,dry,
HAM,RUS,Mercedes,2024,Monaco Grand Prix,Qualifying,qualifying,-0.0674999999999883,0.0443248320751302,4,dry,
HUL,MAG,Haas F1 Team,2024,Monaco Grand Prix,Qualifying,qualifying,-0.1140000000000043,0.1750073197124998,5,dry,
LEC,SAI,Ferrari,2024,Monaco Grand Prix,Qualifying,qualifying,0.2480000000000046,0.2085605682520738,5,dry,
NOR,PIA,McLaren,2024,Monaco Grand Prix,Qualifying,qualifying,-0.306999999999995,0.19681428128395,4,dry,
PER,VER,Red Bull Racing,2024,Monaco Grand Prix,Qualifying,qualifying,-0.7279999999999944,0.3654068853632449,5,dry,
RIC,TSU,RB,2024,Monaco Grand Prix,Qualifying,qualifying,-0.380999999999986,0.2413344142129018,3,dry,
ALB,SAR,Williams,2024,Canadian Grand Prix,Race,race,0.5829999999999984,0.4418131190672453,14,dry,
ALB,SAR,Williams,2024,Canadian Grand Prix,Race,race,,,2,wet,insufficient_matched_pairs
ALO,STR,Aston Martin,2024,Canadian Grand Prix,Race,race,0.5649999999999977,0.1290884371258701,33,dry,
ALO,STR,Aston Martin,2024,Canadian Grand Prix,Race,race,,,6,wet,insufficient_matched_pairs
BOT,ZHO,Kick Sauber,2024,Canadian Grand Prix,Race,race,0.207499999999996,0.3054807559507754,18,dry,
BOT,ZHO,Kick Sauber,2024,Canadian Grand Prix,Race,race,,,2,wet,insufficient_matched_pairs
GAS,OCO,Alpine,2024,Canadian Grand Prix,Race,race,0.1109999999999971,0.2062094780619771,14,dry,
GAS,OCO,Alpine,2024,Canadian Grand Prix,Race,race,,,3,wet,insufficient_matched_pairs
HAM,RUS,Mercedes,2024,Canadian Grand Prix,Race,race,0.4675000000000011,0.2325025829858563,24,dry,
HAM,RUS,Mercedes,2024,Canadian Grand Prix,Race,race,,,6,wet,insufficient_matched_pairs
HUL,MAG,Haas F1 Team,2024,Canadian Grand Prix,Race,race,1.3829999999999956,0.2854626920431959,13,dry,
HUL,MAG,Haas F1 Team,2024,Canadian Grand Prix,Race,race,,,6,wet,insufficient_matched_pairs
LEC,SAI,Ferrari,2024,Canadian Grand Prix,Race,race,-0.0259999999999962,0.2249024746909697,14,dry,
LEC,SAI,Ferrari,2024,Canadian Grand Prix,Race,race,,,4,wet,insufficient_matched_pairs
NOR,PIA,McLaren,2024,Canadian Grand Prix,Race,race,0.3919999999999959,0.1885510819632421,25,dry,
NOR,PIA,McLaren,2024,Canadian Grand Prix,Race,race,,,5,wet,insufficient_matched_pairs
PER,VER,Red Bull Racing,2024,Canadian Grand Prix,Race,race,-1.6515000000000055,0.2256272668884757,20,dry,
PER,VER,Red Bull Racing,2024,Canadian Grand Prix,Race,race,,,5,wet,insufficient_matched_pairs
RIC,TSU,RB,2024,Canadian Grand Prix,Race,race,0.4959999999999951,0.2359055603592446,23,dry,
RIC,TSU,RB,2024,Canadian Grand Prix,Race,race,,,3,wet,insufficient_matched_pairs
ALB,SAR,Williams,2024,Canadian Grand Prix,Qualifying,qualifying,0.2510000000000048,0.1929711042178717,3,dry,
ALO,STR,Aston Martin,2024,Canadian Grand Prix,Qualifying,qualifying,0.3729999999999904,0.1593699670150723,3,dry,
HAM,RUS,Mercedes,2024,Canadian Grand Prix,Qualifying,qualifying,-0.2560000000000002,0.0792850693776968,4,dry,
HUL,MAG,Haas F1 Team,2024,Canadian Grand Prix,Qualifying,qualifying,-0.5420000000000016,0.0986382923042991,3,dry,
LEC,SAI,Ferrari,2024,Canadian Grand Prix,Qualifying,qualifying,0.0369999999999919,0.1200472882968565,3,dry,
LEC,SAI,Ferrari,2024,Canadian Grand Prix,Qualifying,qualifying,,,1,wet,insufficient_matched_pairs
NOR,PIA,McLaren,2024,Canadian Grand Prix,Qualifying,qualifying,-0.4435000000000073,0.3297702729487187,4,dry,
NOR,PIA,McLaren,2024,Canadian Grand Prix,Qualifying,qualifying,,,1,wet,insufficient_matched_pairs
RIC,TSU,RB,2024,Canadian Grand Prix,Qualifying,qualifying,-0.1155000000000043,0.1673717372144074,4,dry,
GAS,OCO,Alpine,2024,Canadian Grand Prix,Qualifying,qualifying,,,0,,insufficient_matched_pairs
BOT,ZHO,Kick Sauber,2024,Canadian Grand Prix,Qualifying,qualifying,,,0,,insufficient_matched_pairs
PER,VER,Red Bull Racing,2024,Canadian Grand Prix,Qualifying,qualifying,,,0,,insufficient_matched_pairs
ALB,SAR,Williams,2024,Spanish Grand Prix,Race,race,0.3410000000000082,0.4334738434415049,21,dry,
ALO,STR,Aston Martin,2024,Spanish Grand Prix,Race,race,0.1799999999999926,0.1024399323688939,41,dry,
ALO,STR,Aston Martin,2024,Spanish Grand Prix,Race,race,,,1,wet,insufficient_matched_pairs
BOT,ZHO,Kick Sauber,2024,Spanish Grand Prix,Race,race,-1.3429999999999964,0.1504507661430559,18,dry,
BOT,ZHO,Kick Sauber,2024,Spanish Grand Prix,Race,race,,,1,wet,insufficient_matched_pairs
GAS,OCO,Alpine,2024,Spanish Grand Prix,Race,race,0.1389999999999958,0.0603009034588869,55,dry,
GAS,OCO,Alpine,2024,Spanish Grand Prix,Race,race,,,1,wet,insufficient_matched_pairs
HAM,RUS,Mercedes,2024,Spanish Grand Prix,Race,race,-0.0554999999999878,0.0627031516351031,28,dry,
HAM,RUS,Mercedes,2024,Spanish Grand Prix,Race,race,,,1,wet,insufficient_matched_pairs
HUL,MAG,Haas F1 Team,2024,Spanish Grand Prix,Race,race,0.7730000000000103,0.1543018895286501,41,dry,
HUL,MAG,Haas F1 Team,2024,Spanish Grand Prix,Race,race,,,1,wet,insufficient_matched_pairs
LEC,SAI,Ferrari,2024,Spanish Grand Prix,Race,race,0.1610000000000013,0.1319833650110471,27,dry,
LEC,SAI,Ferrari,2024,Spanish Grand Prix,Race,race,,,1,wet,insufficient_matched_pairs
NOR,PIA,McLaren,2024,Spanish Grand Prix,Race,race,0.2705000000000055,0.0900866918906756,52,dry,
NOR,PIA,McLaren,2024,Spanish Grand Prix,Race,race,,,1,wet,insufficient_matched_pairs
PER,VER,Red Bull Racing,2024,Spanish Grand Prix,Race,race,-0.4389999999999929,0.2931696736935339,43,dry,
PER,VER,Red Bull Racing,2024,Spanish Grand Prix,Race,race,,,1,wet,insufficient_matched_pairs
RIC,TSU,RB,2024,Spanish Grand Prix,Race,race,0.2129999999999938,0.2203117540326987,35,dry,
RIC,TSU,RB,2024,Spanish Grand Prix,Race,race,,,1,wet,insufficient_matched_pairs
ALO,STR,Aston Martin,2024,Spanish Grand Prix,Qualifying,qualifying,0.8029999999999973,0.2039428786615406,4,dry,
BOT,ZHO,Kick Sauber,2024,Spanish Grand Prix,Qualifying,qualifying,0.920500000000004,0.2545975487108216,4,dry,
GAS,OCO,Alpine,2024,Spanish Grand Prix,Qualifying,qualifying,0.1920000000000072,0.0721006937972605,3,dry,
HAM,RUS,Mercedes,2024,Spanish Grand Prix,Qualifying,qualifying,0.0110000000000027,0.157039623262009,4,dry,
LEC,SAI,Ferrari,2024,Spanish Grand Prix,Qualifying,qualifying,-0.0339999999999918,0.112946485153406,3,dry,
NOR,PIA,McLaren,2024,Spanish Grand Prix,Qualifying,qualifying,0.6540000000000106,0.2406028556150812,3,dry,
PER,VER,Red Bull Racing,2024,Spanish Grand Prix,Qualifying,qualifying,-0.784000000000006,0.293853860971078,3,dry,
RIC,TSU,RB,2024,Spanish Grand Prix,Qualifying,qualifying,0.1299999999999954,0.1330480204691204,3,dry,
HUL,MAG,Haas F1 Team,2024,Spanish Grand Prix,Qualifying,qualifying,,,0,,insufficient_matched_pairs
ALB,SAR,Williams,2024,Spanish Grand Prix,Qualifying,qualifying,,,0,,insufficient_matched_pairs
ALB,SAR,Williams,2024,Austrian Grand Prix,Race,race,0.2710000000000008,0.0874323446207735,31,dry,
ALO,STR,Aston Martin,2024,Austrian Grand Prix,Race,race,-0.0764999999999958,0.0730888205777284,44,dry,
BOT,ZHO,Kick Sauber,2024,Austrian Grand Prix,Race,race,0.4159999999999968,0.1755634804149336,46,dry,
GAS,OCO,Alpine,2024,Austrian Grand Prix,Race,race,0.0140000000000028,0.0398276019096548,52,dry,
HAM,RUS,Mercedes,2024,Austrian Grand Prix,Race,race,-0.2789999999999963,0.0620814531952224,48,dry,
HUL,MAG,Haas F1 Team,2024,Austrian Grand Prix,Race,race,0.1190000000000139,0.0641161675940397,53,dry,
LEC,SAI,Ferrari,2024,Austrian Grand Prix,Race,race,-0.508499999999998,0.058949974007081,42,dry,
NOR,PIA,McLaren,2024,Austrian Grand Prix,Race,race,0.340999999999994,0.059126004096002,49,dry,
PER,VER,Red Bull Racing,2024,Austrian Grand Prix,Race,race,-0.9634999999999962,0.0504044041722549,48,dry,
RIC,TSU,RB,2024,Austrian Grand Prix,Race,race,0.0065000000000026,0.0338330044474317,46,dry,
ALB,SAR,Williams,2024,Austrian Grand Prix,Qualifying,qualifying,0.2830000000000012,0.0751655899325677,3,dry,
ALO,STR,Aston Martin,2024,Austrian Grand Prix,Qualifying,qualifying,0.1629999999999967,0.028432635012142,3,dry,
BOT,ZHO,Kick Sauber,2024,Austrian Grand Prix,Qualifying,qualifying,0.1670000000000016,0.1204610429261807,3,dry,
GAS,OCO,Alpine,2024,Austrian Grand Prix,Qualifying,qualifying,-0.0609999999999928,0.02,3,dry,
HAM,RUS,Mercedes,2024,Austrian Grand Prix,Qualifying,qualifying,-0.1110000000000042,0.0443720988703304,4,dry,
HUL,MAG,Haas F1 Team,2024,Austrian Grand Prix,Qualifying,qualifying,-0.088000000000008,0.0805749346639262,5,dry,
LEC,SAI,Ferrari,2024,Austrian Grand Prix,Qualifying,qualifying,0.1910000000000025,0.127334646723726,3,dry,
NOR,PIA,McLaren,2024,Austrian Grand Prix,Qualifying,qualifying,0.0679999999999978,0.107609993912227,3,dry,
PER,VER,Red Bull Racing,2024,Austrian Grand Prix,Qualifying,qualifying,-0.7815000000000083,0.1253852931147806,4,dry,
RIC,TSU,RB,2024,Austrian Grand Prix,Qualifying,qualifying,0.0429999999999921,0.0944388365708329,5,dry,
ALB,SAR,Williams,2024,British Grand Prix,Race,race,0.0775000000000005,0.0780336674840493,16,dry,
ALB,SAR,Williams,2024,British Grand Prix,Race,race,0.5215000000000032,0.2211697040322922,16,wet,
ALO,STR,Aston Martin,2024,British Grand Prix,Race,race,-0.0305000000000106,0.1047607359022783,22,dry,
ALO,STR,Aston Martin,2024,British Grand Prix,Race,race,0.2764999999999986,0.1559600495513383,14,wet,
BOT,ZHO,Kick Sauber,2024,British Grand Prix,Race,race,0.5139999999999958,0.9015001782286814,11,dry,
BOT,ZHO,Kick Sauber,2024,British Grand Prix,Race,race,2.5220000000000056,1.7120283437562684,8,wet,
HAM,RUS,Mercedes,2024,British Grand Prix,Race,race,-0.0205000000000055,0.0451095651344216,16,dry,
HAM,RUS,Mercedes,2024,British Grand Prix,Race,race,0.3640000000000043,0.1313682858894694,9,wet,
HUL,MAG,Haas F1 Team,2024,British Grand Prix,Race,race,0.4019999999999868,0.1287682659093665,23,dry,
HUL,MAG,Haas F1 Team,2024,British Grand Prix,Race,race,0.666000000000011,0.4054440750559789,13,wet,
LEC,SAI,Ferrari,2024,British Grand Prix,Race,race,-0.2900000000000062,0.1453248345553464,15,dry,
LEC,SAI,Ferrari,2024,British Grand Prix,Race,race,-1.346499999999999,1.0918810197677602,8,wet,
NOR,PIA,McLaren,2024,British Grand Prix,Race,race,0.0655000000000001,0.074950268036069,16,dry,
NOR,PIA,McLaren,2024,British Grand Prix,Race,race,0.2284999999999968,0.2092581508034464,14,wet,
PER,VER,Red Bull Racing,2024,British Grand Prix,Race,race,-3.006,1.0432892461763386,13,dry,
PER,VER,Red Bull Racing,2024,British Grand Prix,Race,race,,,7,wet,insufficient_matched_pairs
RIC,TSU,RB,2024,British Grand Prix,Race,race,-0.2020000000000124,0.1689452495969066,23,dry,
RIC,TSU,RB,2024,British Grand Prix,Race,race,-0.4099999999999966,0.3679708878842589,13,wet,
GAS,OCO,Alpine,2024,British Grand Prix,Race,race,,,0,,missing_lap_time_data
ALB,SAR,Williams,2024,British Grand Prix,Qualifying,qualifying,0.409000000000006,0.4803425527089401,3,dry,
ALO,STR,Aston Martin,2024,British Grand Prix,Qualifying,qualifying,0.2424999999999997,0.1379043993754981,4,dry,
HAM,RUS,Mercedes,2024,British Grand Prix,Qualifying,qualifying,-0.0039999999999906,0.4175158035454557,5,dry,
LEC,SAI,Ferrari,2024,British Grand Prix,Qualifying,qualifying,-0.5180000000000007,0.2878748380692416,3,dry,
NOR,PIA,McLaren,2024,British Grand Prix,Qualifying,qualifying,0.2069999999999936,0.0806179859563589,3,dry,
RIC,TSU,RB,2024,British Grand Prix,Qualifying,qualifying,-0.2550000000000096,0.2030026346372571,3,dry,
GAS,OCO,Alpine,2024,British Grand Prix,Qualifying,qualifying,,,0,,insufficient_matched_pairs
HUL,MAG,Haas F1 Team,2024,British Grand Prix,Qualifying,qualifying,,,0,,insufficient_matched_pairs
BOT,ZHO,Kick Sauber,2024,British Grand Prix,Qualifying,qualifying,,,0,,insufficient_matched_pairs
PER,VER,Red Bull Racing,2024,British Grand Prix,Qualifying,qualifying,,,0,,insufficient_matched_pairs
ALB,SAR,Williams,2024,Hungarian Grand Prix,Race,race,0.0594999999999998,0.0815889547214117,48,dry,
ALO,STR,Aston Martin,2024,Hungarian Grand Prix,Race,race,-0.1429999999999864,0.1448774793921943,43,dry,
BOT,ZHO,Kick Sauber,2024,Hungarian Grand Prix,Race,race,0.2904999999999944,0.1678718575828562,42,dry,
GAS,OCO,Alpine,2024,Hungarian Grand Prix,Race,race,-0.1515000000000057,0.1976902600380542,22,dry,
HAM,RUS,Mercedes,2024,Hungarian Grand Prix,Race,race,0.5049999999999955,0.5602890495182024,49,dry,
HUL,MAG,Haas F1 Team,2024,Hungarian Grand Prix,Race,race,0.1394999999999981,0.0860346809276504,48,dry,
LEC,SAI,Ferrari,2024,Hungarian Grand Prix,Race,race,0.0255000000000009,0.0747927382668111,48,dry,
NOR,PIA,McLaren,2024,Hungarian Grand Prix,Race,race,-0.0705000000000026,0.0424257269390439,56,dry,
PER,VER,Red Bull Racing,2024,Hungarian Grand Prix,Race,race,0.316999999999993,0.5381260836513208,47,dry,
RIC,TSU,RB,2024,Hungarian Grand Prix,Race,race,-0.76250000000001,0.2157583859438716,36,dry,
ALB,SAR,Williams,2024,Hungarian Grand Prix,Qualifying,qualifying,,,1,dry,insufficient_matched_pairs
ALB,SAR,Williams,2024,Hungarian Grand Prix,Qualifying,qualifying,-0.6080000000000041,1.6017739877582138,3,wet,
ALO,STR,Aston Martin,2024,Hungarian Grand Prix,Qualifying,qualifying,0.257000000000005,0.2224988804371711,3,wet,
BOT,ZHO,Kick Sauber,2024,Hungarian Grand Prix,Qualifying,qualifying,0.6450000000000102,0.9047267854177012,3,wet,
HUL,MAG,Haas F1 Team,2024,Hungarian Grand Prix,Qualifying,qualifying,-0.4969999999999999,0.4468073301841727,5,wet,
LEC,SAI,Ferrari,2024,Hungarian Grand Prix,Qualifying,qualifying,,,1,dry,insufficient_matched_pairs
LEC,SAI,Ferrari,2024,Hungarian Grand Prix,Qualifying,qualifying,0.355000000000004,0.8677526658951639,3,wet,
NOR,PIA,McLaren,2024,Hungarian Grand Prix,Qualifying,qualifying,,,1,dry,insufficient_matched_pairs
NOR,PIA,McLaren,2024,Hungarian Grand Prix,Qualifying,qualifying,-0.2824999999999988,0.0881261150391992,4,wet,
RIC,TSU,RB,2024,Hungarian Grand Prix,Qualifying,qualifying,,,1,dry,insufficient_matched_pairs
RIC,TSU,RB,2024,Hungarian Grand Prix,Qualifying,qualifying,-0.2669999999999959,0.3535147474316351,3,wet,
GAS,OCO,Alpine,2024,Hungarian Grand Prix,Qualifying,qualifying,,,0,,insufficient_matched_pairs
HAM,RUS,Mercedes,2024,Hungarian Grand Prix,Qualifying,qualifying,,,0,,insufficient_matched_pairs
PER,VER,Red Bull Racing,2024,Hungarian Grand Prix,Qualifying,qualifying,,,0,,insufficient_matched_pairs
ALB,SAR,Williams,2024,Belgian Grand Prix,Race,race,0.2175000000000011,0.101469106822666,32,dry,
ALO,STR,Aston Martin,2024,Belgian Grand Prix,Race,race,0.4269999999999925,0.1131296009787796,32,dry,
GAS,OCO,Alpine,2024,Belgian Grand Prix,Race,race,-0.439,0.155507015184272,30,dry,
HAM,RUS,Mercedes,2024,Belgian Grand Prix,Race,race,0.4590000000000032,0.074999268890331,18,dry,
HUL,MAG,Haas F1 Team,2024,Belgian Grand Prix,Race,race,0.3354999999999961,0.6663402613617607,16,dry,
LEC,SAI,Ferrari,2024,Belgian Grand Prix,Race,race,1.0730000000000075,0.6104400168027293,29,dry,
NOR,PIA,McLaren,2024,Belgian Grand Prix,Race,race,-0.0560000000000044,0.1006560792701756,30,dry,
PER,VER,Red Bull Racing,2024,Belgian Grand Prix,Race,race,0.1580000000000012,0.2540956057389724,25,dry,
RIC,TSU,RB,2024,Belgian Grand Prix,Race,race,1.1330000000000098,0.1350943062144783,23,dry,
BOT,ZHO,Kick Sauber,2024,Belgian Grand Prix,Race,race,,,0,,insufficient_matched_pairs
ALB,SAR,Williams,2024,Belgian Grand Prix,Qualifying,qualifying,1.0859999999999983,0.4609153338618573,3,dry,
ALO,STR,Aston Martin,2024,Belgian Grand Prix,Qualifying,qualifying,0.7550000000000026,0.3076808895492115,4,dry,
ALO,STR,Aston Martin,2024,Belgian Grand Prix,Qualifying,qualifying,,,2,wet,insufficient_matched_pairs
BOT,ZHO,Kick Sauber,2024,Belgian Grand Prix,Qualifying,qualifying,1.63900000000001,0.2782097422101864,3,dry,
GAS,OCO,Alpine,2024,Belgian Grand Prix,Qualifying,qualifying,,,1,dry,insufficient_matched_pairs
GAS,OCO,Alpine,2024,Belgian Grand Prix,Qualifying,qualifying,,,2,wet,insufficient_matched_pairs
HAM,RUS,Mercedes,2024,Belgian Grand Prix,Qualifying,qualifying,0.144999999999996,0.1001821213662484,4,wet,
HUL,MAG,Haas F1 Team,2024,Belgian Grand Prix,Qualifying,qualifying,0.7449999999999903,0.4200065409841477,3,dry,
LEC,SAI,Ferrari,2024,Belgian Grand Prix,Qualifying,qualifying,0.009999999999998,0.2163647949632745,4,wet,
NOR,PIA,McLaren,2024,Belgian Grand Prix,Qualifying,qualifying,0.1610000000000013,0.2180169752117508,3,wet,
PER,VER,Red Bull Racing,2024,Belgian Grand Prix,Qualifying,qualifying,,,2,dry,insufficient_matched_pairs
PER,VER,Red Bull Racing,2024,Belgian Grand Prix,Qualifying,qualifying,,,2,wet,insufficient_matched_pairs
RIC,TSU,RB,2024,Belgian Grand Prix,Qualifying,qualifying,0.4480000000000075,0.3916114031052274,3,dry,
ALB,SAR,Williams,2024,Dutch Grand Prix,Race,race,0.2669999999999959,0.0972944468784995,45,dry,
ALO,STR,Aston Martin,2024,Dutch Grand Prix,Race,race,0.1454999999999984,0.041308597167537,54,dry,
BOT,ZHO,Kick Sauber,2024,Dutch Grand Prix,Race,race,0.332499999999996,0.2108628366489237,42,dry,
GAS,OCO,Alpine,2024,Dutch Grand Prix,Race,race,0.5735000000000028,0.0825036855730288,52,dry,
HAM,RUS,Mercedes,2024,Dutch Grand Prix,Race,race,-0.1469999999999913,0.5339620368835527,33,dry,
HUL,MAG,Haas F1 Team,2024,Dutch Grand Prix,Race,race,0.8279999999999959,0.1174277393451721,44,dry,
LEC,SAI,Ferrari,2024,Dutch Grand Prix,Race,race,-0.0504999999999924,0.0475739149653995,52,dry,
NOR,PIA,McLaren,2024,Dutch Grand Prix,Race,race,0.2629999999999981,0.0404326052006712,60,dry,
PER,VER,Red Bull Racing,2024,Dutch Grand Prix,Race,race,-0.0629999999999952,0.0578990833399065,56,dry,
RIC,TSU,RB,2024,Dutch Grand Prix,Race,race,0.2834999999999894,0.2356893776275815,40,dry,
ALO,STR,Aston Martin,2024,Dutch Grand Prix,Qualifying,qualifying,-0.0450000000000017,0.1494471076903038,3,dry,
BOT,ZHO,Kick Sauber,2024,Dutch Grand Prix,Qualifying,qualifying,1.092999999999989,0.1141360363504632,3,dry,
HAM,RUS,Mercedes,2024,Dutch Grand Prix,Qualifying,qualifying,0.2319999999999993,0.41126209894059,3,dry,
HUL,MAG,Haas F1 Team,2024,Dutch Grand Prix,Qualifying,qualifying,-0.3010000000000019,0.2191978520751377,5,dry,
LEC,SAI,Ferrari,2024,Dutch Grand Prix,Qualifying,qualifying,0.1699999999999875,0.0314578320167726,3,dry,
NOR,PIA,McLaren,2024,Dutch Grand Prix,Qualifying,qualifying,0.1189999999999997,0.1883122404409737,3,dry,
PER,VER,Red Bull Racing,2024,Dutch Grand Prix,Qualifying,qualifying,-0.2889999999999872,0.1415282771329736,3,dry,
RIC,TSU,RB,2024,Dutch Grand Prix,Qualifying,qualifying,-0.0300000000000011,0.1477566488903,3,dry,
GAS,OCO,Alpine,2024,Dutch Grand Prix,Qualifying,qualifying,,,0,,insufficient_matched_pairs
ALB,SAR,Williams,2024,Dutch Grand Prix,Qualifying,qualifying,,,0,,missing_lap_time_data
ALB,COL,Williams,2024,Italian Grand Prix,Race,race,0.2270000000000038,0.077562829038453,42,dry,
ALO,STR,Aston Martin,2024,Italian Grand Prix,Race,race,0.9579999999999984,0.156466047432018,35,dry,
BOT,ZHO,Kick Sauber,2024,Italian Grand Prix,Race,race,-0.5089999999999932,0.1505214244226055,34,dry,
GAS,OCO,Alpine,2024,Italian Grand Prix,Race,race,0.4179999999999992,0.3133751018319701,26,dry,
HAM,RUS,Mercedes,2024,Italian Grand Prix,Race,race,0.4920000000000044,0.1966454144367944,33,dry,
HUL,MAG,Haas F1 Team,2024,Italian Grand Prix,Race,race,-0.7610000000000028,0.1811616615805533,24,dry,
LEC,SAI,Ferrari,2024,Italian Grand Prix,Race,race,0.1500000000000056,0.0420160003812616,38,dry,
NOR,PIA,McLaren,2024,Italian Grand Prix,Race,race,-0.1299999999999954,0.0469530471469776,38,dry,
PER,VER,Red Bull Racing,2024,Italian Grand Prix,Race,race,-0.1690000000000111,0.0749122950235513,34,dry,
RIC,TSU,RB,2024,Italian Grand Prix,Race,race,,,0,,insufficient_matched_pairs
GAS,OCO,Alpine,2024,Italian Grand Prix,Qualifying,qualifying,-0.1135000000000019,0.1810242546968155,4,dry,
HAM,RUS,Mercedes,2024,Italian Grand Prix,Qualifying,qualifying,0.0429999999999992,0.087233346036136,4,dry,
HUL,MAG,Haas F1 Team,2024,Italian Grand Prix,Qualifying,qualifying,0.2639999999999958,0.1621275885065738,3,dry,
LEC,SAI,Ferrari,2024,Italian Grand Prix,Qualifying,qualifying,0.0015,0.0616863700991224,4,dry,
NOR,PIA,McLaren,2024,Italian Grand Prix,Qualifying,qualifying,0.081000000000003,0.1183659394911866,3,dry,
PER,VER,Red Bull Racing,2024,Italian Grand Prix,Qualifying,qualifying,-0.5280000000000058,0.2370262208984359,3,dry,
ALO,STR,Aston Martin,2024,Italian Grand Prix,Qualifying,qualifying,,,0,,insufficient_matched_pairs
BOT,ZHO,Kick Sauber,2024,Italian Grand Prix,Qualifying,qualifying,,,0,,insufficient_matched_pairs
RIC,TSU,RB,2024,Italian Grand Prix,Qualifying,qualifying,,,0,,insufficient_matched_pairs
ALB,COL,Williams,2024,Italian Grand Prix,Qualifying,qualifying,,,0,,insufficient_matched_pairs
ALB,COL,Williams,2024,Azerbaijan Grand Prix,Race,race,0.002999999999993,0.139636012381133,28,dry,
ALO,STR,Aston Martin,2024,Azerbaijan Grand Prix,Race,race,0.8104999999999976,0.2916793855725286,20,dry,
BEA,HUL,Haas F1 Team,2024,Azerbaijan Grand Prix,Race,race,-0.170499999999997,0.1300885709047112,32,dry,
BOT,ZHO,Kick Sauber,2024,Azerbaijan Grand Prix,Race,race,1.055499999999995,0.0650592675646298,34,dry,
GAS,OCO,Alpine,2024,Azerbaijan Grand Prix,Race,race,0.5459999999999923,0.1458450669119192,41,dry,
HAM,RUS,Mercedes,2024,Azerbaijan Grand Prix,Race,race,-0.2949999999999875,0.1548596561797562,39,dry,
LEC,SAI,Ferrari,2024,Azerbaijan Grand Prix,Race,race,0.0110000000000098,0.141916788361417,35,dry,
NOR,PIA,McLaren,2024,Azerbaijan Grand Prix,Race,race,-1.1689999999999898,0.2348233833567712,40,dry,
PER,VER,Red Bull Racing,2024,Azerbaijan Grand Prix,Race,race,0.3510000000000062,0.1304662389221765,34,dry,
RIC,TSU,RB,2024,Azerbaijan Grand Prix,Race,race,,,0,,no_compound_overlap
ALB,COL,Williams,2024,Azerbaijan Grand Prix,Qualifying,qualifying,0.0310000000000059,0.2565251537969159,3,dry,
ALO,STR,Aston Martin,2024,Azerbaijan Grand Prix,Qualifying,qualifying,0.2680000000000007,0.3152860267085048,3,dry,
BEA,HUL,Haas F1 Team,2024,Azerbaijan Grand Prix,Qualifying,qualifying,0.2989999999999924,0.3339579703225276,3,dry,
HAM,RUS,Mercedes,2024,Azerbaijan Grand Prix,Qualifying,qualifying,-0.4864999999999995,0.051308982443907,4,dry,
LEC,SAI,Ferrari,2024,Azerbaijan Grand Prix,Qualifying,qualifying,0.3225000000000051,0.1782800266593456,4,dry,
PER,VER,Red Bull Racing,2024,Azerbaijan Grand Prix,Qualifying,qualifying,0.2099999999999937,0.1930246359122818,3,dry,
GAS,OCO,Alpine,2024,Azerbaijan Grand Prix,Qualifying,qualifying,,,0,,insufficient_matched_pairs
BOT,ZHO,Kick Sauber,2024,Azerbaijan Grand Prix,Qualifying,qualifying,,,0,,insufficient_matched_pairs
NOR,PIA,McLaren,2024,Azerbaijan Grand Prix,Qualifying,qualifying,,,0,,insufficient_matched_pairs
RIC,TSU,RB,2024,Azerbaijan Grand Prix,Qualifying,qualifying,,,0,,insufficient_matched_pairs
ALB,COL,Williams,2024,Singapore Grand Prix,Race,race,-0.382000000000005,0.1657671828285149,9,dry,
ALO,STR,Aston Martin,2024,Singapore Grand Prix,Race,race,0.990000000000002,0.5659489413489218,36,dry,
BOT,ZHO,Kick Sauber,2024,Singapore Grand Prix,Race,race,-0.0590000000000117,0.0414788167169259,43,dry,
GAS,OCO,Alpine,2024,Singapore Grand Prix,Race,race,-0.1330000000000026,0.1101762245516513,22,dry,
HAM,RUS,Mercedes,2024,Singapore Grand Prix,Race,race,-0.4529999999999958,0.1135344996845375,28,dry,
HUL,MAG,Haas F1 Team,2024,Singapore Grand Prix,Race,race,1.390500000000003,0.467479307566392,40,dry,
LEC,SAI,Ferrari,2024,Singapore Grand Prix,Race,race,0.914999999999992,0.4669194328926697,27,dry,
NOR,PIA,McLaren,2024,Singapore Grand Prix,Race,race,0.887999999999991,0.0993766572138513,45,dry,
PER,VER,Red Bull Racing,2024,Singapore Grand Prix,Race,race,-1.2579999999999956,0.0490798138150916,49,dry,
RIC,TSU,RB,2024,Singapore Grand Prix,Race,race,0.1985000000000027,0.1890839374097807,32,dry,
ALB,COL,Williams,2024,Singapore Grand Prix,Qualifying,qualifying,0.2844999999999942,0.3357437735464739,4,dry,
BOT,ZHO,Kick Sauber,2024,Singapore Grand Prix,Qualifying,qualifying,0.4819999999999993,0.0678153701193525,3,dry,
GAS,OCO,Alpine,2024,Singapore Grand Prix,Qualifying,qualifying,-0.3539999999999992,0.0579275020650446,3,dry,
HAM,RUS,Mercedes,2024,Singapore Grand Prix,Qualifying,qualifying,0.142000000000003,0.1063755038146087,4,dry,
HUL,MAG,Haas F1 Team,2024,Singapore Grand Prix,Qualifying,qualifying,0.3795000000000073,0.1121824903043322,4,dry,
LEC,SAI,Ferrari,2024,Singapore Grand Prix,Qualifying,qualifying,0.3260000000000005,0.0741741376943663,4,dry,
NOR,PIA,McLaren,2024,Singapore Grand Prix,Qualifying,qualifying,0.2879999999999967,0.067768804289546,4,dry,
PER,VER,Red Bull Racing,2024,Singapore Grand Prix,Qualifying,qualifying,-0.8219999999999956,0.2476923796060606,4,dry,
ALO,STR,Aston Martin,2024,Singapore Grand Prix,Qualifying,qualifying,,,0,,insufficient_matched_pairs
RIC,TSU,RB,2024,Singapore Grand Prix,Qualifying,qualifying,,,0,,insufficient_matched_pairs
ALB,COL,Williams,2024,United States Grand Prix,Race,race,-3.3685000000000045,2.2126193708180217,22,dry,
ALO,STR,Aston Martin,2024,United States Grand Prix,Race,race,1.589500000000008,1.166845997212556,30,dry,
BOT,ZHO,Kick Sauber,2024,United States Grand Prix,Race,race,-0.938999999999993,0.1382398047583251,23,dry,
GAS,OCO,Alpine,2024,United States Grand Prix,Race,race,-0.3909999999999982,0.3952850135698965,22,dry,
HUL,MAG,Haas F1 Team,2024,United States Grand Prix,Race,race,0.7390000000000043,0.2493238849340325,23,dry,
LAW,TSU,RB,2024,United States Grand Prix,Race,race,-0.7534999999999954,0.1610247964222065,36,dry,
LEC,SAI,Ferrari,2024,United States Grand Prix,Race,race,0.3329999999999984,0.0837610213625639,39,dry,
NOR,PIA,McLaren,2024,United States Grand Prix,Race,race,0.0514999999999972,0.0438496651884277,38,dry,
PER,VER,Red Bull Racing,2024,United States Grand Prix,Race,race,-0.6379999999999981,0.1084717662242941,36,dry,
HAM,RUS,Mercedes,2024,United States Grand Prix,Race,race,,,0,,teammate_dnf_no_matched_laps
ALO,STR,Aston Martin,2024,United States Grand Prix,Qualifying,qualifying,-0.0664999999999977,0.2096888242056445,4,dry,
BOT,ZHO,Kick Sauber,2024,United States Grand Prix,Qualifying,qualifying,0.7650000000000006,0.3210628244148224,3,dry,
GAS,OCO,Alpine,2024,United States Grand Prix,Qualifying,qualifying,0.257000000000005,0.3113325809997897,5,dry,
HUL,MAG,Haas F1 Team,2024,United States Grand Prix,Qualifying,qualifying,0.0124999999999957,0.1106675297541761,4,dry,
LEC,SAI,Ferrari,2024,United States Grand Prix,Qualifying,qualifying,-0.1260000000000047,0.2181701549720317,3,dry,
NOR,PIA,McLaren,2024,United States Grand Prix,Qualifying,qualifying,0.2899999999999991,0.1100120237126904,4,dry,
PER,VER,Red Bull Racing,2024,United States Grand Prix,Qualifying,qualifying,-0.4359999999999928,0.2004637863571431,3,dry,
HAM,RUS,Mercedes,2024,United States Grand Prix,Qualifying,qualifying,,,0,,insufficient_matched_pairs
LAW,TSU,RB,2024,United States Grand Prix,Qualifying,qualifying,,,0,,insufficient_matched_pairs
ALB,COL,Williams,2024,United States Grand Prix,Qualifying,qualifying,,,0,,insufficient_matched_pairs
BOT,ZHO,Kick Sauber,2024,Mexico City Grand Prix,Race,race,0.262999999999991,0.0511396249129388,47,dry,
GAS,OCO,Alpine,2024,Mexico City Grand Prix,Race,race,1.2209999999999963,0.2885596962363982,42,dry,
HAM,RUS,Mercedes,2024,Mexico City Grand Prix,Race,race,-0.0364999999999966,0.0631852014274666,50,dry,
HUL,MAG,Haas F1 Team,2024,Mexico City Grand Prix,Race,race,-0.314,0.0638195074372211,52,dry,
LEC,SAI,Ferrari,2024,Mexico City Grand Prix,Race,race,-0.1830000000000069,0.111558637341828,53,dry,
NOR,PIA,McLaren,2024,Mexico City Grand Prix,Race,race,0.2010000000000005,0.144727624665581,44,dry,
PER,VER,Red Bull Racing,2024,Mexico City Grand Prix,Race,race,-1.336500000000008,0.0678101706991651,24,dry,
ALO,STR,Aston Martin,2024,Mexico City Grand Prix,Race,race,,,0,,insufficient_matched_pairs
LAW,TSU,RB,2024,Mexico City Grand Prix,Race,race,,,0,,missing_lap_time_data
ALB,COL,Williams,2024,Mexico City Grand Prix,Race,race,,,0,,missing_lap_time_data
ALO,STR,Aston Martin,2024,Mexico City Grand Prix,Qualifying,qualifying,0.1259999999999905,0.0737843201629036,3,dry,
BOT,ZHO,Kick Sauber,2024,Mexico City Grand Prix,Qualifying,qualifying,0.679000000000002,0.2201463260671876,3,dry,
HAM,RUS,Mercedes,2024,Mexico City Grand Prix,Qualifying,qualifying,-0.1419999999999959,0.1182544604377114,3,dry,
HUL,MAG,Haas F1 Team,2024,Mexico City Grand Prix,Qualifying,qualifying,-0.304000000000002,0.3900713998333726,3,dry,
LAW,TSU,RB,2024,Mexico City Grand Prix,Qualifying,qualifying,-0.1979999999999933,0.0879202123447066,3,dry,
LEC,SAI,Ferrari,2024,Mexico City Grand Prix,Qualifying,qualifying,-0.339500000000001,0.1067325451488141,4,dry,
GAS,OCO,Alpine,2024,Mexico City Grand Prix,Qualifying,qualifying,,,0,,insufficient_matched_pairs
NOR,PIA,McLaren,2024,Mexico City Grand Prix,Qualifying,qualifying,,,0,,insufficient_matched_pairs
PER,VER,Red Bull Racing,2024,Mexico City Grand Prix,Qualifying,qualifying,,,0,,insufficient_matched_pairs
ALB,COL,Williams,2024,Mexico City Grand Prix,Qualifying,qualifying,,,0,,insufficient_matched_pairs
BEA,HUL,Haas F1 Team,2024,São Paulo Grand Prix,Race,race,-0.4189999999999969,0.2579321617617124,19,wet,
BOT,ZHO,Kick Sauber,2024,São Paulo Grand Prix,Race,race,0.4710000000000036,0.0993754195866288,17,dry,
BOT,ZHO,Kick Sauber,2024,São Paulo Grand Prix,Race,race,0.4690000000000012,0.1840597467274286,24,wet,
GAS,OCO,Alpine,2024,São Paulo Grand Prix,Race,race,0.0519999999999996,0.0251382310517354,16,dry,
GAS,OCO,Alpine,2024,São Paulo Grand Prix,Race,race,-0.1075000000000017,0.0983055754060079,28,wet,
HAM,RUS,Mercedes,2024,São Paulo Grand Prix,Race,race,-0.7280000000000086,0.1490427256529826,17,dry,
HAM,RUS,Mercedes,2024,São Paulo Grand Prix,Race,race,-0.6750000000000114,0.2601071810728126,25,wet,
LAW,TSU,RB,2024,São Paulo Grand Prix,Race,race,-0.3920000000000101,0.0680494288643814,17,dry,
LAW,TSU,RB,2024,São Paulo Grand Prix,Race,race,-0.0644999999999953,0.0489547665392983,26,wet,
LEC,SAI,Ferrari,2024,São Paulo Grand Prix,Race,race,0.519999999999996,0.1788493785289747,18,wet,
NOR,PIA,McLaren,2024,São Paulo Grand Prix,Race,race,0.0430000000000063,0.1340880324243743,17,dry,
NOR,PIA,McLaren,2024,São Paulo Grand Prix,Race,race,0.4620000000000033,0.0964556658287646,27,wet,
PER,VER,Red Bull Racing,2024,São Paulo Grand Prix,Race,race,-1.5165000000000006,0.1589970340433543,16,dry,
PER,VER,Red Bull Racing,2024,São Paulo Grand Prix,Race,race,-0.9299999999999996,0.2725281802107972,26,wet,
ALO,STR,Aston Martin,2024,São Paulo Grand Prix,Race,race,,,0,,missing_lap_time_data
ALB,COL,Williams,2024,São Paulo Grand Prix,Race,race,,,0,,missing_lap_time_data
ALO,STR,Aston Martin,2024,São Paulo Grand Prix,Qualifying,qualifying,,,1,dry,insufficient_matched_pairs
ALO,STR,Aston Martin,2024,São Paulo Grand Prix,Qualifying,qualifying,,,2,wet,insufficient_matched_pairs
BEA,HUL,Haas F1 Team,2024,São Paulo Grand Prix,Qualifying,qualifying,-1.194499999999998,1.2145940600128002,4,wet,
BOT,ZHO,Kick Sauber,2024,São Paulo Grand Prix,Qualifying,qualifying,1.7465000000000046,0.9119913525329332,4,wet,
GAS,OCO,Alpine,2024,São Paulo Grand Prix,Qualifying,qualifying,,,1,dry,insufficient_matched_pairs
GAS,OCO,Alpine,2024,São Paulo Grand Prix,Qualifying,qualifying,,,2,wet,insufficient_matched_pairs
LAW,TSU,RB,2024,São Paulo Grand Prix,Qualifying,qualifying,-1.9350000000000025,0.7516379495629723,3,wet,
LEC,SAI,Ferrari,2024,São Paulo Grand Prix,Qualifying,qualifying,,,1,dry,insufficient_matched_pairs
LEC,SAI,Ferrari,2024,São Paulo Grand Prix,Qualifying,qualifying,,,2,wet,insufficient_matched_pairs
NOR,PIA,McLaren,2024,São Paulo Grand Prix,Qualifying,qualifying,0.5280000000000058,0.668435449519377,3,wet,
PER,VER,Red Bull Racing,2024,São Paulo Grand Prix,Qualifying,qualifying,,,1,dry,insufficient_matched_pairs
PER,VER,Red Bull Racing,2024,São Paulo Grand Prix,Qualifying,qualifying,,,2,wet,insufficient_matched_pairs
HAM,RUS,Mercedes,2024,São Paulo Grand Prix,Qualifying,qualifying,,,0,,insufficient_matched_pairs
ALB,COL,Williams,2024,São Paulo Grand Prix,Qualifying,qualifying,,,0,,insufficient_matched_pairs
ALB,COL,Williams,2024,Las Vegas Grand Prix,Race,race,1.0489999999999924,0.6357378638838305,17,dry,
ALO,STR,Aston Martin,2024,Las Vegas Grand Prix,Race,race,-0.2109999999999985,0.1993221422607023,26,dry,
BOT,ZHO,Kick Sauber,2024,Las Vegas Grand Prix,Race,race,-0.1604999999999989,0.340993559222798,26,dry,
HAM,RUS,Mercedes,2024,Las Vegas Grand Prix,Race,race,0.1290000000000049,0.1483752577659662,33,dry,
HUL,MAG,Haas F1 Team,2024,Las Vegas Grand Prix,Race,race,0.3445000000000036,0.5011499082165999,24,dry,
LAW,TSU,RB,2024,Las Vegas Grand Prix,Race,race,-0.4210000000000065,0.2304332516336541,27,dry,
LEC,SAI,Ferrari,2024,Las Vegas Grand Prix,Race,race,0.0459999999999993,0.158202181495643,32,dry,
NOR,PIA,McLaren,2024,Las Vegas Grand Prix,Race,race,0.402000000000001,0.2125465600667217,27,dry,
PER,VER,Red Bull Racing,2024,Las Vegas Grand Prix,Race,race,0.0369999999999919,0.5174297014667432,29,dry,
GAS,OCO,Alpine,2024,Las Vegas Grand Prix,Race,race,,,0,,insufficient_matched_pairs
BOT,ZHO,Kick Sauber,2024,Las Vegas Grand Prix,Qualifying,qualifying,-0.0429999999999921,0.137111636329011,3,dry,
GAS,OCO,Alpine,2024,Las Vegas Grand Prix,Qualifying,qualifying,0.4414999999999978,0.1269708726923705,4,dry,
HAM,RUS,Mercedes,2024,Las Vegas Grand Prix,Qualifying,qualifying,0.064,0.684029765594463,4,dry,
HUL,MAG,Haas F1 Team,2024,Las Vegas Grand Prix,Qualifying,qualifying,0.1829999999999927,0.0650134385045613,3,dry,
LAW,TSU,RB,2024,Las Vegas Grand Prix,Qualifying,qualifying,-0.5900000000000034,0.1088549792959364,3,dry,
LEC,SAI,Ferrari,2024,Las Vegas Grand Prix,Qualifying,qualifying,-0.3730000000000046,0.3277980307826466,3,dry,
NOR,PIA,McLaren,2024,Las Vegas Grand Prix,Qualifying,qualifying,-0.0249999999999985,0.0997147900532092,4,dry,
PER,VER,Red Bull Racing,2024,Las Vegas Grand Prix,Qualifying,qualifying,-0.8119999999999976,0.1318045915981865,3,dry,
ALO,STR,Aston Martin,2024,Las Vegas Grand Prix,Qualifying,qualifying,,,0,,insufficient_matched_pairs
ALB,COL,Williams,2024,Las Vegas Grand Prix,Qualifying,qualifying,,,0,,insufficient_matched_pairs
BOT,ZHO,Kick Sauber,2024,Qatar Grand Prix,Race,race,-0.1525000000000034,0.084194291210405,18,dry,
HAM,RUS,Mercedes,2024,Qatar Grand Prix,Race,race,-0.5349999999999966,0.0995065677833969,24,dry,
HUL,MAG,Haas F1 Team,2024,Qatar Grand Prix,Race,race,-2.6714999999999947,0.1621069435616518,14,dry,
LAW,TSU,RB,2024,Qatar Grand Prix,Race,race,0.0534999999999996,0.0658018315153991,40,dry,
LEC,SAI,Ferrari,2024,Qatar Grand Prix,Race,race,0.2044999999999959,0.0480547230499486,36,dry,
NOR,PIA,McLaren,2024,Qatar Grand Prix,Race,race,0.3569999999999993,0.063001157265694,26,dry,
PER,VER,Red Bull Racing,2024,Qatar Grand Prix,Race,race,-0.8430000000000035,0.0407198368011097,23,dry,
GAS,OCO,Alpine,2024,Qatar Grand Prix,Race,race,,,0,,missing_lap_time_data
ALO,STR,Aston Martin,2024,Qatar Grand Prix,Race,race,,,0,,no_compound_overlap
ALB,COL,Williams,2024,Qatar Grand Prix,Race,race,,,0,,missing_lap_time_data
ALB,COL,Williams,2024,Qatar Grand Prix,Qualifying,qualifying,0.3980000000000103,0.1651639597418189,3,dry,
ALO,STR,Aston Martin,2024,Qatar Grand Prix,Qualifying,qualifying,0.4029999999999916,0.3640372987289419,3,dry,
BOT,ZHO,Kick Sauber,2024,Qatar Grand Prix,Qualifying,qualifying,0.0884999999999962,0.2053353630705768,6,dry,
HAM,RUS,Mercedes,2024,Qatar Grand Prix,Qualifying,qualifying,-0.3639999999999901,0.1196093007413022,5,dry,
HUL,MAG,Haas F1 Team,2024,Qatar Grand Prix,Qualifying,qualifying,0.1500000000000056,0.4760759207030673,3,dry,
LAW,TSU,RB,2024,Qatar Grand Prix,Qualifying,qualifying,-0.0519999999999925,0.0381726807226517,3,dry,
LEC,SAI,Ferrari,2024,Qatar Grand Prix,Qualifying,qualifying,0.1889999999999929,0.0487402218421835,5,dry,
NOR,PIA,McLaren,2024,Qatar Grand Prix,Qualifying,qualifying,0.137999999999991,0.1360857282614015,3,dry,
PER,VER,Red Bull Racing,2024,Qatar Grand Prix,Qualifying,qualifying,-0.9050000000000012,0.2917546514035634,3,dry,
GAS,OCO,Alpine,2024,Qatar Grand Prix,Qualifying,qualifying,,,0,,insufficient_matched_pairs
ALB,COL,Williams,2024,Abu Dhabi Grand Prix,Race,race,0.1579999999999941,0.1138438906372894,18,dry,
ALO,STR,Aston Martin,2024,Abu Dhabi Grand Prix,Race,race,0.4509999999999934,0.0452361167349407,37,dry,
BOT,ZHO,Kick Sauber,2024,Abu Dhabi Grand Prix,Race,race,0.2049999999999983,0.0670943710726122,19,dry,
DOO,GAS,Alpine,2024,Abu Dhabi Grand Prix,Race,race,-0.4320000000000021,0.0880375667380549,32,dry,
HAM,RUS,Mercedes,2024,Abu Dhabi Grand Prix,Race,race,-1.100999999999999,1.1459079175197413,39,dry,
HUL,MAG,Haas F1 Team,2024,Abu Dhabi Grand Prix,Race,race,0.3105000000000046,0.1117544911056467,22,dry,
LAW,TSU,RB,2024,Abu Dhabi Grand Prix,Race,race,0.2939999999999969,0.0530658083045105,35,dry,
LEC,SAI,Ferrari,2024,Abu Dhabi Grand Prix,Race,race,-0.4269999999999925,0.047508256476463,39,dry,
NOR,PIA,McLaren,2024,Abu Dhabi Grand Prix,Race,race,1.6315000000000026,0.1574326884588944,24,dry,
PER,VER,Red Bull Racing,2024,Abu Dhabi Grand Prix,Race,race,,,0,,missing_lap_time_data
ALO,STR,Aston Martin,2024,Abu Dhabi Grand Prix,Qualifying,qualifying,0.2984999999999971,0.1655758016433579,4,dry,
HUL,MAG,Haas F1 Team,2024,Abu Dhabi Grand Prix,Qualifying,qualifying,0.6599999999999966,0.3667328089893013,3,dry,
LAW,TSU,RB,2024,Abu Dhabi Grand Prix,Qualifying,qualifying,-0.092499999999994,0.0904045125734513,4,dry,
LEC,SAI,Ferrari,2024,Abu Dhabi Grand Prix,Qualifying,qualifying,-0.2220000000000084,0.1191368145099194,3,dry,
NOR,PIA,McLaren,2024,Abu Dhabi Grand Prix,Qualifying,qualifying,0.100999999999999,0.0623865215336548,3,dry,
PER,VER,Red Bull Racing,2024,Abu Dhabi Grand Prix,Qualifying,qualifying,-0.7340000000000089,0.2215239630609114,3,dry,
DOO,GAS,Alpine,2024,Abu Dhabi Grand Prix,Qualifying,qualifying,,,0,,insufficient_matched_pairs
BOT,ZHO,Kick Sauber,2024,Abu Dhabi Grand Prix,Qualifying,qualifying,,,0,,insufficient_matched_pairs
HAM,RUS,Mercedes,2024,Abu Dhabi Grand Prix,Qualifying,qualifying,,,0,,insufficient_matched_pairs
ALB,COL,Williams,2024,Abu Dhabi Grand Prix,Qualifying,qualifying,,,0,,insufficient_matched_pairs
ALO,STR,Aston Martin,2025,Australian Grand Prix,Race,race,0.3840000000000003,0.2399119115953293,13,dry,
ALO,STR,Aston Martin,2025,Australian Grand Prix,Race,race,0.3039999999999949,0.1487208674410319,10,wet,
ANT,RUS,Mercedes,2025,Australian Grand Prix,Race,race,-0.5154999999999959,0.4027014591980523,16,dry,
ANT,RUS,Mercedes,2025,Australian Grand Prix,Race,race,-0.3950000000000031,0.265303838507336,8,wet,
BEA,OCO,Haas F1 Team,2025,Australian Grand Prix,Race,race,0.0345000000000013,0.1967026605327457,16,dry,
BEA,OCO,Haas F1 Team,2025,Australian Grand Prix,Race,race,0.2099999999999937,0.2171977203396046,9,wet,
BOR,HUL,Kick Sauber,2025,Australian Grand Prix,Race,race,-0.0809999999999888,0.1948442439241949,15,dry,
BOR,HUL,Kick Sauber,2025,Australian Grand Prix,Race,race,-0.0174999999999982,0.2058478028275473,10,wet,
HAM,LEC,Ferrari,2025,Australian Grand Prix,Race,race,-0.394999999999996,0.1596897046674467,16,dry,
HAM,LEC,Ferrari,2025,Australian Grand Prix,Race,race,-0.5849999999999937,0.2209165118074889,9,wet,
LAW,VER,Red Bull Racing,2025,Australian Grand Prix,Race,race,-2.5970000000000013,0.5321185629206686,12,dry,
LAW,VER,Red Bull Racing,2025,Australian Grand Prix,Race,race,-1.9359999999999928,0.4842734078064893,9,wet,
NOR,PIA,McLaren,2025,Australian Grand Prix,Race,race,0.4205000000000041,0.2392915554010128,18,dry,
NOR,PIA,McLaren,2025,Australian Grand Prix,Race,race,-0.0734999999999956,0.1319504440450402,10,wet,
DOO,GAS,Alpine,2025,Australian Grand Prix,Race,race,,,0,,missing_lap_time_data
HAD,TSU,Racing Bulls,2025,Australian Grand Prix,Race,race,,,0,,missing_lap_time_data
ALB,SAI,Williams,2025,Australian Grand Prix,Race,race,,,0,,missing_lap_time_data
ALB,SAI,Williams,2025,Australian Grand Prix,Qualifying,qualifying,0.3250000000000028,0.4201886554277171,3,dry,
ALO,STR,Aston Martin,2025,Australian Grand Prix,Qualifying,qualifying,0.4039999999999963,0.0982107789812658,3,dry,
DOO,GAS,Alpine,2025,Australian Grand Prix,Qualifying,qualifying,-0.0734999999999956,0.2399201955859526,4,dry,
HAD,TSU,Racing Bulls,2025,Australian Grand Prix,Qualifying,qualifying,-0.1290000000000049,0.1682914979054682,3,dry,
HAM,LEC,Ferrari,2025,Australian Grand Prix,Qualifying,qualifying,-0.2349999999999994,0.1780796688211431,3,dry,
NOR,PIA,McLaren,2025,Australian Grand Prix,Qualifying,qualifying,0.0840000000000031,0.0674628248202866,3,dry,
BEA,OCO,Haas F1 Team,2025,Australian Grand Prix,Qualifying,qualifying,,,0,,missing_lap_time_data
BOR,HUL,Kick Sauber,2025,Australian Grand Prix,Qualifying,qualifying,,,0,,insufficient_matched_pairs
ANT,RUS,Mercedes,2025,Australian Grand Prix,Qualifying,qualifying,,,0,,insufficient_matched_pairs
LAW,VER,Red Bull Racing,2025,Australian Grand Prix,Qualifying,qualifying,,,0,,insufficient_matched_pairs
ALB,SAI,Williams,2025,Chinese Grand Prix,Race,race,0.4074999999999988,0.0826808123114091,38,dry,
ANT,RUS,Mercedes,2025,Chinese Grand Prix,Race,race,-0.757000000000005,0.0457497429799626,42,dry,
BEA,OCO,Haas F1 Team,2025,Chinese Grand Prix,Race,race,-1.061,0.1271866478935674,22,dry,
BOR,HUL,Kick Sauber,2025,Chinese Grand Prix,Race,race,-1.285499999999999,0.2260315737946841,24,dry,
DOO,GAS,Alpine,2025,Chinese Grand Prix,Race,race,-0.0899999999999892,0.1011208721371702,45,dry,
HAD,TSU,Racing Bulls,2025,Chinese Grand Prix,Race,race,0.0030000000000072,0.0955565463340836,32,dry,
HAM,LEC,Ferrari,2025,Chinese Grand Prix,Race,race,-0.1099999999999994,0.0847478187553164,30,dry,
LAW,VER,Red Bull Racing,2025,Chinese Grand Prix,Race,race,0.2905000000000015,0.4399241207708853,24,dry,
NOR,PIA,McLaren,2025,Chinese Grand Prix,Race,race,-0.0250000000000056,0.1080676494278147,45,dry,
ALO,STR,Aston Martin,2025,Chinese Grand Prix,Race,race,,,0,,insufficient_matched_pairs
ALB,SAI,Williams,2025,Chinese Grand Prix,Qualifying,qualifying,0.5414999999999992,0.2262197701399062,4,dry,
ALO,STR,Aston Martin,2025,Chinese Grand Prix,Qualifying,qualifying,0.1069999999999993,0.1169607618126886,5,dry,
ANT,RUS,Mercedes,2025,Chinese Grand Prix,Qualifying,qualifying,-0.3314999999999983,0.1104369647941456,4,dry,
BOR,HUL,Kick Sauber,2025,Chinese Grand Prix,Qualifying,qualifying,-0.23599999999999,0.0606885182488955,3,dry,
HAD,TSU,Racing Bulls,2025,Chinese Grand Prix,Qualifying,qualifying,0.007000000000005,0.2199337785469686,3,dry,
HAM,LEC,Ferrari,2025,Chinese Grand Prix,Qualifying,qualifying,-0.0145000000000052,0.0566154794403636,4,dry,
NOR,PIA,McLaren,2025,Chinese Grand Prix,Qualifying,qualifying,-0.0060000000000002,0.1976779058328325,3,dry,
DOO,GAS,Alpine,2025,Chinese Grand Prix,Qualifying,qualifying,,,0,,insufficient_matched_pairs
BEA,OCO,Haas F1 Team,2025,Chinese Grand Prix,Qualifying,qualifying,,,0,,insufficient_matched_pairs
LAW,VER,Red Bull Racing,2025,Chinese Grand Prix,Qualifying,qualifying,,,0,,insufficient_matched_pairs
ALB,SAI,Williams,2025,Japanese Grand Prix,Race,race,0.5640000000000072,0.0717018968089836,19,dry,
ALO,STR,Aston Martin,2025,Japanese Grand Prix,Race,race,-1.3760000000000048,1.3631836335221692,33,dry,
ANT,RUS,Mercedes,2025,Japanese Grand Prix,Race,race,0.3764999999999929,0.3039316563484824,28,dry,
BEA,OCO,Haas F1 Team,2025,Japanese Grand Prix,Race,race,1.198999999999998,1.5574405022260005,37,dry,
BOR,HUL,Kick Sauber,2025,Japanese Grand Prix,Race,race,-1.2099999999999935,0.9200224574961724,43,dry,
DOO,GAS,Alpine,2025,Japanese Grand Prix,Race,race,-1.0860000000000127,0.0814814074728928,23,dry,
HAD,LAW,Racing Bulls,2025,Japanese Grand Prix,Race,race,0.6975000000000051,0.0555103967121754,20,dry,
HAM,LEC,Ferrari,2025,Japanese Grand Prix,Race,race,-1.3924999999999983,0.5866667197820667,38,dry,
NOR,PIA,McLaren,2025,Japanese Grand Prix,Race,race,0.0370000000000061,0.0530151261183779,40,dry,
TSU,VER,Red Bull Racing,2025,Japanese Grand Prix,Race,race,-0.7805000000000035,0.073994170818146,40,dry,
ALB,SAI,Williams,2025,Japanese Grand Prix,Qualifying,qualifying,0.3079999999999998,0.1791079442674137,4,dry,
ANT,RUS,Mercedes,2025,Japanese Grand Prix,Qualifying,qualifying,-0.5019999999999953,0.3029621430544134,3,dry,
BEA,OCO,Haas F1 Team,2025,Japanese Grand Prix,Qualifying,qualifying,0.4680000000000035,0.1022302333784681,3,dry,
BOR,HUL,Kick Sauber,2025,Japanese Grand Prix,Qualifying,qualifying,0.0889999999999986,0.0761021223950638,3,dry,
HAD,LAW,Racing Bulls,2025,Japanese Grand Prix,Qualifying,qualifying,0.2034999999999982,0.1310187495379205,4,dry,
HAM,LEC,Ferrari,2025,Japanese Grand Prix,Qualifying,qualifying,-0.0740000000000051,0.1052351481749852,4,dry,
NOR,PIA,McLaren,2025,Japanese Grand Prix,Qualifying,qualifying,0.0319999999999964,0.3358086839723335,3,dry,
TSU,VER,Red Bull Racing,2025,Japanese Grand Prix,Qualifying,qualifying,-0.2939999999999969,0.2263175205239227,3,dry,
DOO,GAS,Alpine,2025,Japanese Grand Prix,Qualifying,qualifying,,,0,,insufficient_matched_pairs
ALO,STR,Aston Martin,2025,Japanese Grand Prix,Qualifying,qualifying,,,0,,insufficient_matched_pairs
ALB,SAI,Williams,2025,Bahrain Grand Prix,Race,race,0.4309999999999974,0.2626839426339558,27,dry,
ALO,STR,Aston Martin,2025,Bahrain Grand Prix,Race,race,-0.0780000000000029,0.1069644411132141,33,dry,
ANT,RUS,Mercedes,2025,Bahrain Grand Prix,Race,race,-0.2189999999999941,0.1428514649453695,23,dry,
BEA,OCO,Haas F1 Team,2025,Bahrain Grand Prix,Race,race,-1.0574999999999974,0.2772388597606077,16,dry,
BOR,HUL,Kick Sauber,2025,Bahrain Grand Prix,Race,race,-0.6595000000000013,0.5621277423651024,22,dry,
DOO,GAS,Alpine,2025,Bahrain Grand Prix,Race,race,-0.4455000000000026,0.067191255985291,40,dry,
HAD,LAW,Racing Bulls,2025,Bahrain Grand Prix,Race,race,0.9789999999999992,0.1244240356669547,21,dry,
HAM,LEC,Ferrari,2025,Bahrain Grand Prix,Race,race,-0.2575000000000003,0.0684867046693479,42,dry,
NOR,PIA,McLaren,2025,Bahrain Grand Prix,Race,race,-0.2910000000000039,0.0901033085183689,36,dry,
TSU,VER,Red Bull Racing,2025,Bahrain Grand Prix,Race,race,-0.9189999999999968,0.4971399977001575,15,dry,
ALO,STR,Aston Martin,2025,Bahrain Grand Prix,Qualifying,qualifying,0.7879999999999967,0.2133000083557572,3,dry,
ANT,RUS,Mercedes,2025,Bahrain Grand Prix,Qualifying,qualifying,-0.127999999999993,0.3115751139334178,4,dry,
DOO,GAS,Alpine,2025,Bahrain Grand Prix,Qualifying,qualifying,0.1040000000000063,0.2293185721797258,4,dry,
HAM,LEC,Ferrari,2025,Bahrain Grand Prix,Qualifying,qualifying,-0.0549999999999926,0.2555317480280142,3,dry,
NOR,PIA,McLaren,2025,Bahrain Grand Prix,Qualifying,qualifying,-0.1629999999999967,0.12570015852756,3,dry,
TSU,VER,Red Bull Racing,2025,Bahrain Grand Prix,Qualifying,qualifying,-0.2089999999999889,0.4614086279567734,3,dry,
BEA,OCO,Haas F1 Team,2025,Bahrain Grand Prix,Qualifying,qualifying,,,0,,insufficient_matched_pairs
BOR,HUL,Kick Sauber,2025,Bahrain Grand Prix,Qualifying,qualifying,,,0,,insufficient_matched_pairs
HAD,LAW,Racing Bulls,2025,Bahrain Grand Prix,Qualifying,qualifying,,,0,,insufficient_matched_pairs
ALB,SAI,Williams,2025,Bahrain Grand Prix,Qualifying,qualifying,,,0,,insufficient_matched_pairs
ALB,SAI,Williams,2025,Saudi Arabian Grand Prix,Race,race,0.01400000000001,0.0379069388768727,37,dry,
ALO,STR,Aston Martin,2025,Saudi Arabian Grand Prix,Race,race,1.5165000000000006,0.1281830082474027,28,dry,
ANT,RUS,Mercedes,2025,Saudi Arabian Grand Prix,Race,race,-0.3900000000000005,0.0663193073567447,40,dry,
BEA,OCO,Haas F1 Team,2025,Saudi Arabian Grand Prix,Race,race,1.6229999999999976,0.110781037619468,26,dry,
BOR,HUL,Kick Sauber,2025,Saudi Arabian Grand Prix,Race,race,-0.1280000000000001,0.0783063254124447,27,dry,
HAD,LAW,Racing Bulls,2025,Saudi Arabian Grand Prix,Race,race,-0.7199999999999989,0.2705878914599721,32,dry,
HAM,LEC,Ferrari,2025,Saudi Arabian Grand Prix,Race,race,-0.6715000000000018,0.1350435889144955,32,dry,
NOR,PIA,McLaren,2025,Saudi Arabian Grand Prix,Race,race,-0.8669999999999973,0.3004405189541331,34,dry,
DOO,GAS,Alpine,2025,Saudi Arabian Grand Prix,Race,race,,,0,,missing_lap_time_data
TSU,VER,Red Bull Racing,2025,Saudi Arabian Grand Prix,Race,race,,,0,,teammate_dnf_no_matched_laps
ALB,SAI,Williams,2025,Saudi Arabian Grand Prix,Qualifying,qualifying,0.0750000000000028,0.1196125305871958,5,dry,
ANT,RUS,Mercedes,2025,Saudi Arabian Grand Prix,Qualifying,qualifying,-0.3419999999999987,0.0938788141741845,3,dry,
HAM,LEC,Ferrari,2025,Saudi Arabian Grand Prix,Qualifying,qualifying,-0.2360000000000042,0.1339088620455465,3,dry,
NOR,PIA,McLaren,2025,Saudi Arabian Grand Prix,Qualifying,qualifying,0.0959999999999894,0.0766560011839727,3,dry,
TSU,VER,Red Bull Racing,2025,Saudi Arabian Grand Prix,Qualifying,qualifying,-0.6360000000000099,0.2610617608804396,3,dry,
DOO,GAS,Alpine,2025,Saudi Arabian Grand Prix,Qualifying,qualifying,,,0,,insufficient_matched_pairs
ALO,STR,Aston Martin,2025,Saudi Arabian Grand Prix,Qualifying,qualifying,,,0,,insufficient_matched_pairs
BEA,OCO,Haas F1 Team,2025,Saudi Arabian Grand Prix,Qualifying,qualifying,,,0,,insufficient_matched_pairs
BOR,HUL,Kick Sauber,2025,Saudi Arabian Grand Prix,Qualifying,qualifying,,,0,,insufficient_matched_pairs
HAD,LAW,Racing Bulls,2025,Saudi Arabian Grand Prix,Qualifying,qualifying,,,0,,insufficient_matched_pairs
ALB,SAI,Williams,2025,Miami Grand Prix,Race,race,0.0984999999999942,0.0318458724262732,38,dry,
ALB,SAI,Williams,2025,Miami Grand Prix,Race,race,,,1,wet,insufficient_matched_pairs
ALO,STR,Aston Martin,2025,Miami Grand Prix,Race,race,0.1189999999999997,0.164159561419995,21,dry,
ALO,STR,Aston Martin,2025,Miami Grand Prix,Race,race,,,1,wet,insufficient_matched_pairs
ANT,RUS,Mercedes,2025,Miami Grand Prix,Race,race,0.0319999999999964,0.0464479764307799,25,dry,
BEA,OCO,Haas F1 Team,2025,Miami Grand Prix,Race,race,-0.4739999999999966,0.0872028105505644,18,dry,
BOR,HUL,Kick Sauber,2025,Miami Grand Prix,Race,race,0.1450000000000102,0.0876844076866089,19,dry,
HAD,LAW,Racing Bulls,2025,Miami Grand Prix,Race,race,1.1469999999999985,0.1131993062818523,20,dry,
HAM,LEC,Ferrari,2025,Miami Grand Prix,Race,race,-0.1239999999999952,0.1153270182573895,24,dry,
NOR,PIA,McLaren,2025,Miami Grand Prix,Race,race,0.0579999999999998,0.0695562218478526,40,dry,
TSU,VER,Red Bull Racing,2025,Miami Grand Prix,Race,race,-0.5334999999999965,0.0673833192096349,40,dry,
DOO,GAS,Alpine,2025,Miami Grand Prix,Race,race,,,0,,missing_lap_time_data
ALB,SAI,Williams,2025,Miami Grand Prix,Qualifying,qualifying,0.0510000000000019,0.073680852112119,3,dry,
ALO,STR,Aston Martin,2025,Miami Grand Prix,Qualifying,qualifying,0.3840000000000003,0.3443770953806617,3,dry,
ANT,RUS,Mercedes,2025,Miami Grand Prix,Qualifying,qualifying,0.2760000000000033,0.2107994939810394,4,dry,
BEA,OCO,Haas F1 Team,2025,Miami Grand Prix,Qualifying,qualifying,-0.5489999999999924,0.2210844522937936,3,dry,
BOR,HUL,Kick Sauber,2025,Miami Grand Prix,Qualifying,qualifying,0.1059999999999945,0.1903375698633909,3,dry,
DOO,GAS,Alpine,2025,Miami Grand Prix,Qualifying,qualifying,0.2879999999999967,0.0951144676742759,3,dry,
HAD,LAW,Racing Bulls,2025,Miami Grand Prix,Qualifying,qualifying,0.2049999999999983,0.2976581050189723,3,dry,
HAM,LEC,Ferrari,2025,Miami Grand Prix,Qualifying,qualifying,-0.0580000000000069,0.2118782734915957,5,dry,
NOR,PIA,McLaren,2025,Miami Grand Prix,Qualifying,qualifying,0.0139999999999957,0.1278899654674502,3,dry,
TSU,VER,Red Bull Racing,2025,Miami Grand Prix,Qualifying,qualifying,-0.6225000000000023,0.2050254101973119,4,dry,
ALB,SAI,Williams,2025,Emilia Romagna Grand Prix,Race,race,0.737000000000009,0.2720318056372768,26,dry,
ALO,STR,Aston Martin,2025,Emilia Romagna Grand Prix,Race,race,0.1470000000000055,0.1096491407630254,35,dry,
ANT,RUS,Mercedes,2025,Emilia Romagna Grand Prix,Race,race,-0.4380000000000024,0.3354341016661237,21,dry,
BEA,OCO,Haas F1 Team,2025,Emilia Romagna Grand Prix,Race,race,-0.223000000000006,0.2120401659113407,20,dry,
BOR,HUL,Kick Sauber,2025,Emilia Romagna Grand Prix,Race,race,0.0575000000000045,0.1378015971612082,24,dry,
COL,GAS,Alpine,2025,Emilia Romagna Grand Prix,Race,race,0.4200000000000017,0.139250053735055,24,dry,
HAD,LAW,Racing Bulls,2025,Emilia Romagna Grand Prix,Race,race,0.9029999999999916,0.2039844289333074,25,dry,
HAM,LEC,Ferrari,2025,Emilia Romagna Grand Prix,Race,race,-0.4730000000000061,0.3058456622221404,30,dry,
NOR,PIA,McLaren,2025,Emilia Romagna Grand Prix,Race,race,1.1234999999999928,0.3273677047512682,26,dry,
TSU,VER,Red Bull Racing,2025,Emilia Romagna Grand Prix,Race,race,-0.5020000000000024,0.6526434644855765,26,dry,
ALB,SAI,Williams,2025,Emilia Romagna Grand Prix,Qualifying,qualifying,-0.2884999999999991,0.0791136702635703,4,dry,
ALO,STR,Aston Martin,2025,Emilia Romagna Grand Prix,Qualifying,qualifying,0.1025000000000062,0.0699849511047281,4,dry,
ANT,RUS,Mercedes,2025,Emilia Romagna Grand Prix,Qualifying,qualifying,-0.4380000000000024,0.1819939563808645,3,dry,
BOR,HUL,Kick Sauber,2025,Emilia Romagna Grand Prix,Qualifying,qualifying,0.3240000000000123,0.2403083594293229,3,dry,
HAM,LEC,Ferrari,2025,Emilia Romagna Grand Prix,Qualifying,qualifying,-0.1079999999999969,0.1321543354732811,4,dry,
NOR,PIA,McLaren,2025,Emilia Romagna Grand Prix,Qualifying,qualifying,-0.1980000000000004,0.1648103576022216,4,dry,
COL,GAS,Alpine,2025,Emilia Romagna Grand Prix,Qualifying,qualifying,,,0,,insufficient_matched_pairs
BEA,OCO,Haas F1 Team,2025,Emilia Romagna Grand Prix,Qualifying,qualifying,,,0,,insufficient_matched_pairs
HAD,LAW,Racing Bulls,2025,Emilia Romagna Grand Prix,Qualifying,qualifying,,,0,,insufficient_matched_pairs
TSU,VER,Red Bull Racing,2025,Emilia Romagna Grand Prix,Qualifying,qualifying,,,0,,missing_lap_time_data
ALB,SAI,Williams,2025,Monaco Grand Prix,Race,race,1.414999999999992,1.4384743652757797,37,dry,
ALO,STR,Aston Martin,2025,Monaco Grand Prix,Race,race,1.0949999999999989,0.7213556944654187,24,dry,
ANT,RUS,Mercedes,2025,Monaco Grand Prix,Race,race,0.0060000000000073,0.0277658021812945,42,dry,
BEA,OCO,Haas F1 Team,2025,Monaco Grand Prix,Race,race,-0.4579999999999984,0.3083569959656521,21,dry,
BOR,HUL,Kick Sauber,2025,Monaco Grand Prix,Race,race,0.5405000000000015,0.3295703242141221,20,dry,
HAD,LAW,Racing Bulls,2025,Monaco Grand Prix,Race,race,-0.4515000000000029,0.2186264815574472,34,dry,
HAM,LEC,Ferrari,2025,Monaco Grand Prix,Race,race,-0.6654999999999944,0.2041291730701376,36,dry,
NOR,PIA,McLaren,2025,Monaco Grand Prix,Race,race,0.1110000000000042,0.1410196873887886,57,dry,
TSU,VER,Red Bull Racing,2025,Monaco Grand Prix,Race,race,-2.942,0.5227406692874398,16,dry,
COL,GAS,Alpine,2025,Monaco Grand Prix,Race,race,,,0,,insufficient_matched_pairs
ALB,SAI,Williams,2025,Monaco Grand Prix,Qualifying,qualifying,0.6650000000000063,0.2200098761183032,3,dry,
ALO,STR,Aston Martin,2025,Monaco Grand Prix,Qualifying,qualifying,0.2450000000000045,0.4206473461104795,3,dry,
BEA,OCO,Haas F1 Team,2025,Monaco Grand Prix,Qualifying,qualifying,0.2079999999999984,0.1891293645009041,4,dry,
BOR,HUL,Kick Sauber,2025,Monaco Grand Prix,Qualifying,qualifying,-0.1400000000000005,0.7145574577347877,5,dry,
COL,GAS,Alpine,2025,Monaco Grand Prix,Qualifying,qualifying,-0.6029999999999944,1.1251342523102377,3,dry,
HAD,LAW,Racing Bulls,2025,Monaco Grand Prix,Qualifying,qualifying,-0.019999999999996,0.1411133529556387,5,dry,
HAM,LEC,Ferrari,2025,Monaco Grand Prix,Qualifying,qualifying,-0.3190000000000026,0.107036997780647,5,dry,
NOR,PIA,McLaren,2025,Monaco Grand Prix,Qualifying,qualifying,0.0670000000000072,0.0597387229443302,3,dry,
TSU,VER,Red Bull Racing,2025,Monaco Grand Prix,Qualifying,qualifying,-0.5830000000000126,0.2561761400554929,5,dry,
ANT,RUS,Mercedes,2025,Monaco Grand Prix,Qualifying,qualifying,,,0,,insufficient_matched_pairs
ALB,SAI,Williams,2025,Spanish Grand Prix,Race,race,0.2249999999999943,0.1538566858468629,19,dry,
ANT,RUS,Mercedes,2025,Spanish Grand Prix,Race,race,-0.1110000000000042,0.0512621188484125,35,dry,
BEA,OCO,Haas F1 Team,2025,Spanish Grand Prix,Race,race,-0.6319999999999908,0.1901754637644358,35,dry,
BOR,HUL,Kick Sauber,2025,Spanish Grand Prix,Race,race,0.2270000000000038,0.1628689390616291,32,dry,
COL,GAS,Alpine,2025,Spanish Grand Prix,Race,race,-1.0730000000000075,0.1428429874900235,35,dry,
HAD,LAW,Racing Bulls,2025,Spanish Grand Prix,Race,race,0.355000000000004,0.0831596067763606,39,dry,
HAM,LEC,Ferrari,2025,Spanish Grand Prix,Race,race,-0.3639999999999972,0.0720854943539007,32,dry,
NOR,PIA,McLaren,2025,Spanish Grand Prix,Race,race,-0.1595000000000084,0.0557768189172596,46,dry,
TSU,VER,Red Bull Racing,2025,Spanish Grand Prix,Race,race,-0.9549999999999984,0.1396015258585018,33,dry,
ALO,,Aston Martin,2025,Spanish Grand Prix,Race,race,,,0,,single_car_session
ANT,RUS,Mercedes,2025,Spanish Grand Prix,Qualifying,qualifying,-0.3449999999999988,0.2286484436460963,3,dry,
BEA,OCO,Haas F1 Team,2025,Spanish Grand Prix,Qualifying,qualifying,0.1269999999999953,0.2118321289390473,3,dry,
HAD,LAW,Racing Bulls,2025,Spanish Grand Prix,Qualifying,qualifying,0.1629999999999967,0.1001641394403685,4,dry,
HAM,LEC,Ferrari,2025,Spanish Grand Prix,Qualifying,qualifying,-0.2169999999999987,0.1323795237690251,3,dry,
NOR,PIA,McLaren,2025,Spanish Grand Prix,Qualifying,qualifying,-0.0579999999999927,0.08253258499881,3,dry,
COL,GAS,Alpine,2025,Spanish Grand Prix,Qualifying,qualifying,,,0,,insufficient_matched_pairs
ALO,STR,Aston Martin,2025,Spanish Grand Prix,Qualifying,qualifying,,,0,,insufficient_matched_pairs
BOR,HUL,Kick Sauber,2025,Spanish Grand Prix,Qualifying,qualifying,,,0,,insufficient_matched_pairs
TSU,VER,Red Bull Racing,2025,Spanish Grand Prix,Qualifying,qualifying,,,0,,insufficient_matched_pairs
ALB,SAI,Williams,2025,Spanish Grand Prix,Qualifying,qualifying,,,0,,insufficient_matched_pairs
ALB,SAI,Williams,2025,Canadian Grand Prix,Race,race,0.4534999999999982,0.5453740632445404,22,dry,
ALO,STR,Aston Martin,2025,Canadian Grand Prix,Race,race,0.7929999999999922,0.1420558128799144,43,dry,
ANT,RUS,Mercedes,2025,Canadian Grand Prix,Race,race,-0.0460000000000064,0.0647891032323156,52,dry,
BEA,OCO,Haas F1 Team,2025,Canadian Grand Prix,Race,race,0.6779999999999973,0.1100588340250221,43,dry,
BOR,HUL,Kick Sauber,2025,Canadian Grand Prix,Race,race,-1.0390000000000017,0.2442983409755463,51,dry,
COL,GAS,Alpine,2025,Canadian Grand Prix,Race,race,0.4064999999999941,0.1063681057350723,48,dry,
HAD,LAW,Racing Bulls,2025,Canadian Grand Prix,Race,race,0.4025000000000034,0.1386185353310924,36,dry,
HAM,LEC,Ferrari,2025,Canadian Grand Prix,Race,race,0.0849999999999937,0.0796781235872068,47,dry,
NOR,PIA,McLaren,2025,Canadian Grand Prix,Race,race,-0.1004999999999967,0.2825312264753819,48,dry,
TSU,VER,Red Bull Racing,2025,Canadian Grand Prix,Race,race,-1.734499999999997,0.0715419873480153,30,dry,
ALB,SAI,Williams,2025,Canadian Grand Prix,Qualifying,qualifying,-0.1110000000000042,1.6365572046402972,3,dry,
ANT,RUS,Mercedes,2025,Canadian Grand Prix,Qualifying,qualifying,-0.2750000000000057,0.1258578119658604,4,dry,
BEA,OCO,Haas F1 Team,2025,Canadian Grand Prix,Qualifying,qualifying,0.4384999999999976,0.0502222132970912,4,dry,
COL,GAS,Alpine,2025,Canadian Grand Prix,Qualifying,qualifying,0.13900000000001,0.9793397709160498,3,dry,
HAD,LAW,Racing Bulls,2025,Canadian Grand Prix,Qualifying,qualifying,0.0240000000000009,0.1359129562907368,3,dry,
HAM,LEC,Ferrari,2025,Canadian Grand Prix,Qualifying,qualifying,-0.0579999999999998,0.0981856320565426,4,dry,
NOR,PIA,McLaren,2025,Canadian Grand Prix,Qualifying,qualifying,-0.8029999999999973,0.3877561237369405,3,dry,
TSU,VER,Red Bull Racing,2025,Canadian Grand Prix,Qualifying,qualifying,-0.5549999999999926,1.8863605808222037,3,dry,
ALO,STR,Aston Martin,2025,Canadian Grand Prix,Qualifying,qualifying,,,0,,insufficient_matched_pairs
BOR,HUL,Kick Sauber,2025,Canadian Grand Prix,Qualifying,qualifying,,,0,,insufficient_matched_pairs
ALO,STR,Aston Martin,2025,Austrian Grand Prix,Race,race,0.5840000000000032,0.0732541997279188,37,dry,
BEA,OCO,Haas F1 Team,2025,Austrian Grand Prix,Race,race,-0.3414999999999963,0.2143256815264145,34,dry,
BOR,HUL,Kick Sauber,2025,Austrian Grand Prix,Race,race,-0.3549999999999969,0.1251390526314376,36,dry,
COL,GAS,Alpine,2025,Austrian Grand Prix,Race,race,-0.3719999999999999,0.297229766020851,44,dry,
HAD,LAW,Racing Bulls,2025,Austrian Grand Prix,Race,race,-0.3850000000000051,0.1025109322327477,51,dry,
HAM,LEC,Ferrari,2025,Austrian Grand Prix,Race,race,-0.1505000000000009,0.0593862329535596,52,dry,
NOR,PIA,McLaren,2025,Austrian Grand Prix,Race,race,-0.0630000000000023,0.0369162406885712,44,dry,
ANT,RUS,Mercedes,2025,Austrian Grand Prix,Race,race,,,0,,missing_lap_time_data
TSU,VER,Red Bull Racing,2025,Austrian Grand Prix,Race,race,,,0,,missing_lap_time_data
ALB,SAI,Williams,2025,Austrian Grand Prix,Race,race,,,0,,missing_lap_time_data
ANT,RUS,Mercedes,2025,Austrian Grand Prix,Qualifying,qualifying,-0.3059999999999974,0.086271774846324,3,dry,
BEA,OCO,Haas F1 Team,2025,Austrian Grand Prix,Qualifying,qualifying,-0.0390000000000014,0.470131739469329,3,dry,
COL,GAS,Alpine,2025,Austrian Grand Prix,Qualifying,qualifying,-0.6355000000000004,0.1330554569056208,4,dry,
HAD,LAW,Racing Bulls,2025,Austrian Grand Prix,Qualifying,qualifying,-0.1850000000000022,0.1351891606792731,3,dry,
HAM,LEC,Ferrari,2025,Austrian Grand Prix,Qualifying,qualifying,-0.1659999999999968,0.0546786460177137,4,dry,
NOR,PIA,McLaren,2025,Austrian Grand Prix,Qualifying,qualifying,0.1460000000000008,0.2973326725642032,3,dry,
ALO,STR,Aston Martin,2025,Austrian Grand Prix,Qualifying,qualifying,,,0,,insufficient_matched_pairs
BOR,HUL,Kick Sauber,2025,Austrian Grand Prix,Qualifying,qualifying,,,0,,insufficient_matched_pairs
TSU,VER,Red Bull Racing,2025,Austrian Grand Prix,Qualifying,qualifying,,,0,,insufficient_matched_pairs
ALB,SAI,Williams,2025,Austrian Grand Prix,Qualifying,qualifying,,,0,,insufficient_matched_pairs
ALB,SAI,Williams,2025,British Grand Prix,Race,race,0.3900000000000005,0.2966323157070384,25,dry,
ALO,STR,Aston Martin,2025,British Grand Prix,Race,race,-0.3100000000000023,0.2008288027450552,13,dry,
BEA,OCO,Haas F1 Team,2025,British Grand Prix,Race,race,-1.1749999999999972,0.3639387486429051,17,dry,
HAM,LEC,Ferrari,2025,British Grand Prix,Race,race,0.9114999999999966,0.2147049433069264,22,dry,
NOR,PIA,McLaren,2025,British Grand Prix,Race,race,0.117999999999995,0.0801444466468402,26,dry,
TSU,VER,Red Bull Racing,2025,British Grand Prix,Race,race,-1.357999999999997,0.2339769561131854,26,dry,
COL,GAS,Alpine,2025,British Grand Prix,Race,race,,,0,,missing_lap_time_data
BOR,HUL,Kick Sauber,2025,British Grand Prix,Race,race,,,0,,insufficient_matched_pairs
ANT,RUS,Mercedes,2025,British Grand Prix,Race,race,,,0,,insufficient_matched_pairs
HAD,LAW,Racing Bulls,2025,British Grand Prix,Race,race,,,0,,missing_lap_time_data
ALB,SAI,Williams,2025,British Grand Prix,Qualifying,qualifying,0.027000000000001,0.0769484141125348,4,dry,
ANT,RUS,Mercedes,2025,British Grand Prix,Qualifying,qualifying,-0.5739999999999981,0.1183983241738142,3,dry,
BEA,OCO,Haas F1 Team,2025,British Grand Prix,Qualifying,qualifying,0.2894999999999967,0.1424732463857173,4,dry,
HAM,LEC,Ferrari,2025,British Grand Prix,Qualifying,qualifying,0.1054999999999992,0.0547803304513124,4,dry,
NOR,PIA,McLaren,2025,British Grand Prix,Qualifying,qualifying,-0.0450000000000017,0.1244761383278432,4,dry,
TSU,VER,Red Bull Racing,2025,British Grand Prix,Qualifying,qualifying,-0.519999999999996,0.1911783998142983,4,dry,
COL,GAS,Alpine,2025,British Grand Prix,Qualifying,qualifying,,,0,,insufficient_matched_pairs
ALO,STR,Aston Martin,2025,British Grand Prix,Qualifying,qualifying,,,0,,insufficient_matched_pairs
BOR,HUL,Kick Sauber,2025,British Grand Prix,Qualifying,qualifying,,,0,,insufficient_matched_pairs
HAD,LAW,Racing Bulls,2025,British Grand Prix,Qualifying,qualifying,,,0,,insufficient_matched_pairs
ALB,SAI,Williams,2025,Belgian Grand Prix,Race,race,1.5024999999999975,0.1434545581054885,16,dry,
ALO,STR,Aston Martin,2025,Belgian Grand Prix,Race,race,-0.0330000000000012,0.1649118052156959,15,dry,
ANT,RUS,Mercedes,2025,Belgian Grand Prix,Race,race,-0.9835000000000064,0.2203201096716444,20,dry,
BEA,OCO,Haas F1 Team,2025,Belgian Grand Prix,Race,race,-0.2389999999999901,0.0728470327067199,33,dry,
BOR,HUL,Kick Sauber,2025,Belgian Grand Prix,Race,race,0.5319999999999965,0.1397795054403229,23,dry,
COL,GAS,Alpine,2025,Belgian Grand Prix,Race,race,-0.4639999999999986,0.1504300203251174,15,dry,
HAD,LAW,Racing Bulls,2025,Belgian Grand Prix,Race,race,-0.0429999999999921,0.2344679543063319,9,dry,
HAM,LEC,Ferrari,2025,Belgian Grand Prix,Race,race,-0.6855000000000047,0.0665517927641316,32,dry,
TSU,VER,Red Bull Racing,2025,Belgian Grand Prix,Race,race,-1.160500000000006,0.0514549546312697,32,dry,
NOR,PIA,McLaren,2025,Belgian Grand Prix,Race,race,,,0,,insufficient_matched_pairs
ALB,SAI,Williams,2025,Belgian Grand Prix,Qualifying,qualifying,0.198999999999998,0.2175419874214904,3,dry,
BEA,OCO,Haas F1 Team,2025,Belgian Grand Prix,Qualifying,qualifying,0.2669999999999959,0.1844845008179333,3,dry,
BOR,HUL,Kick Sauber,2025,Belgian Grand Prix,Qualifying,qualifying,-0.0410000000000039,0.2348500068484499,4,dry,
HAD,LAW,Racing Bulls,2025,Belgian Grand Prix,Qualifying,qualifying,0.0169999999999959,0.1479433032616862,4,dry,
NOR,PIA,McLaren,2025,Belgian Grand Prix,Qualifying,qualifying,0.079500000000003,0.1110148891066118,4,dry,
TSU,VER,Red Bull Racing,2025,Belgian Grand Prix,Qualifying,qualifying,-0.3810000000000002,0.2582572466155185,3,dry,
COL,GAS,Alpine,2025,Belgian Grand Prix,Qualifying,qualifying,,,0,,insufficient_matched_pairs
ALO,STR,Aston Martin,2025,Belgian Grand Prix,Qualifying,qualifying,,,0,,insufficient_matched_pairs
HAM,LEC,Ferrari,2025,Belgian Grand Prix,Qualifying,qualifying,,,0,,insufficient_matched_pairs
ANT,RUS,Mercedes,2025,Belgian Grand Prix,Qualifying,qualifying,,,0,,insufficient_matched_pairs
ALB,SAI,Williams,2025,Hungarian Grand Prix,Race,race,-0.0060000000000002,0.1189397798088224,44,dry,
ALO,STR,Aston Martin,2025,Hungarian Grand Prix,Race,race,0.2849999999999966,0.0557942591881853,53,dry,
ANT,RUS,Mercedes,2025,Hungarian Grand Prix,Race,race,-1.127999999999986,0.0953426010268778,33,dry,
BEA,OCO,Haas F1 Team,2025,Hungarian Grand Prix,Race,race,0.1104999999999947,0.0804708517895621,24,dry,
BOR,HUL,Kick Sauber,2025,Hungarian Grand Prix,Race,race,-0.3329999999999984,0.1977310054253172,27,dry,
COL,GAS,Alpine,2025,Hungarian Grand Prix,Race,race,1.4499999999999955,0.1741667052918894,34,dry,
HAD,LAW,Racing Bulls,2025,Hungarian Grand Prix,Race,race,-0.3269999999999982,0.0797603658448833,52,dry,
HAM,LEC,Ferrari,2025,Hungarian Grand Prix,Race,race,-1.866,0.8074072592378758,40,dry,
NOR,PIA,McLaren,2025,Hungarian Grand Prix,Race,race,0.4979999999999904,0.1431820619136813,35,dry,
TSU,VER,Red Bull Racing,2025,Hungarian Grand Prix,Race,race,-0.355000000000004,0.1482366695868794,38,dry,
ALB,SAI,Williams,2025,Hungarian Grand Prix,Qualifying,qualifying,0.0210000000000007,0.5094497585439387,3,dry,
ALO,STR,Aston Martin,2025,Hungarian Grand Prix,Qualifying,qualifying,0.2850000000000108,0.2200687532844428,3,dry,
ANT,RUS,Mercedes,2025,Hungarian Grand Prix,Qualifying,qualifying,-0.3289999999999935,0.1218605395158389,3,dry,
HAD,LAW,Racing Bulls,2025,Hungarian Grand Prix,Qualifying,qualifying,0.375,0.2082824549981562,3,dry,
HAM,LEC,Ferrari,2025,Hungarian Grand Prix,Qualifying,qualifying,-0.0835000000000008,0.1291998919885005,4,dry,
NOR,PIA,McLaren,2025,Hungarian Grand Prix,Qualifying,qualifying,0.0730000000000004,0.0594744257502198,4,dry,
COL,GAS,Alpine,2025,Hungarian Grand Prix,Qualifying,qualifying,,,0,,insufficient_matched_pairs
BEA,OCO,Haas F1 Team,2025,Hungarian Grand Prix,Qualifying,qualifying,,,0,,insufficient_matched_pairs
BOR,HUL,Kick Sauber,2025,Hungarian Grand Prix,Qualifying,qualifying,,,0,,insufficient_matched_pairs
TSU,VER,Red Bull Racing,2025,Hungarian Grand Prix,Qualifying,qualifying,,,0,,insufficient_matched_pairs
ALB,SAI,Williams,2025,Dutch Grand Prix,Race,race,0.0859999999999985,0.1561669743411679,27,dry,
ALO,STR,Aston Martin,2025,Dutch Grand Prix,Race,race,0.137999999999991,0.1178209734110413,26,dry,
ANT,RUS,Mercedes,2025,Dutch Grand Prix,Race,race,0.0025000000000048,0.138246314553001,44,dry,
BEA,OCO,Haas F1 Team,2025,Dutch Grand Prix,Race,race,0.0490000000000065,0.0796820502317117,45,dry,
BOR,HUL,Kick Sauber,2025,Dutch Grand Prix,Race,race,-0.4479999999999933,0.1453876314112293,27,dry,
COL,GAS,Alpine,2025,Dutch Grand Prix,Race,race,0.1780000000000114,0.1669596281393466,21,dry,
HAD,LAW,Racing Bulls,2025,Dutch Grand Prix,Race,race,0.4849999999999994,0.1990323988595724,27,dry,
HAM,LEC,Ferrari,2025,Dutch Grand Prix,Race,race,-0.0210000000000007,0.1147332511433262,19,dry,
NOR,PIA,McLaren,2025,Dutch Grand Prix,Race,race,-0.0280000000000057,0.0366462159594162,45,dry,
TSU,VER,Red Bull Racing,2025,Dutch Grand Prix,Race,race,-0.9879999999999995,0.153341701034899,23,dry,
ALB,SAI,Williams,2025,Dutch Grand Prix,Qualifying,qualifying,0.0225000000000008,0.1714237556867907,4,dry,
ANT,RUS,Mercedes,2025,Dutch Grand Prix,Qualifying,qualifying,-0.0670000000000001,0.0844526531354771,4,dry,
BEA,OCO,Haas F1 Team,2025,Dutch Grand Prix,Qualifying,qualifying,0.2189999999999941,0.3834857718837033,3,dry,
COL,GAS,Alpine,2025,Dutch Grand Prix,Qualifying,qualifying,-0.2099999999999937,0.1447263349602651,3,dry,
HAD,LAW,Racing Bulls,2025,Dutch Grand Prix,Qualifying,qualifying,0.2515,0.1455166822001818,4,dry,
HAM,LEC,Ferrari,2025,Dutch Grand Prix,Qualifying,qualifying,-0.019999999999996,0.039011775178818,4,dry,
NOR,PIA,McLaren,2025,Dutch Grand Prix,Qualifying,qualifying,0.0335000000000036,0.0300513061405116,4,dry,
TSU,VER,Red Bull Racing,2025,Dutch Grand Prix,Qualifying,qualifying,-0.6265000000000001,0.1645883167292049,4,dry,
ALO,STR,Aston Martin,2025,Dutch Grand Prix,Qualifying,qualifying,,,0,,insufficient_matched_pairs
BOR,HUL,Kick Sauber,2025,Dutch Grand Prix,Qualifying,qualifying,,,0,,insufficient_matched_pairs
ALB,SAI,Williams,2025,Italian Grand Prix,Race,race,-1.8599999999999992,0.3703126851240232,23,dry,
ANT,RUS,Mercedes,2025,Italian Grand Prix,Race,race,-0.3279999999999887,0.0585171797964608,41,dry,
BEA,OCO,Haas F1 Team,2025,Italian Grand Prix,Race,race,1.2890000000000017,0.0610212847881538,29,dry,
COL,GAS,Alpine,2025,Italian Grand Prix,Race,race,1.966000000000008,0.1190666522737697,9,dry,
HAD,LAW,Racing Bulls,2025,Italian Grand Prix,Race,race,-0.2890000000000086,0.0637329900838262,22,dry,
HAM,LEC,Ferrari,2025,Italian Grand Prix,Race,race,-0.0189999999999912,0.0893511850244029,35,dry,
NOR,PIA,McLaren,2025,Italian Grand Prix,Race,race,0.0699999999999931,0.0555368692297629,41,dry,
TSU,VER,Red Bull Racing,2025,Italian Grand Prix,Race,race,-1.5249999999999917,0.3866948247371291,21,dry,
ALO,STR,Aston Martin,2025,Italian Grand Prix,Race,race,,,0,,insufficient_matched_pairs
BOR,HUL,Kick Sauber,2025,Italian Grand Prix,Race,race,,,0,,missing_lap_time_data
ALB,SAI,Williams,2025,Italian Grand Prix,Qualifying,qualifying,-0.5649999999999977,0.4050634478458678,3,dry,
ANT,RUS,Mercedes,2025,Italian Grand Prix,Qualifying,qualifying,-0.0390000000000014,0.1927484156270196,4,dry,
BEA,OCO,Haas F1 Team,2025,Italian Grand Prix,Qualifying,qualifying,0.2560000000000002,0.0401885872673648,5,dry,
BOR,HUL,Kick Sauber,2025,Italian Grand Prix,Qualifying,qualifying,-0.0030000000000001,0.465813552410846,5,dry,
COL,GAS,Alpine,2025,Italian Grand Prix,Qualifying,qualifying,0.039999999999992,0.0556747227991125,3,dry,
HAM,LEC,Ferrari,2025,Italian Grand Prix,Qualifying,qualifying,-0.0889999999999915,0.0232729605915236,4,dry,
NOR,PIA,McLaren,2025,Italian Grand Prix,Qualifying,qualifying,-0.0835000000000008,0.11897673732194,4,dry,
TSU,VER,Red Bull Racing,2025,Italian Grand Prix,Qualifying,qualifying,-0.5100000000000051,0.2128695605501348,4,dry,
ALO,STR,Aston Martin,2025,Italian Grand Prix,Qualifying,qualifying,,,0,,insufficient_matched_pairs
HAD,LAW,Racing Bulls,2025,Italian Grand Prix,Qualifying,qualifying,,,0,,insufficient_matched_pairs
ALB,SAI,Williams,2025,Azerbaijan Grand Prix,Race,race,-0.9989999999999952,0.1690094025584167,23,dry,
ALO,STR,Aston Martin,2025,Azerbaijan Grand Prix,Race,race,-0.0064999999999955,0.3353600786115231,22,dry,
ANT,RUS,Mercedes,2025,Azerbaijan Grand Prix,Race,race,0.9759999999999992,0.1740975301059402,27,dry,
BEA,OCO,Haas F1 Team,2025,Azerbaijan Grand Prix,Race,race,-0.054000000000002,0.1388455486156097,17,dry,
BOR,HUL,Kick Sauber,2025,Azerbaijan Grand Prix,Race,race,0.2855000000000061,0.2783490926181748,26,dry,
COL,GAS,Alpine,2025,Azerbaijan Grand Prix,Race,race,0.8260000000000005,0.1790833855917225,30,dry,
HAD,LAW,Racing Bulls,2025,Azerbaijan Grand Prix,Race,race,0.8449999999999989,0.1544814050760278,28,dry,
HAM,LEC,Ferrari,2025,Azerbaijan Grand Prix,Race,race,-1.0689999999999884,0.3168670332817541,27,dry,
TSU,VER,Red Bull Racing,2025,Azerbaijan Grand Prix,Race,race,-0.6239999999999952,0.0790003091123042,33,dry,
NOR,PIA,McLaren,2025,Azerbaijan Grand Prix,Race,race,,,0,,missing_lap_time_data
TSU,VER,Red Bull Racing,2025,Azerbaijan Grand Prix,Qualifying,qualifying,-0.5330000000000013,0.2158999788440539,3,dry,
COL,GAS,Alpine,2025,Azerbaijan Grand Prix,Qualifying,qualifying,,,0,,insufficient_matched_pairs
ALO,STR,Aston Martin,2025,Azerbaijan Grand Prix,Qualifying,qualifying,,,0,,insufficient_matched_pairs
HAM,LEC,Ferrari,2025,Azerbaijan Grand Prix,Qualifying,qualifying,,,0,,insufficient_matched_pairs
BEA,OCO,Haas F1 Team,2025,Azerbaijan Grand Prix,Qualifying,qualifying,,,0,,insufficient_matched_pairs
BOR,HUL,Kick Sauber,2025,Azerbaijan Grand Prix,Qualifying,qualifying,,,0,,insufficient_matched_pairs
NOR,PIA,McLaren,2025,Azerbaijan Grand Prix,Qualifying,qualifying,,,0,,insufficient_matched_pairs
ANT,RUS,Mercedes,2025,Azerbaijan Grand Prix,Qualifying,qualifying,,,0,,insufficient_matched_pairs
HAD,LAW,Racing Bulls,2025,Azerbaijan Grand Prix,Qualifying,qualifying,,,0,,insufficient_matched_pairs
ALB,SAI,Williams,2025,Azerbaijan Grand Prix,Qualifying,qualifying,,,0,,insufficient_matched_pairs
ALB,SAI,Williams,2025,Singapore Grand Prix,Race,race,-0.0475000000000065,0.1373142696322745,40,dry,
ALO,STR,Aston Martin,2025,Singapore Grand Prix,Race,race,0.3330000000000055,0.0774893404855713,38,dry,
ANT,RUS,Mercedes,2025,Singapore Grand Prix,Race,race,-0.5060000000000002,0.1104237863124774,46,dry,
BEA,OCO,Haas F1 Team,2025,Singapore Grand Prix,Race,race,0.4469999999999885,0.1181105838187653,39,dry,
BOR,HUL,Kick Sauber,2025,Singapore Grand Prix,Race,race,0.3589999999999946,0.2958722061335986,25,dry,
COL,GAS,Alpine,2025,Singapore Grand Prix,Race,race,0.4299999999999926,0.1982649009430216,25,dry,
HAD,LAW,Racing Bulls,2025,Singapore Grand Prix,Race,race,-1.6000000000000014,0.3859253682249856,8,dry,
HAM,LEC,Ferrari,2025,Singapore Grand Prix,Race,race,0.119499999999995,0.0925126508190195,34,dry,
NOR,PIA,McLaren,2025,Singapore Grand Prix,Race,race,0.0180000000000006,0.0823305575816901,47,dry,
TSU,VER,Red Bull Racing,2025,Singapore Grand Prix,Race,race,-1.8440000000000083,0.0735301370599562,39,dry,
ALB,SAI,Williams,2025,Singapore Grand Prix,Qualifying,qualifying,-0.2409999999999996,0.363584218067326,3,dry,
ANT,RUS,Mercedes,2025,Singapore Grand Prix,Qualifying,qualifying,-0.2295000000000016,0.2440723150476544,4,dry,
HAD,LAW,Racing Bulls,2025,Singapore Grand Prix,Qualifying,qualifying,0.4669999999999987,0.1235325779250527,3,dry,
HAM,LEC,Ferrari,2025,Singapore Grand Prix,Qualifying,qualifying,0.1700000000000017,0.1864797867380256,3,dry,
NOR,PIA,McLaren,2025,Singapore Grand Prix,Qualifying,qualifying,-0.0394999999999967,0.1386219781368474,4,dry,
TSU,VER,Red Bull Racing,2025,Singapore Grand Prix,Qualifying,qualifying,-0.8599999999999994,0.3077423221671936,3,dry,
COL,GAS,Alpine,2025,Singapore Grand Prix,Qualifying,qualifying,,,0,,insufficient_matched_pairs
ALO,STR,Aston Martin,2025,Singapore Grand Prix,Qualifying,qualifying,,,0,,insufficient_matched_pairs
BEA,OCO,Haas F1 Team,2025,Singapore Grand Prix,Qualifying,qualifying,,,0,,insufficient_matched_pairs
BOR,HUL,Kick Sauber,2025,Singapore Grand Prix,Qualifying,qualifying,,,0,,insufficient_matched_pairs
ALO,STR,Aston Martin,2025,United States Grand Prix,Race,race,-0.8599999999999994,0.9548027702220884,38,dry,
ANT,RUS,Mercedes,2025,United States Grand Prix,Race,race,-0.4299999999999926,0.1419952849215087,41,dry,
BEA,OCO,Haas F1 Team,2025,United States Grand Prix,Race,race,-0.9699999999999988,0.1005061526299083,20,dry,
BOR,HUL,Kick Sauber,2025,United States Grand Prix,Race,race,-0.6640000000000015,0.2577213959257505,27,dry,
COL,GAS,Alpine,2025,United States Grand Prix,Race,race,-0.041000000000011,0.099592367155299,35,dry,
HAD,LAW,Racing Bulls,2025,United States Grand Prix,Race,race,-0.4579999999999984,0.2145795959055284,17,dry,
HAM,LEC,Ferrari,2025,United States Grand Prix,Race,race,-1.1715000000000018,0.3535655681921111,34,dry,
NOR,PIA,McLaren,2025,United States Grand Prix,Race,race,0.5544999999999902,0.0744546857103283,38,dry,
TSU,VER,Red Bull Racing,2025,United States Grand Prix,Race,race,-1.0359999999999945,0.0283059724983821,38,dry,
ALB,SAI,Williams,2025,United States Grand Prix,Race,race,,,0,,insufficient_matched_pairs
ANT,RUS,Mercedes,2025,United States Grand Prix,Qualifying,qualifying,-0.1049999999999968,0.1727599052467353,4,dry,
COL,GAS,Alpine,2025,United States Grand Prix,Qualifying,qualifying,-0.4399999999999977,0.2503078203511243,3,dry,
HAM,LEC,Ferrari,2025,United States Grand Prix,Qualifying,qualifying,-0.0450000000000017,1.6006890153189492,3,dry,
NOR,PIA,McLaren,2025,United States Grand Prix,Qualifying,qualifying,0.3519999999999896,0.1086002163072528,3,dry,
TSU,VER,Red Bull Racing,2025,United States Grand Prix,Qualifying,qualifying,-0.7280000000000086,0.0495382660051734,3,dry,
ALO,STR,Aston Martin,2025,United States Grand Prix,Qualifying,qualifying,,,0,,insufficient_matched_pairs
BEA,OCO,Haas F1 Team,2025,United States Grand Prix,Qualifying,qualifying,,,0,,insufficient_matched_pairs
BOR,HUL,Kick Sauber,2025,United States Grand Prix,Qualifying,qualifying,,,0,,insufficient_matched_pairs
HAD,LAW,Racing Bulls,2025,United States Grand Prix,Qualifying,qualifying,,,0,,missing_lap_time_data
ALB,SAI,Williams,2025,United States Grand Prix,Qualifying,qualifying,,,0,,insufficient_matched_pairs
ALB,SAI,Williams,2025,Mexico City Grand Prix,Race,race,1.0859999999999983,0.0552819734867747,22,dry,
ALO,STR,Aston Martin,2025,Mexico City Grand Prix,Race,race,-0.3250000000000028,0.0813509784864366,23,dry,
ANT,RUS,Mercedes,2025,Mexico City Grand Prix,Race,race,-0.007000000000005,0.0546654582742002,53,dry,
BEA,OCO,Haas F1 Team,2025,Mexico City Grand Prix,Race,race,0.3529999999999944,0.1232555488175458,37,dry,
BOR,HUL,Kick Sauber,2025,Mexico City Grand Prix,Race,race,2.0075000000000003,0.1609324909104146,18,dry,
COL,GAS,Alpine,2025,Mexico City Grand Prix,Race,race,0.8909999999999911,0.0838818664761553,17,dry,
HAM,LEC,Ferrari,2025,Mexico City Grand Prix,Race,race,-0.2710000000000008,0.0635684392148663,36,dry,
NOR,PIA,McLaren,2025,Mexico City Grand Prix,Race,race,0.8799999999999955,0.0697325911842771,37,dry,
TSU,VER,Red Bull Racing,2025,Mexico City Grand Prix,Race,race,-0.5060000000000002,0.1073735085022298,54,dry,
HAD,LAW,Racing Bulls,2025,Mexico City Grand Prix,Race,race,,,0,,no_compound_overlap
ALO,STR,Aston Martin,2025,Mexico City Grand Prix,Qualifying,qualifying,0.4549999999999983,0.1988171492473267,3,dry,
ANT,RUS,Mercedes,2025,Mexico City Grand Prix,Qualifying,qualifying,-0.2644999999999982,0.2402766551097734,4,dry,
BEA,OCO,Haas F1 Team,2025,Mexico City Grand Prix,Qualifying,qualifying,0.1239999999999952,0.1004409790587216,5,dry,
BOR,HUL,Kick Sauber,2025,Mexico City Grand Prix,Qualifying,qualifying,-0.1610000000000013,0.4731940473319901,3,dry,
HAD,LAW,Racing Bulls,2025,Mexico City Grand Prix,Qualifying,qualifying,0.2279999999999944,0.3840136253304569,3,dry,
HAM,LEC,Ferrari,2025,Mexico City Grand Prix,Qualifying,qualifying,-0.2364999999999995,0.2183997072843539,4,dry,
NOR,PIA,McLaren,2025,Mexico City Grand Prix,Qualifying,qualifying,0.4435000000000002,0.2129705957224948,4,dry,
TSU,VER,Red Bull Racing,2025,Mexico City Grand Prix,Qualifying,qualifying,-0.2030000000000029,0.0493398624037593,4,dry,
COL,GAS,Alpine,2025,Mexico City Grand Prix,Qualifying,qualifying,,,0,,insufficient_matched_pairs
ALB,SAI,Williams,2025,Mexico City Grand Prix,Qualifying,qualifying,,,0,,insufficient_matched_pairs
ALB,SAI,Williams,2025,São Paulo Grand Prix,Race,race,0.0979999999999989,0.3415127470936133,44,dry,
ALO,STR,Aston Martin,2025,São Paulo Grand Prix,Race,race,-0.2605000000000004,0.0785440755216441,50,dry,
ANT,RUS,Mercedes,2025,São Paulo Grand Prix,Race,race,0.146499999999996,0.1145563295780569,40,dry,
BEA,OCO,Haas F1 Team,2025,São Paulo Grand Prix,Race,race,0.4069999999999965,0.1620505303119189,43,dry,
COL,GAS,Alpine,2025,São Paulo Grand Prix,Race,race,-0.0580000000000069,0.2799668942064414,38,dry,
HAD,LAW,Racing Bulls,2025,São Paulo Grand Prix,Race,race,0.2259999999999991,0.0883747199720015,39,dry,
NOR,PIA,McLaren,2025,São Paulo Grand Prix,Race,race,0.0619999999999905,0.1623241681923226,46,dry,
TSU,VER,Red Bull Racing,2025,São Paulo Grand Prix,Race,race,-0.9779999999999944,0.1533706723566782,37,dry,
HAM,LEC,Ferrari,2025,São Paulo Grand Prix,Race,race,,,0,,insufficient_matched_pairs
BOR,HUL,Kick Sauber,2025,São Paulo Grand Prix,Race,race,,,0,,missing_lap_time_data
ALB,SAI,Williams,2025,São Paulo Grand Prix,Qualifying,qualifying,0.4350000000000023,0.1571493493273034,3,dry,
ALO,STR,Aston Martin,2025,São Paulo Grand Prix,Qualifying,qualifying,-0.0049999999999954,0.1276008280353828,5,dry,
ANT,RUS,Mercedes,2025,São Paulo Grand Prix,Qualifying,qualifying,0.1059999999999945,0.047640890056817,3,dry,
HAD,LAW,Racing Bulls,2025,São Paulo Grand Prix,Qualifying,qualifying,-0.054000000000002,0.0558200703981954,4,dry,
HAM,LEC,Ferrari,2025,São Paulo Grand Prix,Qualifying,qualifying,-0.2989999999999924,0.1864722315309446,3,dry,
NOR,PIA,McLaren,2025,São Paulo Grand Prix,Qualifying,qualifying,-0.095000000000013,0.3644898911969762,3,dry,
TSU,VER,Red Bull Racing,2025,São Paulo Grand Prix,Qualifying,qualifying,-0.3079999999999927,0.2899335362448446,3,dry,
COL,GAS,Alpine,2025,São Paulo Grand Prix,Qualifying,qualifying,,,0,,insufficient_matched_pairs
BEA,OCO,Haas F1 Team,2025,São Paulo Grand Prix,Qualifying,qualifying,,,0,,insufficient_matched_pairs
BOR,HUL,Kick Sauber,2025,São Paulo Grand Prix,Qualifying,qualifying,,,0,,missing_lap_time_data
ALB,SAI,Williams,2025,Las Vegas Grand Prix,Race,race,-1.7390000000000043,0.2840483970943879,15,dry,
ANT,RUS,Mercedes,2025,Las Vegas Grand Prix,Race,race,-0.6910000000000025,0.1654544850574508,23,dry,
BEA,OCO,Haas F1 Team,2025,Las Vegas Grand Prix,Race,race,-0.9819999999999992,0.2743781400982293,25,dry,
COL,GAS,Alpine,2025,Las Vegas Grand Prix,Race,race,-0.9809999999999944,0.1056058560299957,15,dry,
HAD,LAW,Racing Bulls,2025,Las Vegas Grand Prix,Race,race,1.7665000000000006,0.0988529937438534,20,dry,
HAM,LEC,Ferrari,2025,Las Vegas Grand Prix,Race,race,-1.1019999999999897,0.9445134830608196,31,dry,
NOR,PIA,McLaren,2025,Las Vegas Grand Prix,Race,race,0.3950000000000102,0.1046023554073065,33,dry,
TSU,VER,Red Bull Racing,2025,Las Vegas Grand Prix,Race,race,-0.9680000000000036,1.2477828147513466,28,dry,
ALO,STR,Aston Martin,2025,Las Vegas Grand Prix,Race,race,,,0,,missing_lap_time_data
BOR,HUL,Kick Sauber,2025,Las Vegas Grand Prix,Race,race,,,0,,teammate_dnf_no_matched_laps
BEA,OCO,Haas F1 Team,2025,Las Vegas Grand Prix,Qualifying,qualifying,1.356999999999999,1.6633028503345233,3,dry,
COL,GAS,Alpine,2025,Las Vegas Grand Prix,Qualifying,qualifying,,,2,dry,insufficient_matched_pairs
COL,GAS,Alpine,2025,Las Vegas Grand Prix,Qualifying,qualifying,,,1,wet,insufficient_matched_pairs
HAD,LAW,Racing Bulls,2025,Las Vegas Grand Prix,Qualifying,qualifying,-0.4920000000000044,0.7591104524896735,3,dry,
NOR,PIA,McLaren,2025,Las Vegas Grand Prix,Qualifying,qualifying,-0.4699999999999988,1.333492534603718,3,dry,
ALO,STR,Aston Martin,2025,Las Vegas Grand Prix,Qualifying,qualifying,,,0,,insufficient_matched_pairs
HAM,LEC,Ferrari,2025,Las Vegas Grand Prix,Qualifying,qualifying,,,0,,insufficient_matched_pairs
BOR,HUL,Kick Sauber,2025,Las Vegas Grand Prix,Qualifying,qualifying,,,0,,insufficient_matched_pairs
ANT,RUS,Mercedes,2025,Las Vegas Grand Prix,Qualifying,qualifying,,,0,,insufficient_matched_pairs
TSU,VER,Red Bull Racing,2025,Las Vegas Grand Prix,Qualifying,qualifying,,,0,,insufficient_matched_pairs
ALB,SAI,Williams,2025,Las Vegas Grand Prix,Qualifying,qualifying,,,0,,insufficient_matched_pairs
ALB,SAI,Williams,2025,Qatar Grand Prix,Race,race,-0.9039999999999964,0.0655373585779068,26,dry,
ALO,STR,Aston Martin,2025,Qatar Grand Prix,Race,race,0.1740000000000066,0.2757689673755328,25,dry,
ANT,RUS,Mercedes,2025,Qatar Grand Prix,Race,race,0.5214999999999961,0.053450154974675,42,dry,
BEA,OCO,Haas F1 Team,2025,Qatar Grand Prix,Race,race,0.1965000000000003,0.0721231760013154,30,dry,
COL,GAS,Alpine,2025,Qatar Grand Prix,Race,race,-2.021999999999992,0.1258783100813995,21,dry,
HAD,LAW,Racing Bulls,2025,Qatar Grand Prix,Race,race,0.1569999999999964,0.0655284640106554,43,dry,
HAM,LEC,Ferrari,2025,Qatar Grand Prix,Race,race,-0.1119999999999947,0.054778909882982,23,dry,
NOR,PIA,McLaren,2025,Qatar Grand Prix,Race,race,-0.25,0.0510651115083816,36,dry,
TSU,VER,Red Bull Racing,2025,Qatar Grand Prix,Race,race,-1.522999999999996,0.1262620871784512,45,dry,
BOR,HUL,Kick Sauber,2025,Qatar Grand Prix,Race,race,,,0,,insufficient_matched_pairs
ALB,SAI,Williams,2025,Qatar Grand Prix,Qualifying,qualifying,-0.150500000000008,0.0759903079125654,6,dry,
ALO,STR,Aston Martin,2025,Qatar Grand Prix,Qualifying,qualifying,0.6509999999999962,0.258029370333993,3,dry,
ANT,RUS,Mercedes,2025,Qatar Grand Prix,Qualifying,qualifying,-0.2239999999999966,0.0698258990287642,4,dry,
BEA,OCO,Haas F1 Team,2025,Qatar Grand Prix,Qualifying,qualifying,0.4579999999999913,0.0787187798260212,4,dry,
BOR,HUL,Kick Sauber,2025,Qatar Grand Prix,Qualifying,qualifying,-0.2270000000000038,0.0227205771190891,3,dry,
COL,GAS,Alpine,2025,Qatar Grand Prix,Qualifying,qualifying,-0.6239999999999952,0.6072279889090406,3,dry,
HAD,LAW,Racing Bulls,2025,Qatar Grand Prix,Qualifying,qualifying,0.2340000000000088,0.1457235497232464,5,dry,
HAM,LEC,Ferrari,2025,Qatar Grand Prix,Qualifying,qualifying,-0.323999999999998,0.187796535438548,3,dry,
NOR,PIA,McLaren,2025,Qatar Grand Prix,Qualifying,qualifying,0.0069999999999907,0.2234260439096006,3,dry,
TSU,VER,Red Bull Racing,2025,Qatar Grand Prix,Qualifying,qualifying,-0.3659999999999996,0.0837017723270542,3,dry,
ALB,SAI,Williams,2025,Abu Dhabi Grand Prix,Race,race,-0.1550000000000011,0.3101479626932319,29,dry,
ALO,STR,Aston Martin,2025,Abu Dhabi Grand Prix,Race,race,0.4510000000000076,0.1721855206820035,45,dry,
ANT,RUS,Mercedes,2025,Abu Dhabi Grand Prix,Race,race,-0.7810000000000059,0.5067931305900026,29,dry,
BEA,OCO,Haas F1 Team,2025,Abu Dhabi Grand Prix,Race,race,-0.2359999999999971,0.0765113694077452,42,dry,
BOR,HUL,Kick Sauber,2025,Abu Dhabi Grand Prix,Race,race,-0.6199999999999903,0.264152345400491,37,dry,
COL,GAS,Alpine,2025,Abu Dhabi Grand Prix,Race,race,-0.0925000000000011,0.0531743359879368,40,dry,
HAD,LAW,Racing Bulls,2025,Abu Dhabi Grand Prix,Race,race,-0.5035000000000025,0.0951675489774679,40,dry,
HAM,LEC,Ferrari,2025,Abu Dhabi Grand Prix,Race,race,-0.441999999999993,0.6117089847313039,33,dry,
NOR,PIA,McLaren,2025,Abu Dhabi Grand Prix,Race,race,0.8930000000000007,0.9978211555013832,32,dry,
TSU,VER,Red Bull Racing,2025,Abu Dhabi Grand Prix,Race,race,-2.018499999999996,0.7672408124063604,46,dry,
ALO,STR,Aston Martin,2025,Abu Dhabi Grand Prix,Qualifying,qualifying,0.295499999999997,0.0976712650976524,4,dry,
ANT,RUS,Mercedes,2025,Abu Dhabi Grand Prix,Qualifying,qualifying,-0.1034999999999968,0.2329415224055355,4,dry,
BEA,OCO,Haas F1 Team,2025,Abu Dhabi Grand Prix,Qualifying,qualifying,-0.0180000000000006,0.2583414815628642,3,dry,
BOR,HUL,Kick Sauber,2025,Abu Dhabi Grand Prix,Qualifying,qualifying,-0.1910000000000025,0.145530097661364,3,dry,
HAD,LAW,Racing Bulls,2025,Abu Dhabi Grand Prix,Qualifying,qualifying,-0.0140000000000028,0.1107934346437564,4,dry,
NOR,PIA,McLaren,2025,Abu Dhabi Grand Prix,Qualifying,qualifying,0.0289999999999963,0.1248274173413855,3,dry,
TSU,VER,Red Bull Racing,2025,Abu Dhabi Grand Prix,Qualifying,qualifying,-0.4159999999999968,0.1899715993314556,3,dry,
COL,GAS,Alpine,2025,Abu Dhabi Grand Prix,Qualifying,qualifying,,,0,,insufficient_matched_pairs
HAM,LEC,Ferrari,2025,Abu Dhabi Grand Prix,Qualifying,qualifying,,,0,,insufficient_matched_pairs
ALB,SAI,Williams,2025,Abu Dhabi Grand Prix,Qualifying,qualifying,,,0,,insufficient_matched_pairs
ALB,SAI,Williams,2026,Australian Grand Prix,Race,race,0.2659999999999911,0.131678850692585,25,dry,
ANT,RUS,Mercedes,2026,Australian Grand Prix,Race,race,0.0749999999999886,0.0753707687620608,37,dry,
BEA,OCO,Haas F1 Team,2026,Australian Grand Prix,Race,race,0.465999999999994,0.1415535575167416,31,dry,
BOT,PER,Cadillac,2026,Australian Grand Prix,Race,race,0.6730000000000018,0.9806290057136,9,dry,
COL,GAS,Alpine,2026,Australian Grand Prix,Race,race,-0.7115000000000009,0.190997818721854,20,dry,
HAM,LEC,Ferrari,2026,Australian Grand Prix,Race,race,0.0929999999999964,0.0687247148078866,32,dry,
LAW,LIN,Racing Bulls,2026,Australian Grand Prix,Race,race,-0.8164999999999978,0.1390230021718824,22,dry,
ALO,STR,Aston Martin,2026,Australian Grand Prix,Race,race,,,0,,insufficient_matched_pairs
BOR,HUL,Audi,2026,Australian Grand Prix,Race,race,,,0,,missing_lap_time_data
NOR,PIA,McLaren,2026,Australian Grand Prix,Race,race,,,0,,missing_lap_time_data
HAD,VER,Red Bull Racing,2026,Australian Grand Prix,Race,race,,,0,,insufficient_matched_pairs
ANT,RUS,Mercedes,2026,Australian Grand Prix,Qualifying,qualifying,-0.4480000000000075,0.356260804579847,3,dry,
BEA,OCO,Haas F1 Team,2026,Australian Grand Prix,Qualifying,qualifying,-0.0735000000000027,0.2924626582359905,6,dry,
BOR,HUL,Audi,2026,Australian Grand Prix,Qualifying,qualifying,0.5389999999999944,0.2146309068078454,4,dry,
COL,GAS,Alpine,2026,Australian Grand Prix,Qualifying,qualifying,-0.7189999999999941,0.2615172811581371,5,dry,
HAM,LEC,Ferrari,2026,Australian Grand Prix,Qualifying,qualifying,-0.1509999999999962,0.1455825084368344,3,dry,
LAW,LIN,Racing Bulls,2026,Australian Grand Prix,Qualifying,qualifying,1.0889999999999986,0.5773414936207659,3,dry,
NOR,PIA,McLaren,2026,Australian Grand Prix,Qualifying,qualifying,-0.1975000000000051,0.2708783036774154,4,dry,
ALO,STR,Aston Martin,2026,Australian Grand Prix,Qualifying,qualifying,,,0,,missing_lap_time_data
BOT,PER,Cadillac,2026,Australian Grand Prix,Qualifying,qualifying,,,0,,insufficient_matched_pairs
HAD,VER,Red Bull Racing,2026,Australian Grand Prix,Qualifying,qualifying,,,0,,insufficient_matched_pairs
ALB,SAI,Williams,2026,Australian Grand Prix,Qualifying,qualifying,,,0,,missing_lap_time_data
ANT,RUS,Mercedes,2026,Chinese Grand Prix,Race,race,0.0030000000000001,0.0738221894785661,40,dry,
BEA,OCO,Haas F1 Team,2026,Chinese Grand Prix,Race,race,0.742999999999995,0.4901165299690979,17,dry,
BOT,PER,Cadillac,2026,Chinese Grand Prix,Race,race,-0.0300000000000011,0.097064385466173,35,dry,
COL,GAS,Alpine,2026,Chinese Grand Prix,Race,race,-0.5775000000000077,0.6003661749657826,22,dry,
HAD,VER,Red Bull Racing,2026,Chinese Grand Prix,Race,race,-0.5144999999999982,0.0887290885231592,18,dry,
HAM,LEC,Ferrari,2026,Chinese Grand Prix,Race,race,0.0420000000000015,0.0623659807471554,37,dry,
LAW,LIN,Racing Bulls,2026,Chinese Grand Prix,Race,race,0.7134999999999962,0.0965355118222945,30,dry,
ALO,STR,Aston Martin,2026,Chinese Grand Prix,Race,race,,,0,,insufficient_matched_pairs
BOR,HUL,Audi,2026,Chinese Grand Prix,Race,race,,,0,,missing_lap_time_data
NOR,PIA,McLaren,2026,Chinese Grand Prix,Race,race,,,0,,missing_lap_time_data
ALB,SAI,Williams,2026,Chinese Grand Prix,Race,race,,,0,,missing_lap_time_data
ALB,SAI,Williams,2026,Chinese Grand Prix,Qualifying,qualifying,-0.1490000000000009,0.7992567706221752,3,dry,
ALO,STR,Aston Martin,2026,Chinese Grand Prix,Qualifying,qualifying,0.7920000000000016,0.0882213690721308,3,dry,
ANT,RUS,Mercedes,2026,Chinese Grand Prix,Qualifying,qualifying,-0.0430000000000063,0.1682796606699559,3,dry,
BEA,OCO,Haas F1 Team,2026,Chinese Grand Prix,Qualifying,qualifying,0.2995000000000019,0.0622144553798255,4,dry,
BOR,HUL,Audi,2026,Chinese Grand Prix,Qualifying,qualifying,-0.3259999999999934,0.1363040621124304,3,dry,
COL,GAS,Alpine,2026,Chinese Grand Prix,Qualifying,qualifying,-0.4100000000000037,0.38191014694079,4,dry,
HAD,VER,Red Bull Racing,2026,Chinese Grand Prix,Qualifying,qualifying,-0.1460000000000008,0.0879786152467797,4,dry,
HAM,LEC,Ferrari,2026,Chinese Grand Prix,Qualifying,qualifying,-0.0339999999999989,0.1123849205648577,4,dry,
LAW,LIN,Racing Bulls,2026,Chinese Grand Prix,Qualifying,qualifying,0.1615000000000037,0.4917252988582996,4,dry,
NOR,PIA,McLaren,2026,Chinese Grand Prix,Qualifying,qualifying,0.0174999999999982,0.0624211807286101,4,dry,
BOT,PER,Cadillac,2026,Chinese Grand Prix,Qualifying,qualifying,,,0,,insufficient_matched_pairs
ALB,SAI,Williams,2026,Japanese Grand Prix,Race,race,-0.2240000000000037,0.0834406475326074,27,dry,
ALO,STR,Aston Martin,2026,Japanese Grand Prix,Race,race,-0.1020000000000038,0.0494442369095058,19,dry,
ANT,RUS,Mercedes,2026,Japanese Grand Prix,Race,race,0.3504999999999967,0.0674679769643773,38,dry,
BEA,OCO,Haas F1 Team,2026,Japanese Grand Prix,Race,race,-0.217499999999994,0.1613050630555893,12,dry,
BOR,HUL,Audi,2026,Japanese Grand Prix,Race,race,-0.4065000000000083,0.07025663224297,38,dry,
BOT,PER,Cadillac,2026,Japanese Grand Prix,Race,race,0.4950000000000045,1.4195398871631804,19,dry,
COL,GAS,Alpine,2026,Japanese Grand Prix,Race,race,-0.9570000000000008,0.0835476289687885,28,dry,
HAD,VER,Red Bull Racing,2026,Japanese Grand Prix,Race,race,-0.8990000000000009,0.1318320639756953,31,dry,
HAM,LEC,Ferrari,2026,Japanese Grand Prix,Race,race,-0.0679999999999978,0.09553532317407,27,dry,
LAW,LIN,Racing Bulls,2026,Japanese Grand Prix,Race,race,0.0420000000000015,0.071901013147878,29,dry,
NOR,PIA,McLaren,2026,Japanese Grand Prix,Race,race,-0.2229999999999989,0.0804676372254118,33,dry,
ALB,SAI,Williams,2026,Japanese Grand Prix,Qualifying,qualifying,0.0790000000000077,0.1248688149096309,3,dry,
ALO,STR,Aston Martin,2026,Japanese Grand Prix,Qualifying,qualifying,0.5619999999999976,0.4727296170061607,3,dry,
ANT,RUS,Mercedes,2026,Japanese Grand Prix,Qualifying,qualifying,0.349499999999999,0.1079525509054642,4,dry,
BEA,OCO,Haas F1 Team,2026,Japanese Grand Prix,Qualifying,qualifying,-0.2250000000000085,0.1497779449979498,3,dry,
BOR,HUL,Audi,2026,Japanese Grand Prix,Qualifying,qualifying,0.0910000000000081,0.1876998914470877,5,dry,
COL,GAS,Alpine,2026,Japanese Grand Prix,Qualifying,qualifying,-0.722999999999999,0.1108632322109387,4,dry,
HAD,VER,Red Bull Racing,2026,Japanese Grand Prix,Qualifying,qualifying,0.0439999999999969,0.111615276149233,4,dry,
HAM,LEC,Ferrari,2026,Japanese Grand Prix,Qualifying,qualifying,-0.2939999999999969,0.1195345842332999,4,dry,
LAW,LIN,Racing Bulls,2026,Japanese Grand Prix,Qualifying,qualifying,0.0165000000000006,0.3097317701870681,4,dry,
NOR,PIA,McLaren,2026,Japanese Grand Prix,Qualifying,qualifying,-0.3105000000000046,0.0789711684426386,4,dry,
BOT,PER,Cadillac,2026,Japanese Grand Prix,Qualifying,qualifying,,,0,,insufficient_matched_pairs
ALB,SAI,Williams,2026,Miami Grand Prix,Race,race,-0.2349999999999994,0.0382267917383431,37,dry,
ALO,STR,Aston Martin,2026,Miami Grand Prix,Race,race,0.1870000000000047,0.1718456233892158,20,dry,
ANT,RUS,Mercedes,2026,Miami Grand Prix,Race,race,0.8889999999999958,0.1102229359961858,32,dry,
BEA,OCO,Haas F1 Team,2026,Miami Grand Prix,Race,race,0.125,0.049905299707937,32,dry,
BOT,PER,Cadillac,2026,Miami Grand Prix,Race,race,-1.153499999999994,0.2707777181978252,10,dry,
HAM,LEC,Ferrari,2026,Miami Grand Prix,Race,race,-0.3579999999999899,0.1014461660369855,29,dry,
NOR,PIA,McLaren,2026,Miami Grand Prix,Race,race,0.3289999999999935,0.1367466814437774,35,dry,
COL,GAS,Alpine,2026,Miami Grand Prix,Race,race,,,0,,insufficient_matched_pairs
BOR,HUL,Audi,2026,Miami Grand Prix,Race,race,,,0,,insufficient_matched_pairs
LAW,LIN,Racing Bulls,2026,Miami Grand Prix,Race,race,,,0,,insufficient_matched_pairs
HAD,VER,Red Bull Racing,2026,Miami Grand Prix,Race,race,,,0,,insufficient_matched_pairs
ALB,SAI,Williams,2026,Miami Grand Prix,Qualifying,qualifying,0.2924999999999969,0.652166404154997,4,dry,
ANT,RUS,Mercedes,2026,Miami Grand Prix,Qualifying,qualifying,0.3990000000000009,0.1508962219998034,3,dry,
BEA,OCO,Haas F1 Team,2026,Miami Grand Prix,Qualifying,qualifying,0.3925000000000054,0.2657489313021552,4,dry,
COL,GAS,Alpine,2026,Miami Grand Prix,Qualifying,qualifying,0.186000000000007,0.1131091385044315,3,dry,
HAD,VER,Red Bull Racing,2026,Miami Grand Prix,Qualifying,qualifying,-0.8755000000000024,0.3578364559025851,4,dry,
HAM,LEC,Ferrari,2026,Miami Grand Prix,Qualifying,qualifying,-0.1745000000000018,0.1365213389684695,4,dry,
NOR,PIA,McLaren,2026,Miami Grand Prix,Qualifying,qualifying,-0.0825000000000031,0.2375150381156551,4,dry,
ALO,STR,Aston Martin,2026,Miami Grand Prix,Qualifying,qualifying,,,0,,insufficient_matched_pairs
BOR,HUL,Audi,2026,Miami Grand Prix,Qualifying,qualifying,,,0,,insufficient_matched_pairs
BOT,PER,Cadillac,2026,Miami Grand Prix,Qualifying,qualifying,,,0,,insufficient_matched_pairs
LAW,LIN,Racing Bulls,2026,Miami Grand Prix,Qualifying,qualifying,,,0,,insufficient_matched_pairs
ALO,STR,Aston Martin,2026,Canadian Grand Prix,Race,race,0.9179999999999992,0.2001715076383747,10,dry,
ANT,RUS,Mercedes,2026,Canadian Grand Prix,Race,race,0.0169999999999959,0.048531217562288,22,dry,
BEA,OCO,Haas F1 Team,2026,Canadian Grand Prix,Race,race,0.7484999999999999,0.2497414925319623,22,dry,
BOR,HUL,Audi,2026,Canadian Grand Prix,Race,race,-0.0750000000000028,0.1443910585070165,31,dry,
BOT,PER,Cadillac,2026,Canadian Grand Prix,Race,race,-0.9755000000000038,0.2038052857318527,16,dry,
COL,GAS,Alpine,2026,Canadian Grand Prix,Race,race,0.1310000000000002,0.1285138031783256,38,dry,
HAD,VER,Red Bull Racing,2026,Canadian Grand Prix,Race,race,-0.1385000000000076,0.0933871974290042,38,dry,
HAM,LEC,Ferrari,2026,Canadian Grand Prix,Race,race,0.3245000000000004,0.0978172785553969,46,dry,
NOR,PIA,McLaren,2026,Canadian Grand Prix,Race,race,0.4769999999999967,0.1515492353320516,16,dry,
LAW,LIN,Racing Bulls,2026,Canadian Grand Prix,Race,race,,,0,,missing_lap_time_data
ALB,SAI,Williams,2026,Canadian Grand Prix,Race,race,,,0,,no_compound_overlap
ALB,SAI,Williams,2026,Canadian Grand Prix,Qualifying,qualifying,-1.0150000000000006,0.3649095379980078,3,dry,
ALO,STR,Aston Martin,2026,Canadian Grand Prix,Qualifying,qualifying,0.7179999999999893,0.1811227004867964,3,dry,
ANT,RUS,Mercedes,2026,Canadian Grand Prix,Qualifying,qualifying,-0.0814999999999983,0.1753109978744255,4,dry,
BEA,OCO,Haas F1 Team,2026,Canadian Grand Prix,Qualifying,qualifying,0.6319999999999979,0.2655976187658578,4,dry,
BOR,HUL,Audi,2026,Canadian Grand Prix,Qualifying,qualifying,-0.1850000000000022,1.1405250840588168,3,dry,
COL,GAS,Alpine,2026,Canadian Grand Prix,Qualifying,qualifying,0.6344999999999956,1.2110835658249028,4,dry,
HAD,VER,Red Bull Racing,2026,Canadian Grand Prix,Qualifying,qualifying,0.1024999999999991,0.2890978004170142,4,dry,
HAM,LEC,Ferrari,2026,Canadian Grand Prix,Qualifying,qualifying,0.7740000000000009,0.2793082444297094,3,dry,
LAW,LIN,Racing Bulls,2026,Canadian Grand Prix,Qualifying,qualifying,-0.828000000000003,0.4815199920465281,6,dry,
NOR,PIA,McLaren,2026,Canadian Grand Prix,Qualifying,qualifying,0.1809999999999973,0.0812568460748591,3,dry,
BOT,PER,Cadillac,2026,Canadian Grand Prix,Qualifying,qualifying,,,0,,insufficient_matched_pairs
ALB,SAI,Williams,2026,Monaco Grand Prix,Race,race,0.0520000000000067,0.1345872002289416,31,dry,
ALO,STR,Aston Martin,2026,Monaco Grand Prix,Race,race,-0.1099999999999994,0.0717843672353493,37,dry,
ANT,RUS,Mercedes,2026,Monaco Grand Prix,Race,race,1.4150000000000065,0.2488430163090081,45,dry,
BEA,OCO,Haas F1 Team,2026,Monaco Grand Prix,Race,race,-1.573999999999998,1.0990444816278326,23,dry,
BOR,HUL,Audi,2026,Monaco Grand Prix,Race,race,0.7690000000000055,0.6036346481999759,47,dry,
BOT,PER,Cadillac,2026,Monaco Grand Prix,Race,race,-1.8499999999999943,0.3618164157503881,10,dry,
COL,GAS,Alpine,2026,Monaco Grand Prix,Race,race,-0.7520000000000095,0.1821923298304556,47,dry,
HAM,LEC,Ferrari,2026,Monaco Grand Prix,Race,race,-0.0959999999999894,0.0877661217277098,41,dry,
LAW,LIN,Racing Bulls,2026,Monaco Grand Prix,Race,race,0.2289999999999992,0.1486057567590895,37,dry,
NOR,PIA,McLaren,2026,Monaco Grand Prix,Race,race,-0.0034999999999953,0.161544393244516,36,dry,
HAD,VER,Red Bull Racing,2026,Monaco Grand Prix,Race,race,,,0,,missing_lap_time_data
ALB,SAI,Williams,2026,Monaco Grand Prix,Qualifying,qualifying,-0.012999999999991,0.153513504683204,3,dry,
ALO,STR,Aston Martin,2026,Monaco Grand Prix,Qualifying,qualifying,0.8920000000000101,0.7487759094405707,3,dry,
ANT,RUS,Mercedes,2026,Monaco Grand Prix,Qualifying,qualifying,0.4849999999999994,1.2653165481594135,5,dry,
BEA,OCO,Haas F1 Team,2026,Monaco Grand Prix,Qualifying,qualifying,0.0675000000000025,0.1850809386500969,4,dry,
BOR,HUL,Audi,2026,Monaco Grand Prix,Qualifying,qualifying,0.0579999999999927,0.2102439109750903,3,dry,
BOT,PER,Cadillac,2026,Monaco Grand Prix,Qualifying,qualifying,0.7729999999999961,1.0641773911881076,3,dry,
COL,GAS,Alpine,2026,Monaco Grand Prix,Qualifying,qualifying,-0.0555000000000021,1.7211263301088462,4,dry,
HAD,VER,Red Bull Racing,2026,Monaco Grand Prix,Qualifying,qualifying,-0.1485000000000056,0.1880721314985199,4,dry,
HAM,LEC,Ferrari,2026,Monaco Grand Prix,Qualifying,qualifying,1.974500000000006,1.776826598881346,4,dry,
LAW,LIN,Racing Bulls,2026,Monaco Grand Prix,Qualifying,qualifying,0.5280000000000058,0.2663765575823568,3,dry,
NOR,PIA,McLaren,2026,Monaco Grand Prix,Qualifying,qualifying,0.0925000000000011,0.1180838727123426,4,dry,
ALB,SAI,Williams,2026,Barcelona Grand Prix,Race,race,-0.3700000000000045,0.5929618073164045,27,dry,
ANT,RUS,Mercedes,2026,Barcelona Grand Prix,Race,race,0.0854999999999961,0.0608223202647867,46,dry,
BEA,OCO,Haas F1 Team,2026,Barcelona Grand Prix,Race,race,0.6470000000000056,0.7885611261198331,38,dry,
BOR,HUL,Audi,2026,Barcelona Grand Prix,Race,race,0.323999999999998,0.4052153867829873,17,dry,
BOT,PER,Cadillac,2026,Barcelona Grand Prix,Race,race,-2.881999999999991,0.551463539566735,9,dry,
COL,GAS,Alpine,2026,Barcelona Grand Prix,Race,race,0.0050000000000096,0.2113693987281966,33,dry,
HAD,VER,Red Bull Racing,2026,Barcelona Grand Prix,Race,race,-1.7240000000000038,0.2459740922232351,21,dry,
HAM,LEC,Ferrari,2026,Barcelona Grand Prix,Race,race,0.7239999999999895,0.2595282796902091,43,dry,
LAW,LIN,Racing Bulls,2026,Barcelona Grand Prix,Race,race,-0.2914999999999992,0.2661348719090505,36,dry,
NOR,PIA,McLaren,2026,Barcelona Grand Prix,Race,race,0.3510000000000133,0.0784230139252048,43,dry,
ALO,STR,Aston Martin,2026,Barcelona Grand Prix,Race,race,,,0,,insufficient_matched_pairs
ALB,SAI,Williams,2026,Barcelona Grand Prix,Qualifying,qualifying,-0.5430000000000064,0.751910847323221,3,dry,
ANT,RUS,Mercedes,2026,Barcelona Grand Prix,Qualifying,qualifying,-0.2690000000000054,0.0993146177422891,3,dry,
BEA,OCO,Haas F1 Team,2026,Barcelona Grand Prix,Qualifying,qualifying,0.5019999999999953,0.2757072437119326,3,dry,
BOR,HUL,Audi,2026,Barcelona Grand Prix,Qualifying,qualifying,0.2620000000000004,0.2296429900059201,3,dry,
COL,GAS,Alpine,2026,Barcelona Grand Prix,Qualifying,qualifying,0.0394999999999967,0.088106401741176,4,dry,
HAD,VER,Red Bull Racing,2026,Barcelona Grand Prix,Qualifying,qualifying,-0.2700000000000102,0.2023469845121029,3,dry,
NOR,PIA,McLaren,2026,Barcelona Grand Prix,Qualifying,qualifying,0.1569999999999964,0.0900347741962235,3,dry,
ALO,STR,Aston Martin,2026,Barcelona Grand Prix,Qualifying,qualifying,,,0,,insufficient_matched_pairs
BOT,PER,Cadillac,2026,Barcelona Grand Prix,Qualifying,qualifying,,,0,,insufficient_matched_pairs
HAM,LEC,Ferrari,2026,Barcelona Grand Prix,Qualifying,qualifying,,,0,,insufficient_matched_pairs
LAW,LIN,Racing Bulls,2026,Barcelona Grand Prix,Qualifying,qualifying,,,0,,insufficient_matched_pairs
ALO,STR,Aston Martin,2026,Austrian Grand Prix,Race,race,-0.0879999999999938,0.0931570509792314,35,dry,
ANT,RUS,Mercedes,2026,Austrian Grand Prix,Race,race,-0.0489999999999923,0.1111068221349363,47,dry,
BEA,OCO,Haas F1 Team,2026,Austrian Grand Prix,Race,race,0.1764999999999972,0.0942570646582437,36,dry,
BOR,HUL,Audi,2026,Austrian Grand Prix,Race,race,0.356500000000004,0.3251525235386679,34,dry,
COL,GAS,Alpine,2026,Austrian Grand Prix,Race,race,-0.1219999999999998,0.0597601478099438,28,dry,
HAD,VER,Red Bull Racing,2026,Austrian Grand Prix,Race,race,-0.1899999999999977,0.2235764347559416,38,dry,
HAM,LEC,Ferrari,2026,Austrian Grand Prix,Race,race,0.034000000000006,0.1206344937407211,43,dry,
LAW,LIN,Racing Bulls,2026,Austrian Grand Prix,Race,race,0.0979999999999989,0.0335516036890954,43,dry,
NOR,PIA,McLaren,2026,Austrian Grand Prix,Race,race,-0.0619999999999976,0.0556104488565055,49,dry,
BOT,PER,Cadillac,2026,Austrian Grand Prix,Race,race,,,0,,teammate_dnf_no_matched_laps
ALB,SAI,Williams,2026,Austrian Grand Prix,Race,race,,,0,,insufficient_matched_pairs
ALB,SAI,Williams,2026,Austrian Grand Prix,Qualifying,qualifying,0.0589999999999975,0.3301512439593222,3,dry,
ANT,RUS,Mercedes,2026,Austrian Grand Prix,Qualifying,qualifying,0.2159999999999939,0.2625141431511031,3,dry,
BEA,OCO,Haas F1 Team,2026,Austrian Grand Prix,Qualifying,qualifying,0.6849999999999952,0.2851075194951388,4,dry,
BOR,HUL,Audi,2026,Austrian Grand Prix,Qualifying,qualifying,0.3599999999999994,0.0900360528166728,4,dry,
BOT,PER,Cadillac,2026,Austrian Grand Prix,Qualifying,qualifying,-0.0850000000000079,0.27315697965553,3,dry,
COL,GAS,Alpine,2026,Austrian Grand Prix,Qualifying,qualifying,-0.3050000000000068,0.3147048768982508,3,dry,
HAD,VER,Red Bull Racing,2026,Austrian Grand Prix,Qualifying,qualifying,-0.1319999999999908,0.3336055049739895,3,dry,
HAM,LEC,Ferrari,2026,Austrian Grand Prix,Qualifying,qualifying,0.3089999999999975,0.1450365294464594,3,dry,
LAW,LIN,Racing Bulls,2026,Austrian Grand Prix,Qualifying,qualifying,0.069500000000005,0.0266649291804435,4,dry,
NOR,PIA,McLaren,2026,Austrian Grand Prix,Qualifying,qualifying,-0.2150000000000034,0.158974214062333,3,dry,
ALO,STR,Aston Martin,2026,Austrian Grand Prix,Qualifying,qualifying,,,0,,insufficient_matched_pairs
ALB,SAI,Williams,2026,British Grand Prix,Race,race,-1.4159999999999968,0.6156968244669222,11,dry,
ALO,STR,Aston Martin,2026,British Grand Prix,Race,race,0.1474999999999937,0.1253563321935558,28,dry,
ANT,RUS,Mercedes,2026,British Grand Prix,Race,race,0.4859999999999971,0.0837609472011024,18,dry,
BEA,OCO,Haas F1 Team,2026,British Grand Prix,Race,race,0.0619999999999976,0.1365911708629377,24,dry,
BOR,HUL,Audi,2026,British Grand Prix,Race,race,0.4930000000000021,0.0497075883350626,22,dry,
BOT,PER,Cadillac,2026,British Grand Prix,Race,race,-0.4899999999999949,0.1154310193155196,25,dry,
COL,GAS,Alpine,2026,British Grand Prix,Race,race,-0.1275000000000048,0.0662732758420813,28,dry,
HAD,VER,Red Bull Racing,2026,British Grand Prix,Race,race,-0.3715000000000046,0.0800685332059974,32,dry,
HAM,LEC,Ferrari,2026,British Grand Prix,Race,race,-0.3019999999999996,0.067476881057348,32,dry,
LAW,LIN,Racing Bulls,2026,British Grand Prix,Race,race,0.0544999999999973,0.0549810956318344,30,dry,
NOR,PIA,McLaren,2026,British Grand Prix,Race,race,1.2985000000000042,1.2791897772301708,12,dry,
ALB,SAI,Williams,2026,British Grand Prix,Qualifying,qualifying,-0.1199999999999903,1.360512224277457,3,dry,
ANT,RUS,Mercedes,2026,British Grand Prix,Qualifying,qualifying,0.3354999999999961,0.3159337171106609,4,dry,
BOR,HUL,Audi,2026,British Grand Prix,Qualifying,qualifying,0.0289999999999963,0.3033822501163947,3,dry,
HAD,VER,Red Bull Racing,2026,British Grand Prix,Qualifying,qualifying,0.1360000000000027,0.0787102582180269,4,dry,
HAM,LEC,Ferrari,2026,British Grand Prix,Qualifying,qualifying,-0.0714999999999932,0.121484437119379,4,dry,
LAW,LIN,Racing Bulls,2026,British Grand Prix,Qualifying,qualifying,-0.3790000000000049,0.1326410001882176,3,dry,
NOR,PIA,McLaren,2026,British Grand Prix,Qualifying,qualifying,0.0120000000000004,0.0966115568859335,4,dry,
COL,GAS,Alpine,2026,British Grand Prix,Qualifying,qualifying,,,0,,insufficient_matched_pairs
ALO,STR,Aston Martin,2026,British Grand Prix,Qualifying,qualifying,,,0,,insufficient_matched_pairs
BOT,PER,Cadillac,2026,British Grand Prix,Qualifying,qualifying,,,0,,insufficient_matched_pairs
BEA,OCO,Haas F1 Team,2026,British Grand Prix,Qualifying,qualifying,,,0,,insufficient_matched_pairs
ALB,SAI,Williams,2026,Belgian Grand Prix,Race,race,-0.4809999999999945,0.0747025727426733,17,dry,
ALO,STR,Aston Martin,2026,Belgian Grand Prix,Race,race,0.1899999999999977,0.1630130378052436,15,dry,
BEA,OCO,Haas F1 Team,2026,Belgian Grand Prix,Race,race,0.1054999999999921,0.0938217672918598,26,dry,
BOR,HUL,Audi,2026,Belgian Grand Prix,Race,race,0.6864999999999952,0.2008522690729227,30,dry,
COL,GAS,Alpine,2026,Belgian Grand Prix,Race,race,0.0609999999999999,0.0553323896496817,24,dry,
HAD,VER,Red Bull Racing,2026,Belgian Grand Prix,Race,race,-0.2740000000000009,0.3641211551827937,19,dry,
HAM,LEC,Ferrari,2026,Belgian Grand Prix,Race,race,-0.1360000000000099,0.0967335564317772,29,dry,
LAW,LIN,Racing Bulls,2026,Belgian Grand Prix,Race,race,-0.6550000000000011,0.1053792000672193,25,dry,
NOR,PIA,McLaren,2026,Belgian Grand Prix,Race,race,-0.073999999999998,0.8771593933814972,19,dry,
BOT,PER,Cadillac,2026,Belgian Grand Prix,Race,race,,,0,,insufficient_matched_pairs
ANT,RUS,Mercedes,2026,Belgian Grand Prix,Race,race,,,0,,missing_lap_time_data
ANT,RUS,Mercedes,2026,Belgian Grand Prix,Qualifying,qualifying,0.5079999999999956,0.0905510505557847,3,dry,
BOR,HUL,Audi,2026,Belgian Grand Prix,Qualifying,qualifying,0.5585000000000093,0.2888130882486005,4,dry,
BOT,PER,Cadillac,2026,Belgian Grand Prix,Qualifying,qualifying,-0.117999999999995,0.314639746844379,3,dry,
COL,GAS,Alpine,2026,Belgian Grand Prix,Qualifying,qualifying,-0.1539999999999963,0.1557916091594288,4,dry,
HAM,LEC,Ferrari,2026,Belgian Grand Prix,Qualifying,qualifying,-0.1460000000000008,0.0788113615521922,3,dry,
LAW,LIN,Racing Bulls,2026,Belgian Grand Prix,Qualifying,qualifying,-0.3000000000000042,0.0691475562006947,4,dry,
NOR,PIA,McLaren,2026,Belgian Grand Prix,Qualifying,qualifying,0.6150000000000091,0.1809952713311679,3,dry,
ALO,STR,Aston Martin,2026,Belgian Grand Prix,Qualifying,qualifying,,,0,,insufficient_matched_pairs
BEA,OCO,Haas F1 Team,2026,Belgian Grand Prix,Qualifying,qualifying,,,0,,insufficient_matched_pairs
HAD,VER,Red Bull Racing,2026,Belgian Grand Prix,Qualifying,qualifying,,,0,,insufficient_matched_pairs
ALB,SAI,Williams,2026,Belgian Grand Prix,Qualifying,qualifying,,,0,,insufficient_matched_pairs
ALB,SAI,Williams,2026,Hungarian Grand Prix,Race,race,0.0964999999999989,0.2902348485818519,28,dry,
ALO,STR,Aston Martin,2026,Hungarian Grand Prix,Race,race,0.3449999999999988,1.2084179045827277,37,dry,
ANT,RUS,Mercedes,2026,Hungarian Grand Prix,Race,race,0.4129999999999967,0.1374971131592509,43,dry,
BEA,OCO,Haas F1 Team,2026,Hungarian Grand Prix,Race,race,-0.4289999999999949,0.1979430384288956,40,dry,
BOR,HUL,Audi,2026,Hungarian Grand Prix,Race,race,-1.4590000000000032,0.6588044137006912,33,dry,
BOT,PER,Cadillac,2026,Hungarian Grand Prix,Race,race,0.3500000000000085,0.1758510753783208,11,dry,
COL,GAS,Alpine,2026,Hungarian Grand Prix,Race,race,-0.4749999999999943,0.1233177897842709,37,dry,
HAD,VER,Red Bull Racing,2026,Hungarian Grand Prix,Race,race,-0.3824999999999932,0.0777012931034616,32,dry,
HAM,LEC,Ferrari,2026,Hungarian Grand Prix,Race,race,-0.0015,0.0464148287978341,48,dry,
LAW,LIN,Racing Bulls,2026,Hungarian Grand Prix,Race,race,0.2199999999999988,0.0777226371614314,29,dry,
NOR,PIA,McLaren,2026,Hungarian Grand Prix,Race,race,0.0910000000000081,0.0510177987646541,39,dry,
ALB,SAI,Williams,2026,Hungarian Grand Prix,Qualifying,qualifying,0.5190000000000055,0.7541764257255162,3,dry,
ANT,RUS,Mercedes,2026,Hungarian Grand Prix,Qualifying,qualifying,0.2239999999999966,0.0331280421724247,4,dry,
BOR,HUL,Audi,2026,Hungarian Grand Prix,Qualifying,qualifying,-0.2729999999999961,0.1643743556878887,3,dry,
BOT,PER,Cadillac,2026,Hungarian Grand Prix,Qualifying,qualifying,0.3629999999999995,0.1152725758441341,3,dry,
COL,GAS,Alpine,2026,Hungarian Grand Prix,Qualifying,qualifying,-0.0300000000000011,0.1643127251513023,3,dry,
HAD,VER,Red Bull Racing,2026,Hungarian Grand Prix,Qualifying,qualifying,-0.0979999999999989,0.2120936473028489,3,dry,
HAM,LEC,Ferrari,2026,Hungarian Grand Prix,Qualifying,qualifying,-0.3049999999999926,0.4961745118576929,3,dry,
LAW,LIN,Racing Bulls,2026,Hungarian Grand Prix,Qualifying,qualifying,0.0720000000000027,0.2357272048154176,3,dry,
NOR,PIA,McLaren,2026,Hungarian Grand Prix,Qualifying,qualifying,0.4719999999999942,0.0905088114436879,3,dry,
ALO,STR,Aston Martin,2026,Hungarian Grand Prix,Qualifying,qualifying,,,0,,insufficient_matched_pairs
BEA,OCO,Haas F1 Team,2026,Hungarian Grand Prix,Qualifying,qualifying,,,0,,insufficient_matched_pairs
