year,race_name,session_name,session_kind,team,reference_driver_code,comparison_driver_code,raw_laps,reference_raw_laps,comparison_raw_laps,missing_lap_time_laps,pit_laps,deleted_laps,inaccurate_laps,lap1_laps,final_driver_laps,non_green_laps,sc_vsc_laps,large_position_change_laps,stint_outlier_laps,lap_level_weather_unreliable_laps,weather_mode_excluded_laps,non_quick_qualifying_laps,valid_laps,candidate_matched_pairs,matched_pair_rows,skip_reason
2022,Bahrain Grand Prix,Race,race,Alfa Romeo,BOT,ZHO,114,57,57,1,12,0,22,2,2,16,12,7,8,0,0,0,82,37,37,
2022,Bahrain Grand Prix,Race,race,AlphaTauri,GAS,TSU,102,45,57,1,10,0,18,2,2,10,7,4,8,0,0,0,74,19,19,
2022,Bahrain Grand Prix,Race,race,Alpine,ALO,OCO,114,57,57,0,12,0,26,2,2,16,12,9,9,0,0,0,75,29,29,
2022,Bahrain Grand Prix,Race,race,Aston Martin,HUL,STR,114,57,57,0,12,0,24,2,2,20,14,5,8,0,0,0,77,35,35,
2022,Bahrain Grand Prix,Race,race,Ferrari,LEC,SAI,114,57,57,2,12,0,22,2,2,16,11,0,11,0,0,0,80,34,34,
2022,Bahrain Grand Prix,Race,race,Haas F1 Team,MAG,MSC,114,57,57,0,10,0,22,2,2,17,12,3,5,0,0,0,85,27,27,
2022,Bahrain Grand Prix,Race,race,McLaren,NOR,RIC,114,57,57,0,12,0,24,2,2,20,14,3,10,0,0,0,76,24,24,
2022,Bahrain Grand Prix,Race,race,Mercedes,HAM,RUS,114,57,57,1,12,0,23,2,2,17,12,4,4,0,0,0,84,35,35,
2022,Bahrain Grand Prix,Race,race,Red Bull Racing,PER,VER,111,57,54,2,13,0,27,2,2,15,11,1,4,0,0,0,79,35,35,
2022,Bahrain Grand Prix,Race,race,Williams,ALB,LAT,114,57,57,0,12,0,24,2,2,20,14,1,10,0,0,0,78,24,24,
2022,Bahrain Grand Prix,Qualifying,qualifying,Alfa Romeo,BOT,ZHO,27,15,12,10,18,0,18,2,2,1,0,0,0,0,0,0,9,4,4,
2022,Bahrain Grand Prix,Qualifying,qualifying,AlphaTauri,GAS,TSU,29,21,8,11,20,0,20,2,2,2,0,0,0,0,0,0,8,2,0,insufficient_matched_pairs
2022,Bahrain Grand Prix,Qualifying,qualifying,Alpine,ALO,OCO,26,14,12,10,18,0,18,2,2,1,0,0,0,0,0,0,8,3,3,
2022,Bahrain Grand Prix,Qualifying,qualifying,Aston Martin,HUL,STR,12,6,6,4,8,0,8,2,2,0,0,0,0,0,0,0,4,2,0,insufficient_matched_pairs
2022,Bahrain Grand Prix,Qualifying,qualifying,Ferrari,LEC,SAI,30,15,15,10,20,0,20,2,2,2,0,0,0,0,0,0,10,4,4,
2022,Bahrain Grand Prix,Qualifying,qualifying,Haas F1 Team,MAG,MSC,23,12,11,9,16,0,16,2,2,1,0,0,0,0,0,0,7,3,3,
2022,Bahrain Grand Prix,Qualifying,qualifying,McLaren,NOR,RIC,22,14,8,6,12,0,12,2,2,0,0,0,2,0,0,2,8,3,3,
2022,Bahrain Grand Prix,Qualifying,qualifying,Mercedes,HAM,RUS,34,17,17,12,20,0,20,2,2,2,0,0,2,0,0,2,12,4,4,
2022,Bahrain Grand Prix,Qualifying,qualifying,Red Bull Racing,PER,VER,32,18,14,11,20,0,20,2,2,2,0,0,1,0,0,1,11,3,3,
2022,Bahrain Grand Prix,Qualifying,qualifying,Williams,ALB,LAT,21,13,8,8,16,0,16,2,2,0,0,0,0,0,0,0,5,2,0,insufficient_matched_pairs
2022,Saudi Arabian Grand Prix,Race,race,Alfa Romeo,BOT,ZHO,86,36,50,7,8,0,20,2,2,17,14,4,9,0,0,0,55,20,20,
2022,Saudi Arabian Grand Prix,Race,race,AlphaTauri,GAS,TSU,50,50,0,2,2,0,10,1,1,12,8,2,4,0,0,0,31,0,0,missing_lap_time_data
2022,Saudi Arabian Grand Prix,Race,race,Alpine,ALO,OCO,86,36,50,7,4,0,16,2,2,18,13,0,9,0,0,0,57,24,24,
2022,Saudi Arabian Grand Prix,Race,race,Aston Martin,HUL,STR,99,50,49,5,4,0,21,2,2,25,16,3,8,0,0,0,63,23,23,
2022,Saudi Arabian Grand Prix,Race,race,Ferrari,LEC,SAI,100,50,50,6,4,0,20,2,2,26,18,0,9,0,0,0,63,29,29,
2022,Saudi Arabian Grand Prix,Race,race,Haas F1 Team,MAG,MSC,50,50,0,2,2,0,10,1,1,12,8,1,3,0,0,0,34,0,0,missing_lap_time_data
2022,Saudi Arabian Grand Prix,Race,race,McLaren,NOR,RIC,86,50,36,5,5,0,18,2,2,19,14,3,8,0,0,0,54,11,11,
2022,Saudi Arabian Grand Prix,Race,race,Mercedes,HAM,RUS,100,50,50,5,4,0,19,2,2,24,16,2,7,0,0,0,69,21,21,
2022,Saudi Arabian Grand Prix,Race,race,Red Bull Racing,PER,VER,100,50,50,6,4,0,21,2,2,26,18,0,9,0,0,0,62,27,27,
2022,Saudi Arabian Grand Prix,Race,race,Williams,ALB,LAT,63,48,15,3,2,0,14,2,2,12,9,1,7,0,0,0,40,8,8,
2022,Saudi Arabian Grand Prix,Qualifying,qualifying,Alfa Romeo,BOT,ZHO,39,22,17,12,16,0,17,2,2,3,0,0,6,0,0,8,14,5,5,
2022,Saudi Arabian Grand Prix,Qualifying,qualifying,AlphaTauri,GAS,TSU,24,22,2,9,14,0,14,2,2,3,0,0,0,0,0,4,6,0,0,missing_lap_time_data
2022,Saudi Arabian Grand Prix,Qualifying,qualifying,Alpine,ALO,OCO,39,20,19,10,20,0,20,2,2,0,0,0,2,0,0,8,11,4,4,
2022,Saudi Arabian Grand Prix,Qualifying,qualifying,Aston Martin,HUL,STR,25,10,15,9,16,0,17,2,2,6,0,0,0,1,0,0,7,3,3,
2022,Saudi Arabian Grand Prix,Qualifying,qualifying,Ferrari,LEC,SAI,44,22,22,16,25,0,25,2,2,4,0,0,0,0,0,9,10,4,4,
2022,Saudi Arabian Grand Prix,Qualifying,qualifying,Haas F1 Team,MAG,MSC,37,24,13,15,22,0,22,2,2,4,0,0,1,0,0,5,10,3,3,
2022,Saudi Arabian Grand Prix,Qualifying,qualifying,McLaren,NOR,RIC,33,16,17,14,18,0,20,2,2,4,0,0,2,0,0,3,10,5,5,
2022,Saudi Arabian Grand Prix,Qualifying,qualifying,Mercedes,HAM,RUS,32,11,21,10,15,0,15,2,2,3,0,0,3,0,0,7,10,3,3,
2022,Saudi Arabian Grand Prix,Qualifying,qualifying,Red Bull Racing,PER,VER,41,19,22,14,23,0,24,2,2,2,0,0,1,0,0,5,11,3,3,
2022,Saudi Arabian Grand Prix,Qualifying,qualifying,Williams,ALB,LAT,13,9,4,5,6,0,6,2,2,2,0,0,1,0,0,3,4,1,0,insufficient_matched_pairs
2022,Australian Grand Prix,Race,race,Alfa Romeo,BOT,ZHO,116,58,58,1,4,0,25,2,2,22,20,4,8,0,0,0,81,38,38,
2022,Australian Grand Prix,Race,race,AlphaTauri,GAS,TSU,115,58,57,2,4,0,26,2,2,22,20,3,10,0,0,0,77,30,30,
2022,Australian Grand Prix,Race,race,Alpine,ALO,OCO,115,57,58,1,6,0,26,2,2,22,20,4,13,0,0,0,74,23,23,
2022,Australian Grand Prix,Race,race,Aston Martin,STR,VET,81,58,23,2,5,0,17,2,2,17,15,1,5,0,0,0,56,15,15,
2022,Australian Grand Prix,Race,race,Ferrari,LEC,SAI,60,58,2,3,2,0,14,2,2,12,11,0,3,0,0,0,42,0,0,teammate_dnf_no_matched_laps
2022,Australian Grand Prix,Race,race,Haas F1 Team,MAG,MSC,114,57,57,2,4,0,24,2,2,22,20,3,8,0,0,0,78,24,24,
2022,Australian Grand Prix,Race,race,McLaren,NOR,RIC,116,58,58,2,4,0,26,2,2,22,20,2,12,0,0,0,76,35,35,
2022,Australian Grand Prix,Race,race,Mercedes,HAM,RUS,116,58,58,2,4,0,23,2,2,22,20,0,8,0,0,0,81,36,36,
2022,Australian Grand Prix,Race,race,Red Bull Racing,PER,VER,97,58,39,4,4,0,25,2,2,21,19,2,6,0,0,0,63,21,21,
2022,Australian Grand Prix,Race,race,Williams,ALB,LAT,115,58,57,0,6,0,26,2,2,22,20,2,7,0,0,0,81,19,19,
2022,Australian Grand Prix,Qualifying,qualifying,Alfa Romeo,BOT,ZHO,29,13,16,7,14,0,14,2,2,7,0,0,4,0,0,4,8,4,4,
2022,Australian Grand Prix,Qualifying,qualifying,AlphaTauri,GAS,TSU,36,19,17,10,20,0,20,2,2,10,0,0,3,0,0,4,8,3,3,
2022,Australian Grand Prix,Qualifying,qualifying,Alpine,ALO,OCO,38,15,23,12,22,0,22,2,2,11,0,0,3,0,0,4,10,3,3,
2022,Australian Grand Prix,Qualifying,qualifying,Aston Martin,STR,VET,5,2,3,2,4,0,4,2,2,2,0,0,0,0,0,0,1,0,0,insufficient_matched_pairs
2022,Australian Grand Prix,Qualifying,qualifying,Ferrari,LEC,SAI,43,21,22,11,20,0,21,2,2,13,0,0,3,0,0,7,8,3,3,
2022,Australian Grand Prix,Qualifying,qualifying,Haas F1 Team,MAG,MSC,30,11,19,10,16,0,16,2,2,8,0,0,3,0,0,1,10,4,4,
2022,Australian Grand Prix,Qualifying,qualifying,McLaren,NOR,RIC,42,20,22,13,23,0,23,2,2,13,0,0,1,0,0,3,11,3,3,
2022,Australian Grand Prix,Qualifying,qualifying,Mercedes,HAM,RUS,54,28,26,12,24,0,24,2,2,10,0,0,5,0,0,14,14,4,4,
2022,Australian Grand Prix,Qualifying,qualifying,Red Bull Racing,PER,VER,42,21,21,9,18,0,18,2,2,13,0,0,7,0,0,5,14,3,3,
2022,Australian Grand Prix,Qualifying,qualifying,Williams,ALB,LAT,19,11,8,6,10,0,10,2,2,7,0,0,2,0,0,1,5,1,0,insufficient_matched_pairs
2022,Emilia Romagna Grand Prix,Race,race,Alfa Romeo,BOT,ZHO,125,63,62,0,5,0,12,2,2,12,8,1,11,0,0,0,97,45,45,
2022,Emilia Romagna Grand Prix,Race,race,AlphaTauri,GAS,TSU,125,62,63,1,4,0,12,2,2,14,8,2,10,0,0,0,96,45,45,
2022,Emilia Romagna Grand Prix,Race,race,Alpine,ALO,OCO,68,6,62,0,3,0,11,2,2,11,8,2,6,0,0,0,46,0,0,insufficient_matched_pairs
2022,Emilia Romagna Grand Prix,Race,race,Aston Martin,STR,VET,125,62,63,0,4,0,12,2,2,13,8,2,14,0,0,0,93,43,43,
2022,Emilia Romagna Grand Prix,Race,race,Ferrari,LEC,SAI,64,63,1,1,6,0,11,2,2,7,5,1,6,0,0,0,45,0,0,missing_lap_time_data
2022,Emilia Romagna Grand Prix,Race,race,Haas F1 Team,MAG,MSC,125,63,62,1,6,0,14,2,2,12,8,1,14,0,0,0,94,35,35,
2022,Emilia Romagna Grand Prix,Race,race,McLaren,NOR,RIC,125,63,62,1,8,0,14,2,2,13,8,2,12,0,0,0,93,14,14,
2022,Emilia Romagna Grand Prix,Race,race,Mercedes,HAM,RUS,125,62,63,0,4,0,12,2,2,13,8,1,11,0,0,0,96,46,46,
2022,Emilia Romagna Grand Prix,Race,race,Red Bull Racing,PER,VER,126,63,63,0,8,0,16,2,2,13,8,0,10,0,0,0,95,44,44,
2022,Emilia Romagna Grand Prix,Race,race,Williams,ALB,LAT,124,62,62,2,4,0,12,2,2,13,8,3,12,0,0,0,94,43,43,
2022,Emilia Romagna Grand Prix,Qualifying,qualifying,Alfa Romeo,BOT,ZHO,39,23,16,15,18,0,18,2,2,8,0,0,3,3,0,7,10,4,4,
2022,Emilia Romagna Grand Prix,Qualifying,qualifying,AlphaTauri,GAS,TSU,22,11,11,6,10,0,10,2,2,4,0,0,3,0,0,4,6,3,3,
2022,Emilia Romagna Grand Prix,Qualifying,qualifying,Alpine,ALO,OCO,34,25,9,14,19,0,19,2,2,8,0,0,0,4,0,4,8,2,0,insufficient_matched_pairs
2022,Emilia Romagna Grand Prix,Qualifying,qualifying,Aston Martin,STR,VET,38,13,25,17,22,0,22,2,2,10,0,0,2,4,0,5,9,3,3,
2022,Emilia Romagna Grand Prix,Qualifying,qualifying,Ferrari,LEC,SAI,34,21,13,14,17,0,17,2,2,9,0,0,4,4,0,5,8,3,3,
2022,Emilia Romagna Grand Prix,Qualifying,qualifying,Haas F1 Team,MAG,MSC,37,21,16,15,20,0,20,2,2,9,0,0,1,3,0,5,8,4,4,
2022,Emilia Romagna Grand Prix,Qualifying,qualifying,McLaren,NOR,RIC,43,22,21,21,26,0,26,2,2,13,0,0,4,7,0,3,8,3,3,
2022,Emilia Romagna Grand Prix,Qualifying,qualifying,Mercedes,HAM,RUS,29,14,15,7,15,0,15,2,2,3,0,0,2,0,0,4,10,5,5,
2022,Emilia Romagna Grand Prix,Qualifying,qualifying,Red Bull Racing,PER,VER,46,24,22,22,25,0,25,2,2,12,0,0,3,6,0,6,9,4,4,
2022,Emilia Romagna Grand Prix,Qualifying,qualifying,Williams,ALB,LAT,16,3,13,6,11,0,11,2,2,3,0,0,1,0,0,2,3,0,0,insufficient_matched_pairs
2022,Miami Grand Prix,Race,race,Alfa Romeo,BOT,ZHO,63,57,6,2,3,0,12,2,2,11,7,1,4,0,0,0,43,3,0,insufficient_matched_pairs
2022,Miami Grand Prix,Race,race,AlphaTauri,GAS,TSU,102,45,57,6,9,0,19,2,2,19,13,4,9,0,0,0,69,24,24,
2022,Miami Grand Prix,Race,race,Alpine,ALO,OCO,114,57,57,2,4,0,18,2,2,23,14,1,11,0,0,0,76,20,20,
2022,Miami Grand Prix,Race,race,Aston Martin,STR,VET,111,57,54,2,7,0,17,2,2,23,14,3,9,0,0,0,78,35,35,
2022,Miami Grand Prix,Race,race,Ferrari,LEC,SAI,114,57,57,5,4,0,18,2,2,20,12,0,5,0,0,0,83,35,35,
2022,Miami Grand Prix,Race,race,Haas F1 Team,MAG,MSC,114,57,57,3,9,0,23,2,2,24,14,5,11,0,0,0,73,25,25,
2022,Miami Grand Prix,Race,race,McLaren,NOR,RIC,97,40,57,2,6,0,14,2,2,14,8,2,6,0,0,0,73,21,21,
2022,Miami Grand Prix,Race,race,Mercedes,HAM,RUS,114,57,57,4,4,0,18,2,2,22,14,0,13,0,0,0,76,24,24,
2022,Miami Grand Prix,Race,race,Red Bull Racing,PER,VER,114,57,57,6,6,0,19,2,2,21,13,0,4,0,0,0,83,32,32,
2022,Miami Grand Prix,Race,race,Williams,ALB,LAT,114,57,57,3,4,0,21,2,2,23,15,1,7,0,0,0,77,23,23,
2022,Miami Grand Prix,Qualifying,qualifying,Alfa Romeo,BOT,ZHO,29,20,9,9,14,0,14,2,2,0,0,0,1,0,0,6,9,2,0,insufficient_matched_pairs
2022,Miami Grand Prix,Qualifying,qualifying,AlphaTauri,GAS,TSU,43,22,21,15,24,0,24,2,2,0,0,0,3,0,0,4,15,4,4,
2022,Miami Grand Prix,Qualifying,qualifying,Alpine,ALO,OCO,14,14,0,5,8,0,8,1,1,0,0,0,1,0,0,1,5,0,0,missing_lap_time_data
2022,Miami Grand Prix,Qualifying,qualifying,Aston Martin,STR,VET,36,21,15,13,24,0,24,2,2,0,0,0,0,0,0,0,12,5,5,
2022,Miami Grand Prix,Qualifying,qualifying,Ferrari,LEC,SAI,50,25,25,10,32,0,32,2,2,0,0,0,0,0,0,2,14,4,4,
2022,Miami Grand Prix,Qualifying,qualifying,Haas F1 Team,MAG,MSC,30,11,19,5,10,0,10,2,2,0,0,0,3,0,0,10,10,3,3,
2022,Miami Grand Prix,Qualifying,qualifying,McLaren,NOR,RIC,37,22,15,13,20,0,20,2,2,0,0,0,2,0,0,6,11,4,4,
2022,Miami Grand Prix,Qualifying,qualifying,Mercedes,HAM,RUS,36,21,15,9,18,0,18,2,2,0,0,0,2,0,0,8,10,3,3,
2022,Miami Grand Prix,Qualifying,qualifying,Red Bull Racing,PER,VER,38,21,17,13,21,0,21,2,2,0,0,0,0,0,0,5,11,4,4,
2022,Miami Grand Prix,Qualifying,qualifying,Williams,ALB,LAT,20,10,10,6,8,0,8,2,2,0,0,0,4,0,0,4,8,4,4,
2022,Spanish Grand Prix,Race,race,Alfa Romeo,BOT,ZHO,94,66,28,0,7,0,9,2,2,7,0,0,7,0,0,0,73,21,21,
2022,Spanish Grand Prix,Race,race,AlphaTauri,GAS,TSU,130,65,65,0,12,0,14,2,2,6,0,2,12,0,0,0,100,44,44,
2022,Spanish Grand Prix,Race,race,Alpine,ALO,OCO,131,65,66,0,12,0,14,2,2,6,0,3,10,0,0,0,102,42,42,
2022,Spanish Grand Prix,Race,race,Aston Martin,STR,VET,130,65,65,0,10,0,12,2,2,7,0,4,13,0,0,0,99,38,38,
2022,Spanish Grand Prix,Race,race,Ferrari,LEC,SAI,93,27,66,0,9,0,11,2,2,6,0,4,9,0,0,0,69,18,18,
2022,Spanish Grand Prix,Race,race,Haas F1 Team,MAG,MSC,129,64,65,0,8,0,9,2,2,6,0,1,13,0,0,0,103,22,22,
2022,Spanish Grand Prix,Race,race,McLaren,NOR,RIC,131,66,65,0,12,0,14,2,2,6,0,2,8,0,0,0,105,45,45,
2022,Spanish Grand Prix,Race,race,Mercedes,HAM,RUS,132,66,66,0,12,0,13,2,2,6,0,1,10,0,0,0,105,39,39,
2022,Spanish Grand Prix,Race,race,Red Bull Racing,PER,VER,132,66,66,0,12,0,14,2,2,6,0,0,5,0,0,0,108,51,51,
2022,Spanish Grand Prix,Race,race,Williams,ALB,LAT,128,64,64,0,14,0,16,2,2,8,0,4,10,0,0,0,93,38,38,
2022,Spanish Grand Prix,Qualifying,qualifying,Alfa Romeo,BOT,ZHO,33,18,15,12,22,0,22,2,2,0,0,0,0,0,0,0,11,4,4,
2022,Spanish Grand Prix,Qualifying,qualifying,AlphaTauri,GAS,TSU,30,15,15,10,20,0,20,2,2,0,0,0,0,0,0,0,10,5,5,
2022,Spanish Grand Prix,Qualifying,qualifying,Alpine,ALO,OCO,14,5,9,5,10,0,10,2,2,0,0,0,0,0,0,0,4,1,0,insufficient_matched_pairs
2022,Spanish Grand Prix,Qualifying,qualifying,Aston Martin,STR,VET,12,6,6,4,8,0,8,2,2,0,0,0,0,0,0,0,4,2,0,insufficient_matched_pairs
2022,Spanish Grand Prix,Qualifying,qualifying,Ferrari,LEC,SAI,26,11,15,9,16,0,16,2,2,0,0,0,0,0,0,2,8,3,3,
2022,Spanish Grand Prix,Qualifying,qualifying,Haas F1 Team,MAG,MSC,36,18,18,14,24,0,24,2,2,0,0,0,0,0,0,0,12,4,4,
2022,Spanish Grand Prix,Qualifying,qualifying,McLaren,NOR,RIC,27,12,15,9,18,0,18,2,2,0,0,0,0,0,0,0,9,4,4,
2022,Spanish Grand Prix,Qualifying,qualifying,Mercedes,HAM,RUS,29,15,14,12,20,0,20,2,2,0,0,0,0,0,0,0,9,3,3,
2022,Spanish Grand Prix,Qualifying,qualifying,Red Bull Racing,PER,VER,32,17,15,11,21,0,21,2,2,0,0,0,0,0,0,1,9,3,3,
2022,Spanish Grand Prix,Qualifying,qualifying,Williams,ALB,LAT,15,6,9,4,8,0,8,2,2,0,0,0,0,0,0,2,5,2,0,insufficient_matched_pairs
2022,Monaco Grand Prix,Race,race,Alfa Romeo,BOT,ZHO,127,64,63,2,10,0,20,2,2,28,12,1,9,6,0,0,81,12,12,
2022,Monaco Grand Prix,Race,race,AlphaTauri,GAS,TSU,127,64,63,3,16,0,25,2,2,28,12,2,6,7,0,0,80,7,0,insufficient_matched_pairs
2022,Monaco Grand Prix,Race,race,Alpine,ALO,OCO,128,64,64,2,10,0,20,2,2,28,12,0,8,4,0,0,82,41,41,
2022,Monaco Grand Prix,Race,race,Aston Martin,STR,VET,128,64,64,2,14,0,22,2,2,27,13,4,3,7,0,0,85,7,0,insufficient_matched_pairs
2022,Monaco Grand Prix,Race,race,Ferrari,LEC,SAI,128,64,64,4,12,0,22,2,2,29,12,0,7,4,0,0,84,39,39,
2022,Monaco Grand Prix,Race,race,Haas F1 Team,MAG,MSC,45,20,25,2,7,0,10,2,2,16,3,1,4,4,0,0,22,0,0,insufficient_matched_pairs
2022,Monaco Grand Prix,Race,race,McLaren,NOR,RIC,128,64,64,2,14,0,24,2,2,30,12,2,7,5,0,0,80,26,26,
2022,Monaco Grand Prix,Race,race,Mercedes,HAM,RUS,128,64,64,2,12,0,22,2,2,28,12,0,6,3,0,0,83,36,36,
2022,Monaco Grand Prix,Race,race,Red Bull Racing,PER,VER,128,64,64,4,14,0,23,2,2,29,11,0,5,4,0,0,83,39,39,
2022,Monaco Grand Prix,Race,race,Williams,ALB,LAT,112,49,63,3,15,0,24,2,2,26,13,3,9,5,0,0,67,9,9,
2022,Monaco Grand Prix,Qualifying,qualifying,Alfa Romeo,BOT,ZHO,26,17,9,8,16,0,16,2,2,3,0,0,2,0,0,3,7,2,0,insufficient_matched_pairs
2022,Monaco Grand Prix,Qualifying,qualifying,AlphaTauri,GAS,TSU,30,10,20,8,16,0,16,2,2,3,0,0,4,0,0,5,9,2,0,insufficient_matched_pairs
2022,Monaco Grand Prix,Qualifying,qualifying,Alpine,ALO,OCO,44,22,22,14,28,0,28,2,2,8,0,0,0,0,0,4,10,5,5,
2022,Monaco Grand Prix,Qualifying,qualifying,Aston Martin,STR,VET,38,11,27,9,19,0,19,2,2,4,0,0,3,0,0,5,11,4,4,
2022,Monaco Grand Prix,Qualifying,qualifying,Ferrari,LEC,SAI,49,24,25,9,20,0,20,2,2,6,0,0,1,0,0,17,9,4,4,
2022,Monaco Grand Prix,Qualifying,qualifying,Haas F1 Team,MAG,MSC,37,20,17,11,18,0,18,2,2,4,0,0,1,0,0,11,8,3,3,
2022,Monaco Grand Prix,Qualifying,qualifying,McLaren,NOR,RIC,47,26,21,11,23,0,23,2,2,6,0,0,5,0,0,7,14,3,3,
2022,Monaco Grand Prix,Qualifying,qualifying,Mercedes,HAM,RUS,56,29,27,12,26,0,26,2,2,7,0,0,2,0,0,12,12,5,5,
2022,Monaco Grand Prix,Qualifying,qualifying,Red Bull Racing,PER,VER,50,25,25,11,24,0,24,2,2,7,0,0,6,0,0,6,14,3,3,
2022,Monaco Grand Prix,Qualifying,qualifying,Williams,ALB,LAT,27,14,13,5,12,0,12,2,2,2,0,0,3,0,0,5,10,5,5,
2022,Azerbaijan Grand Prix,Race,race,Alfa Romeo,BOT,ZHO,73,50,23,2,5,0,9,2,2,9,6,1,6,0,0,0,54,11,11,
2022,Azerbaijan Grand Prix,Race,race,AlphaTauri,GAS,TSU,101,51,50,2,6,0,14,2,2,12,10,3,10,0,0,0,73,23,23,
2022,Azerbaijan Grand Prix,Race,race,Alpine,ALO,OCO,102,51,51,2,4,0,12,2,2,14,8,4,12,0,0,0,73,29,29,
2022,Azerbaijan Grand Prix,Race,race,Aston Martin,STR,VET,97,46,51,2,5,0,15,2,2,13,10,2,6,0,0,0,73,23,23,
2022,Azerbaijan Grand Prix,Race,race,Ferrari,LEC,SAI,30,21,9,2,3,0,7,2,2,4,3,2,3,0,0,0,19,5,0,insufficient_matched_pairs
2022,Azerbaijan Grand Prix,Race,race,Haas F1 Team,MAG,MSC,82,32,50,2,6,0,12,2,2,10,8,0,8,0,0,0,60,21,21,
2022,Azerbaijan Grand Prix,Race,race,McLaren,NOR,RIC,102,51,51,1,4,0,12,2,2,13,8,4,11,0,0,0,74,29,29,
2022,Azerbaijan Grand Prix,Race,race,Mercedes,HAM,RUS,102,51,51,2,8,0,12,2,2,12,10,1,7,0,0,0,80,37,37,
2022,Azerbaijan Grand Prix,Race,race,Red Bull Racing,PER,VER,102,51,51,2,8,0,16,2,2,12,10,0,6,0,0,0,77,36,36,
2022,Azerbaijan Grand Prix,Race,race,Williams,ALB,LAT,100,50,50,2,8,0,18,2,2,14,10,0,9,0,0,0,68,18,18,
2022,Azerbaijan Grand Prix,Qualifying,qualifying,Alfa Romeo,BOT,ZHO,26,13,13,8,14,0,14,2,2,16,0,0,1,0,0,0,4,2,0,insufficient_matched_pairs
2022,Azerbaijan Grand Prix,Qualifying,qualifying,AlphaTauri,GAS,TSU,45,23,22,17,27,0,27,2,2,18,0,0,3,0,0,5,7,3,3,
2022,Azerbaijan Grand Prix,Qualifying,qualifying,Alpine,ALO,OCO,33,20,13,13,21,0,21,2,2,15,0,0,2,0,0,2,5,1,0,insufficient_matched_pairs
2022,Azerbaijan Grand Prix,Qualifying,qualifying,Aston Martin,STR,VET,25,7,18,9,14,0,14,2,2,11,0,0,0,0,0,2,4,1,0,insufficient_matched_pairs
2022,Azerbaijan Grand Prix,Qualifying,qualifying,Ferrari,LEC,SAI,38,19,19,12,18,0,18,2,2,14,0,0,1,0,0,3,8,3,3,
2022,Azerbaijan Grand Prix,Qualifying,qualifying,Haas F1 Team,MAG,MSC,18,9,9,8,12,0,12,2,2,10,0,0,0,0,0,0,2,1,0,insufficient_matched_pairs
2022,Azerbaijan Grand Prix,Qualifying,qualifying,McLaren,NOR,RIC,33,16,17,13,20,0,21,2,2,14,0,0,3,0,0,1,6,2,0,insufficient_matched_pairs
2022,Azerbaijan Grand Prix,Qualifying,qualifying,Mercedes,HAM,RUS,45,22,23,18,28,0,28,2,2,17,0,0,0,0,0,2,8,3,3,
2022,Azerbaijan Grand Prix,Qualifying,qualifying,Red Bull Racing,PER,VER,37,18,19,11,19,0,19,2,2,13,0,0,1,0,0,3,8,3,3,
2022,Azerbaijan Grand Prix,Qualifying,qualifying,Williams,ALB,LAT,17,9,8,6,10,0,10,2,2,9,0,0,2,0,0,1,1,0,0,insufficient_matched_pairs
2022,Canadian Grand Prix,Race,race,Alfa Romeo,BOT,ZHO,140,70,70,0,6,0,23,2,2,24,21,1,12,0,0,0,100,24,24,
2022,Canadian Grand Prix,Race,race,AlphaTauri,GAS,TSU,117,70,47,0,7,0,23,2,2,17,16,4,8,0,0,0,84,29,29,
2022,Canadian Grand Prix,Race,race,Alpine,ALO,OCO,140,70,70,0,8,0,23,2,2,24,19,0,6,0,0,0,105,43,43,
2022,Canadian Grand Prix,Race,race,Aston Martin,STR,VET,140,70,70,0,6,0,28,2,2,24,23,3,9,0,0,0,100,28,28,
2022,Canadian Grand Prix,Race,race,Ferrari,LEC,SAI,140,70,70,0,6,0,25,2,2,23,20,3,15,0,0,0,95,20,20,
2022,Canadian Grand Prix,Race,race,Haas F1 Team,MAG,MSC,89,70,19,1,2,0,18,2,2,16,15,2,8,0,0,0,62,3,0,insufficient_matched_pairs
2022,Canadian Grand Prix,Race,race,McLaren,NOR,RIC,140,70,70,0,8,0,26,2,2,25,22,2,12,0,0,0,97,30,30,
2022,Canadian Grand Prix,Race,race,Mercedes,HAM,RUS,140,70,70,0,8,0,26,2,2,24,20,0,11,0,0,0,97,36,36,
2022,Canadian Grand Prix,Race,race,Red Bull Racing,PER,VER,78,8,70,1,4,0,15,2,2,12,11,0,10,0,0,0,51,4,0,insufficient_matched_pairs
2022,Canadian Grand Prix,Race,race,Williams,ALB,LAT,140,70,70,0,8,0,28,2,2,25,23,1,14,0,0,0,95,29,29,
2022,Canadian Grand Prix,Qualifying,qualifying,Alfa Romeo,BOT,ZHO,52,21,31,10,17,0,17,2,2,10,0,0,5,3,0,6,22,4,4,
2022,Canadian Grand Prix,Qualifying,qualifying,AlphaTauri,GAS,TSU,15,11,4,2,6,0,6,2,2,1,0,0,1,0,0,0,8,2,0,insufficient_matched_pairs
2022,Canadian Grand Prix,Qualifying,qualifying,Alpine,ALO,OCO,59,29,30,10,20,0,20,2,2,10,0,0,5,3,0,5,20,3,3,
2022,Canadian Grand Prix,Qualifying,qualifying,Aston Martin,STR,VET,23,11,12,2,8,0,8,2,2,2,0,0,3,0,0,2,11,5,5,
2022,Canadian Grand Prix,Qualifying,qualifying,Ferrari,LEC,SAI,39,10,29,5,12,0,12,2,2,5,0,0,1,1,0,8,13,4,4,
2022,Canadian Grand Prix,Qualifying,qualifying,Haas F1 Team,MAG,MSC,62,31,31,10,20,0,20,2,2,8,0,0,6,4,0,5,22,5,5,
2022,Canadian Grand Prix,Qualifying,qualifying,McLaren,NOR,RIC,45,15,30,8,17,0,17,2,2,7,0,0,4,3,0,3,18,6,6,
2022,Canadian Grand Prix,Qualifying,qualifying,Mercedes,HAM,RUS,61,31,30,10,22,0,22,2,2,9,0,0,6,2,0,8,21,4,4,
2022,Canadian Grand Prix,Qualifying,qualifying,Red Bull Racing,PER,VER,44,14,30,6,14,0,19,2,2,13,0,0,2,2,0,3,14,7,7,
2022,Canadian Grand Prix,Qualifying,qualifying,Williams,ALB,LAT,32,21,11,5,8,0,8,2,2,5,0,0,4,1,0,7,13,4,4,
2022,British Grand Prix,Race,race,Alfa Romeo,BOT,ZHO,21,20,1,2,3,0,4,2,2,3,0,1,1,0,0,0,15,0,0,missing_lap_time_data
2022,British Grand Prix,Race,race,AlphaTauri,GAS,TSU,78,26,52,2,11,0,14,2,2,9,5,5,8,0,0,0,53,15,15,
2022,British Grand Prix,Race,race,Alpine,ALO,OCO,90,52,38,4,10,0,13,2,2,9,5,2,5,0,0,0,69,9,9,
2022,British Grand Prix,Race,race,Aston Martin,STR,VET,104,52,52,3,12,0,17,2,2,15,9,5,6,0,0,0,75,14,14,
2022,British Grand Prix,Race,race,Ferrari,LEC,SAI,104,52,52,9,10,0,17,2,2,12,8,0,5,0,0,0,78,26,26,
2022,British Grand Prix,Race,race,Haas F1 Team,MAG,MSC,104,52,52,4,10,0,18,2,2,14,10,3,8,0,0,0,74,14,14,
2022,British Grand Prix,Race,race,McLaren,NOR,RIC,104,52,52,5,14,0,19,2,2,13,9,1,6,0,0,0,75,24,24,
2022,British Grand Prix,Race,race,Mercedes,HAM,RUS,53,52,1,5,6,0,9,2,2,7,4,0,3,0,0,0,39,0,0,missing_lap_time_data
2022,British Grand Prix,Race,race,Red Bull Racing,PER,VER,104,52,52,6,14,0,20,2,2,14,9,3,9,0,0,0,70,13,13,
2022,British Grand Prix,Race,race,Williams,ALB,LAT,53,1,52,2,6,0,10,2,2,8,5,1,5,0,0,0,36,0,0,missing_lap_time_data
2022,British Grand Prix,Qualifying,qualifying,Alfa Romeo,BOT,ZHO,48,20,28,5,10,0,10,2,2,5,0,0,6,4,0,11,19,5,5,
2022,British Grand Prix,Qualifying,qualifying,AlphaTauri,GAS,TSU,38,19,19,4,12,0,12,2,2,2,0,0,5,3,0,7,15,6,6,
2022,British Grand Prix,Qualifying,qualifying,Alpine,ALO,OCO,40,23,17,5,12,0,12,2,2,2,0,0,7,4,0,8,17,5,5,
2022,British Grand Prix,Qualifying,qualifying,Aston Martin,STR,VET,19,10,9,4,8,0,8,2,2,2,0,0,2,1,0,1,8,2,0,insufficient_matched_pairs
2022,British Grand Prix,Qualifying,qualifying,Ferrari,LEC,SAI,51,25,26,7,11,0,11,2,2,8,0,0,7,8,0,7,18,4,4,
2022,British Grand Prix,Qualifying,qualifying,Haas F1 Team,MAG,MSC,22,11,11,2,8,0,8,2,2,2,0,0,2,1,0,0,11,5,5,
2022,British Grand Prix,Qualifying,qualifying,McLaren,NOR,RIC,44,26,18,5,12,0,12,2,2,4,0,0,3,5,0,8,18,3,3,
2022,British Grand Prix,Qualifying,qualifying,Mercedes,HAM,RUS,46,23,23,6,12,0,12,2,2,6,0,0,4,7,0,4,19,4,4,
2022,British Grand Prix,Qualifying,qualifying,Red Bull Racing,PER,VER,49,26,23,7,13,0,14,2,2,6,0,0,6,7,0,7,18,4,4,
2022,British Grand Prix,Qualifying,qualifying,Williams,ALB,LAT,35,11,24,5,13,0,13,2,2,3,0,0,4,4,0,8,10,3,3,
2022,Austrian Grand Prix,Race,race,Alfa Romeo,BOT,ZHO,140,70,70,0,9,0,15,2,2,9,5,4,11,0,0,0,109,23,23,
2022,Austrian Grand Prix,Race,race,AlphaTauri,GAS,TSU,140,70,70,0,8,0,14,2,2,8,4,5,12,0,0,0,110,32,32,
2022,Austrian Grand Prix,Race,race,Alpine,ALO,OCO,141,70,71,0,9,0,14,2,2,11,6,5,11,0,0,0,110,30,30,
2022,Austrian Grand Prix,Race,race,Aston Martin,STR,VET,140,70,70,0,8,0,14,2,2,8,4,6,11,0,0,0,111,32,32,
2022,Austrian Grand Prix,Race,race,Ferrari,LEC,SAI,128,71,57,1,10,0,14,2,2,7,4,0,8,0,0,0,103,39,39,
2022,Austrian Grand Prix,Race,race,Haas F1 Team,MAG,MSC,140,70,70,0,8,0,16,2,2,12,6,5,11,0,0,0,106,45,45,
2022,Austrian Grand Prix,Race,race,McLaren,NOR,RIC,140,70,70,0,8,0,16,2,2,11,6,4,12,0,0,0,105,42,42,
2022,Austrian Grand Prix,Race,race,Mercedes,HAM,RUS,142,71,71,0,8,0,16,2,2,10,6,5,8,0,0,0,113,27,27,
2022,Austrian Grand Prix,Race,race,Red Bull Racing,PER,VER,95,24,71,0,9,0,10,2,2,4,2,1,9,0,0,0,73,17,17,
2022,Austrian Grand Prix,Race,race,Williams,ALB,LAT,118,70,48,0,9,0,14,2,2,6,3,3,6,0,0,0,94,35,35,
2022,Austrian Grand Prix,Qualifying,qualifying,Alfa Romeo,BOT,ZHO,23,14,9,6,12,0,12,2,2,0,0,0,2,0,0,3,8,3,3,
2022,Austrian Grand Prix,Qualifying,qualifying,AlphaTauri,GAS,TSU,39,20,19,12,24,0,24,2,2,0,0,0,2,0,0,2,13,6,6,
2022,Austrian Grand Prix,Qualifying,qualifying,Alpine,ALO,OCO,49,22,27,17,27,0,27,2,2,2,0,0,5,0,0,5,17,4,4,
2022,Austrian Grand Prix,Qualifying,qualifying,Aston Martin,STR,VET,24,12,12,4,8,0,8,2,2,0,0,0,2,0,0,8,8,4,4,
2022,Austrian Grand Prix,Qualifying,qualifying,Ferrari,LEC,SAI,50,25,25,14,24,0,24,2,2,2,0,0,6,0,0,6,18,6,6,
2022,Austrian Grand Prix,Qualifying,qualifying,Haas F1 Team,MAG,MSC,44,22,22,16,26,0,26,2,2,2,0,0,1,0,0,4,14,4,4,
2022,Austrian Grand Prix,Qualifying,qualifying,McLaren,NOR,RIC,29,19,10,7,14,0,14,2,2,0,0,0,0,0,0,8,7,3,3,
2022,Austrian Grand Prix,Qualifying,qualifying,Mercedes,HAM,RUS,44,20,24,14,22,0,22,2,2,4,0,0,5,0,0,8,13,3,3,
2022,Austrian Grand Prix,Qualifying,qualifying,Red Bull Racing,PER,VER,42,24,18,12,21,0,21,2,2,0,0,0,2,0,0,6,14,4,4,
2022,Austrian Grand Prix,Qualifying,qualifying,Williams,ALB,LAT,24,15,9,8,16,0,16,2,2,0,0,0,0,0,0,0,8,3,3,
2022,French Grand Prix,Race,race,Alfa Romeo,BOT,ZHO,101,53,48,1,8,0,17,2,2,17,9,2,12,0,0,0,68,22,22,
2022,French Grand Prix,Race,race,AlphaTauri,GAS,TSU,71,53,18,1,5,0,10,2,2,11,6,1,5,0,0,0,53,8,8,
2022,French Grand Prix,Race,race,Alpine,ALO,OCO,106,53,53,1,4,0,12,2,2,16,10,1,4,0,0,0,86,42,42,
2022,French Grand Prix,Race,race,Aston Martin,STR,VET,106,53,53,1,4,0,12,2,2,16,10,2,8,0,0,0,84,38,38,
2022,French Grand Prix,Race,race,Ferrari,LEC,SAI,71,18,53,1,4,0,10,2,2,11,6,1,3,0,0,0,55,16,16,
2022,French Grand Prix,Race,race,Haas F1 Team,MAG,MSC,91,38,53,1,9,0,15,2,2,15,8,2,4,0,0,0,68,27,27,
2022,French Grand Prix,Race,race,McLaren,NOR,RIC,106,53,53,0,4,0,12,2,2,16,10,0,8,0,0,0,81,39,39,
2022,French Grand Prix,Race,race,Mercedes,HAM,RUS,106,53,53,2,4,0,11,2,2,18,9,0,8,0,0,0,80,37,37,
2022,French Grand Prix,Race,race,Red Bull Racing,PER,VER,106,53,53,3,4,0,13,2,2,18,9,2,4,0,0,0,81,33,33,
2022,French Grand Prix,Race,race,Williams,ALB,LAT,94,53,41,2,7,0,13,2,2,14,8,2,10,0,0,0,69,28,28,
2022,French Grand Prix,Qualifying,qualifying,Alfa Romeo,BOT,ZHO,21,13,8,11,12,0,14,2,2,0,0,0,0,0,0,0,7,2,0,insufficient_matched_pairs
2022,French Grand Prix,Qualifying,qualifying,AlphaTauri,GAS,TSU,27,7,20,17,16,0,18,2,2,0,0,0,0,0,0,0,9,2,0,insufficient_matched_pairs
2022,French Grand Prix,Qualifying,qualifying,Alpine,ALO,OCO,29,17,12,16,20,0,20,2,2,0,0,0,0,0,0,0,9,3,3,
2022,French Grand Prix,Qualifying,qualifying,Aston Martin,STR,VET,24,9,15,13,12,0,13,2,2,0,0,0,1,0,0,3,8,3,3,
2022,French Grand Prix,Qualifying,qualifying,Ferrari,LEC,SAI,27,17,10,20,18,0,20,2,2,0,0,0,0,0,0,0,7,2,0,insufficient_matched_pairs
2022,French Grand Prix,Qualifying,qualifying,Haas F1 Team,MAG,MSC,18,9,9,11,10,0,12,2,2,0,0,0,0,0,0,0,6,1,0,insufficient_matched_pairs
2022,French Grand Prix,Qualifying,qualifying,McLaren,NOR,RIC,26,14,12,10,18,0,18,2,2,0,0,0,0,0,0,0,8,2,0,insufficient_matched_pairs
2022,French Grand Prix,Qualifying,qualifying,Mercedes,HAM,RUS,39,19,20,18,24,0,24,2,2,0,0,0,2,0,0,2,13,5,5,
2022,French Grand Prix,Qualifying,qualifying,Red Bull Racing,PER,VER,34,20,14,22,22,0,24,2,2,0,0,0,0,0,0,0,10,3,3,
2022,French Grand Prix,Qualifying,qualifying,Williams,ALB,LAT,17,11,6,6,12,0,12,2,2,0,0,0,0,0,0,0,5,1,0,insufficient_matched_pairs
2022,Hungarian Grand Prix,Race,race,Alfa Romeo,BOT,ZHO,135,66,69,1,6,0,15,2,2,17,9,5,15,6,0,0,97,30,30,
2022,Hungarian Grand Prix,Race,race,AlphaTauri,GAS,TSU,137,69,68,0,11,0,20,2,2,19,10,3,18,6,0,0,90,29,29,
2022,Hungarian Grand Prix,Race,race,Alpine,ALO,OCO,138,69,69,0,4,0,14,2,2,17,10,2,10,10,0,0,101,37,37,
2022,Hungarian Grand Prix,Race,race,Aston Martin,STR,VET,138,69,69,0,8,0,18,2,2,18,10,3,14,5,0,0,101,30,30,
2022,Hungarian Grand Prix,Race,race,Ferrari,LEC,SAI,140,70,70,0,10,0,20,2,2,18,10,2,12,7,0,0,100,29,29,
2022,Hungarian Grand Prix,Race,race,Haas F1 Team,MAG,MSC,138,69,69,0,10,0,19,2,2,20,11,3,14,3,0,0,94,29,29,
2022,Hungarian Grand Prix,Race,race,McLaren,NOR,RIC,139,70,69,0,8,0,18,2,2,17,10,4,10,7,0,0,99,34,34,
2022,Hungarian Grand Prix,Race,race,Mercedes,HAM,RUS,140,70,70,0,8,0,18,2,2,18,9,4,13,7,0,0,100,25,25,
2022,Hungarian Grand Prix,Race,race,Red Bull Racing,PER,VER,140,70,70,0,8,0,18,2,2,17,10,2,8,4,0,0,107,40,40,
2022,Hungarian Grand Prix,Race,race,Williams,ALB,LAT,138,69,69,0,12,0,20,2,2,17,10,4,12,4,0,0,98,31,31,
2022,Hungarian Grand Prix,Qualifying,qualifying,Alfa Romeo,BOT,ZHO,36,20,16,11,20,0,20,2,2,0,0,0,3,0,0,3,13,5,5,
2022,Hungarian Grand Prix,Qualifying,qualifying,AlphaTauri,GAS,TSU,18,9,9,6,12,0,12,2,2,0,0,0,0,0,0,0,6,3,3,
2022,Hungarian Grand Prix,Qualifying,qualifying,Alpine,ALO,OCO,37,17,20,13,22,0,22,2,2,0,0,0,2,0,0,2,13,3,3,
2022,Hungarian Grand Prix,Qualifying,qualifying,Aston Martin,STR,VET,26,16,10,6,12,0,12,2,2,0,0,0,3,0,0,5,9,3,3,
2022,Hungarian Grand Prix,Qualifying,qualifying,Ferrari,LEC,SAI,44,22,22,10,24,0,24,2,2,0,0,0,4,0,0,4,16,5,5,
2022,Hungarian Grand Prix,Qualifying,qualifying,Haas F1 Team,MAG,MSC,34,18,16,8,16,0,16,2,2,0,0,0,4,0,0,6,12,3,3,
2022,Hungarian Grand Prix,Qualifying,qualifying,McLaren,NOR,RIC,38,19,19,14,24,0,24,2,2,0,0,0,1,0,0,2,12,3,3,
2022,Hungarian Grand Prix,Qualifying,qualifying,Mercedes,HAM,RUS,44,21,23,13,24,0,24,2,2,0,0,0,3,0,0,6,14,3,3,
2022,Hungarian Grand Prix,Qualifying,qualifying,Red Bull Racing,PER,VER,37,16,21,11,20,0,20,2,2,0,0,0,4,0,0,4,13,6,6,
2022,Hungarian Grand Prix,Qualifying,qualifying,Williams,ALB,LAT,20,10,10,4,8,0,8,2,2,0,0,0,4,0,0,4,8,4,4,
2022,Belgian Grand Prix,Race,race,Alfa Romeo,BOT,ZHO,46,2,44,3,4,0,10,2,2,7,4,4,1,0,0,0,32,0,0,teammate_dnf_no_matched_laps
2022,Belgian Grand Prix,Race,race,AlphaTauri,GAS,TSU,88,44,44,5,10,0,16,2,2,10,6,6,9,0,0,0,59,14,14,
2022,Belgian Grand Prix,Race,race,Alpine,ALO,OCO,88,44,44,4,8,0,16,2,2,10,6,5,5,0,0,0,64,27,27,
2022,Belgian Grand Prix,Race,race,Aston Martin,STR,VET,88,44,44,4,8,0,16,2,2,10,6,3,4,0,0,0,66,30,30,
2022,Belgian Grand Prix,Race,race,Ferrari,LEC,SAI,88,44,44,4,10,0,16,2,2,10,6,3,5,0,0,0,64,11,11,
2022,Belgian Grand Prix,Race,race,Haas F1 Team,MAG,MSC,86,43,43,4,8,0,16,2,2,9,6,3,5,0,0,0,65,30,30,
2022,Belgian Grand Prix,Race,race,McLaren,NOR,RIC,88,44,44,4,8,0,16,2,2,10,6,5,4,0,0,0,66,28,28,
2022,Belgian Grand Prix,Race,race,Mercedes,HAM,RUS,45,1,44,3,4,0,9,2,2,6,3,1,3,0,0,0,32,0,0,missing_lap_time_data
2022,Belgian Grand Prix,Race,race,Red Bull Racing,PER,VER,88,44,44,4,8,0,16,2,2,9,6,0,1,0,0,0,70,20,20,
2022,Belgian Grand Prix,Race,race,Williams,ALB,LAT,87,44,43,5,10,0,16,2,2,10,6,7,4,0,0,0,64,22,22,
2022,Belgian Grand Prix,Qualifying,qualifying,Alfa Romeo,BOT,ZHO,17,5,12,6,12,0,12,2,2,0,0,0,0,0,0,0,5,1,0,insufficient_matched_pairs
2022,Belgian Grand Prix,Qualifying,qualifying,AlphaTauri,GAS,TSU,18,12,6,6,12,0,12,2,2,0,0,0,0,0,0,0,6,2,0,insufficient_matched_pairs
2022,Belgian Grand Prix,Qualifying,qualifying,Alpine,ALO,OCO,31,16,15,15,24,0,24,2,2,0,0,0,0,0,0,0,7,3,3,
2022,Belgian Grand Prix,Qualifying,qualifying,Aston Martin,STR,VET,18,12,6,6,12,0,12,2,2,0,0,0,0,0,0,0,6,2,0,insufficient_matched_pairs
2022,Belgian Grand Prix,Qualifying,qualifying,Ferrari,LEC,SAI,28,14,14,12,19,0,20,2,2,0,0,0,0,0,0,0,8,3,3,
2022,Belgian Grand Prix,Qualifying,qualifying,Haas F1 Team,MAG,MSC,19,6,13,7,12,0,13,2,2,0,0,0,0,0,0,0,6,2,0,insufficient_matched_pairs
2022,Belgian Grand Prix,Qualifying,qualifying,McLaren,NOR,RIC,23,14,9,9,16,0,16,2,2,0,0,0,0,0,0,0,7,3,3,
2022,Belgian Grand Prix,Qualifying,qualifying,Mercedes,HAM,RUS,40,20,20,15,24,0,24,2,2,0,0,0,2,0,0,2,14,4,4,
2022,Belgian Grand Prix,Qualifying,qualifying,Red Bull Racing,PER,VER,21,12,9,8,14,0,14,2,2,0,0,0,0,0,0,0,7,3,3,
2022,Belgian Grand Prix,Qualifying,qualifying,Williams,ALB,LAT,25,18,7,10,17,0,17,2,2,0,0,0,0,0,0,0,8,2,0,insufficient_matched_pairs
2022,Dutch Grand Prix,Race,race,Alfa Romeo,BOT,ZHO,126,54,72,1,11,0,25,2,2,24,15,4,12,0,0,0,81,30,30,
2022,Dutch Grand Prix,Race,race,AlphaTauri,GAS,TSU,115,72,43,1,11,0,19,2,2,18,9,4,9,0,0,0,79,25,25,
2022,Dutch Grand Prix,Race,race,Alpine,ALO,OCO,144,72,72,0,11,0,24,2,2,25,18,3,11,0,0,0,102,43,43,
2022,Dutch Grand Prix,Race,race,Aston Martin,STR,VET,144,72,72,0,15,0,29,2,2,29,19,1,13,0,0,0,93,33,33,
2022,Dutch Grand Prix,Race,race,Ferrari,LEC,SAI,144,72,72,0,13,0,27,2,2,26,17,2,8,0,0,0,102,44,44,
2022,Dutch Grand Prix,Race,race,Haas F1 Team,MAG,MSC,144,72,72,0,16,0,28,2,2,28,18,5,13,0,0,0,95,41,41,
2022,Dutch Grand Prix,Race,race,McLaren,NOR,RIC,144,72,72,0,15,0,26,2,2,27,18,2,11,0,0,0,100,37,37,
2022,Dutch Grand Prix,Race,race,Mercedes,HAM,RUS,144,72,72,0,12,0,22,2,2,28,16,2,14,0,0,0,96,33,33,
2022,Dutch Grand Prix,Race,race,Red Bull Racing,PER,VER,144,72,72,1,14,0,24,2,2,26,16,0,13,0,0,0,98,30,30,
2022,Dutch Grand Prix,Race,race,Williams,ALB,LAT,143,72,71,1,14,0,29,2,2,28,19,2,16,0,0,0,91,22,22,
2022,Dutch Grand Prix,Qualifying,qualifying,Alfa Romeo,BOT,ZHO,24,9,15,8,16,0,16,2,2,0,0,0,0,0,0,0,8,3,3,
2022,Dutch Grand Prix,Qualifying,qualifying,AlphaTauri,GAS,TSU,35,15,20,12,23,0,23,2,2,2,0,0,0,0,0,0,11,5,5,
2022,Dutch Grand Prix,Qualifying,qualifying,Alpine,ALO,OCO,23,11,12,8,16,0,16,2,2,0,0,0,0,0,0,0,7,3,3,
2022,Dutch Grand Prix,Qualifying,qualifying,Aston Martin,STR,VET,22,14,8,6,14,0,14,2,2,0,0,0,0,0,0,2,6,2,0,insufficient_matched_pairs
2022,Dutch Grand Prix,Qualifying,qualifying,Ferrari,LEC,SAI,36,18,18,11,22,0,22,2,2,4,0,0,1,0,0,3,11,4,4,
2022,Dutch Grand Prix,Qualifying,qualifying,Haas F1 Team,MAG,MSC,29,9,20,8,15,0,15,2,2,1,0,0,0,0,0,4,10,3,3,
2022,Dutch Grand Prix,Qualifying,qualifying,McLaren,NOR,RIC,25,17,8,8,15,0,15,2,2,1,0,0,0,0,0,2,8,2,0,insufficient_matched_pairs
2022,Dutch Grand Prix,Qualifying,qualifying,Mercedes,HAM,RUS,34,17,17,12,22,0,22,2,2,4,0,0,0,0,0,0,10,3,3,
2022,Dutch Grand Prix,Qualifying,qualifying,Red Bull Racing,PER,VER,30,18,12,10,19,0,19,2,2,4,0,0,0,0,0,2,8,3,3,
2022,Dutch Grand Prix,Qualifying,qualifying,Williams,ALB,LAT,21,16,5,7,13,0,13,2,2,1,0,0,0,0,0,2,6,1,0,insufficient_matched_pairs
2022,Italian Grand Prix,Race,race,Alfa Romeo,BOT,ZHO,105,52,53,0,4,0,22,2,2,19,16,5,8,0,0,0,71,11,11,
2022,Italian Grand Prix,Race,race,AlphaTauri,GAS,TSU,105,53,52,0,6,0,21,2,2,19,15,4,10,0,0,0,70,31,31,
2022,Italian Grand Prix,Race,race,Alpine,ALO,OCO,84,31,53,0,3,0,14,2,2,12,9,1,8,0,0,0,59,0,0,no_compound_overlap
2022,Italian Grand Prix,Race,race,Aston Martin,STR,VET,50,39,11,1,3,0,7,2,2,3,2,1,8,0,0,0,34,7,0,insufficient_matched_pairs
2022,Italian Grand Prix,Race,race,Ferrari,LEC,SAI,106,53,53,0,10,0,22,2,2,18,16,1,13,0,0,0,70,20,20,
2022,Italian Grand Prix,Race,race,Haas F1 Team,MAG,MSC,105,52,53,0,6,0,22,2,2,19,16,7,10,0,0,0,68,15,15,
2022,Italian Grand Prix,Race,race,McLaren,NOR,RIC,99,53,46,1,6,0,16,2,2,13,10,2,7,0,0,0,74,12,12,
2022,Italian Grand Prix,Race,race,Mercedes,HAM,RUS,106,53,53,1,6,0,23,2,2,20,17,2,4,0,0,0,75,6,0,insufficient_matched_pairs
2022,Italian Grand Prix,Race,race,Red Bull Racing,PER,VER,106,53,53,0,8,0,25,2,2,19,17,3,10,0,0,0,67,3,0,insufficient_matched_pairs
2022,Italian Grand Prix,Race,race,Williams,DEV,LAT,105,53,52,0,6,0,21,2,2,19,15,2,11,0,0,0,69,10,10,
2022,Italian Grand Prix,Qualifying,qualifying,Alfa Romeo,BOT,ZHO,24,12,12,8,16,0,16,2,2,0,0,0,0,0,0,0,8,4,4,
2022,Italian Grand Prix,Qualifying,qualifying,AlphaTauri,GAS,TSU,24,18,6,9,16,0,16,2,2,0,0,0,0,0,0,0,8,2,0,insufficient_matched_pairs
2022,Italian Grand Prix,Qualifying,qualifying,Alpine,ALO,OCO,29,17,12,12,20,0,20,2,2,0,0,0,0,0,0,0,9,4,4,
2022,Italian Grand Prix,Qualifying,qualifying,Aston Martin,STR,VET,16,9,7,5,10,0,10,2,2,0,0,0,0,0,0,1,5,2,0,insufficient_matched_pairs
2022,Italian Grand Prix,Qualifying,qualifying,Ferrari,LEC,SAI,25,13,12,8,14,0,14,2,2,0,0,0,0,0,0,1,8,3,3,
2022,Italian Grand Prix,Qualifying,qualifying,Haas F1 Team,MAG,MSC,19,10,9,4,8,0,8,2,2,0,0,0,3,0,0,4,7,3,3,
2022,Italian Grand Prix,Qualifying,qualifying,McLaren,NOR,RIC,39,19,20,14,24,0,24,2,2,0,0,0,2,0,0,2,13,4,4,
2022,Italian Grand Prix,Qualifying,qualifying,Mercedes,HAM,RUS,34,17,17,14,24,0,24,2,2,0,0,0,0,0,0,0,10,4,4,
2022,Italian Grand Prix,Qualifying,qualifying,Red Bull Racing,PER,VER,30,15,15,10,15,0,16,2,2,0,0,0,1,0,0,3,10,3,3,
2022,Italian Grand Prix,Qualifying,qualifying,Williams,DEV,LAT,20,13,7,6,12,0,12,2,2,0,0,0,2,0,0,2,6,2,0,insufficient_matched_pairs
2022,Singapore Grand Prix,Race,race,Alfa Romeo,BOT,ZHO,66,59,7,6,2,0,18,2,2,20,13,0,4,0,0,0,39,3,0,insufficient_matched_pairs
2022,Singapore Grand Prix,Race,race,AlphaTauri,GAS,TSU,94,59,35,12,4,0,28,2,2,33,22,0,6,0,0,0,52,15,15,
2022,Singapore Grand Prix,Race,race,Alpine,ALO,OCO,48,21,27,6,0,0,13,2,2,16,10,0,3,0,0,0,29,13,13,
2022,Singapore Grand Prix,Race,race,Aston Martin,STR,VET,118,59,59,13,4,0,31,2,2,38,26,0,10,0,0,0,67,31,31,
2022,Singapore Grand Prix,Race,race,Ferrari,LEC,SAI,118,59,59,15,4,0,34,2,2,38,29,0,7,0,0,0,68,32,32,
2022,Singapore Grand Prix,Race,race,Haas F1 Team,MAG,MSC,117,59,58,13,8,0,35,2,2,38,27,3,7,0,0,0,65,11,11,
2022,Singapore Grand Prix,Race,race,McLaren,NOR,RIC,118,59,59,12,4,0,29,2,2,38,27,1,9,0,0,0,69,16,16,
2022,Singapore Grand Prix,Race,race,Mercedes,HAM,RUS,116,59,57,13,11,0,38,2,2,38,30,3,9,0,0,0,63,17,17,
2022,Singapore Grand Prix,Race,race,Red Bull Racing,PER,VER,118,59,59,15,6,0,34,2,2,36,28,1,6,0,0,0,70,18,18,
2022,Singapore Grand Prix,Race,race,Williams,ALB,LAT,32,25,7,3,2,0,9,2,2,10,7,0,4,0,0,0,18,2,0,insufficient_matched_pairs
2022,Singapore Grand Prix,Qualifying,qualifying,Alfa Romeo,BOT,ZHO,21,7,14,7,8,0,11,2,2,6,0,0,2,0,0,0,8,3,3,
2022,Singapore Grand Prix,Qualifying,qualifying,AlphaTauri,GAS,TSU,47,24,23,15,22,0,22,2,2,10,0,0,4,0,0,4,15,4,4,
2022,Singapore Grand Prix,Qualifying,qualifying,Alpine,ALO,OCO,32,23,9,7,10,0,10,2,2,9,0,0,4,0,0,5,10,2,0,insufficient_matched_pairs
2022,Singapore Grand Prix,Qualifying,qualifying,Aston Martin,STR,VET,30,15,15,12,16,0,18,2,2,9,0,0,1,0,0,2,4,1,0,insufficient_matched_pairs
2022,Singapore Grand Prix,Qualifying,qualifying,Ferrari,LEC,SAI,42,20,22,11,16,0,18,2,2,11,0,0,3,0,0,5,12,3,3,
2022,Singapore Grand Prix,Qualifying,qualifying,Haas F1 Team,MAG,MSC,39,23,16,14,20,0,23,2,2,9,0,0,1,0,0,3,10,3,3,
2022,Singapore Grand Prix,Qualifying,qualifying,McLaren,NOR,RIC,33,24,9,9,12,0,13,2,2,9,0,0,4,0,0,5,9,2,0,insufficient_matched_pairs
2022,Singapore Grand Prix,Qualifying,qualifying,Mercedes,HAM,RUS,40,23,17,7,17,0,17,2,2,10,0,0,3,0,0,3,13,4,4,
2022,Singapore Grand Prix,Qualifying,qualifying,Red Bull Racing,PER,VER,40,20,20,15,16,0,20,2,2,11,0,0,3,0,0,3,8,3,3,
2022,Singapore Grand Prix,Qualifying,qualifying,Williams,ALB,LAT,15,7,8,6,8,0,8,2,2,8,0,0,1,0,0,0,3,1,0,insufficient_matched_pairs
2022,Japanese Grand Prix,Race,race,Alfa Romeo,BOT,ZHO,56,28,28,8,10,0,16,2,2,4,4,2,2,2,0,0,33,4,0,insufficient_matched_pairs
2022,Japanese Grand Prix,Race,race,AlphaTauri,GAS,TSU,56,28,28,8,13,0,18,2,2,4,4,3,1,1,0,0,34,15,15,
2022,Japanese Grand Prix,Race,race,Alpine,ALO,OCO,56,28,28,8,10,0,16,2,2,4,4,4,1,0,0,0,37,11,11,
2022,Japanese Grand Prix,Race,race,Aston Martin,STR,VET,56,28,28,8,10,0,15,2,2,4,4,2,5,0,0,0,35,5,0,insufficient_matched_pairs
2022,Japanese Grand Prix,Race,race,Ferrari,LEC,SAI,29,28,1,5,4,0,8,2,2,3,3,2,0,1,0,0,18,0,0,missing_lap_time_data
2022,Japanese Grand Prix,Race,race,Haas F1 Team,MAG,MSC,56,28,28,8,8,0,14,2,2,4,4,5,2,2,0,0,34,9,9,
2022,Japanese Grand Prix,Race,race,McLaren,NOR,RIC,56,28,28,8,8,0,14,2,2,4,4,4,1,0,0,0,38,12,12,
2022,Japanese Grand Prix,Race,race,Mercedes,HAM,RUS,56,28,28,8,8,0,14,2,2,4,4,3,1,0,0,0,39,19,19,
2022,Japanese Grand Prix,Race,race,Red Bull Racing,PER,VER,57,28,29,9,8,0,15,2,2,4,4,4,2,1,0,0,37,17,17,
2022,Japanese Grand Prix,Race,race,Williams,ALB,LAT,29,1,28,5,4,0,7,2,2,3,3,1,1,0,0,0,19,0,0,missing_lap_time_data
2022,Japanese Grand Prix,Qualifying,qualifying,Alfa Romeo,BOT,ZHO,24,12,12,8,16,0,16,2,2,0,0,0,0,0,0,0,8,4,4,
2022,Japanese Grand Prix,Qualifying,qualifying,AlphaTauri,GAS,TSU,24,9,15,8,16,0,16,2,2,0,0,0,0,0,0,0,8,3,3,
2022,Japanese Grand Prix,Qualifying,qualifying,Alpine,ALO,OCO,33,15,18,11,22,0,22,2,2,0,0,0,0,0,0,0,11,4,4,
2022,Japanese Grand Prix,Qualifying,qualifying,Aston Martin,STR,VET,21,6,15,7,14,0,14,2,2,0,0,0,0,0,0,0,7,2,0,insufficient_matched_pairs
2022,Japanese Grand Prix,Qualifying,qualifying,Ferrari,LEC,SAI,24,12,12,8,14,0,14,2,2,0,0,0,0,0,0,2,8,3,3,
2022,Japanese Grand Prix,Qualifying,qualifying,Haas F1 Team,MAG,MSC,18,6,12,6,12,0,12,2,2,0,0,0,0,0,0,0,6,2,0,insufficient_matched_pairs
2022,Japanese Grand Prix,Qualifying,qualifying,McLaren,NOR,RIC,29,18,11,10,20,0,20,2,2,0,0,0,0,0,0,1,8,3,3,
2022,Japanese Grand Prix,Qualifying,qualifying,Mercedes,HAM,RUS,39,20,19,13,24,0,25,2,2,0,0,0,1,0,0,1,13,4,4,
2022,Japanese Grand Prix,Qualifying,qualifying,Red Bull Racing,PER,VER,27,15,12,9,17,0,17,2,2,0,0,0,0,0,0,0,9,3,3,
2022,Japanese Grand Prix,Qualifying,qualifying,Williams,ALB,LAT,14,6,8,5,10,0,10,2,2,0,0,0,0,0,0,0,4,2,0,insufficient_matched_pairs
2022,United States Grand Prix,Race,race,Alfa Romeo,BOT,ZHO,73,17,56,3,6,0,15,2,2,12,9,4,7,0,0,0,49,9,9,
2022,United States Grand Prix,Race,race,AlphaTauri,GAS,TSU,112,56,56,8,8,0,26,2,2,20,16,7,9,0,0,0,73,23,23,
2022,United States Grand Prix,Race,race,Alpine,ALO,OCO,112,56,56,7,9,0,20,2,2,18,16,6,8,0,0,0,80,29,29,
2022,United States Grand Prix,Race,race,Aston Martin,STR,VET,78,22,56,9,6,0,19,2,2,15,13,2,7,0,0,0,52,11,11,
2022,United States Grand Prix,Race,race,Ferrari,LEC,SAI,57,56,1,6,5,0,12,2,2,10,8,2,3,0,0,0,42,0,0,teammate_dnf_no_matched_laps
2022,United States Grand Prix,Race,race,Haas F1 Team,MAG,MSC,112,56,56,6,6,0,20,2,2,19,16,7,12,0,0,0,76,17,17,
2022,United States Grand Prix,Race,race,McLaren,NOR,RIC,112,56,56,5,8,0,26,2,2,20,16,5,6,0,0,0,76,27,27,
2022,United States Grand Prix,Race,race,Mercedes,HAM,RUS,112,56,56,12,10,0,28,2,2,18,16,4,11,0,0,0,72,32,32,
2022,United States Grand Prix,Race,race,Red Bull Racing,PER,VER,112,56,56,12,8,0,26,2,2,18,16,3,6,0,0,0,79,35,35,
2022,United States Grand Prix,Race,race,Williams,ALB,LAT,112,56,56,6,8,0,22,2,2,20,16,2,11,0,0,0,76,33,33,
2022,United States Grand Prix,Qualifying,qualifying,Alfa Romeo,BOT,ZHO,33,18,15,11,20,0,21,2,2,0,0,0,1,0,0,1,11,4,4,
2022,United States Grand Prix,Qualifying,qualifying,AlphaTauri,GAS,TSU,23,11,12,8,16,0,16,2,2,0,0,0,0,0,0,0,7,3,3,
2022,United States Grand Prix,Qualifying,qualifying,Alpine,ALO,OCO,23,17,6,8,16,0,16,2,2,0,0,0,0,0,0,0,7,1,0,insufficient_matched_pairs
2022,United States Grand Prix,Qualifying,qualifying,Aston Martin,STR,VET,27,15,12,9,18,0,18,2,2,0,0,0,0,0,0,0,9,4,4,
2022,United States Grand Prix,Qualifying,qualifying,Ferrari,LEC,SAI,26,13,13,9,14,0,15,2,2,0,0,0,0,0,0,1,8,3,3,
2022,United States Grand Prix,Qualifying,qualifying,Haas F1 Team,MAG,MSC,16,8,8,6,8,0,10,2,2,0,0,0,1,0,0,1,5,2,0,insufficient_matched_pairs
2022,United States Grand Prix,Qualifying,qualifying,McLaren,NOR,RIC,24,18,6,8,16,0,16,2,2,0,0,0,0,0,0,0,8,2,0,insufficient_matched_pairs
2022,United States Grand Prix,Qualifying,qualifying,Mercedes,HAM,RUS,37,18,19,12,24,0,24,2,2,0,0,0,0,0,0,1,12,4,4,
2022,United States Grand Prix,Qualifying,qualifying,Red Bull Racing,PER,VER,26,12,14,9,16,0,16,2,2,0,0,0,0,0,0,1,8,3,3,
2022,United States Grand Prix,Qualifying,qualifying,Williams,ALB,LAT,23,15,8,7,14,0,14,2,2,0,0,0,0,0,0,2,7,2,0,insufficient_matched_pairs
2022,Mexico City Grand Prix,Race,race,Alfa Romeo,BOT,ZHO,140,70,70,0,4,0,9,2,2,4,3,1,15,0,0,0,113,29,29,
2022,Mexico City Grand Prix,Race,race,AlphaTauri,GAS,TSU,120,70,50,0,5,0,8,2,2,1,1,2,14,0,0,0,97,33,33,
2022,Mexico City Grand Prix,Race,race,Alpine,ALO,OCO,134,64,70,1,4,0,9,2,2,3,3,1,12,0,0,0,112,45,45,
2022,Mexico City Grand Prix,Race,race,Aston Martin,STR,VET,140,70,70,0,6,0,10,2,2,4,2,2,12,0,0,0,115,36,36,
2022,Mexico City Grand Prix,Race,race,Ferrari,LEC,SAI,142,71,71,0,4,0,8,2,2,4,2,2,8,0,0,0,124,59,59,
2022,Mexico City Grand Prix,Race,race,Haas F1 Team,MAG,MSC,140,70,70,0,4,0,9,2,2,4,3,0,18,0,0,0,110,41,41,
2022,Mexico City Grand Prix,Race,race,McLaren,NOR,RIC,140,70,70,0,4,0,10,2,2,4,4,2,15,0,0,0,113,25,25,
2022,Mexico City Grand Prix,Race,race,Mercedes,HAM,RUS,142,71,71,0,6,0,12,2,2,4,4,1,14,0,0,0,115,47,47,
2022,Mexico City Grand Prix,Race,race,Red Bull Racing,PER,VER,142,71,71,0,4,0,10,2,2,4,4,0,12,0,0,0,119,52,52,
2022,Mexico City Grand Prix,Race,race,Williams,ALB,LAT,139,70,69,0,6,0,10,2,2,2,2,0,19,0,0,0,108,18,18,
2022,Mexico City Grand Prix,Qualifying,qualifying,Alfa Romeo,BOT,ZHO,30,18,12,11,20,0,20,2,2,2,0,0,0,0,0,0,10,4,4,
2022,Mexico City Grand Prix,Qualifying,qualifying,AlphaTauri,GAS,TSU,28,15,13,8,16,0,16,2,2,2,0,0,1,0,0,2,8,3,3,
2022,Mexico City Grand Prix,Qualifying,qualifying,Alpine,ALO,OCO,33,15,18,12,22,0,22,2,2,3,0,0,0,0,0,0,9,3,3,
2022,Mexico City Grand Prix,Qualifying,qualifying,Aston Martin,STR,VET,20,10,10,4,8,0,8,2,2,2,0,0,0,0,0,4,6,3,3,
2022,Mexico City Grand Prix,Qualifying,qualifying,Ferrari,LEC,SAI,35,18,17,13,20,0,21,2,2,2,0,0,0,0,0,4,10,3,3,
2022,Mexico City Grand Prix,Qualifying,qualifying,Haas F1 Team,MAG,MSC,28,17,11,6,12,0,12,2,2,2,0,0,3,0,0,4,10,4,4,
2022,Mexico City Grand Prix,Qualifying,qualifying,McLaren,NOR,RIC,33,19,14,11,20,0,20,2,2,2,0,0,0,0,0,2,10,4,4,
2022,Mexico City Grand Prix,Qualifying,qualifying,Mercedes,HAM,RUS,37,19,18,12,24,0,24,2,2,2,0,0,0,0,0,2,11,3,3,
2022,Mexico City Grand Prix,Qualifying,qualifying,Red Bull Racing,PER,VER,34,18,16,12,22,0,22,2,2,2,0,0,0,0,0,1,11,4,4,
2022,Mexico City Grand Prix,Qualifying,qualifying,Williams,ALB,LAT,20,10,10,4,8,0,8,2,2,2,0,0,2,0,0,4,6,3,3,
2022,São Paulo Grand Prix,Race,race,Alfa Romeo,BOT,ZHO,142,71,71,0,8,0,36,2,2,32,28,6,7,0,0,0,93,31,31,
2022,São Paulo Grand Prix,Race,race,AlphaTauri,GAS,TSU,141,71,70,0,13,0,35,2,2,31,27,6,12,0,0,0,90,34,34,
2022,São Paulo Grand Prix,Race,race,Alpine,ALO,OCO,142,71,71,0,10,0,36,2,2,31,28,8,6,0,0,0,96,29,29,
2022,São Paulo Grand Prix,Race,race,Aston Martin,STR,VET,142,71,71,0,8,0,36,2,2,32,28,9,9,0,0,0,91,32,32,
2022,São Paulo Grand Prix,Race,race,Ferrari,LEC,SAI,142,71,71,0,12,0,37,2,2,31,27,6,8,0,0,0,92,28,28,
2022,São Paulo Grand Prix,Race,race,Haas F1 Team,MAG,MSC,72,1,71,1,4,0,19,2,2,17,15,3,7,0,0,0,44,0,0,missing_lap_time_data
2022,São Paulo Grand Prix,Race,race,McLaren,NOR,RIC,52,51,1,2,4,0,12,2,2,9,8,2,4,0,0,0,35,0,0,missing_lap_time_data
2022,São Paulo Grand Prix,Race,race,Mercedes,HAM,RUS,142,71,71,0,8,0,34,2,2,30,26,2,11,0,0,0,96,39,39,
2022,São Paulo Grand Prix,Race,race,Red Bull Racing,PER,VER,142,71,71,0,10,0,37,2,2,31,27,4,10,0,0,0,89,25,25,
2022,São Paulo Grand Prix,Race,race,Williams,ALB,LAT,142,71,71,0,12,0,36,2,2,32,28,1,9,0,0,0,94,27,27,
2022,São Paulo Grand Prix,Qualifying,qualifying,Alfa Romeo,BOT,ZHO,25,13,12,3,9,0,9,2,2,0,0,0,4,0,0,6,10,4,4,
2022,São Paulo Grand Prix,Qualifying,qualifying,AlphaTauri,GAS,TSU,36,24,12,5,14,0,14,2,2,0,0,0,5,0,0,9,13,2,0,insufficient_matched_pairs
2022,São Paulo Grand Prix,Qualifying,qualifying,Alpine,ALO,OCO,43,21,22,12,20,0,20,2,2,2,0,0,5,0,0,8,15,4,4,
2022,São Paulo Grand Prix,Qualifying,qualifying,Aston Martin,STR,VET,47,24,23,5,16,0,16,2,2,0,0,0,5,1,0,19,12,3,3,
2022,São Paulo Grand Prix,Qualifying,qualifying,Ferrari,LEC,SAI,49,25,24,12,21,0,21,2,2,2,0,0,4,2,0,11,17,3,3,
2022,São Paulo Grand Prix,Qualifying,qualifying,Haas F1 Team,MAG,MSC,38,26,12,9,18,0,18,2,2,1,0,0,2,0,0,10,10,2,0,insufficient_matched_pairs
2022,São Paulo Grand Prix,Qualifying,qualifying,McLaren,NOR,RIC,46,25,21,9,18,0,18,2,2,1,0,0,6,0,0,15,13,3,3,
2022,São Paulo Grand Prix,Qualifying,qualifying,Mercedes,HAM,RUS,49,25,24,10,21,0,21,2,2,2,0,0,2,1,0,11,17,5,5,
2022,São Paulo Grand Prix,Qualifying,qualifying,Red Bull Racing,PER,VER,49,26,23,11,21,0,21,2,2,2,0,0,6,1,0,11,17,4,4,
2022,São Paulo Grand Prix,Qualifying,qualifying,Williams,ALB,LAT,34,21,13,4,12,0,12,2,2,0,0,0,5,0,0,13,9,3,3,
2022,Abu Dhabi Grand Prix,Race,race,Alfa Romeo,BOT,ZHO,114,57,57,0,6,0,8,2,2,2,0,4,13,0,0,0,89,30,30,
2022,Abu Dhabi Grand Prix,Race,race,AlphaTauri,GAS,TSU,115,57,58,0,6,0,8,2,2,2,0,3,13,0,0,0,93,28,28,
2022,Abu Dhabi Grand Prix,Race,race,Alpine,ALO,OCO,85,27,58,0,7,0,9,2,2,1,0,2,7,0,0,0,68,17,17,
2022,Abu Dhabi Grand Prix,Race,race,Aston Martin,STR,VET,116,58,58,0,6,0,8,2,2,2,0,6,10,0,0,0,93,31,31,
2022,Abu Dhabi Grand Prix,Race,race,Ferrari,LEC,SAI,116,58,58,0,6,0,8,2,2,2,0,1,11,0,0,0,96,32,32,
2022,Abu Dhabi Grand Prix,Race,race,Haas F1 Team,MAG,MSC,114,57,57,0,6,0,8,2,2,2,0,2,17,0,0,0,87,30,30,
2022,Abu Dhabi Grand Prix,Race,race,McLaren,NOR,RIC,116,58,58,0,6,0,8,2,2,2,0,2,9,0,0,0,96,34,34,
2022,Abu Dhabi Grand Prix,Race,race,Mercedes,HAM,RUS,113,55,58,0,7,0,9,2,2,2,0,4,11,0,0,0,92,32,32,
2022,Abu Dhabi Grand Prix,Race,race,Red Bull Racing,PER,VER,116,58,58,0,6,0,8,2,2,3,0,2,14,0,0,0,90,28,28,
2022,Abu Dhabi Grand Prix,Race,race,Williams,ALB,LAT,112,57,55,0,9,0,11,2,2,2,0,4,12,0,0,0,88,38,38,
2022,Abu Dhabi Grand Prix,Qualifying,qualifying,Alfa Romeo,BOT,ZHO,18,6,12,6,12,0,12,2,2,3,0,0,0,0,0,0,4,1,0,insufficient_matched_pairs
2022,Abu Dhabi Grand Prix,Qualifying,qualifying,AlphaTauri,GAS,TSU,24,9,15,8,16,0,16,2,2,2,0,0,0,0,0,0,8,3,3,
2022,Abu Dhabi Grand Prix,Qualifying,qualifying,Alpine,ALO,OCO,29,12,17,10,20,0,20,2,2,2,0,0,0,0,0,0,8,2,0,insufficient_matched_pairs
2022,Abu Dhabi Grand Prix,Qualifying,qualifying,Aston Martin,STR,VET,33,15,18,9,18,0,18,2,2,2,0,0,0,0,0,4,9,4,4,
2022,Abu Dhabi Grand Prix,Qualifying,qualifying,Ferrari,LEC,SAI,33,17,16,11,20,0,21,2,2,2,0,0,0,0,0,1,10,4,4,
2022,Abu Dhabi Grand Prix,Qualifying,qualifying,Haas F1 Team,MAG,MSC,24,9,15,7,12,0,13,2,2,2,0,0,1,0,0,2,7,2,0,insufficient_matched_pairs
2022,Abu Dhabi Grand Prix,Qualifying,qualifying,McLaren,NOR,RIC,32,17,15,11,22,0,22,2,2,2,0,0,0,0,0,0,10,3,3,
2022,Abu Dhabi Grand Prix,Qualifying,qualifying,Mercedes,HAM,RUS,41,21,20,12,24,0,24,2,2,2,0,0,1,0,0,3,12,5,5,
2022,Abu Dhabi Grand Prix,Qualifying,qualifying,Red Bull Racing,PER,VER,35,18,17,12,24,0,24,2,2,2,0,0,0,0,0,0,11,4,4,
2022,Abu Dhabi Grand Prix,Qualifying,qualifying,Williams,ALB,LAT,18,9,9,5,10,0,10,2,2,2,0,0,1,0,0,2,4,2,0,insufficient_matched_pairs
2023,Bahrain Grand Prix,Race,race,Alfa Romeo,BOT,ZHO,113,57,56,0,10,0,16,2,2,8,4,6,9,0,0,0,84,24,24,
2023,Bahrain Grand Prix,Race,race,AlphaTauri,DEV,TSU,113,56,57,0,10,0,14,2,2,8,4,4,8,0,0,0,87,31,31,
2023,Bahrain Grand Prix,Race,race,Alpine,GAS,OCO,98,57,41,0,13,0,16,2,2,8,3,4,7,0,0,0,71,24,24,
2023,Bahrain Grand Prix,Race,race,Aston Martin,ALO,STR,114,57,57,0,8,0,13,2,2,8,3,4,10,0,0,0,85,37,37,
2023,Bahrain Grand Prix,Race,race,Ferrari,LEC,SAI,97,40,57,1,8,0,12,2,2,7,2,0,7,0,0,0,74,29,29,
2023,Bahrain Grand Prix,Race,race,Haas F1 Team,HUL,MAG,112,56,56,0,12,0,14,2,2,8,4,6,9,0,0,0,85,39,39,
2023,Bahrain Grand Prix,Race,race,McLaren,NOR,PIA,68,55,13,0,13,0,16,2,2,6,1,4,5,0,0,0,44,7,0,insufficient_matched_pairs
2023,Bahrain Grand Prix,Race,race,Mercedes,HAM,RUS,114,57,57,0,8,0,13,2,2,8,3,1,8,0,0,0,88,40,40,
2023,Bahrain Grand Prix,Race,race,Red Bull Racing,PER,VER,114,57,57,0,8,0,14,2,2,8,4,0,8,0,0,0,88,35,35,
2023,Bahrain Grand Prix,Race,race,Williams,ALB,SAR,113,57,56,0,12,0,14,2,2,8,4,5,4,0,0,0,92,42,42,
2023,Bahrain Grand Prix,Qualifying,qualifying,Alfa Romeo,BOT,ZHO,24,12,12,8,16,0,16,2,2,0,0,0,0,0,0,0,8,4,4,
2023,Bahrain Grand Prix,Qualifying,qualifying,AlphaTauri,DEV,TSU,24,9,15,10,16,0,16,2,2,2,0,0,0,0,0,0,8,3,3,
2023,Bahrain Grand Prix,Qualifying,qualifying,Alpine,GAS,OCO,21,6,15,8,14,0,14,2,2,0,0,0,0,0,0,0,7,2,0,insufficient_matched_pairs
2023,Bahrain Grand Prix,Qualifying,qualifying,Aston Martin,ALO,STR,33,15,18,12,22,0,22,2,2,0,0,0,0,0,0,0,11,3,3,
2023,Bahrain Grand Prix,Qualifying,qualifying,Ferrari,LEC,SAI,35,17,18,15,24,0,24,2,2,2,0,0,0,0,0,1,10,3,3,
2023,Bahrain Grand Prix,Qualifying,qualifying,Haas F1 Team,HUL,MAG,23,17,6,9,16,0,16,2,2,1,0,0,0,0,0,0,7,2,0,insufficient_matched_pairs
2023,Bahrain Grand Prix,Qualifying,qualifying,McLaren,NOR,PIA,20,13,7,8,14,0,14,2,2,2,0,0,0,0,0,0,6,2,0,insufficient_matched_pairs
2023,Bahrain Grand Prix,Qualifying,qualifying,Mercedes,HAM,RUS,30,15,15,10,20,0,20,2,2,0,0,0,0,0,0,0,10,3,3,
2023,Bahrain Grand Prix,Qualifying,qualifying,Red Bull Racing,PER,VER,30,15,15,12,22,0,22,2,2,2,0,0,0,0,0,0,8,3,3,
2023,Bahrain Grand Prix,Qualifying,qualifying,Williams,ALB,SAR,14,8,6,5,10,0,10,2,2,0,0,0,0,0,0,0,4,2,0,insufficient_matched_pairs
2023,Saudi Arabian Grand Prix,Race,race,Alfa Romeo,BOT,ZHO,99,49,50,1,10,0,16,2,2,8,8,2,14,0,0,0,67,18,18,
2023,Saudi Arabian Grand Prix,Race,race,AlphaTauri,DEV,TSU,100,50,50,1,4,0,10,2,2,8,8,1,9,0,0,0,79,37,37,
2023,Saudi Arabian Grand Prix,Race,race,Alpine,GAS,OCO,100,50,50,2,4,0,13,2,2,8,8,3,9,0,0,0,76,33,33,
2023,Saudi Arabian Grand Prix,Race,race,Aston Martin,ALO,STR,67,50,17,3,4,0,8,2,2,5,4,1,7,0,0,0,50,8,8,
2023,Saudi Arabian Grand Prix,Race,race,Ferrari,LEC,SAI,100,50,50,2,4,0,13,2,2,8,8,2,8,0,0,0,78,26,26,
2023,Saudi Arabian Grand Prix,Race,race,Haas F1 Team,HUL,MAG,100,50,50,0,4,0,14,2,2,8,8,2,7,0,0,0,77,31,31,
2023,Saudi Arabian Grand Prix,Race,race,McLaren,NOR,PIA,100,50,50,0,6,0,13,2,2,8,8,0,5,0,0,0,80,12,12,
2023,Saudi Arabian Grand Prix,Race,race,Mercedes,HAM,RUS,100,50,50,4,4,0,8,2,2,8,6,0,10,0,0,0,78,20,20,
2023,Saudi Arabian Grand Prix,Race,race,Red Bull Racing,PER,VER,100,50,50,4,4,0,8,2,2,8,6,0,8,0,0,0,81,40,40,
2023,Saudi Arabian Grand Prix,Race,race,Williams,ALB,SAR,77,27,50,2,5,0,11,2,2,8,8,5,7,0,0,0,58,15,15,
2023,Saudi Arabian Grand Prix,Qualifying,qualifying,Alfa Romeo,BOT,ZHO,36,18,18,8,16,0,16,2,2,8,0,0,6,0,0,6,12,3,3,
2023,Saudi Arabian Grand Prix,Qualifying,qualifying,AlphaTauri,DEV,TSU,20,10,10,4,10,0,10,2,2,5,0,0,2,0,0,3,5,2,0,insufficient_matched_pairs
2023,Saudi Arabian Grand Prix,Qualifying,qualifying,Alpine,GAS,OCO,47,23,24,10,20,0,20,2,2,8,0,0,3,0,0,12,11,3,3,
2023,Saudi Arabian Grand Prix,Qualifying,qualifying,Aston Martin,ALO,STR,38,18,20,10,18,0,19,2,2,8,0,0,3,0,0,5,12,3,3,
2023,Saudi Arabian Grand Prix,Qualifying,qualifying,Ferrari,LEC,SAI,43,19,24,15,18,0,24,2,2,7,0,0,1,0,0,4,13,4,4,
2023,Saudi Arabian Grand Prix,Qualifying,qualifying,Haas F1 Team,HUL,MAG,35,18,17,10,16,0,18,2,2,7,0,0,2,0,0,6,9,4,4,
2023,Saudi Arabian Grand Prix,Qualifying,qualifying,McLaren,NOR,PIA,27,4,23,8,12,0,14,2,2,3,0,0,3,0,0,3,10,1,0,insufficient_matched_pairs
2023,Saudi Arabian Grand Prix,Qualifying,qualifying,Mercedes,HAM,RUS,42,21,21,12,24,0,24,2,2,7,0,0,4,0,0,4,14,5,5,
2023,Saudi Arabian Grand Prix,Qualifying,qualifying,Red Bull Racing,PER,VER,24,18,6,9,16,0,17,2,2,5,0,0,0,0,0,1,6,1,0,insufficient_matched_pairs
2023,Saudi Arabian Grand Prix,Qualifying,qualifying,Williams,ALB,SAR,17,9,8,6,10,0,10,2,2,4,0,0,0,0,0,3,3,1,0,insufficient_matched_pairs
2023,Australian Grand Prix,Race,race,Alfa Romeo,BOT,ZHO,116,58,58,13,19,0,28,2,2,22,19,2,4,0,0,0,84,42,42,
2023,Australian Grand Prix,Race,race,AlphaTauri,DEV,TSU,115,57,58,12,14,0,29,2,2,23,19,1,5,1,0,0,80,6,0,insufficient_matched_pairs
2023,Australian Grand Prix,Race,race,Alpine,GAS,OCO,114,57,57,10,10,0,24,2,2,22,18,1,7,2,0,0,81,36,36,
2023,Australian Grand Prix,Race,race,Aston Martin,ALO,STR,116,58,58,12,12,0,26,2,2,22,18,1,4,0,0,0,84,42,42,
2023,Australian Grand Prix,Race,race,Ferrari,LEC,SAI,59,1,58,7,7,0,14,2,2,12,10,2,3,0,0,0,41,0,0,missing_lap_time_data
2023,Australian Grand Prix,Race,race,Haas F1 Team,HUL,MAG,111,58,53,9,9,0,22,2,2,19,17,3,4,0,0,0,84,41,41,
2023,Australian Grand Prix,Race,race,McLaren,NOR,PIA,116,58,58,12,13,0,26,2,2,22,18,0,5,0,0,0,83,41,41,
2023,Australian Grand Prix,Race,race,Mercedes,HAM,RUS,76,58,18,8,9,0,20,2,2,17,15,2,3,0,0,0,52,8,8,
2023,Australian Grand Prix,Race,race,Red Bull Racing,PER,VER,116,58,58,12,15,0,26,2,2,22,18,0,4,0,0,0,84,39,39,
2023,Australian Grand Prix,Race,race,Williams,ALB,SAR,64,7,57,7,10,0,19,2,2,16,13,0,5,1,0,0,39,2,0,insufficient_matched_pairs
2023,Australian Grand Prix,Qualifying,qualifying,Alfa Romeo,BOT,ZHO,24,12,12,4,8,0,8,2,2,4,0,0,4,0,0,6,8,4,4,
2023,Australian Grand Prix,Qualifying,qualifying,AlphaTauri,DEV,TSU,45,23,22,9,16,0,16,2,2,9,0,0,4,0,0,13,12,3,3,
2023,Australian Grand Prix,Qualifying,qualifying,Alpine,GAS,OCO,43,25,18,7,13,0,13,2,2,6,0,0,8,0,0,15,15,3,3,
2023,Australian Grand Prix,Qualifying,qualifying,Aston Martin,ALO,STR,52,26,26,12,20,0,20,2,2,10,0,0,8,0,0,15,15,3,3,
2023,Australian Grand Prix,Qualifying,qualifying,Ferrari,LEC,SAI,53,25,28,14,24,0,24,2,2,10,0,0,5,0,0,15,12,3,3,
2023,Australian Grand Prix,Qualifying,qualifying,Haas F1 Team,HUL,MAG,44,26,18,10,20,0,20,2,2,9,0,0,2,0,0,8,12,5,5,
2023,Australian Grand Prix,Qualifying,qualifying,McLaren,NOR,PIA,36,24,12,5,12,0,12,2,2,7,0,0,3,0,0,12,9,3,3,
2023,Australian Grand Prix,Qualifying,qualifying,Mercedes,HAM,RUS,57,28,29,10,20,0,20,2,2,10,0,0,7,0,0,19,18,5,5,
2023,Australian Grand Prix,Qualifying,qualifying,Red Bull Racing,PER,VER,26,2,24,7,14,0,14,2,2,7,0,0,3,0,0,3,8,0,0,insufficient_matched_pairs
2023,Australian Grand Prix,Qualifying,qualifying,Williams,ALB,SAR,39,27,12,9,15,0,15,2,2,6,0,0,4,0,0,12,11,3,3,
2023,Azerbaijan Grand Prix,Race,race,Alfa Romeo,BOT,ZHO,86,50,36,3,9,0,15,2,2,13,8,2,6,0,0,0,61,21,21,
2023,Azerbaijan Grand Prix,Race,race,AlphaTauri,DEV,TSU,61,10,51,2,2,0,9,2,2,9,5,1,3,0,0,0,46,2,0,insufficient_matched_pairs
2023,Azerbaijan Grand Prix,Race,race,Alpine,GAS,OCO,102,51,51,2,7,0,16,2,2,14,8,4,8,0,0,0,73,15,15,
2023,Azerbaijan Grand Prix,Race,race,Aston Martin,ALO,STR,102,51,51,5,4,0,8,2,2,14,6,0,6,0,0,0,80,38,38,
2023,Azerbaijan Grand Prix,Race,race,Ferrari,LEC,SAI,102,51,51,5,4,0,8,2,2,14,6,0,2,0,0,0,84,42,42,
2023,Azerbaijan Grand Prix,Race,race,Haas F1 Team,HUL,MAG,101,50,51,3,5,0,12,2,2,14,8,2,9,0,0,0,75,26,26,
2023,Azerbaijan Grand Prix,Race,race,McLaren,NOR,PIA,102,51,51,2,4,0,13,2,2,14,8,2,4,0,0,0,79,36,36,
2023,Azerbaijan Grand Prix,Race,race,Mercedes,HAM,RUS,102,51,51,4,6,0,12,2,2,14,7,1,6,0,0,0,78,35,35,
2023,Azerbaijan Grand Prix,Race,race,Red Bull Racing,PER,VER,102,51,51,5,4,0,9,2,2,14,6,2,5,0,0,0,81,36,36,
2023,Azerbaijan Grand Prix,Race,race,Williams,ALB,SAR,102,51,51,1,4,0,14,2,2,14,8,2,5,0,0,0,77,35,35,
2023,Azerbaijan Grand Prix,Qualifying,qualifying,Alfa Romeo,BOT,ZHO,30,19,11,12,16,0,16,2,2,9,0,0,3,0,0,2,7,2,0,insufficient_matched_pairs
2023,Azerbaijan Grand Prix,Qualifying,qualifying,AlphaTauri,DEV,TSU,26,3,23,10,14,0,14,2,2,6,0,0,2,0,0,3,7,0,0,insufficient_matched_pairs
2023,Azerbaijan Grand Prix,Qualifying,qualifying,Alpine,GAS,OCO,25,6,19,11,14,0,14,2,2,9,0,0,2,0,0,2,6,1,0,insufficient_matched_pairs
2023,Azerbaijan Grand Prix,Qualifying,qualifying,Aston Martin,ALO,STR,46,23,23,18,25,0,25,2,2,11,0,0,5,0,0,5,13,4,4,
2023,Azerbaijan Grand Prix,Qualifying,qualifying,Ferrari,LEC,SAI,45,21,24,19,25,0,27,2,2,11,0,0,4,0,0,4,12,3,3,
2023,Azerbaijan Grand Prix,Qualifying,qualifying,Haas F1 Team,HUL,MAG,19,10,9,8,10,0,10,2,2,9,0,0,3,0,0,1,2,0,0,insufficient_matched_pairs
2023,Azerbaijan Grand Prix,Qualifying,qualifying,McLaren,NOR,PIA,44,20,24,17,23,0,23,2,2,11,0,0,4,0,0,3,14,4,4,
2023,Azerbaijan Grand Prix,Qualifying,qualifying,Mercedes,HAM,RUS,42,24,18,17,24,0,24,2,2,11,0,0,2,0,0,2,9,3,3,
2023,Azerbaijan Grand Prix,Qualifying,qualifying,Red Bull Racing,PER,VER,41,21,20,19,27,0,27,2,2,12,0,0,0,0,0,1,10,3,3,
2023,Azerbaijan Grand Prix,Qualifying,qualifying,Williams,ALB,SAR,38,19,19,14,20,0,20,2,2,12,0,0,4,0,0,2,10,3,3,
2023,Miami Grand Prix,Race,race,Alfa Romeo,BOT,ZHO,114,57,57,0,4,0,6,2,2,0,0,1,7,0,0,0,99,35,35,
2023,Miami Grand Prix,Race,race,AlphaTauri,DEV,TSU,114,57,57,0,4,0,6,2,2,0,0,1,7,0,0,0,99,40,40,
2023,Miami Grand Prix,Race,race,Alpine,GAS,OCO,114,57,57,0,4,0,6,2,2,0,0,2,11,0,0,0,95,40,40,
2023,Miami Grand Prix,Race,race,Aston Martin,ALO,STR,114,57,57,0,4,0,6,2,2,0,0,2,9,0,0,0,97,36,36,
2023,Miami Grand Prix,Race,race,Ferrari,LEC,SAI,114,57,57,0,4,0,6,2,2,0,0,2,11,0,0,0,95,42,42,
2023,Miami Grand Prix,Race,race,Haas F1 Team,HUL,MAG,114,57,57,0,4,0,6,2,2,0,0,4,13,0,0,0,94,33,33,
2023,Miami Grand Prix,Race,race,McLaren,NOR,PIA,113,57,56,0,4,0,6,2,2,0,0,1,11,0,0,0,94,40,40,
2023,Miami Grand Prix,Race,race,Mercedes,HAM,RUS,114,57,57,0,4,0,6,2,2,0,0,3,5,0,0,0,100,45,45,
2023,Miami Grand Prix,Race,race,Red Bull Racing,PER,VER,114,57,57,0,4,0,6,2,2,0,0,0,7,0,0,0,99,39,39,
2023,Miami Grand Prix,Race,race,Williams,ALB,SAR,113,57,56,0,4,0,6,2,2,0,0,2,8,0,0,0,98,28,28,
2023,Miami Grand Prix,Qualifying,qualifying,Alfa Romeo,BOT,ZHO,32,15,17,9,15,0,15,2,2,1,0,0,4,0,0,6,11,5,5,
2023,Miami Grand Prix,Qualifying,qualifying,AlphaTauri,DEV,TSU,26,16,10,7,12,0,12,2,2,0,0,0,4,0,0,4,10,4,4,
2023,Miami Grand Prix,Qualifying,qualifying,Alpine,GAS,OCO,38,19,19,12,22,0,22,2,2,1,0,0,0,0,0,4,10,5,5,
2023,Miami Grand Prix,Qualifying,qualifying,Aston Martin,ALO,STR,26,18,8,8,11,0,13,2,2,1,0,0,4,0,0,4,8,3,3,
2023,Miami Grand Prix,Qualifying,qualifying,Ferrari,LEC,SAI,36,18,18,11,15,0,17,2,2,1,0,0,4,0,0,8,9,4,4,
2023,Miami Grand Prix,Qualifying,qualifying,Haas F1 Team,HUL,MAG,34,15,19,11,19,0,20,2,2,1,0,0,2,0,0,3,10,4,4,
2023,Miami Grand Prix,Qualifying,qualifying,McLaren,NOR,PIA,17,8,9,5,8,0,8,2,2,0,0,0,0,0,0,4,5,2,0,insufficient_matched_pairs
2023,Miami Grand Prix,Qualifying,qualifying,Mercedes,HAM,RUS,35,15,20,14,22,0,23,2,2,1,0,0,1,0,0,1,10,5,5,
2023,Miami Grand Prix,Qualifying,qualifying,Red Bull Racing,PER,VER,35,20,15,15,20,0,24,2,2,2,0,0,0,0,0,2,8,4,4,
2023,Miami Grand Prix,Qualifying,qualifying,Williams,ALB,SAR,25,15,10,5,10,0,10,2,2,0,0,0,2,0,0,7,8,3,3,
2023,Monaco Grand Prix,Race,race,Alfa Romeo,BOT,ZHO,154,77,77,0,6,0,7,2,2,23,0,2,5,3,0,0,119,51,51,
2023,Monaco Grand Prix,Race,race,AlphaTauri,DEV,TSU,153,77,76,0,4,0,6,2,2,21,0,1,6,1,0,0,124,61,61,
2023,Monaco Grand Prix,Race,race,Alpine,GAS,OCO,156,78,78,0,8,0,10,2,2,22,0,3,11,1,0,0,117,28,28,
2023,Monaco Grand Prix,Race,race,Aston Martin,ALO,STR,132,78,54,1,5,0,8,2,2,16,0,1,10,2,0,0,104,41,41,
2023,Monaco Grand Prix,Race,race,Ferrari,LEC,SAI,156,78,78,0,8,0,10,2,2,22,0,4,11,0,0,0,117,48,48,
2023,Monaco Grand Prix,Race,race,Haas F1 Team,HUL,MAG,147,76,71,2,9,0,10,2,2,23,0,3,9,1,0,0,115,50,50,
2023,Monaco Grand Prix,Race,race,McLaren,NOR,PIA,154,77,77,0,6,0,8,2,2,20,0,0,7,2,0,0,124,17,17,
2023,Monaco Grand Prix,Race,race,Mercedes,HAM,RUS,156,78,78,0,6,0,8,2,2,20,0,2,9,0,0,0,122,32,32,
2023,Monaco Grand Prix,Race,race,Red Bull Racing,PER,VER,154,76,78,0,12,0,13,2,2,24,0,2,12,2,0,0,113,11,11,
2023,Monaco Grand Prix,Race,race,Williams,ALB,SAR,153,77,76,0,10,0,12,2,2,23,0,3,10,2,0,0,113,25,25,
2023,Monaco Grand Prix,Qualifying,qualifying,Alfa Romeo,BOT,ZHO,35,22,13,6,12,0,12,2,2,4,0,0,2,0,0,10,12,4,4,
2023,Monaco Grand Prix,Qualifying,qualifying,AlphaTauri,DEV,TSU,49,20,29,11,24,0,24,2,2,5,0,0,5,0,0,9,16,6,6,
2023,Monaco Grand Prix,Qualifying,qualifying,Alpine,GAS,OCO,51,25,26,12,24,0,24,2,2,6,0,0,8,0,0,9,18,4,4,
2023,Monaco Grand Prix,Qualifying,qualifying,Aston Martin,ALO,STR,44,25,19,10,20,0,20,2,2,6,0,0,3,0,0,9,14,5,5,
2023,Monaco Grand Prix,Qualifying,qualifying,Ferrari,LEC,SAI,54,26,28,12,26,0,26,2,2,7,0,0,2,0,0,11,16,5,5,
2023,Monaco Grand Prix,Qualifying,qualifying,Haas F1 Team,HUL,MAG,17,8,9,4,8,0,8,2,2,2,0,0,1,0,0,4,5,2,0,insufficient_matched_pairs
2023,Monaco Grand Prix,Qualifying,qualifying,McLaren,NOR,PIA,45,23,22,9,18,0,18,2,2,8,0,0,9,0,0,10,15,6,6,
2023,Monaco Grand Prix,Qualifying,qualifying,Mercedes,HAM,RUS,59,30,29,9,30,0,30,2,2,6,0,0,4,0,0,10,19,5,5,
2023,Monaco Grand Prix,Qualifying,qualifying,Red Bull Racing,PER,VER,34,4,30,8,14,0,14,2,2,4,0,0,1,0,0,9,11,1,0,insufficient_matched_pairs
2023,Monaco Grand Prix,Qualifying,qualifying,Williams,ALB,SAR,32,19,13,9,16,0,16,2,2,3,0,0,3,0,0,5,11,4,4,
2023,Spanish Grand Prix,Race,race,Alfa Romeo,BOT,ZHO,131,65,66,0,8,0,10,2,2,0,0,4,15,0,0,0,103,42,42,
2023,Spanish Grand Prix,Race,race,AlphaTauri,DEV,TSU,131,65,66,0,8,0,10,2,2,0,0,5,14,0,0,0,105,42,42,
2023,Spanish Grand Prix,Race,race,Alpine,GAS,OCO,132,66,66,0,8,0,10,2,2,0,0,4,10,0,0,0,110,45,45,
2023,Spanish Grand Prix,Race,race,Aston Martin,ALO,STR,132,66,66,0,8,0,10,2,2,0,0,4,15,0,0,0,106,36,36,
2023,Spanish Grand Prix,Race,race,Ferrari,LEC,SAI,132,66,66,0,9,0,10,2,2,0,0,3,11,0,0,0,109,28,28,
2023,Spanish Grand Prix,Race,race,Haas F1 Team,HUL,MAG,130,65,65,0,12,0,14,2,2,0,0,8,11,0,0,0,102,42,42,
2023,Spanish Grand Prix,Race,race,McLaren,NOR,PIA,130,65,65,0,10,0,11,2,2,0,0,4,11,0,0,0,106,45,45,
2023,Spanish Grand Prix,Race,race,Mercedes,HAM,RUS,132,66,66,0,8,0,10,2,2,0,0,2,11,0,0,0,110,47,47,
2023,Spanish Grand Prix,Race,race,Red Bull Racing,PER,VER,132,66,66,0,8,0,10,2,2,0,0,1,8,0,0,0,113,50,50,
2023,Spanish Grand Prix,Race,race,Williams,ALB,SAR,130,65,65,0,9,0,10,2,2,0,0,3,14,0,0,0,104,29,29,
2023,Spanish Grand Prix,Qualifying,qualifying,Alfa Romeo,BOT,ZHO,26,10,16,10,16,0,16,2,2,6,0,0,2,3,0,0,8,3,3,
2023,Spanish Grand Prix,Qualifying,qualifying,AlphaTauri,DEV,TSU,35,16,19,12,23,0,23,2,2,7,0,0,1,4,0,2,8,4,4,
2023,Spanish Grand Prix,Qualifying,qualifying,Alpine,GAS,OCO,42,21,21,18,28,0,28,2,2,6,0,0,0,5,0,0,13,4,4,
2023,Spanish Grand Prix,Qualifying,qualifying,Aston Martin,ALO,STR,41,18,23,17,26,0,26,2,2,6,0,0,1,4,0,1,12,3,3,
2023,Spanish Grand Prix,Qualifying,qualifying,Ferrari,LEC,SAI,32,10,22,11,18,0,18,2,2,4,0,0,1,3,0,2,10,3,3,
2023,Spanish Grand Prix,Qualifying,qualifying,Haas F1 Team,HUL,MAG,27,18,9,11,18,0,18,2,2,8,0,0,0,4,0,0,5,1,0,insufficient_matched_pairs
2023,Spanish Grand Prix,Qualifying,qualifying,McLaren,NOR,PIA,42,22,20,18,28,0,28,2,2,6,0,0,1,5,0,1,11,4,4,
2023,Spanish Grand Prix,Qualifying,qualifying,Mercedes,HAM,RUS,41,23,18,15,24,0,24,2,2,6,0,0,2,4,0,4,13,5,5,
2023,Spanish Grand Prix,Qualifying,qualifying,Red Bull Racing,PER,VER,37,17,20,14,22,0,22,2,2,6,0,0,1,4,0,3,10,4,4,
2023,Spanish Grand Prix,Qualifying,qualifying,Williams,ALB,SAR,14,8,6,6,10,0,10,2,2,4,0,0,0,1,0,0,4,2,0,insufficient_matched_pairs
2023,Canadian Grand Prix,Race,race,Alfa Romeo,BOT,ZHO,139,70,69,0,6,0,20,2,2,20,14,4,14,0,0,0,98,25,25,
2023,Canadian Grand Prix,Race,race,AlphaTauri,DEV,TSU,139,69,70,0,8,0,22,2,2,19,14,2,10,0,0,0,103,20,20,
2023,Canadian Grand Prix,Race,race,Alpine,GAS,OCO,140,70,70,0,8,0,21,2,2,20,13,5,11,0,0,0,103,40,40,
2023,Canadian Grand Prix,Race,race,Aston Martin,ALO,STR,140,70,70,0,8,0,20,2,2,19,13,2,12,0,0,0,103,39,39,
2023,Canadian Grand Prix,Race,race,Ferrari,LEC,SAI,140,70,70,0,4,0,19,2,2,20,13,2,21,0,0,0,94,41,41,
2023,Canadian Grand Prix,Race,race,Haas F1 Team,HUL,MAG,138,69,69,0,8,0,22,2,2,18,13,4,13,0,0,0,99,26,26,
2023,Canadian Grand Prix,Race,race,McLaren,NOR,PIA,140,70,70,0,8,0,18,2,2,20,12,4,12,0,0,0,103,48,48,
2023,Canadian Grand Prix,Race,race,Mercedes,HAM,RUS,124,70,54,2,7,0,17,2,2,19,12,2,11,0,0,0,91,23,23,
2023,Canadian Grand Prix,Race,race,Red Bull Racing,PER,VER,140,70,70,0,8,0,21,2,2,20,13,1,15,0,0,0,97,31,31,
2023,Canadian Grand Prix,Race,race,Williams,ALB,SAR,77,70,7,1,2,0,10,2,2,11,8,1,8,0,0,0,55,4,0,insufficient_matched_pairs
2023,Canadian Grand Prix,Qualifying,qualifying,Alfa Romeo,BOT,ZHO,35,24,11,6,15,0,15,2,2,4,0,0,4,2,0,5,14,4,4,
2023,Canadian Grand Prix,Qualifying,qualifying,AlphaTauri,DEV,TSU,23,12,11,4,11,0,11,2,2,3,0,0,2,2,0,3,9,4,4,
2023,Canadian Grand Prix,Qualifying,qualifying,Alpine,GAS,OCO,36,11,25,7,13,0,13,2,2,4,0,0,5,3,0,6,14,5,5,
2023,Canadian Grand Prix,Qualifying,qualifying,Aston Martin,ALO,STR,45,25,20,9,24,0,24,2,2,6,0,0,5,3,0,6,14,6,6,
2023,Canadian Grand Prix,Qualifying,qualifying,Ferrari,LEC,SAI,48,22,26,8,20,0,20,2,2,5,0,0,4,2,0,12,14,6,6,
2023,Canadian Grand Prix,Qualifying,qualifying,Haas F1 Team,HUL,MAG,46,25,21,9,26,0,26,2,2,8,0,0,3,4,0,2,14,5,5,
2023,Canadian Grand Prix,Qualifying,qualifying,McLaren,NOR,PIA,50,26,24,10,22,0,22,2,2,7,0,0,6,4,0,6,20,3,3,
2023,Canadian Grand Prix,Qualifying,qualifying,Mercedes,HAM,RUS,51,26,25,11,28,0,28,2,2,8,0,0,4,4,0,9,12,5,5,
2023,Canadian Grand Prix,Qualifying,qualifying,Red Bull Racing,PER,VER,49,23,26,10,20,0,20,2,2,8,0,0,3,2,0,8,18,5,5,
2023,Canadian Grand Prix,Qualifying,qualifying,Williams,ALB,SAR,38,24,14,8,18,0,18,2,2,6,0,0,4,3,0,5,12,4,4,
2023,Austrian Grand Prix,Race,race,Alfa Romeo,BOT,ZHO,140,70,70,0,12,0,19,2,2,13,11,5,11,0,0,0,106,36,36,
2023,Austrian Grand Prix,Race,race,AlphaTauri,DEV,TSU,140,70,70,0,14,0,19,2,2,13,11,3,14,0,0,0,104,36,36,
2023,Austrian Grand Prix,Race,race,Alpine,GAS,OCO,141,71,70,0,12,0,15,2,2,13,11,4,14,0,0,0,109,31,31,
2023,Austrian Grand Prix,Race,race,Aston Martin,ALO,STR,142,71,71,0,14,0,18,2,2,14,12,2,13,0,0,0,108,29,29,
2023,Austrian Grand Prix,Race,race,Ferrari,LEC,SAI,142,71,71,0,12,0,16,2,2,14,12,1,9,0,0,0,116,54,54,
2023,Austrian Grand Prix,Race,race,Haas F1 Team,HUL,MAG,83,13,70,2,9,0,13,2,2,10,9,6,13,0,0,0,54,0,0,no_compound_overlap
2023,Austrian Grand Prix,Race,race,McLaren,NOR,PIA,141,71,70,0,14,0,17,2,2,13,11,5,11,0,0,0,110,29,29,
2023,Austrian Grand Prix,Race,race,Mercedes,HAM,RUS,142,71,71,0,12,0,15,2,2,13,11,3,16,0,0,0,110,49,49,
2023,Austrian Grand Prix,Race,race,Red Bull Racing,PER,VER,142,71,71,0,14,0,22,2,2,14,12,3,8,0,0,0,108,45,45,
2023,Austrian Grand Prix,Race,race,Williams,ALB,SAR,141,71,70,0,12,0,14,2,2,12,10,1,13,0,0,0,111,50,50,
2023,Austrian Grand Prix,Qualifying,qualifying,Alfa Romeo,BOT,ZHO,23,14,9,10,16,0,16,2,2,2,0,0,0,0,0,0,7,2,0,insufficient_matched_pairs
2023,Austrian Grand Prix,Qualifying,qualifying,AlphaTauri,DEV,TSU,20,10,10,6,12,0,12,2,2,2,0,0,0,0,0,2,6,3,3,
2023,Austrian Grand Prix,Qualifying,qualifying,Alpine,GAS,OCO,36,21,15,14,23,0,23,2,2,2,0,0,1,0,0,1,12,5,5,
2023,Austrian Grand Prix,Qualifying,qualifying,Aston Martin,ALO,STR,52,27,25,18,28,0,28,2,2,2,0,0,1,0,0,7,17,5,5,
2023,Austrian Grand Prix,Qualifying,qualifying,Ferrari,LEC,SAI,51,26,25,15,26,0,26,2,2,4,0,0,0,0,0,7,16,5,5,
2023,Austrian Grand Prix,Qualifying,qualifying,Haas F1 Team,HUL,MAG,34,24,10,11,16,0,16,2,2,2,0,0,0,0,0,8,10,3,3,
2023,Austrian Grand Prix,Qualifying,qualifying,McLaren,NOR,PIA,42,23,19,14,22,0,22,2,2,3,0,0,1,0,0,6,13,4,4,
2023,Austrian Grand Prix,Qualifying,qualifying,Mercedes,HAM,RUS,46,25,21,15,26,0,26,2,2,4,0,0,2,0,0,5,13,4,4,
2023,Austrian Grand Prix,Qualifying,qualifying,Red Bull Racing,PER,VER,43,19,24,13,22,0,22,2,2,3,0,0,0,0,0,7,13,5,5,
2023,Austrian Grand Prix,Qualifying,qualifying,Williams,ALB,SAR,30,21,9,11,20,0,20,2,2,2,0,0,0,0,0,0,9,2,0,insufficient_matched_pairs
2023,British Grand Prix,Race,race,Alfa Romeo,BOT,ZHO,104,52,52,0,8,0,18,2,2,14,14,2,6,0,0,0,78,12,12,
2023,British Grand Prix,Race,race,AlphaTauri,DEV,TSU,104,52,52,0,8,0,20,2,2,14,14,3,13,0,0,0,69,18,18,
2023,British Grand Prix,Race,race,Alpine,GAS,OCO,55,46,9,1,4,0,12,2,2,7,7,3,5,0,0,0,38,1,0,insufficient_matched_pairs
2023,British Grand Prix,Race,race,Aston Martin,ALO,STR,104,52,52,0,4,0,17,2,2,14,14,1,9,0,0,0,76,33,33,
2023,British Grand Prix,Race,race,Ferrari,LEC,SAI,104,52,52,0,6,0,20,2,2,14,14,3,8,0,0,0,74,18,18,
2023,British Grand Prix,Race,race,Haas F1 Team,HUL,MAG,84,52,32,1,4,0,12,2,2,8,8,1,4,0,0,0,67,20,20,
2023,British Grand Prix,Race,race,McLaren,NOR,PIA,104,52,52,1,4,0,17,2,2,13,13,1,6,0,0,0,79,31,31,
2023,British Grand Prix,Race,race,Mercedes,HAM,RUS,104,52,52,1,4,0,18,2,2,14,14,1,7,0,0,0,77,24,24,
2023,British Grand Prix,Race,race,Red Bull Racing,PER,VER,104,52,52,1,4,0,17,2,2,13,13,1,6,0,0,0,79,29,29,
2023,British Grand Prix,Race,race,Williams,ALB,SAR,104,52,52,0,4,0,18,2,2,14,14,2,8,0,0,0,76,31,31,
2023,British Grand Prix,Qualifying,qualifying,Alfa Romeo,BOT,ZHO,22,11,11,7,10,0,10,2,2,7,0,0,3,2,0,4,5,2,0,insufficient_matched_pairs
2023,British Grand Prix,Qualifying,qualifying,AlphaTauri,DEV,TSU,22,11,11,6,12,0,12,2,2,6,0,0,2,4,0,2,6,3,3,
2023,British Grand Prix,Qualifying,qualifying,Alpine,GAS,OCO,42,24,18,12,20,0,20,2,2,8,0,0,3,6,0,6,12,5,5,
2023,British Grand Prix,Qualifying,qualifying,Aston Martin,ALO,STR,43,24,19,14,23,0,23,2,2,8,0,0,4,7,0,4,12,5,5,
2023,British Grand Prix,Qualifying,qualifying,Ferrari,LEC,SAI,51,25,26,14,26,0,26,2,2,9,0,0,6,6,0,6,16,4,4,
2023,British Grand Prix,Qualifying,qualifying,Haas F1 Team,HUL,MAG,24,17,7,7,12,0,12,2,2,6,0,0,1,3,0,4,7,2,0,insufficient_matched_pairs
2023,British Grand Prix,Qualifying,qualifying,McLaren,NOR,PIA,52,26,26,17,28,0,29,2,2,8,0,0,3,7,0,5,14,3,3,
2023,British Grand Prix,Qualifying,qualifying,Mercedes,HAM,RUS,49,25,24,14,28,0,28,2,2,7,0,0,2,1,0,4,15,4,4,
2023,British Grand Prix,Qualifying,qualifying,Red Bull Racing,PER,VER,37,11,26,11,17,0,18,2,2,8,0,0,4,3,0,5,11,3,3,
2023,British Grand Prix,Qualifying,qualifying,Williams,ALB,SAR,44,25,19,12,24,0,24,2,2,8,0,0,4,8,0,5,12,5,5,
2023,Hungarian Grand Prix,Race,race,Alfa Romeo,BOT,ZHO,138,69,69,0,8,0,10,2,2,4,0,3,10,0,0,0,114,52,52,
2023,Hungarian Grand Prix,Race,race,AlphaTauri,RIC,TSU,138,69,69,0,8,0,10,2,2,4,0,4,12,0,0,0,113,27,27,
2023,Hungarian Grand Prix,Race,race,Alpine,GAS,OCO,3,1,2,0,2,0,3,2,2,2,0,0,0,0,0,0,0,0,0,teammate_dnf_no_matched_laps
2023,Hungarian Grand Prix,Race,race,Aston Martin,ALO,STR,139,70,69,0,8,0,10,2,2,5,0,3,12,0,0,0,114,39,39,
2023,Hungarian Grand Prix,Race,race,Ferrari,LEC,SAI,140,70,70,0,8,0,10,2,2,4,0,2,12,0,0,0,116,40,40,
2023,Hungarian Grand Prix,Race,race,Haas F1 Team,HUL,MAG,138,69,69,0,8,0,10,2,2,4,0,3,14,0,0,0,110,49,49,
2023,Hungarian Grand Prix,Race,race,McLaren,NOR,PIA,140,70,70,0,8,0,10,2,2,4,0,1,11,0,0,0,116,54,54,
2023,Hungarian Grand Prix,Race,race,Mercedes,HAM,RUS,140,70,70,0,8,0,10,2,2,4,0,4,13,0,0,0,114,49,49,
2023,Hungarian Grand Prix,Race,race,Red Bull Racing,PER,VER,140,70,70,0,8,0,10,2,2,4,0,1,14,0,0,0,112,47,47,
2023,Hungarian Grand Prix,Race,race,Williams,ALB,SAR,136,69,67,0,9,0,11,2,2,4,0,3,11,0,0,0,111,47,47,
2023,Hungarian Grand Prix,Qualifying,qualifying,Alfa Romeo,BOT,ZHO,42,20,22,14,24,0,24,2,2,0,0,0,3,0,0,3,15,4,4,
2023,Hungarian Grand Prix,Qualifying,qualifying,AlphaTauri,RIC,TSU,24,15,9,8,16,0,16,2,2,0,0,0,0,0,0,0,8,3,3,
2023,Hungarian Grand Prix,Qualifying,qualifying,Alpine,GAS,OCO,32,16,16,10,20,0,20,2,2,0,0,0,2,0,0,2,10,5,5,
2023,Hungarian Grand Prix,Qualifying,qualifying,Aston Martin,ALO,STR,39,21,18,13,20,0,22,2,2,0,0,0,3,0,0,3,14,5,5,
2023,Hungarian Grand Prix,Qualifying,qualifying,Ferrari,LEC,SAI,36,21,15,11,20,0,20,2,2,0,0,0,1,0,0,4,12,5,5,
2023,Hungarian Grand Prix,Qualifying,qualifying,Haas F1 Team,HUL,MAG,28,20,8,9,16,0,16,2,2,0,0,0,2,0,0,2,10,3,3,
2023,Hungarian Grand Prix,Qualifying,qualifying,McLaren,NOR,PIA,40,20,20,13,22,0,23,2,2,0,0,0,3,0,0,4,13,3,3,
2023,Hungarian Grand Prix,Qualifying,qualifying,Mercedes,HAM,RUS,29,20,9,8,16,0,16,2,2,0,0,0,0,0,0,5,8,2,0,insufficient_matched_pairs
2023,Hungarian Grand Prix,Qualifying,qualifying,Red Bull Racing,PER,VER,44,23,21,13,24,0,24,2,2,0,0,0,1,0,0,5,15,4,4,
2023,Hungarian Grand Prix,Qualifying,qualifying,Williams,ALB,SAR,16,8,8,4,8,0,8,2,2,0,0,0,2,0,0,2,6,3,3,
2023,Belgian Grand Prix,Race,race,Alfa Romeo,BOT,ZHO,88,44,44,0,8,0,10,2,2,6,0,5,5,2,0,0,65,14,14,
2023,Belgian Grand Prix,Race,race,AlphaTauri,RIC,TSU,88,44,44,0,8,0,10,2,2,6,0,3,10,0,0,0,63,14,14,
2023,Belgian Grand Prix,Race,race,Alpine,GAS,OCO,88,44,44,0,6,0,8,2,2,6,0,6,10,0,0,0,61,22,22,
2023,Belgian Grand Prix,Race,race,Aston Martin,ALO,STR,88,44,44,0,6,0,8,2,2,6,0,5,8,0,0,0,66,19,19,
2023,Belgian Grand Prix,Race,race,Ferrari,LEC,SAI,67,44,23,0,7,0,9,2,2,5,0,2,8,2,0,0,44,8,8,
2023,Belgian Grand Prix,Race,race,Haas F1 Team,HUL,MAG,88,44,44,0,9,0,10,2,2,6,0,6,4,1,0,0,65,9,9,
2023,Belgian Grand Prix,Race,race,McLaren,NOR,PIA,45,44,1,1,4,0,6,2,2,3,0,3,5,1,0,0,29,0,0,missing_lap_time_data
2023,Belgian Grand Prix,Race,race,Mercedes,HAM,RUS,88,44,44,0,8,0,10,2,2,6,0,3,7,1,0,0,62,14,14,
2023,Belgian Grand Prix,Race,race,Red Bull Racing,PER,VER,88,44,44,0,8,0,10,2,2,5,0,0,8,2,0,0,63,28,28,
2023,Belgian Grand Prix,Race,race,Williams,ALB,SAR,88,44,44,0,12,0,14,2,2,6,0,6,2,1,0,0,64,29,29,
2023,Belgian Grand Prix,Qualifying,qualifying,Alfa Romeo,BOT,ZHO,26,17,9,8,12,0,14,2,2,2,0,0,0,0,0,1,9,3,3,
2023,Belgian Grand Prix,Qualifying,qualifying,AlphaTauri,RIC,TSU,23,8,15,8,12,0,14,2,2,2,0,0,0,0,0,0,9,3,3,
2023,Belgian Grand Prix,Qualifying,qualifying,Alpine,GAS,OCO,30,17,13,10,16,0,18,2,2,3,0,0,1,0,0,1,9,3,3,
2023,Belgian Grand Prix,Qualifying,qualifying,Aston Martin,ALO,STR,44,22,22,15,25,0,26,2,2,4,0,0,1,0,0,1,16,5,5,
2023,Belgian Grand Prix,Qualifying,qualifying,Ferrari,LEC,SAI,46,23,23,15,24,0,26,2,2,5,0,0,3,0,0,2,16,5,5,
2023,Belgian Grand Prix,Qualifying,qualifying,Haas F1 Team,HUL,MAG,22,5,17,6,11,0,11,2,2,3,0,0,0,0,0,2,7,1,0,insufficient_matched_pairs
2023,Belgian Grand Prix,Qualifying,qualifying,McLaren,NOR,PIA,44,21,23,15,24,0,25,2,2,4,0,0,1,0,0,4,13,3,3,
2023,Belgian Grand Prix,Qualifying,qualifying,Mercedes,HAM,RUS,48,24,24,17,24,0,27,2,2,4,0,0,1,0,0,1,20,3,3,
2023,Belgian Grand Prix,Qualifying,qualifying,Red Bull Racing,PER,VER,44,22,22,15,20,0,24,2,2,4,0,0,2,0,0,3,15,4,4,
2023,Belgian Grand Prix,Qualifying,qualifying,Williams,ALB,SAR,14,8,6,4,6,0,7,2,2,1,0,0,1,0,0,0,6,3,3,
2023,Dutch Grand Prix,Race,race,Alfa Romeo,BOT,ZHO,135,72,63,3,17,0,30,2,2,20,17,4,10,6,0,0,88,23,23,
2023,Dutch Grand Prix,Race,race,AlphaTauri,LAW,TSU,144,72,72,4,22,0,34,2,2,23,20,5,15,9,0,0,86,10,10,
2023,Dutch Grand Prix,Race,race,Alpine,GAS,OCO,144,72,72,4,21,0,37,2,2,22,19,6,16,6,0,0,86,36,36,
2023,Dutch Grand Prix,Race,race,Aston Martin,ALO,STR,144,72,72,3,23,0,38,2,2,22,20,2,13,8,0,0,85,24,24,
2023,Dutch Grand Prix,Race,race,Ferrari,LEC,SAI,113,41,72,2,15,0,30,2,2,18,16,6,10,2,0,0,69,21,21,
2023,Dutch Grand Prix,Race,race,Haas F1 Team,HUL,MAG,144,72,72,3,20,0,33,2,2,23,20,6,12,8,0,0,90,21,21,
2023,Dutch Grand Prix,Race,race,McLaren,NOR,PIA,144,72,72,4,20,0,35,2,2,22,18,12,12,4,0,0,88,27,27,
2023,Dutch Grand Prix,Race,race,Mercedes,HAM,RUS,144,72,72,4,23,0,38,2,2,24,19,8,15,4,0,0,83,4,0,insufficient_matched_pairs
2023,Dutch Grand Prix,Race,race,Red Bull Racing,PER,VER,144,72,72,3,22,0,37,2,2,20,19,3,12,8,0,0,90,35,35,
2023,Dutch Grand Prix,Race,race,Williams,ALB,SAR,87,72,15,3,7,0,17,2,2,12,10,5,10,5,0,0,57,7,0,insufficient_matched_pairs
2023,Dutch Grand Prix,Qualifying,qualifying,Alfa Romeo,BOT,ZHO,24,12,12,2,8,0,8,2,2,0,0,0,4,1,0,5,10,4,4,
2023,Dutch Grand Prix,Qualifying,qualifying,AlphaTauri,LAW,TSU,34,12,22,3,12,0,12,2,2,0,0,0,6,1,0,6,16,6,6,
2023,Dutch Grand Prix,Qualifying,qualifying,Alpine,GAS,OCO,33,21,12,3,8,0,8,2,2,0,0,0,7,1,0,9,16,4,4,
2023,Dutch Grand Prix,Qualifying,qualifying,Aston Martin,ALO,STR,52,30,22,10,22,0,22,2,2,2,0,0,7,3,0,8,21,4,4,
2023,Dutch Grand Prix,Qualifying,qualifying,Ferrari,LEC,SAI,59,27,32,14,26,0,26,2,2,4,0,0,4,3,0,13,19,5,5,
2023,Dutch Grand Prix,Qualifying,qualifying,Haas F1 Team,HUL,MAG,31,20,11,5,12,0,12,2,2,0,0,0,4,2,0,4,14,4,4,
2023,Dutch Grand Prix,Qualifying,qualifying,McLaren,NOR,PIA,61,30,31,14,26,0,26,2,2,5,0,0,5,1,0,11,24,7,7,
2023,Dutch Grand Prix,Qualifying,qualifying,Mercedes,HAM,RUS,55,23,32,9,18,0,18,2,2,2,0,0,5,4,0,15,20,3,3,
2023,Dutch Grand Prix,Qualifying,qualifying,Red Bull Racing,PER,VER,64,33,31,15,24,0,24,2,2,4,0,0,6,2,0,14,24,6,6,
2023,Dutch Grand Prix,Qualifying,qualifying,Williams,ALB,SAR,59,32,27,13,25,0,25,2,2,3,0,0,7,2,0,14,20,4,4,
2023,Italian Grand Prix,Race,race,Alfa Romeo,BOT,ZHO,102,51,51,2,6,0,10,2,2,0,0,2,7,2,0,0,85,31,31,
2023,Italian Grand Prix,Race,race,AlphaTauri,LAW,TSU,52,51,1,2,4,0,7,2,2,0,0,2,3,1,0,0,42,0,0,missing_lap_time_data
2023,Italian Grand Prix,Race,race,Alpine,GAS,OCO,90,51,39,1,7,0,10,2,2,0,0,2,7,1,0,0,73,27,27,
2023,Italian Grand Prix,Race,race,Aston Martin,ALO,STR,102,51,51,1,4,0,7,2,2,0,0,2,10,2,0,0,85,41,41,
2023,Italian Grand Prix,Race,race,Ferrari,LEC,SAI,102,51,51,0,4,0,6,2,2,0,0,2,16,2,0,0,80,38,38,
2023,Italian Grand Prix,Race,race,Haas F1 Team,HUL,MAG,102,51,51,2,8,0,12,2,2,0,0,2,8,4,0,0,80,26,26,
2023,Italian Grand Prix,Race,race,McLaren,NOR,PIA,102,51,51,1,6,0,9,2,2,0,0,3,8,2,0,0,84,34,34,
2023,Italian Grand Prix,Race,race,Mercedes,HAM,RUS,102,51,51,0,4,0,6,2,2,0,0,3,9,2,0,0,85,35,35,
2023,Italian Grand Prix,Race,race,Red Bull Racing,PER,VER,102,51,51,0,4,0,6,2,2,0,0,2,11,1,0,0,84,38,38,
2023,Italian Grand Prix,Race,race,Williams,ALB,SAR,102,51,51,1,4,0,7,2,2,0,0,3,9,2,0,0,85,41,41,
2023,Italian Grand Prix,Qualifying,qualifying,Alfa Romeo,BOT,ZHO,22,14,8,6,12,0,12,2,2,0,0,0,2,0,0,2,8,3,3,
2023,Italian Grand Prix,Qualifying,qualifying,AlphaTauri,LAW,TSU,30,15,15,10,20,0,20,2,2,0,0,0,0,0,0,0,10,5,5,
2023,Italian Grand Prix,Qualifying,qualifying,Alpine,GAS,OCO,15,7,8,4,8,0,8,2,2,0,0,0,1,0,0,2,5,2,0,insufficient_matched_pairs
2023,Italian Grand Prix,Qualifying,qualifying,Aston Martin,ALO,STR,28,19,9,9,16,0,16,2,2,0,0,0,2,0,0,4,8,2,0,insufficient_matched_pairs
2023,Italian Grand Prix,Qualifying,qualifying,Ferrari,LEC,SAI,41,21,20,11,26,0,26,2,2,0,0,0,0,0,0,2,13,3,3,
2023,Italian Grand Prix,Qualifying,qualifying,Haas F1 Team,HUL,MAG,24,16,8,6,12,0,12,2,2,0,0,0,2,0,0,4,8,2,0,insufficient_matched_pairs
2023,Italian Grand Prix,Qualifying,qualifying,McLaren,NOR,PIA,47,23,24,14,24,0,24,2,2,0,0,0,5,0,0,6,17,5,5,
2023,Italian Grand Prix,Qualifying,qualifying,Mercedes,HAM,RUS,42,21,21,15,28,0,28,2,2,0,0,0,0,0,0,0,14,4,4,
2023,Italian Grand Prix,Qualifying,qualifying,Red Bull Racing,PER,VER,42,21,21,13,26,0,26,2,2,0,0,0,0,0,0,2,14,4,4,
2023,Italian Grand Prix,Qualifying,qualifying,Williams,ALB,SAR,36,21,15,11,20,0,20,2,2,0,0,0,0,0,0,4,12,5,5,
2023,Singapore Grand Prix,Race,race,Alfa Romeo,BOT,ZHO,114,52,62,3,7,0,18,2,2,25,11,3,11,0,0,0,78,18,18,
2023,Singapore Grand Prix,Race,race,AlphaTauri,LAW,TSU,63,62,1,2,2,0,8,2,2,15,6,0,4,0,0,0,45,0,0,missing_lap_time_data
2023,Singapore Grand Prix,Race,race,Alpine,GAS,OCO,105,62,43,3,4,0,12,2,2,21,10,0,12,0,0,0,75,29,29,
2023,Singapore Grand Prix,Race,race,Aston Martin,ALO,STR,62,62,0,1,4,0,7,1,1,14,6,2,8,0,0,0,43,0,0,missing_lap_time_data
2023,Singapore Grand Prix,Race,race,Ferrari,LEC,SAI,124,62,62,3,4,0,13,2,2,26,11,1,8,0,0,0,92,29,29,
2023,Singapore Grand Prix,Race,race,Haas F1 Team,HUL,MAG,124,62,62,3,6,0,13,2,2,28,11,2,14,0,0,0,89,32,32,
2023,Singapore Grand Prix,Race,race,McLaren,NOR,PIA,124,62,62,2,4,0,13,2,2,27,11,0,10,0,0,0,89,41,41,
2023,Singapore Grand Prix,Race,race,Mercedes,HAM,RUS,124,62,62,3,8,0,14,2,2,26,11,0,16,0,0,0,87,42,42,
2023,Singapore Grand Prix,Race,race,Red Bull Racing,PER,VER,124,62,62,2,4,0,18,2,2,31,12,6,13,0,0,0,78,34,34,
2023,Singapore Grand Prix,Race,race,Williams,ALB,SAR,124,62,62,4,8,0,14,2,2,30,12,1,14,0,0,0,84,37,37,
2023,Singapore Grand Prix,Qualifying,qualifying,Alfa Romeo,BOT,ZHO,18,9,9,4,8,0,8,2,2,2,0,0,0,0,0,4,6,3,3,
2023,Singapore Grand Prix,Qualifying,qualifying,AlphaTauri,LAW,TSU,31,21,10,14,22,0,22,2,2,6,0,0,0,0,0,0,8,2,0,insufficient_matched_pairs
2023,Singapore Grand Prix,Qualifying,qualifying,Alpine,GAS,OCO,30,12,18,11,20,0,20,2,2,6,0,0,0,0,0,0,8,3,3,
2023,Singapore Grand Prix,Qualifying,qualifying,Aston Martin,ALO,STR,25,17,8,12,16,0,17,2,2,4,0,0,1,0,0,2,6,1,0,insufficient_matched_pairs
2023,Singapore Grand Prix,Qualifying,qualifying,Ferrari,LEC,SAI,41,21,20,16,24,0,27,2,2,7,0,0,2,0,0,2,10,3,3,
2023,Singapore Grand Prix,Qualifying,qualifying,Haas F1 Team,HUL,MAG,42,21,21,15,24,0,25,2,2,6,0,0,1,0,0,3,12,3,3,
2023,Singapore Grand Prix,Qualifying,qualifying,McLaren,NOR,PIA,29,20,9,11,16,0,19,2,2,6,0,0,2,0,0,2,8,2,0,insufficient_matched_pairs
2023,Singapore Grand Prix,Qualifying,qualifying,Mercedes,HAM,RUS,33,16,17,16,24,0,24,2,2,7,0,0,0,0,0,0,9,3,3,
2023,Singapore Grand Prix,Qualifying,qualifying,Red Bull Racing,PER,VER,27,13,14,10,16,0,18,2,2,6,0,0,1,0,0,2,6,3,3,
2023,Singapore Grand Prix,Qualifying,qualifying,Williams,ALB,SAR,21,12,9,7,14,0,14,2,2,4,0,0,0,0,0,0,7,2,0,insufficient_matched_pairs
2023,Japanese Grand Prix,Race,race,Alfa Romeo,BOT,ZHO,59,7,52,6,10,0,16,2,2,11,10,1,1,0,0,0,40,1,0,insufficient_matched_pairs
2023,Japanese Grand Prix,Race,race,AlphaTauri,LAW,TSU,104,52,52,6,8,0,20,2,2,14,12,4,6,0,0,0,76,29,29,
2023,Japanese Grand Prix,Race,race,Alpine,GAS,OCO,106,53,53,5,8,0,18,2,2,14,12,4,5,0,0,0,80,26,26,
2023,Japanese Grand Prix,Race,race,Aston Martin,ALO,STR,73,53,20,6,7,0,18,2,2,14,12,3,2,0,0,0,52,6,0,insufficient_matched_pairs
2023,Japanese Grand Prix,Race,race,Ferrari,LEC,SAI,106,53,53,6,8,0,18,2,2,12,10,4,4,0,0,0,79,34,34,
2023,Japanese Grand Prix,Race,race,Haas F1 Team,HUL,MAG,104,52,52,6,10,0,21,2,2,14,12,3,11,0,0,0,69,17,17,
2023,Japanese Grand Prix,Race,race,McLaren,NOR,PIA,106,53,53,6,8,0,17,2,2,12,10,2,8,0,0,0,78,34,34,
2023,Japanese Grand Prix,Race,race,Mercedes,HAM,RUS,106,53,53,6,6,0,16,2,2,12,10,2,7,0,0,0,79,25,25,
2023,Japanese Grand Prix,Race,race,Red Bull Racing,PER,VER,68,15,53,8,10,0,17,2,2,12,10,3,1,0,0,0,48,7,0,insufficient_matched_pairs
2023,Japanese Grand Prix,Race,race,Williams,ALB,SAR,48,26,22,6,12,0,17,2,2,14,12,2,1,0,0,0,29,4,0,insufficient_matched_pairs
2023,Japanese Grand Prix,Qualifying,qualifying,Alfa Romeo,BOT,ZHO,11,5,6,6,8,0,8,2,2,3,0,0,0,0,0,0,2,1,0,insufficient_matched_pairs
2023,Japanese Grand Prix,Qualifying,qualifying,AlphaTauri,LAW,TSU,34,16,18,13,23,0,23,2,2,2,0,0,0,0,0,0,11,4,4,
2023,Japanese Grand Prix,Qualifying,qualifying,Alpine,GAS,OCO,24,12,12,10,16,0,16,2,2,2,0,0,0,0,0,0,8,4,4,
2023,Japanese Grand Prix,Qualifying,qualifying,Aston Martin,ALO,STR,22,15,7,9,15,0,15,2,2,2,0,0,0,0,0,0,7,2,0,insufficient_matched_pairs
2023,Japanese Grand Prix,Qualifying,qualifying,Ferrari,LEC,SAI,28,14,14,12,20,0,20,2,2,2,0,0,0,0,0,0,8,3,3,
2023,Japanese Grand Prix,Qualifying,qualifying,Haas F1 Team,HUL,MAG,15,6,9,7,10,0,10,2,2,2,0,0,0,0,0,0,5,2,0,insufficient_matched_pairs
2023,Japanese Grand Prix,Qualifying,qualifying,McLaren,NOR,PIA,26,12,14,11,18,0,18,2,2,2,0,0,0,0,0,0,8,3,3,
2023,Japanese Grand Prix,Qualifying,qualifying,Mercedes,HAM,RUS,33,18,15,13,22,0,22,2,2,2,0,0,0,0,0,0,11,3,3,
2023,Japanese Grand Prix,Qualifying,qualifying,Red Bull Racing,PER,VER,30,18,12,12,20,0,20,2,2,2,0,0,0,0,0,0,10,3,3,
2023,Japanese Grand Prix,Qualifying,qualifying,Williams,ALB,SAR,14,12,2,7,10,0,10,2,2,2,0,0,0,0,0,0,4,0,0,missing_lap_time_data
2023,Qatar Grand Prix,Race,race,Alfa Romeo,BOT,ZHO,114,57,57,0,12,0,18,2,2,12,8,17,10,0,0,0,75,29,29,
2023,Qatar Grand Prix,Race,race,AlphaTauri,LAW,TSU,112,56,56,0,12,0,18,2,2,12,8,7,12,0,0,0,80,30,30,
2023,Qatar Grand Prix,Race,race,Alpine,GAS,OCO,114,57,57,1,12,0,20,2,2,12,8,7,10,0,0,0,78,32,32,
2023,Qatar Grand Prix,Race,race,Aston Martin,ALO,STR,114,57,57,1,12,0,18,2,2,12,8,10,14,0,0,0,74,27,27,
2023,Qatar Grand Prix,Race,race,Ferrari,LEC,SAI,57,57,0,1,6,0,10,1,1,6,4,3,3,0,0,0,40,0,0,missing_lap_time_data
2023,Qatar Grand Prix,Race,race,Haas F1 Team,HUL,MAG,112,56,56,0,12,0,18,2,2,13,8,7,9,0,0,0,78,26,26,
2023,Qatar Grand Prix,Race,race,McLaren,NOR,PIA,114,57,57,1,12,0,20,2,2,12,8,7,7,0,0,0,79,34,34,
2023,Qatar Grand Prix,Race,race,Mercedes,HAM,RUS,58,1,57,1,8,0,11,2,2,7,5,6,6,0,0,0,37,0,0,missing_lap_time_data
2023,Qatar Grand Prix,Race,race,Red Bull Racing,PER,VER,114,57,57,1,13,0,20,2,2,12,8,7,8,0,0,0,78,30,30,
2023,Qatar Grand Prix,Race,race,Williams,ALB,SAR,97,57,40,0,11,0,19,2,2,12,8,9,10,0,0,0,62,22,22,
2023,Qatar Grand Prix,Qualifying,qualifying,Alfa Romeo,BOT,ZHO,30,21,9,11,20,0,20,2,2,0,0,0,0,0,0,0,10,3,3,
2023,Qatar Grand Prix,Qualifying,qualifying,AlphaTauri,LAW,TSU,26,10,16,6,12,0,12,2,2,0,0,0,4,0,0,4,10,4,4,
2023,Qatar Grand Prix,Qualifying,qualifying,Alpine,GAS,OCO,47,23,24,14,24,0,24,2,2,0,0,0,5,0,0,6,17,4,4,
2023,Qatar Grand Prix,Qualifying,qualifying,Aston Martin,ALO,STR,31,21,10,9,16,0,16,2,2,0,0,0,2,0,0,6,9,3,3,
2023,Qatar Grand Prix,Qualifying,qualifying,Ferrari,LEC,SAI,44,26,18,9,20,0,20,2,2,0,0,0,2,0,0,11,13,5,5,
2023,Qatar Grand Prix,Qualifying,qualifying,Haas F1 Team,HUL,MAG,21,12,9,7,14,0,14,2,2,0,0,0,0,0,0,0,7,2,0,insufficient_matched_pairs
2023,Qatar Grand Prix,Qualifying,qualifying,McLaren,NOR,PIA,44,21,23,13,24,0,24,2,2,0,0,0,3,0,0,6,14,4,4,
2023,Qatar Grand Prix,Qualifying,qualifying,Mercedes,HAM,RUS,41,20,21,13,26,0,26,2,2,0,0,0,2,0,0,3,12,3,3,
2023,Qatar Grand Prix,Qualifying,qualifying,Red Bull Racing,PER,VER,35,16,19,11,20,0,20,2,2,0,0,0,3,0,0,3,12,5,5,
2023,Qatar Grand Prix,Qualifying,qualifying,Williams,ALB,SAR,25,15,10,6,12,0,12,2,2,0,0,0,4,0,0,4,9,4,4,
2023,United States Grand Prix,Race,race,Alfa Romeo,BOT,ZHO,111,56,55,0,8,0,10,2,2,1,0,5,13,0,0,0,87,38,38,
2023,United States Grand Prix,Race,race,AlphaTauri,RIC,TSU,111,55,56,0,10,0,12,2,2,1,0,4,12,0,0,0,84,27,27,
2023,United States Grand Prix,Race,race,Alpine,GAS,OCO,62,56,6,0,5,0,7,2,2,1,0,2,4,0,0,0,49,3,0,insufficient_matched_pairs
2023,United States Grand Prix,Race,race,Aston Martin,ALO,STR,105,49,56,0,11,0,11,2,2,1,0,7,9,0,0,0,82,27,27,
2023,United States Grand Prix,Race,race,Ferrari,LEC,SAI,112,56,56,0,6,0,8,2,2,0,0,3,13,0,0,0,91,31,31,
2023,United States Grand Prix,Race,race,Haas F1 Team,HUL,MAG,111,56,55,0,10,0,10,2,2,1,0,4,10,0,0,0,88,36,36,
2023,United States Grand Prix,Race,race,McLaren,NOR,PIA,66,56,10,0,5,0,7,2,2,0,0,3,5,0,0,0,53,7,0,insufficient_matched_pairs
2023,United States Grand Prix,Race,race,Mercedes,HAM,RUS,112,56,56,0,8,0,10,2,2,0,0,4,12,0,0,0,90,39,39,
2023,United States Grand Prix,Race,race,Red Bull Racing,PER,VER,112,56,56,0,8,0,10,2,2,0,0,5,10,0,0,0,89,41,41,
2023,United States Grand Prix,Race,race,Williams,ALB,SAR,112,56,56,0,8,0,10,2,2,2,0,5,15,0,0,0,87,39,39,
2023,United States Grand Prix,Qualifying,qualifying,Alfa Romeo,BOT,ZHO,30,15,15,8,16,0,16,2,2,0,0,0,0,0,0,4,10,5,5,
2023,United States Grand Prix,Qualifying,qualifying,AlphaTauri,RIC,TSU,24,12,12,8,16,0,16,2,2,0,0,0,0,0,0,0,8,4,4,
2023,United States Grand Prix,Qualifying,qualifying,Alpine,GAS,OCO,40,19,21,16,27,0,27,2,2,0,0,0,0,0,0,0,13,4,4,
2023,United States Grand Prix,Qualifying,qualifying,Aston Martin,ALO,STR,17,8,9,5,10,0,10,2,2,0,0,0,1,0,0,1,6,3,3,
2023,United States Grand Prix,Qualifying,qualifying,Ferrari,LEC,SAI,39,21,18,12,24,0,24,2,2,0,0,0,0,0,0,2,13,4,4,
2023,United States Grand Prix,Qualifying,qualifying,Haas F1 Team,HUL,MAG,18,6,12,6,12,0,12,2,2,0,0,0,0,0,0,0,6,2,0,insufficient_matched_pairs
2023,United States Grand Prix,Qualifying,qualifying,McLaren,NOR,PIA,40,20,20,13,24,0,24,2,2,0,0,0,0,0,0,4,12,3,3,
2023,United States Grand Prix,Qualifying,qualifying,Mercedes,HAM,RUS,36,18,18,13,24,0,24,2,2,0,0,0,0,0,0,0,12,4,4,
2023,United States Grand Prix,Qualifying,qualifying,Red Bull Racing,PER,VER,35,17,18,13,24,0,24,2,2,0,0,0,0,0,0,0,11,3,3,
2023,United States Grand Prix,Qualifying,qualifying,Williams,ALB,SAR,14,6,8,5,10,0,10,2,2,0,0,0,0,0,0,0,4,2,0,insufficient_matched_pairs
2023,Mexico City Grand Prix,Race,race,Alfa Romeo,BOT,ZHO,142,71,71,2,8,0,17,2,2,22,12,3,5,0,0,0,110,45,45,
2023,Mexico City Grand Prix,Race,race,AlphaTauri,RIC,TSU,142,71,71,3,8,0,16,2,2,19,9,3,8,0,0,0,109,38,38,
2023,Mexico City Grand Prix,Race,race,Alpine,GAS,OCO,142,71,71,2,6,0,14,2,2,21,10,2,7,0,0,0,110,43,43,
2023,Mexico City Grand Prix,Race,race,Aston Martin,ALO,STR,113,47,66,2,11,0,20,2,2,18,12,3,8,0,0,0,82,29,29,
2023,Mexico City Grand Prix,Race,race,Ferrari,LEC,SAI,142,71,71,6,8,0,16,2,2,16,8,0,8,0,0,0,110,50,50,
2023,Mexico City Grand Prix,Race,race,Haas F1 Team,HUL,MAG,103,71,32,2,6,0,13,2,2,15,7,2,1,0,0,0,82,25,25,
2023,Mexico City Grand Prix,Race,race,McLaren,NOR,PIA,142,71,71,2,9,0,15,2,2,18,9,3,7,0,0,0,111,38,38,
2023,Mexico City Grand Prix,Race,race,Mercedes,HAM,RUS,142,71,71,4,8,0,15,2,2,16,8,2,9,0,0,0,111,51,51,
2023,Mexico City Grand Prix,Race,race,Red Bull Racing,PER,VER,72,1,71,3,6,0,9,2,2,9,4,1,3,0,0,0,58,0,0,teammate_dnf_no_matched_laps
2023,Mexico City Grand Prix,Race,race,Williams,ALB,SAR,142,71,71,4,8,0,16,2,2,21,11,4,7,0,0,0,110,35,35,
2023,Mexico City Grand Prix,Qualifying,qualifying,Alfa Romeo,BOT,ZHO,32,17,15,11,22,0,22,2,2,3,0,0,0,0,0,0,9,3,3,
2023,Mexico City Grand Prix,Qualifying,qualifying,AlphaTauri,RIC,TSU,26,15,11,9,18,0,18,2,2,2,0,0,0,0,0,1,7,1,0,insufficient_matched_pairs
2023,Mexico City Grand Prix,Qualifying,qualifying,Alpine,GAS,OCO,21,15,6,7,14,0,14,2,2,4,0,0,0,0,0,0,5,1,0,insufficient_matched_pairs
2023,Mexico City Grand Prix,Qualifying,qualifying,Aston Martin,ALO,STR,23,14,9,7,16,0,16,2,2,3,0,0,0,0,0,0,6,2,0,insufficient_matched_pairs
2023,Mexico City Grand Prix,Qualifying,qualifying,Ferrari,LEC,SAI,34,17,17,12,24,0,24,2,2,3,0,0,0,0,0,0,10,4,4,
2023,Mexico City Grand Prix,Qualifying,qualifying,Haas F1 Team,HUL,MAG,21,12,9,7,14,0,14,2,2,3,0,0,0,0,0,0,6,1,0,insufficient_matched_pairs
2023,Mexico City Grand Prix,Qualifying,qualifying,McLaren,NOR,PIA,24,6,18,8,16,0,16,2,2,3,0,0,0,0,0,0,7,1,0,insufficient_matched_pairs
2023,Mexico City Grand Prix,Qualifying,qualifying,Mercedes,HAM,RUS,37,18,19,14,24,0,24,2,2,3,0,0,1,0,0,2,11,4,4,
2023,Mexico City Grand Prix,Qualifying,qualifying,Red Bull Racing,PER,VER,31,16,15,12,21,0,21,2,2,3,0,0,0,0,0,0,9,3,3,
2023,Mexico City Grand Prix,Qualifying,qualifying,Williams,ALB,SAR,18,12,6,6,12,0,12,2,2,2,0,0,0,0,0,0,5,1,0,insufficient_matched_pairs
2023,São Paulo Grand Prix,Race,race,Alfa Romeo,BOT,ZHO,61,39,22,2,12,0,12,2,2,4,4,0,5,0,0,0,44,14,14,
2023,São Paulo Grand Prix,Race,race,AlphaTauri,RIC,TSU,141,70,71,2,14,0,14,2,2,3,3,2,10,0,0,0,115,53,53,
2023,São Paulo Grand Prix,Race,race,Alpine,GAS,OCO,141,71,70,2,16,0,16,2,2,4,4,4,7,0,0,0,117,46,46,
2023,São Paulo Grand Prix,Race,race,Aston Martin,ALO,STR,142,71,71,2,14,0,14,2,2,4,4,3,11,0,0,0,114,49,49,
2023,São Paulo Grand Prix,Race,race,Ferrari,LEC,SAI,72,1,71,2,7,0,8,2,2,3,3,2,6,0,0,0,58,0,0,missing_lap_time_data
2023,São Paulo Grand Prix,Race,race,Haas F1 Team,HUL,MAG,71,70,1,2,7,0,8,2,2,3,3,2,7,0,0,0,55,0,0,missing_lap_time_data
2023,São Paulo Grand Prix,Race,race,McLaren,NOR,PIA,140,71,69,2,14,0,14,2,2,3,3,1,7,0,0,0,118,48,48,
2023,São Paulo Grand Prix,Race,race,Mercedes,HAM,RUS,128,71,57,2,15,0,15,2,2,4,4,6,9,0,0,0,102,41,41,
2023,São Paulo Grand Prix,Race,race,Red Bull Racing,PER,VER,142,71,71,2,14,0,14,2,2,4,4,3,8,0,0,0,118,53,53,
2023,São Paulo Grand Prix,Race,race,Williams,ALB,SAR,71,1,70,2,7,0,8,2,2,3,3,1,5,0,0,0,57,0,0,missing_lap_time_data
2023,São Paulo Grand Prix,Qualifying,qualifying,Alfa Romeo,BOT,ZHO,18,9,9,4,8,0,8,2,2,0,0,0,0,0,0,4,6,3,3,
2023,São Paulo Grand Prix,Qualifying,qualifying,AlphaTauri,RIC,TSU,15,6,9,5,10,0,10,2,2,0,0,0,0,0,0,0,5,2,0,insufficient_matched_pairs
2023,São Paulo Grand Prix,Qualifying,qualifying,Alpine,GAS,OCO,29,14,15,10,20,0,20,2,2,0,0,0,0,0,0,0,9,4,4,
2023,São Paulo Grand Prix,Qualifying,qualifying,Aston Martin,ALO,STR,34,18,16,12,23,0,23,2,2,2,0,0,0,0,0,0,9,4,4,
2023,São Paulo Grand Prix,Qualifying,qualifying,Ferrari,LEC,SAI,38,18,20,9,26,0,26,2,2,3,0,0,0,0,0,0,10,4,4,
2023,São Paulo Grand Prix,Qualifying,qualifying,Haas F1 Team,HUL,MAG,30,15,15,10,20,0,20,2,2,0,0,0,0,0,0,0,10,5,5,
2023,São Paulo Grand Prix,Qualifying,qualifying,McLaren,NOR,PIA,28,13,15,11,21,0,21,2,2,2,0,0,0,0,0,0,6,2,0,insufficient_matched_pairs
2023,São Paulo Grand Prix,Qualifying,qualifying,Mercedes,HAM,RUS,42,21,21,10,28,0,28,2,2,2,0,0,0,0,0,0,12,3,3,
2023,São Paulo Grand Prix,Qualifying,qualifying,Red Bull Racing,PER,VER,35,17,18,12,24,0,24,2,2,2,0,0,0,0,0,0,9,4,4,
2023,São Paulo Grand Prix,Qualifying,qualifying,Williams,ALB,SAR,24,15,9,6,12,0,12,2,2,0,0,0,0,0,0,4,8,3,3,
2023,Las Vegas Grand Prix,Race,race,Alfa Romeo,BOT,ZHO,100,50,50,6,6,0,20,2,2,29,18,1,6,0,0,0,61,22,22,
2023,Las Vegas Grand Prix,Race,race,AlphaTauri,RIC,TSU,97,50,47,8,6,0,25,2,2,29,18,2,6,0,0,0,56,12,12,
2023,Las Vegas Grand Prix,Race,race,Alpine,GAS,OCO,100,50,50,10,4,0,22,2,2,29,18,4,5,0,0,0,61,23,23,
2023,Las Vegas Grand Prix,Race,race,Aston Martin,ALO,STR,100,50,50,8,8,0,18,2,2,28,18,5,8,0,0,0,60,25,25,
2023,Las Vegas Grand Prix,Race,race,Ferrari,LEC,SAI,100,50,50,9,6,0,20,2,2,28,18,2,7,0,0,0,60,13,13,
2023,Las Vegas Grand Prix,Race,race,Haas F1 Team,HUL,MAG,96,46,50,10,8,0,23,2,2,27,18,2,5,0,0,0,60,25,25,
2023,Las Vegas Grand Prix,Race,race,McLaren,NOR,PIA,53,3,50,6,4,0,16,2,2,18,12,4,6,0,0,0,23,0,0,insufficient_matched_pairs
2023,Las Vegas Grand Prix,Race,race,Mercedes,HAM,RUS,100,50,50,9,8,0,22,2,2,28,18,6,8,0,0,0,56,19,19,
2023,Las Vegas Grand Prix,Race,race,Red Bull Racing,PER,VER,100,50,50,9,8,0,20,2,2,28,18,4,9,0,0,0,58,17,17,
2023,Las Vegas Grand Prix,Race,race,Williams,ALB,SAR,100,50,50,10,4,0,22,2,2,28,18,5,9,0,0,0,59,24,24,
2023,Las Vegas Grand Prix,Qualifying,qualifying,Alfa Romeo,BOT,ZHO,29,19,10,7,12,0,12,2,2,3,0,0,4,0,0,7,9,3,3,
2023,Las Vegas Grand Prix,Qualifying,qualifying,AlphaTauri,RIC,TSU,27,18,9,6,12,0,12,2,2,2,0,0,2,0,0,8,6,2,0,insufficient_matched_pairs
2023,Las Vegas Grand Prix,Qualifying,qualifying,Alpine,GAS,OCO,35,25,10,9,16,0,16,2,2,3,0,0,2,0,0,9,8,2,0,insufficient_matched_pairs
2023,Las Vegas Grand Prix,Qualifying,qualifying,Aston Martin,ALO,STR,42,24,18,9,18,0,18,2,2,3,0,0,1,0,0,12,10,4,4,
2023,Las Vegas Grand Prix,Qualifying,qualifying,Ferrari,LEC,SAI,46,23,23,9,20,0,20,2,2,4,0,0,0,0,0,11,15,4,4,
2023,Las Vegas Grand Prix,Qualifying,qualifying,Haas F1 Team,HUL,MAG,40,17,23,11,20,0,20,2,2,3,0,0,5,0,0,6,12,5,5,
2023,Las Vegas Grand Prix,Qualifying,qualifying,McLaren,NOR,PIA,19,9,10,2,4,0,4,2,2,2,0,0,0,0,0,9,5,2,0,insufficient_matched_pairs
2023,Las Vegas Grand Prix,Qualifying,qualifying,Mercedes,HAM,RUS,37,15,22,6,10,0,10,2,2,3,0,0,1,0,0,17,8,3,3,
2023,Las Vegas Grand Prix,Qualifying,qualifying,Red Bull Racing,PER,VER,33,14,19,7,16,0,16,2,2,3,0,0,0,0,0,8,9,4,4,
2023,Las Vegas Grand Prix,Qualifying,qualifying,Williams,ALB,SAR,44,21,23,13,20,0,20,2,2,4,0,0,2,0,0,12,12,3,3,
2023,Abu Dhabi Grand Prix,Race,race,Alfa Romeo,BOT,ZHO,115,57,58,0,6,0,8,2,2,0,0,3,13,0,0,0,92,33,33,
2023,Abu Dhabi Grand Prix,Race,race,AlphaTauri,RIC,TSU,116,58,58,0,6,0,8,2,2,0,0,3,11,0,0,0,94,26,26,
2023,Abu Dhabi Grand Prix,Race,race,Alpine,GAS,OCO,116,58,58,0,6,0,8,2,2,0,0,3,14,0,0,0,92,29,29,
2023,Abu Dhabi Grand Prix,Race,race,Aston Martin,ALO,STR,116,58,58,0,8,0,10,2,2,0,0,5,9,0,0,0,95,40,40,
2023,Abu Dhabi Grand Prix,Race,race,Ferrari,LEC,SAI,115,58,57,0,8,0,10,2,2,0,0,4,10,0,0,0,95,34,34,
2023,Abu Dhabi Grand Prix,Race,race,Haas F1 Team,HUL,MAG,115,58,57,0,8,0,10,2,2,0,0,3,15,0,0,0,89,32,32,
2023,Abu Dhabi Grand Prix,Race,race,McLaren,NOR,PIA,116,58,58,0,8,0,10,2,2,0,0,9,13,0,0,0,87,35,35,
2023,Abu Dhabi Grand Prix,Race,race,Mercedes,HAM,RUS,116,58,58,0,8,0,10,2,2,0,0,7,9,0,0,0,93,42,42,
2023,Abu Dhabi Grand Prix,Race,race,Red Bull Racing,PER,VER,116,58,58,0,8,0,10,2,2,0,0,4,9,0,0,0,96,43,43,
2023,Abu Dhabi Grand Prix,Race,race,Williams,ALB,SAR,116,58,58,0,8,0,10,2,2,0,0,5,6,0,0,0,97,44,44,
2023,Abu Dhabi Grand Prix,Qualifying,qualifying,Alfa Romeo,BOT,ZHO,12,6,6,4,8,0,8,2,2,0,0,0,0,0,0,0,4,2,0,insufficient_matched_pairs
2023,Abu Dhabi Grand Prix,Qualifying,qualifying,AlphaTauri,RIC,TSU,30,12,18,10,20,0,20,2,2,0,0,0,0,0,0,0,10,4,4,
2023,Abu Dhabi Grand Prix,Qualifying,qualifying,Alpine,GAS,OCO,30,18,12,11,20,0,20,2,2,0,0,0,0,0,0,0,10,4,4,
2023,Abu Dhabi Grand Prix,Qualifying,qualifying,Aston Martin,ALO,STR,30,18,12,10,20,0,20,2,2,0,0,0,0,0,0,0,10,4,4,
2023,Abu Dhabi Grand Prix,Qualifying,qualifying,Ferrari,LEC,SAI,24,18,6,8,16,0,16,2,2,0,0,0,0,0,0,0,8,2,0,insufficient_matched_pairs
2023,Abu Dhabi Grand Prix,Qualifying,qualifying,Haas F1 Team,HUL,MAG,24,18,6,8,16,0,16,2,2,0,0,0,0,0,0,0,8,2,0,insufficient_matched_pairs
2023,Abu Dhabi Grand Prix,Qualifying,qualifying,McLaren,NOR,PIA,33,16,17,12,24,0,24,2,2,0,0,0,0,0,0,0,9,3,3,
2023,Abu Dhabi Grand Prix,Qualifying,qualifying,Mercedes,HAM,RUS,30,12,18,10,20,0,20,2,2,0,0,0,0,0,0,0,10,4,4,
2023,Abu Dhabi Grand Prix,Qualifying,qualifying,Red Bull Racing,PER,VER,32,17,15,11,22,0,22,2,2,0,0,0,0,0,0,0,10,3,3,
2023,Abu Dhabi Grand Prix,Qualifying,qualifying,Williams,ALB,SAR,18,12,6,6,12,0,12,2,2,0,0,0,0,0,0,0,6,2,0,insufficient_matched_pairs
2024,Bahrain Grand Prix,Race,race,Alpine,GAS,OCO,112,56,56,0,10,0,12,2,2,4,0,3,9,0,0,0,89,32,32,
2024,Bahrain Grand Prix,Race,race,Aston Martin,ALO,STR,114,57,57,0,8,0,10,2,2,4,0,4,10,0,0,0,91,38,38,
2024,Bahrain Grand Prix,Race,race,Ferrari,LEC,SAI,114,57,57,0,8,0,10,2,2,4,0,3,8,0,0,0,92,41,41,
2024,Bahrain Grand Prix,Race,race,Haas F1 Team,HUL,MAG,112,56,56,0,10,0,11,2,2,5,0,3,7,0,0,0,91,39,39,
2024,Bahrain Grand Prix,Race,race,Kick Sauber,BOT,ZHO,112,56,56,1,8,0,10,2,2,4,0,6,10,0,0,0,89,38,38,
2024,Bahrain Grand Prix,Race,race,McLaren,NOR,PIA,114,57,57,0,8,0,10,2,2,4,0,4,12,0,0,0,89,42,42,
2024,Bahrain Grand Prix,Race,race,Mercedes,HAM,RUS,114,57,57,0,8,0,10,2,2,4,0,6,7,0,0,0,91,41,41,
2024,Bahrain Grand Prix,Race,race,RB,RIC,TSU,112,56,56,0,8,0,10,2,2,4,0,6,12,0,0,0,87,30,30,
2024,Bahrain Grand Prix,Race,race,Red Bull Racing,PER,VER,114,57,57,0,8,0,10,2,2,5,0,2,9,0,0,0,91,38,38,
2024,Bahrain Grand Prix,Race,race,Williams,ALB,SAR,111,56,55,1,10,0,12,2,2,4,0,4,11,0,0,0,84,32,32,
2024,Bahrain Grand Prix,Qualifying,qualifying,Alpine,GAS,OCO,18,9,9,6,12,0,12,2,2,0,0,0,0,0,0,0,6,3,3,
2024,Bahrain Grand Prix,Qualifying,qualifying,Aston Martin,ALO,STR,26,14,12,9,18,0,18,2,2,0,0,0,0,0,0,0,8,3,3,
2024,Bahrain Grand Prix,Qualifying,qualifying,Ferrari,LEC,SAI,37,19,18,14,25,0,25,2,2,0,0,0,0,0,0,0,12,4,4,
2024,Bahrain Grand Prix,Qualifying,qualifying,Haas F1 Team,HUL,MAG,30,18,12,11,20,0,20,2,2,0,0,0,0,0,0,0,10,4,4,
2024,Bahrain Grand Prix,Qualifying,qualifying,Kick Sauber,BOT,ZHO,12,6,6,4,8,0,8,2,2,0,0,0,0,0,0,0,4,2,0,insufficient_matched_pairs
2024,Bahrain Grand Prix,Qualifying,qualifying,McLaren,NOR,PIA,33,15,18,14,23,0,23,2,2,0,0,0,0,0,0,0,10,3,3,
2024,Bahrain Grand Prix,Qualifying,qualifying,Mercedes,HAM,RUS,35,18,17,13,24,0,24,2,2,0,0,0,0,0,0,0,11,4,4,
2024,Bahrain Grand Prix,Qualifying,qualifying,RB,RIC,TSU,24,12,12,8,16,0,16,2,2,0,0,0,0,0,0,0,8,4,4,
2024,Bahrain Grand Prix,Qualifying,qualifying,Red Bull Racing,PER,VER,34,17,17,13,24,0,24,2,2,0,0,0,0,0,0,0,10,3,3,
2024,Bahrain Grand Prix,Qualifying,qualifying,Williams,ALB,SAR,18,12,6,6,12,0,12,2,2,0,0,0,0,0,0,0,6,2,0,insufficient_matched_pairs
2024,Saudi Arabian Grand Prix,Race,race,Alpine,GAS,OCO,50,1,49,1,3,0,5,2,2,4,3,0,3,0,0,0,40,0,0,teammate_dnf_no_matched_laps
2024,Saudi Arabian Grand Prix,Race,race,Aston Martin,ALO,STR,56,50,6,3,2,0,6,2,2,5,4,0,3,0,0,0,45,3,0,insufficient_matched_pairs
2024,Saudi Arabian Grand Prix,Race,race,Ferrari,BEA,LEC,100,50,50,3,4,0,8,2,2,7,6,0,9,0,0,0,80,35,35,
2024,Saudi Arabian Grand Prix,Race,race,Haas F1 Team,HUL,MAG,100,50,50,3,4,0,10,2,2,8,6,1,5,0,0,0,81,15,15,
2024,Saudi Arabian Grand Prix,Race,race,Kick Sauber,BOT,ZHO,98,49,49,2,6,0,12,2,2,8,6,2,7,0,0,0,76,6,0,insufficient_matched_pairs
2024,Saudi Arabian Grand Prix,Race,race,McLaren,NOR,PIA,100,50,50,4,4,0,10,2,2,7,6,2,11,0,0,0,78,0,0,insufficient_matched_pairs
2024,Saudi Arabian Grand Prix,Race,race,Mercedes,HAM,RUS,100,50,50,4,4,0,10,2,2,8,6,2,7,0,0,0,80,2,0,insufficient_matched_pairs
2024,Saudi Arabian Grand Prix,Race,race,RB,RIC,TSU,98,49,49,2,4,0,8,2,2,8,6,1,6,0,0,0,80,39,39,
2024,Saudi Arabian Grand Prix,Race,race,Red Bull Racing,PER,VER,100,50,50,4,4,0,8,2,2,6,6,0,8,0,0,0,82,39,39,
2024,Saudi Arabian Grand Prix,Race,race,Williams,ALB,SAR,99,50,49,2,4,0,8,2,2,8,6,0,4,0,0,0,83,41,41,
2024,Saudi Arabian Grand Prix,Qualifying,qualifying,Alpine,GAS,OCO,19,9,10,4,8,0,8,2,2,0,0,0,2,0,0,6,5,2,0,insufficient_matched_pairs
2024,Saudi Arabian Grand Prix,Qualifying,qualifying,Aston Martin,ALO,STR,36,17,19,11,22,0,22,2,2,0,0,0,0,0,0,4,10,3,3,
2024,Saudi Arabian Grand Prix,Qualifying,qualifying,Ferrari,BEA,LEC,41,18,23,13,22,0,22,2,2,2,0,0,3,0,0,7,12,5,5,
2024,Saudi Arabian Grand Prix,Qualifying,qualifying,Haas F1 Team,HUL,MAG,27,10,17,10,16,0,16,2,2,3,0,0,2,0,0,3,7,3,3,
2024,Saudi Arabian Grand Prix,Qualifying,qualifying,Kick Sauber,BOT,ZHO,11,9,2,3,6,0,6,2,2,0,0,0,1,0,0,2,3,0,0,insufficient_matched_pairs
2024,Saudi Arabian Grand Prix,Qualifying,qualifying,McLaren,NOR,PIA,44,22,22,14,24,0,24,2,2,4,0,0,4,0,0,5,13,4,4,
2024,Saudi Arabian Grand Prix,Qualifying,qualifying,Mercedes,HAM,RUS,46,24,22,16,28,0,28,2,2,3,0,0,0,0,0,4,13,3,3,
2024,Saudi Arabian Grand Prix,Qualifying,qualifying,RB,RIC,TSU,30,12,18,11,20,0,20,2,2,0,0,0,0,0,0,0,10,4,4,
2024,Saudi Arabian Grand Prix,Qualifying,qualifying,Red Bull Racing,PER,VER,37,19,18,13,25,0,25,2,2,1,0,0,0,0,0,0,12,4,4,
2024,Saudi Arabian Grand Prix,Qualifying,qualifying,Williams,ALB,SAR,25,16,9,7,14,0,14,2,2,1,0,0,1,0,0,4,7,2,0,insufficient_matched_pairs
2024,Australian Grand Prix,Race,race,Alpine,GAS,OCO,114,57,57,0,10,0,16,2,2,7,7,5,11,0,0,0,85,33,33,
2024,Australian Grand Prix,Race,race,Aston Martin,ALO,STR,116,58,58,0,8,0,16,2,2,8,8,4,8,0,0,0,91,27,27,
2024,Australian Grand Prix,Race,race,Ferrari,LEC,SAI,116,58,58,0,8,0,15,2,2,7,6,0,10,0,0,0,90,34,34,
2024,Australian Grand Prix,Race,race,Haas F1 Team,HUL,MAG,115,58,57,0,8,0,14,2,2,5,5,3,9,0,0,0,91,32,32,
2024,Australian Grand Prix,Race,race,Kick Sauber,BOT,ZHO,114,57,57,0,9,0,17,2,2,8,7,2,10,0,0,0,86,34,34,
2024,Australian Grand Prix,Race,race,McLaren,NOR,PIA,116,58,58,0,8,0,17,2,2,8,7,0,10,0,0,0,88,37,37,
2024,Australian Grand Prix,Race,race,Mercedes,HAM,RUS,73,16,57,2,6,0,12,2,2,4,4,2,10,0,0,0,51,5,0,insufficient_matched_pairs
2024,Australian Grand Prix,Race,race,RB,RIC,TSU,115,57,58,0,8,0,16,2,2,7,6,3,10,0,0,0,89,34,34,
2024,Australian Grand Prix,Race,race,Red Bull Racing,PER,VER,62,58,4,1,5,0,11,2,2,4,4,3,4,0,0,0,47,2,0,insufficient_matched_pairs
2024,Australian Grand Prix,Race,race,Williams,ALB,,57,57,0,0,0,0,0,0,0,0,0,0,0,0,0,0,0,0,0,single_car_session
2024,Australian Grand Prix,Qualifying,qualifying,Alpine,GAS,OCO,32,11,21,7,12,0,12,2,2,0,0,0,0,0,0,11,9,3,3,
2024,Australian Grand Prix,Qualifying,qualifying,Aston Martin,ALO,STR,42,20,22,8,18,0,18,2,2,0,0,0,5,0,0,10,14,4,4,
2024,Australian Grand Prix,Qualifying,qualifying,Ferrari,LEC,SAI,38,20,18,10,22,0,22,2,2,0,0,0,0,0,0,4,12,3,3,
2024,Australian Grand Prix,Qualifying,qualifying,Haas F1 Team,HUL,MAG,21,8,13,7,12,0,12,2,2,0,0,0,1,0,0,2,7,2,0,insufficient_matched_pairs
2024,Australian Grand Prix,Qualifying,qualifying,Kick Sauber,BOT,ZHO,24,15,9,6,12,0,12,2,2,0,0,0,1,0,0,4,8,3,3,
2024,Australian Grand Prix,Qualifying,qualifying,McLaren,NOR,PIA,35,18,17,10,22,0,22,2,2,0,0,0,2,0,0,2,11,3,3,
2024,Australian Grand Prix,Qualifying,qualifying,Mercedes,HAM,RUS,37,15,22,7,17,0,17,2,2,0,0,0,1,0,0,9,11,4,4,
2024,Australian Grand Prix,Qualifying,qualifying,RB,RIC,TSU,23,6,17,7,15,0,15,2,2,0,0,0,0,0,0,0,8,2,0,insufficient_matched_pairs
2024,Australian Grand Prix,Qualifying,qualifying,Red Bull Racing,PER,VER,43,22,21,11,27,0,27,2,2,0,0,0,1,0,0,2,14,4,4,
2024,Australian Grand Prix,Qualifying,qualifying,Williams,ALB,,15,15,0,5,0,0,0,0,0,0,0,0,0,0,0,0,0,0,0,single_car_session
2024,Japanese Grand Prix,Race,race,Alpine,GAS,OCO,104,52,52,2,12,0,12,2,2,4,0,1,8,0,0,0,80,34,34,
2024,Japanese Grand Prix,Race,race,Aston Martin,ALO,STR,105,53,52,3,14,0,16,2,2,4,0,4,6,0,0,0,81,25,25,
2024,Japanese Grand Prix,Race,race,Ferrari,LEC,SAI,106,53,53,4,10,0,12,2,2,4,0,2,8,0,0,0,82,27,27,
2024,Japanese Grand Prix,Race,race,Haas F1 Team,HUL,MAG,104,52,52,3,10,0,11,2,2,5,0,5,6,0,0,0,80,21,21,
2024,Japanese Grand Prix,Race,race,Kick Sauber,BOT,ZHO,64,52,12,2,12,0,12,2,2,4,0,2,6,0,0,0,43,4,0,insufficient_matched_pairs
2024,Japanese Grand Prix,Race,race,McLaren,NOR,PIA,106,53,53,4,12,0,14,2,2,4,0,4,8,0,0,0,81,32,32,
2024,Japanese Grand Prix,Race,race,Mercedes,HAM,RUS,106,53,53,4,12,0,14,2,2,6,0,2,11,0,0,0,76,32,32,
2024,Japanese Grand Prix,Race,race,RB,RIC,TSU,53,1,52,3,6,0,8,2,2,4,0,4,4,1,0,0,39,0,0,missing_lap_time_data
2024,Japanese Grand Prix,Race,race,Red Bull Racing,PER,VER,106,53,53,4,12,0,14,2,2,4,0,2,4,0,0,0,84,38,38,
2024,Japanese Grand Prix,Race,race,Williams,ALB,SAR,53,1,52,2,8,0,9,2,2,3,0,1,2,0,0,0,42,0,0,missing_lap_time_data
2024,Japanese Grand Prix,Qualifying,qualifying,Alpine,GAS,OCO,18,6,12,6,12,0,12,2,2,0,0,0,0,0,0,0,6,2,0,insufficient_matched_pairs
2024,Japanese Grand Prix,Qualifying,qualifying,Aston Martin,ALO,STR,18,12,6,6,12,0,12,2,2,0,0,0,0,0,0,0,6,1,0,insufficient_matched_pairs
2024,Japanese Grand Prix,Qualifying,qualifying,Ferrari,LEC,SAI,24,12,12,8,16,0,16,2,2,0,0,0,0,0,0,0,8,3,3,
2024,Japanese Grand Prix,Qualifying,qualifying,Haas F1 Team,HUL,MAG,21,12,9,7,14,0,14,2,2,0,0,0,0,0,0,0,7,2,0,insufficient_matched_pairs
2024,Japanese Grand Prix,Qualifying,qualifying,Kick Sauber,BOT,ZHO,18,12,6,6,12,0,12,2,2,0,0,0,0,0,0,0,6,2,0,insufficient_matched_pairs
2024,Japanese Grand Prix,Qualifying,qualifying,McLaren,NOR,PIA,25,13,12,9,17,0,17,2,2,0,0,0,0,0,0,0,8,3,3,
2024,Japanese Grand Prix,Qualifying,qualifying,Mercedes,HAM,RUS,30,15,15,10,20,0,20,2,2,0,0,0,0,0,0,0,10,4,4,
2024,Japanese Grand Prix,Qualifying,qualifying,RB,RIC,TSU,30,12,18,10,20,0,20,2,2,0,0,0,0,0,0,0,10,4,4,
2024,Japanese Grand Prix,Qualifying,qualifying,Red Bull Racing,PER,VER,24,12,12,8,16,0,16,2,2,0,0,0,0,0,0,0,8,3,3,
2024,Japanese Grand Prix,Qualifying,qualifying,Williams,ALB,SAR,15,9,6,5,10,0,10,2,2,0,0,0,0,0,0,0,5,2,0,insufficient_matched_pairs
2024,Chinese Grand Prix,Race,race,Alpine,GAS,OCO,112,56,56,0,10,0,30,2,2,24,22,4,5,0,0,0,72,18,18,
2024,Chinese Grand Prix,Race,race,Aston Martin,ALO,STR,112,56,56,5,14,0,32,2,2,24,22,5,5,0,0,0,72,17,17,
2024,Chinese Grand Prix,Race,race,Ferrari,LEC,SAI,112,56,56,5,4,0,26,2,2,24,22,1,6,0,0,0,76,29,29,
2024,Chinese Grand Prix,Race,race,Haas F1 Team,HUL,MAG,112,56,56,2,8,0,28,2,2,24,22,8,10,0,0,0,70,14,14,
2024,Chinese Grand Prix,Race,race,Kick Sauber,BOT,ZHO,76,20,56,2,8,0,20,2,2,13,11,1,2,0,0,0,52,15,15,
2024,Chinese Grand Prix,Race,race,McLaren,NOR,PIA,112,56,56,2,6,0,26,2,2,23,22,2,6,0,0,0,77,32,32,
2024,Chinese Grand Prix,Race,race,Mercedes,HAM,RUS,112,56,56,1,8,0,28,2,2,24,22,2,7,0,0,0,76,27,27,
2024,Chinese Grand Prix,Race,race,RB,RIC,TSU,60,33,27,2,7,0,25,2,2,20,18,5,2,0,0,0,31,9,9,
2024,Chinese Grand Prix,Race,race,Red Bull Racing,PER,VER,112,56,56,6,8,0,27,2,2,23,21,1,5,0,0,0,78,37,37,
2024,Chinese Grand Prix,Race,race,Williams,ALB,SAR,112,56,56,0,9,0,28,2,2,24,22,6,6,0,0,0,74,27,27,
2024,Chinese Grand Prix,Qualifying,qualifying,Alpine,GAS,OCO,30,15,15,12,20,0,20,2,2,4,0,0,0,0,0,0,10,5,5,
2024,Chinese Grand Prix,Qualifying,qualifying,Aston Martin,ALO,STR,27,15,12,11,18,0,18,2,2,4,0,0,0,0,0,0,8,3,3,
2024,Chinese Grand Prix,Qualifying,qualifying,Ferrari,LEC,SAI,37,20,17,15,24,0,24,2,2,4,0,0,1,0,0,1,12,3,3,
2024,Chinese Grand Prix,Qualifying,qualifying,Haas F1 Team,HUL,MAG,27,21,6,9,18,0,18,2,2,2,0,0,0,0,0,0,7,1,0,insufficient_matched_pairs
2024,Chinese Grand Prix,Qualifying,qualifying,Kick Sauber,BOT,ZHO,23,15,8,10,16,0,16,2,2,3,0,0,0,0,0,0,6,1,0,insufficient_matched_pairs
2024,Chinese Grand Prix,Qualifying,qualifying,McLaren,NOR,PIA,31,15,16,15,22,0,22,2,2,4,0,0,0,0,0,0,9,3,3,
2024,Chinese Grand Prix,Qualifying,qualifying,Mercedes,HAM,RUS,26,6,20,10,16,0,16,2,2,4,0,0,0,0,0,2,6,1,0,insufficient_matched_pairs
2024,Chinese Grand Prix,Qualifying,qualifying,RB,RIC,TSU,21,12,9,8,14,0,14,2,2,3,0,0,0,0,0,0,6,1,0,insufficient_matched_pairs
2024,Chinese Grand Prix,Qualifying,qualifying,Red Bull Racing,PER,VER,36,18,18,14,23,0,23,2,2,4,0,0,1,0,0,0,12,4,4,
2024,Chinese Grand Prix,Qualifying,qualifying,Williams,ALB,SAR,21,14,7,9,16,0,16,2,2,3,0,0,0,0,0,0,4,1,0,insufficient_matched_pairs
2024,Miami Grand Prix,Race,race,Alpine,GAS,OCO,114,57,57,0,4,0,18,2,2,14,14,3,12,0,0,0,81,22,22,
2024,Miami Grand Prix,Race,race,Aston Martin,ALO,STR,114,57,57,0,6,0,18,2,2,14,14,2,11,0,0,0,83,28,28,
2024,Miami Grand Prix,Race,race,Ferrari,LEC,SAI,114,57,57,1,4,0,17,2,2,12,12,0,12,0,0,0,83,30,30,
2024,Miami Grand Prix,Race,race,Haas F1 Team,HUL,MAG,114,57,57,0,10,0,18,2,2,14,14,4,11,0,0,0,84,30,30,
2024,Miami Grand Prix,Race,race,Kick Sauber,BOT,ZHO,114,57,57,0,6,0,18,2,2,14,14,1,8,0,0,0,86,26,26,
2024,Miami Grand Prix,Race,race,McLaren,NOR,PIA,114,57,57,2,6,0,17,2,2,12,12,2,7,0,0,0,89,29,29,
2024,Miami Grand Prix,Race,race,Mercedes,HAM,RUS,114,57,57,0,4,0,19,2,2,13,13,1,10,0,0,0,83,25,25,
2024,Miami Grand Prix,Race,race,RB,RIC,TSU,114,57,57,0,4,0,16,2,2,14,14,0,13,0,0,0,83,32,32,
2024,Miami Grand Prix,Race,race,Red Bull Racing,PER,VER,114,57,57,1,6,0,18,2,2,13,13,1,11,0,0,0,83,19,19,
2024,Miami Grand Prix,Race,race,Williams,ALB,SAR,85,57,28,1,6,0,18,2,2,10,10,3,8,0,0,0,58,15,15,
2024,Miami Grand Prix,Qualifying,qualifying,Alpine,GAS,OCO,30,15,15,11,20,0,20,2,2,2,0,0,0,0,0,0,10,5,5,
2024,Miami Grand Prix,Qualifying,qualifying,Aston Martin,ALO,STR,30,15,15,9,18,0,18,2,2,3,0,0,0,0,0,2,10,5,5,
2024,Miami Grand Prix,Qualifying,qualifying,Ferrari,LEC,SAI,42,21,21,16,28,0,28,2,2,2,0,0,0,0,0,0,14,4,4,
2024,Miami Grand Prix,Qualifying,qualifying,Haas F1 Team,HUL,MAG,30,21,9,10,20,0,20,2,2,1,0,0,0,0,0,0,10,3,3,
2024,Miami Grand Prix,Qualifying,qualifying,Kick Sauber,BOT,ZHO,15,6,9,6,10,0,10,2,2,0,0,0,0,0,0,0,5,2,0,insufficient_matched_pairs
2024,Miami Grand Prix,Qualifying,qualifying,McLaren,NOR,PIA,40,21,19,15,26,0,26,2,2,2,0,0,0,0,0,2,12,4,4,
2024,Miami Grand Prix,Qualifying,qualifying,Mercedes,HAM,RUS,42,21,21,16,28,0,28,2,2,2,0,0,0,0,0,0,14,4,4,
2024,Miami Grand Prix,Qualifying,qualifying,RB,RIC,TSU,30,9,21,10,18,0,18,2,2,1,0,0,0,0,0,2,10,3,3,
2024,Miami Grand Prix,Qualifying,qualifying,Red Bull Racing,PER,VER,36,18,18,15,24,0,24,2,2,4,0,0,0,0,0,0,12,4,4,
2024,Miami Grand Prix,Qualifying,qualifying,Williams,ALB,SAR,23,15,8,8,14,0,14,2,2,1,0,0,0,0,0,2,6,2,0,insufficient_matched_pairs
2024,Emilia Romagna Grand Prix,Race,race,Alpine,GAS,OCO,124,62,62,0,6,0,8,2,2,0,0,2,16,0,0,0,98,37,37,
2024,Emilia Romagna Grand Prix,Race,race,Aston Martin,ALO,STR,125,62,63,0,9,0,10,2,2,0,0,2,12,0,0,0,102,34,34,
2024,Emilia Romagna Grand Prix,Race,race,Ferrari,LEC,SAI,126,63,63,0,4,0,6,2,2,0,0,2,13,0,0,0,106,46,46,
2024,Emilia Romagna Grand Prix,Race,race,Haas F1 Team,HUL,MAG,124,62,62,0,4,0,6,2,2,0,0,2,13,0,0,0,103,30,30,
2024,Emilia Romagna Grand Prix,Race,race,Kick Sauber,BOT,ZHO,124,62,62,0,4,0,6,2,2,0,0,2,16,0,0,0,101,34,34,
2024,Emilia Romagna Grand Prix,Race,race,McLaren,NOR,PIA,126,63,63,0,4,0,6,2,2,0,0,2,6,0,0,0,112,52,52,
2024,Emilia Romagna Grand Prix,Race,race,Mercedes,HAM,RUS,126,63,63,0,6,0,8,2,2,0,0,2,11,0,0,0,105,40,40,
2024,Emilia Romagna Grand Prix,Race,race,RB,RIC,TSU,124,62,62,0,4,0,6,2,2,0,0,3,15,0,0,0,100,42,42,
2024,Emilia Romagna Grand Prix,Race,race,Red Bull Racing,PER,VER,126,63,63,0,4,0,6,2,2,0,0,2,10,0,0,0,109,48,48,
2024,Emilia Romagna Grand Prix,Race,race,Williams,ALB,SAR,113,51,62,1,10,0,12,2,2,0,0,2,12,0,0,0,88,18,18,
2024,Emilia Romagna Grand Prix,Qualifying,qualifying,Alpine,GAS,OCO,29,14,15,10,20,0,20,2,2,4,0,0,0,0,0,0,7,3,3,
2024,Emilia Romagna Grand Prix,Qualifying,qualifying,Aston Martin,ALO,STR,22,7,15,5,16,0,16,2,2,3,0,0,0,0,0,0,6,1,0,insufficient_matched_pairs
2024,Emilia Romagna Grand Prix,Qualifying,qualifying,Ferrari,LEC,SAI,41,21,20,14,24,0,24,2,2,4,0,0,1,0,0,4,11,4,4,
2024,Emilia Romagna Grand Prix,Qualifying,qualifying,Haas F1 Team,HUL,MAG,29,21,8,11,20,0,20,2,2,3,0,0,0,0,0,0,9,2,0,insufficient_matched_pairs
2024,Emilia Romagna Grand Prix,Qualifying,qualifying,Kick Sauber,BOT,ZHO,15,6,9,4,11,0,11,2,2,3,0,0,0,0,0,0,3,1,0,insufficient_matched_pairs
2024,Emilia Romagna Grand Prix,Qualifying,qualifying,McLaren,NOR,PIA,34,19,15,14,24,0,24,2,2,4,0,0,0,0,0,0,10,3,3,
2024,Emilia Romagna Grand Prix,Qualifying,qualifying,Mercedes,HAM,RUS,38,20,18,16,27,0,27,2,2,4,0,0,0,0,0,0,10,4,4,
2024,Emilia Romagna Grand Prix,Qualifying,qualifying,RB,RIC,TSU,30,15,15,12,20,0,20,2,2,4,0,0,0,0,0,0,9,3,3,
2024,Emilia Romagna Grand Prix,Qualifying,qualifying,Red Bull Racing,PER,VER,28,10,18,11,19,0,19,2,2,4,0,0,0,0,0,0,9,3,3,
2024,Emilia Romagna Grand Prix,Qualifying,qualifying,Williams,ALB,SAR,20,12,8,7,14,0,14,2,2,3,0,0,0,0,0,0,6,2,0,insufficient_matched_pairs
2024,Monaco Grand Prix,Race,race,Alpine,GAS,OCO,78,77,1,1,2,0,3,2,2,4,3,0,5,0,0,0,68,0,0,missing_lap_time_data
2024,Monaco Grand Prix,Race,race,Aston Martin,ALO,STR,152,76,76,0,8,0,8,2,2,6,4,1,12,0,0,0,129,35,35,
2024,Monaco Grand Prix,Race,race,Ferrari,LEC,SAI,156,78,78,2,4,0,4,2,2,6,4,0,10,0,0,0,138,67,67,
2024,Monaco Grand Prix,Race,race,Haas F1 Team,HUL,MAG,2,1,1,2,0,0,2,2,2,2,2,0,0,0,0,0,0,0,0,missing_lap_time_data
2024,Monaco Grand Prix,Race,race,Kick Sauber,BOT,ZHO,152,76,76,0,8,0,8,2,2,6,4,0,8,0,0,0,132,51,51,
2024,Monaco Grand Prix,Race,race,McLaren,NOR,PIA,156,78,78,2,4,0,4,2,2,6,4,0,12,0,0,0,136,67,67,
2024,Monaco Grand Prix,Race,race,Mercedes,HAM,RUS,156,78,78,2,6,0,6,2,2,7,4,0,10,0,0,0,136,44,44,
2024,Monaco Grand Prix,Race,race,RB,RIC,TSU,153,76,77,0,4,0,4,2,2,7,4,0,7,0,0,0,137,66,66,
2024,Monaco Grand Prix,Race,race,Red Bull Racing,PER,VER,79,1,78,2,4,0,5,2,2,4,3,0,7,0,0,0,66,0,0,missing_lap_time_data
2024,Monaco Grand Prix,Race,race,Williams,ALB,SAR,153,77,76,0,6,0,6,2,2,6,4,0,15,0,0,0,128,45,45,
2024,Monaco Grand Prix,Qualifying,qualifying,Alpine,GAS,OCO,50,30,20,10,20,0,20,2,2,5,0,0,6,0,0,14,16,6,6,
2024,Monaco Grand Prix,Qualifying,qualifying,Aston Martin,ALO,STR,28,11,17,6,12,0,12,2,2,3,0,0,4,0,0,6,8,3,3,
2024,Monaco Grand Prix,Qualifying,qualifying,Ferrari,LEC,SAI,54,26,28,11,24,0,24,2,2,6,0,0,5,0,0,12,17,5,5,
2024,Monaco Grand Prix,Qualifying,qualifying,Haas F1 Team,HUL,MAG,38,20,18,8,16,0,16,2,2,4,0,0,3,0,0,8,12,5,5,
2024,Monaco Grand Prix,Qualifying,qualifying,Kick Sauber,BOT,ZHO,22,11,11,4,8,0,8,2,2,3,0,0,3,0,0,6,8,4,4,
2024,Monaco Grand Prix,Qualifying,qualifying,McLaren,NOR,PIA,51,27,24,11,26,0,26,2,2,6,0,0,3,0,0,8,17,4,4,
2024,Monaco Grand Prix,Qualifying,qualifying,Mercedes,HAM,RUS,56,28,28,8,28,0,28,2,2,6,0,0,3,0,0,11,16,4,4,
2024,Monaco Grand Prix,Qualifying,qualifying,RB,RIC,TSU,46,21,25,10,20,0,21,2,2,5,0,0,3,0,0,9,15,3,3,
2024,Monaco Grand Prix,Qualifying,qualifying,Red Bull Racing,PER,VER,40,12,28,7,14,0,14,2,2,5,0,0,5,0,0,11,14,5,5,
2024,Monaco Grand Prix,Qualifying,qualifying,Williams,ALB,SAR,41,29,12,6,16,0,16,2,2,4,0,0,5,0,0,10,14,4,4,
2024,Canadian Grand Prix,Race,race,Alpine,GAS,OCO,140,70,70,0,6,0,28,2,2,36,22,2,18,5,0,0,80,17,17,
2024,Canadian Grand Prix,Race,race,Aston Martin,ALO,STR,140,70,70,0,8,0,28,2,2,35,22,0,19,2,0,0,82,39,39,
2024,Canadian Grand Prix,Race,race,Ferrari,LEC,SAI,94,41,53,2,12,0,18,2,2,21,11,2,10,5,0,0,55,18,18,
2024,Canadian Grand Prix,Race,race,Haas F1 Team,HUL,MAG,140,70,70,0,14,0,33,2,2,36,23,5,16,6,0,0,74,19,19,
2024,Canadian Grand Prix,Race,race,Kick Sauber,BOT,ZHO,139,70,69,0,10,0,30,2,2,37,24,4,17,7,0,0,74,20,20,
2024,Canadian Grand Prix,Race,race,McLaren,NOR,PIA,140,70,70,0,8,0,26,2,2,36,20,0,20,2,0,0,80,30,30,
2024,Canadian Grand Prix,Race,race,Mercedes,HAM,RUS,140,70,70,0,12,0,26,2,2,36,20,0,18,2,0,0,80,30,30,
2024,Canadian Grand Prix,Race,race,RB,RIC,TSU,140,70,70,0,6,0,28,2,2,36,22,2,15,4,0,0,83,26,26,
2024,Canadian Grand Prix,Race,race,Red Bull Racing,PER,VER,122,52,70,1,9,0,22,2,2,29,15,1,15,4,0,0,71,25,25,
2024,Canadian Grand Prix,Race,race,Williams,ALB,SAR,77,53,24,2,4,0,11,2,2,15,7,1,9,2,0,0,51,16,16,
2024,Canadian Grand Prix,Qualifying,qualifying,Alpine,GAS,OCO,29,18,11,8,12,0,12,2,2,2,0,0,1,2,0,9,7,2,0,insufficient_matched_pairs
2024,Canadian Grand Prix,Qualifying,qualifying,Aston Martin,ALO,STR,48,23,25,12,24,0,24,2,2,2,0,0,2,7,0,8,13,3,3,
2024,Canadian Grand Prix,Qualifying,qualifying,Ferrari,LEC,SAI,43,21,22,4,16,0,16,2,2,2,0,0,1,0,0,9,16,4,4,
2024,Canadian Grand Prix,Qualifying,qualifying,Haas F1 Team,HUL,MAG,26,10,16,6,12,0,12,2,2,2,0,0,4,1,0,5,8,3,3,
2024,Canadian Grand Prix,Qualifying,qualifying,Kick Sauber,BOT,ZHO,21,10,11,5,10,0,10,2,2,2,0,0,3,0,0,4,6,2,0,insufficient_matched_pairs
2024,Canadian Grand Prix,Qualifying,qualifying,McLaren,NOR,PIA,54,25,29,10,24,0,24,2,2,3,0,0,6,5,0,9,19,5,5,
2024,Canadian Grand Prix,Qualifying,qualifying,Mercedes,HAM,RUS,52,26,26,11,24,0,24,2,2,2,0,0,1,6,0,9,15,4,4,
2024,Canadian Grand Prix,Qualifying,qualifying,RB,RIC,TSU,49,25,24,12,24,0,24,2,2,2,0,0,4,7,0,10,14,4,4,
2024,Canadian Grand Prix,Qualifying,qualifying,Red Bull Racing,PER,VER,38,11,27,7,16,0,16,2,2,2,0,0,0,4,0,9,10,2,0,insufficient_matched_pairs
2024,Canadian Grand Prix,Qualifying,qualifying,Williams,ALB,SAR,48,26,22,9,20,0,20,2,2,2,0,0,6,6,0,9,17,3,3,
2024,Spanish Grand Prix,Race,race,Alpine,GAS,OCO,132,66,66,0,8,0,10,2,2,0,0,3,5,0,0,0,117,56,56,
2024,Spanish Grand Prix,Race,race,Aston Martin,ALO,STR,130,65,65,0,8,0,10,2,2,0,0,4,12,0,0,0,107,42,42,
2024,Spanish Grand Prix,Race,race,Ferrari,LEC,SAI,132,66,66,0,8,0,10,2,2,0,0,4,9,0,0,0,111,28,28,
2024,Spanish Grand Prix,Race,race,Haas F1 Team,HUL,MAG,131,66,65,0,8,0,10,2,2,0,0,4,12,0,0,0,108,42,42,
2024,Spanish Grand Prix,Race,race,Kick Sauber,BOT,ZHO,130,65,65,0,8,0,10,2,2,0,0,4,18,0,0,0,100,19,19,
2024,Spanish Grand Prix,Race,race,McLaren,NOR,PIA,132,66,66,0,8,0,10,2,2,0,0,3,10,0,0,0,112,53,53,
2024,Spanish Grand Prix,Race,race,Mercedes,HAM,RUS,132,66,66,0,8,0,10,2,2,0,0,4,9,0,0,0,113,29,29,
2024,Spanish Grand Prix,Race,race,RB,RIC,TSU,130,65,65,0,10,0,12,2,2,0,0,3,13,0,0,0,103,36,36,
2024,Spanish Grand Prix,Race,race,Red Bull Racing,PER,VER,132,66,66,0,10,0,12,2,2,0,0,3,10,0,0,0,109,44,44,
2024,Spanish Grand Prix,Race,race,Williams,ALB,SAR,129,65,64,0,9,0,10,2,2,0,0,3,9,0,0,0,109,21,21,
2024,Spanish Grand Prix,Qualifying,qualifying,Alpine,GAS,OCO,36,18,18,14,24,0,24,2,2,2,0,0,0,0,0,0,11,3,3,
2024,Spanish Grand Prix,Qualifying,qualifying,Aston Martin,ALO,STR,27,12,15,9,18,0,18,2,2,0,0,0,0,0,0,0,9,4,4,
2024,Spanish Grand Prix,Qualifying,qualifying,Ferrari,LEC,SAI,24,12,12,10,16,0,16,2,2,2,0,0,0,0,0,0,6,3,3,
2024,Spanish Grand Prix,Qualifying,qualifying,Haas F1 Team,HUL,MAG,18,12,6,6,12,0,12,2,2,0,0,0,0,0,0,0,6,2,0,insufficient_matched_pairs
2024,Spanish Grand Prix,Qualifying,qualifying,Kick Sauber,BOT,ZHO,27,12,15,9,18,0,18,2,2,0,0,0,0,0,0,0,9,4,4,
2024,Spanish Grand Prix,Qualifying,qualifying,McLaren,NOR,PIA,28,12,16,12,20,0,20,2,2,2,0,0,0,0,0,0,8,3,3,
2024,Spanish Grand Prix,Qualifying,qualifying,Mercedes,HAM,RUS,34,18,16,14,23,0,23,2,2,2,0,0,0,0,0,0,11,4,4,
2024,Spanish Grand Prix,Qualifying,qualifying,RB,RIC,TSU,18,9,9,6,12,0,12,2,2,0,0,0,0,0,0,0,6,3,3,
2024,Spanish Grand Prix,Qualifying,qualifying,Red Bull Racing,PER,VER,30,18,12,12,20,0,20,2,2,2,0,0,0,0,0,0,9,3,3,
2024,Spanish Grand Prix,Qualifying,qualifying,Williams,ALB,SAR,15,6,9,5,10,0,10,2,2,0,0,0,0,0,0,0,5,2,0,insufficient_matched_pairs
2024,Austrian Grand Prix,Race,race,Alpine,GAS,OCO,142,71,71,0,8,0,13,2,2,5,3,5,6,0,0,0,119,52,52,
2024,Austrian Grand Prix,Race,race,Aston Martin,ALO,STR,140,70,70,0,10,0,15,2,2,6,3,7,16,0,0,0,103,44,44,
2024,Austrian Grand Prix,Race,race,Ferrari,LEC,SAI,142,71,71,0,12,0,15,2,2,4,2,1,9,0,0,0,114,42,42,
2024,Austrian Grand Prix,Race,race,Haas F1 Team,HUL,MAG,142,71,71,0,8,0,14,2,2,6,4,4,8,0,0,0,118,53,53,
2024,Austrian Grand Prix,Race,race,Kick Sauber,BOT,ZHO,140,70,70,0,9,0,13,2,2,5,3,2,13,0,0,0,110,46,46,
2024,Austrian Grand Prix,Race,race,McLaren,NOR,PIA,135,64,71,0,9,0,12,2,2,3,1,2,8,0,0,0,113,49,49,
2024,Austrian Grand Prix,Race,race,Mercedes,HAM,RUS,142,71,71,0,8,0,13,2,2,5,3,0,11,0,0,0,115,48,48,
2024,Austrian Grand Prix,Race,race,RB,RIC,TSU,141,71,70,0,8,0,13,2,2,5,3,5,13,0,0,0,112,46,46,
2024,Austrian Grand Prix,Race,race,Red Bull Racing,PER,VER,142,71,71,0,10,0,15,2,2,6,4,2,13,0,0,0,112,48,48,
2024,Austrian Grand Prix,Race,race,Williams,ALB,SAR,139,70,69,0,10,0,13,2,2,4,2,4,14,0,0,0,108,31,31,
2024,Austrian Grand Prix,Qualifying,qualifying,Alpine,GAS,OCO,42,18,24,16,28,0,28,2,2,0,0,0,0,0,0,0,14,3,3,
2024,Austrian Grand Prix,Qualifying,qualifying,Aston Martin,ALO,STR,24,15,9,8,16,0,16,2,2,0,0,0,0,0,0,0,8,3,3,
2024,Austrian Grand Prix,Qualifying,qualifying,Ferrari,LEC,SAI,40,22,18,16,28,0,28,2,2,0,0,0,0,0,0,1,11,3,3,
2024,Austrian Grand Prix,Qualifying,qualifying,Haas F1 Team,HUL,MAG,36,21,15,13,24,0,24,2,2,0,0,0,0,0,0,0,12,5,5,
2024,Austrian Grand Prix,Qualifying,qualifying,Kick Sauber,BOT,ZHO,18,9,9,6,12,0,12,2,2,0,0,0,0,0,0,0,6,3,3,
2024,Austrian Grand Prix,Qualifying,qualifying,McLaren,NOR,PIA,37,20,17,13,26,0,26,2,2,0,0,0,0,0,0,0,11,3,3,
2024,Austrian Grand Prix,Qualifying,qualifying,Mercedes,HAM,RUS,36,18,18,14,24,0,24,2,2,0,0,0,0,0,0,0,12,4,4,
2024,Austrian Grand Prix,Qualifying,qualifying,RB,RIC,TSU,30,15,15,11,20,0,20,2,2,0,0,0,0,0,0,0,10,5,5,
2024,Austrian Grand Prix,Qualifying,qualifying,Red Bull Racing,PER,VER,39,21,18,14,26,0,26,2,2,0,0,0,0,0,0,0,13,4,4,
2024,Austrian Grand Prix,Qualifying,qualifying,Williams,ALB,SAR,18,9,9,6,12,0,12,2,2,0,0,0,0,0,0,0,6,3,3,
2024,British Grand Prix,Race,race,Alpine,GAS,OCO,51,1,50,1,8,0,10,2,2,0,0,0,7,3,0,0,31,0,0,missing_lap_time_data
2024,British Grand Prix,Race,race,Aston Martin,ALO,STR,104,52,52,0,8,0,10,2,2,0,0,2,8,3,0,0,83,36,36,
2024,British Grand Prix,Race,race,Ferrari,LEC,SAI,103,51,52,0,12,0,14,2,2,0,0,3,8,0,0,0,80,23,23,
2024,British Grand Prix,Race,race,Haas F1 Team,HUL,MAG,104,52,52,0,8,0,10,2,2,0,0,2,6,2,0,0,84,36,36,
2024,British Grand Prix,Race,race,Kick Sauber,BOT,ZHO,101,51,50,0,12,0,14,2,2,0,0,1,11,1,0,0,73,19,19,
2024,British Grand Prix,Race,race,McLaren,NOR,PIA,104,52,52,0,8,0,10,2,2,0,0,1,11,2,0,0,81,30,30,
2024,British Grand Prix,Race,race,Mercedes,HAM,RUS,85,52,33,0,7,0,9,2,2,0,0,0,10,1,0,0,65,25,25,
2024,British Grand Prix,Race,race,RB,RIC,TSU,103,51,52,0,8,0,10,2,2,0,0,0,9,5,0,0,80,36,36,
2024,British Grand Prix,Race,race,Red Bull Racing,PER,VER,102,50,52,0,13,0,14,2,2,0,0,0,11,3,0,0,73,20,20,
2024,British Grand Prix,Race,race,Williams,ALB,SAR,104,52,52,0,8,0,10,2,2,0,0,0,7,4,0,0,83,32,32,
2024,British Grand Prix,Qualifying,qualifying,Alpine,GAS,OCO,18,7,11,5,9,0,9,2,2,2,0,0,2,1,0,2,7,2,0,insufficient_matched_pairs
2024,British Grand Prix,Qualifying,qualifying,Aston Martin,ALO,STR,48,24,24,15,25,0,25,2,2,1,0,0,5,3,0,10,13,4,4,
2024,British Grand Prix,Qualifying,qualifying,Ferrari,LEC,SAI,42,18,24,13,23,0,23,2,2,2,0,0,4,6,0,5,12,3,3,
2024,British Grand Prix,Qualifying,qualifying,Haas F1 Team,HUL,MAG,23,17,6,9,14,0,14,2,2,1,0,0,1,1,0,1,8,1,0,insufficient_matched_pairs
2024,British Grand Prix,Qualifying,qualifying,Kick Sauber,BOT,ZHO,33,11,22,9,15,0,15,2,2,2,0,0,3,3,0,10,8,1,0,insufficient_matched_pairs
2024,British Grand Prix,Qualifying,qualifying,McLaren,NOR,PIA,46,22,24,15,24,0,24,2,2,2,0,0,1,2,0,11,11,3,3,
2024,British Grand Prix,Qualifying,qualifying,Mercedes,HAM,RUS,51,25,26,16,26,0,26,2,2,2,0,0,5,4,0,10,15,5,5,
2024,British Grand Prix,Qualifying,qualifying,RB,RIC,TSU,35,18,17,10,18,0,18,2,2,2,0,0,1,4,0,5,11,3,3,
2024,British Grand Prix,Qualifying,qualifying,Red Bull Racing,PER,VER,29,5,24,9,15,0,15,2,2,1,0,0,3,3,0,5,8,0,0,insufficient_matched_pairs
2024,British Grand Prix,Qualifying,qualifying,Williams,ALB,SAR,43,23,20,12,22,0,22,2,2,2,0,0,4,4,0,10,11,3,3,
2024,Hungarian Grand Prix,Race,race,Alpine,GAS,OCO,102,33,69,0,10,0,11,2,2,2,0,4,9,0,0,0,78,22,22,
2024,Hungarian Grand Prix,Race,race,Aston Martin,ALO,STR,140,70,70,0,8,0,10,2,2,2,0,4,17,0,0,0,111,43,43,
2024,Hungarian Grand Prix,Race,race,Ferrari,LEC,SAI,140,70,70,0,8,0,10,2,2,2,0,2,8,0,0,0,118,48,48,
2024,Hungarian Grand Prix,Race,race,Haas F1 Team,HUL,MAG,138,69,69,0,8,0,10,2,2,2,0,9,11,0,0,0,112,48,48,
2024,Hungarian Grand Prix,Race,race,Kick Sauber,BOT,ZHO,138,69,69,0,8,0,10,2,2,3,0,5,17,0,0,0,107,42,42,
2024,Hungarian Grand Prix,Race,race,McLaren,NOR,PIA,140,70,70,0,8,0,10,2,2,2,0,2,6,0,0,0,120,56,56,
2024,Hungarian Grand Prix,Race,race,Mercedes,HAM,RUS,140,70,70,0,8,0,10,2,2,2,0,1,14,0,0,0,114,49,49,
2024,Hungarian Grand Prix,Race,race,RB,RIC,TSU,139,69,70,0,6,0,8,2,2,2,0,3,11,0,0,0,117,36,36,
2024,Hungarian Grand Prix,Race,race,Red Bull Racing,PER,VER,140,70,70,0,8,0,10,2,2,2,0,4,13,0,0,0,113,47,47,
2024,Hungarian Grand Prix,Race,race,Williams,ALB,SAR,138,69,69,0,10,0,12,2,2,2,0,5,9,0,0,0,114,48,48,
2024,Hungarian Grand Prix,Qualifying,qualifying,Alpine,GAS,OCO,12,6,6,2,8,0,8,2,2,3,0,0,0,0,0,0,4,2,0,insufficient_matched_pairs
2024,Hungarian Grand Prix,Qualifying,qualifying,Aston Martin,ALO,STR,40,18,22,16,26,0,26,2,2,5,0,0,1,9,0,2,9,3,3,
2024,Hungarian Grand Prix,Qualifying,qualifying,Ferrari,LEC,SAI,48,22,26,18,28,0,28,2,2,6,0,0,2,9,0,3,14,4,4,
2024,Hungarian Grand Prix,Qualifying,qualifying,Haas F1 Team,HUL,MAG,31,16,15,11,19,0,19,2,2,6,0,0,2,6,0,0,10,5,5,
2024,Hungarian Grand Prix,Qualifying,qualifying,Kick Sauber,BOT,ZHO,31,19,12,8,14,0,14,2,2,5,0,0,4,3,0,4,9,3,3,
2024,Hungarian Grand Prix,Qualifying,qualifying,McLaren,NOR,PIA,43,22,21,18,27,0,27,2,2,7,0,0,4,10,0,2,12,5,5,
2024,Hungarian Grand Prix,Qualifying,qualifying,Mercedes,HAM,RUS,33,24,9,11,18,0,18,2,2,3,0,0,2,6,0,2,9,1,0,insufficient_matched_pairs
2024,Hungarian Grand Prix,Qualifying,qualifying,RB,RIC,TSU,40,20,20,15,24,0,24,2,2,4,0,0,1,9,0,2,11,4,4,
2024,Hungarian Grand Prix,Qualifying,qualifying,Red Bull Racing,PER,VER,27,6,21,10,14,0,14,2,2,5,0,0,0,2,0,2,9,2,0,insufficient_matched_pairs
2024,Hungarian Grand Prix,Qualifying,qualifying,Williams,ALB,SAR,29,16,13,9,16,0,16,2,2,2,0,0,2,4,0,2,9,4,4,
2024,Belgian Grand Prix,Race,race,Alpine,GAS,OCO,88,44,44,0,8,0,10,2,2,2,0,5,6,0,0,0,69,30,30,
2024,Belgian Grand Prix,Race,race,Aston Martin,ALO,STR,88,44,44,0,4,0,6,2,2,2,0,4,5,0,0,0,71,32,32,
2024,Belgian Grand Prix,Race,race,Ferrari,LEC,SAI,88,44,44,0,8,0,10,2,2,2,0,3,5,0,0,0,70,29,29,
2024,Belgian Grand Prix,Race,race,Haas F1 Team,HUL,MAG,88,44,44,0,6,0,8,2,2,2,0,4,12,0,0,0,64,16,16,
2024,Belgian Grand Prix,Race,race,Kick Sauber,BOT,ZHO,49,44,5,1,5,0,8,2,2,1,0,3,2,0,0,0,37,1,0,insufficient_matched_pairs
2024,Belgian Grand Prix,Race,race,McLaren,NOR,PIA,88,44,44,0,8,0,10,2,2,2,0,3,3,0,0,0,72,30,30,
2024,Belgian Grand Prix,Race,race,Mercedes,HAM,RUS,88,44,44,0,6,0,8,2,2,2,0,3,6,0,0,0,70,18,18,
2024,Belgian Grand Prix,Race,race,RB,RIC,TSU,88,44,44,0,6,0,8,2,2,2,0,5,8,0,0,0,69,23,23,
2024,Belgian Grand Prix,Race,race,Red Bull Racing,PER,VER,88,44,44,0,10,0,12,2,2,2,0,3,7,0,0,0,64,25,25,
2024,Belgian Grand Prix,Race,race,Williams,ALB,SAR,88,44,44,0,8,0,10,2,2,2,0,3,4,0,0,0,70,32,32,
2024,Belgian Grand Prix,Qualifying,qualifying,Alpine,GAS,OCO,40,17,23,11,20,0,22,2,2,0,0,0,2,1,0,2,16,3,3,
2024,Belgian Grand Prix,Qualifying,qualifying,Aston Martin,ALO,STR,40,23,17,14,20,0,23,2,2,0,0,0,0,3,0,1,14,6,6,
2024,Belgian Grand Prix,Qualifying,qualifying,Ferrari,LEC,SAI,45,22,23,16,24,0,26,2,2,0,0,0,2,4,0,2,15,4,4,
2024,Belgian Grand Prix,Qualifying,qualifying,Haas F1 Team,HUL,MAG,18,9,9,6,8,0,9,2,2,0,0,0,0,0,0,2,7,3,3,
2024,Belgian Grand Prix,Qualifying,qualifying,Kick Sauber,BOT,ZHO,26,17,9,7,12,0,12,2,2,0,0,0,2,1,0,5,8,3,3,
2024,Belgian Grand Prix,Qualifying,qualifying,McLaren,NOR,PIA,47,24,23,15,20,0,24,2,2,0,0,0,3,3,0,6,16,3,3,
2024,Belgian Grand Prix,Qualifying,qualifying,Mercedes,HAM,RUS,44,22,22,16,20,0,28,2,2,0,0,0,0,3,0,0,15,4,4,
2024,Belgian Grand Prix,Qualifying,qualifying,RB,RIC,TSU,22,14,8,8,12,0,13,2,2,0,0,0,1,1,0,1,7,3,3,
2024,Belgian Grand Prix,Qualifying,qualifying,Red Bull Racing,PER,VER,42,21,21,14,20,0,24,2,2,0,0,0,2,3,0,5,12,4,4,
2024,Belgian Grand Prix,Qualifying,qualifying,Williams,ALB,SAR,24,16,8,9,12,0,14,2,2,0,0,0,0,0,0,1,9,3,3,
2024,Dutch Grand Prix,Race,race,Alpine,GAS,OCO,142,71,71,0,4,0,6,2,2,0,0,3,14,0,0,0,120,52,52,
2024,Dutch Grand Prix,Race,race,Aston Martin,ALO,STR,142,71,71,0,4,0,6,2,2,0,0,2,13,0,0,0,121,54,54,
2024,Dutch Grand Prix,Race,race,Ferrari,LEC,SAI,144,72,72,0,4,0,6,2,2,0,0,2,11,0,0,0,125,52,52,
2024,Dutch Grand Prix,Race,race,Haas F1 Team,HUL,MAG,142,71,71,0,5,0,6,2,2,0,0,4,11,0,0,0,122,44,44,
2024,Dutch Grand Prix,Race,race,Kick Sauber,BOT,ZHO,140,70,70,0,8,0,10,2,2,0,0,3,15,0,0,0,113,42,42,
2024,Dutch Grand Prix,Race,race,McLaren,NOR,PIA,144,72,72,0,4,0,6,2,2,0,0,2,3,0,0,0,133,60,60,
2024,Dutch Grand Prix,Race,race,Mercedes,HAM,RUS,144,72,72,0,8,0,10,2,2,0,0,2,13,0,0,0,120,33,33,
2024,Dutch Grand Prix,Race,race,RB,RIC,TSU,142,71,71,0,6,0,8,2,2,0,0,5,13,0,0,0,118,40,40,
2024,Dutch Grand Prix,Race,race,Red Bull Racing,PER,VER,144,72,72,0,4,0,6,2,2,0,0,2,12,0,0,0,125,56,56,
2024,Dutch Grand Prix,Race,race,Williams,ALB,SAR,142,71,71,0,6,0,8,2,2,0,0,2,13,0,0,0,118,45,45,
2024,Dutch Grand Prix,Qualifying,qualifying,Alpine,GAS,OCO,29,20,9,11,20,0,20,2,2,0,0,0,0,0,0,0,9,2,0,insufficient_matched_pairs
2024,Dutch Grand Prix,Qualifying,qualifying,Aston Martin,ALO,STR,35,16,19,10,20,0,20,2,2,0,0,0,1,0,0,4,11,3,3,
2024,Dutch Grand Prix,Qualifying,qualifying,Ferrari,LEC,SAI,42,24,18,12,28,0,28,2,2,0,0,0,0,0,0,0,14,3,3,
2024,Dutch Grand Prix,Qualifying,qualifying,Haas F1 Team,HUL,MAG,32,17,15,10,20,0,20,2,2,0,0,0,1,0,0,1,11,5,5,
2024,Dutch Grand Prix,Qualifying,qualifying,Kick Sauber,BOT,ZHO,18,9,9,6,12,0,12,2,2,0,0,0,0,0,0,0,6,3,3,
2024,Dutch Grand Prix,Qualifying,qualifying,McLaren,NOR,PIA,30,14,16,11,20,0,20,2,2,0,0,0,0,0,0,1,9,3,3,
2024,Dutch Grand Prix,Qualifying,qualifying,Mercedes,HAM,RUS,31,13,18,10,21,0,21,2,2,0,0,0,0,0,0,0,10,3,3,
2024,Dutch Grand Prix,Qualifying,qualifying,RB,RIC,TSU,24,9,15,6,12,0,12,2,2,0,0,0,0,0,0,4,8,3,3,
2024,Dutch Grand Prix,Qualifying,qualifying,Red Bull Racing,PER,VER,31,17,14,12,22,0,22,2,2,0,0,0,0,0,0,0,9,3,3,
2024,Dutch Grand Prix,Qualifying,qualifying,Williams,ALB,SAR,18,18,0,6,12,0,12,1,1,0,0,0,0,0,0,0,6,0,0,missing_lap_time_data
2024,Italian Grand Prix,Race,race,Alpine,GAS,OCO,104,52,52,0,6,0,8,2,2,0,0,2,10,0,0,0,84,26,26,
2024,Italian Grand Prix,Race,race,Aston Martin,ALO,STR,105,53,52,0,10,0,12,2,2,0,0,5,9,0,0,0,82,35,35,
2024,Italian Grand Prix,Race,race,Ferrari,LEC,SAI,106,53,53,0,4,0,6,2,2,0,0,2,10,0,0,0,88,38,38,
2024,Italian Grand Prix,Race,race,Haas F1 Team,HUL,MAG,105,52,53,0,6,0,8,2,2,0,0,1,8,0,0,0,87,24,24,
2024,Italian Grand Prix,Race,race,Kick Sauber,BOT,ZHO,104,52,52,0,4,0,6,2,2,0,0,2,13,0,0,0,84,34,34,
2024,Italian Grand Prix,Race,race,McLaren,NOR,PIA,106,53,53,0,8,0,10,2,2,0,0,3,9,0,0,0,85,38,38,
2024,Italian Grand Prix,Race,race,Mercedes,HAM,RUS,106,53,53,0,8,0,10,2,2,0,0,3,13,0,0,0,81,33,33,
2024,Italian Grand Prix,Race,race,RB,RIC,TSU,60,53,7,0,3,0,5,2,2,0,0,3,8,0,0,0,46,1,0,insufficient_matched_pairs
2024,Italian Grand Prix,Race,race,Red Bull Racing,PER,VER,106,53,53,0,8,0,10,2,2,0,0,3,9,0,0,0,86,34,34,
2024,Italian Grand Prix,Race,race,Williams,ALB,COL,106,53,53,0,4,0,6,2,2,0,0,2,7,0,0,0,91,42,42,
2024,Italian Grand Prix,Qualifying,qualifying,Alpine,GAS,OCO,32,16,16,10,20,0,20,2,2,3,0,0,0,0,0,4,8,4,4,
2024,Italian Grand Prix,Qualifying,qualifying,Aston Martin,ALO,STR,17,11,6,6,12,0,12,2,2,3,0,0,0,0,0,0,4,1,0,insufficient_matched_pairs
2024,Italian Grand Prix,Qualifying,qualifying,Ferrari,LEC,SAI,39,21,18,13,26,0,26,2,2,2,0,0,0,0,0,0,13,4,4,
2024,Italian Grand Prix,Qualifying,qualifying,Haas F1 Team,HUL,MAG,29,18,11,11,20,0,20,2,2,3,0,0,0,0,0,0,8,3,3,
2024,Italian Grand Prix,Qualifying,qualifying,Kick Sauber,BOT,ZHO,15,6,9,5,10,0,10,2,2,3,0,0,0,0,0,0,3,1,0,insufficient_matched_pairs
2024,Italian Grand Prix,Qualifying,qualifying,McLaren,NOR,PIA,31,12,19,12,20,0,20,2,2,2,0,0,0,0,0,1,9,3,3,
2024,Italian Grand Prix,Qualifying,qualifying,Mercedes,HAM,RUS,36,18,18,14,24,0,24,2,2,2,0,0,0,0,0,0,10,4,4,
2024,Italian Grand Prix,Qualifying,qualifying,RB,RIC,TSU,18,12,6,6,12,0,12,2,2,2,0,0,0,0,0,0,4,1,0,insufficient_matched_pairs
2024,Italian Grand Prix,Qualifying,qualifying,Red Bull Racing,PER,VER,35,17,18,14,24,0,24,2,2,2,0,0,0,0,0,0,10,3,3,
2024,Italian Grand Prix,Qualifying,qualifying,Williams,ALB,COL,24,18,6,9,16,0,16,2,2,2,0,0,0,0,0,0,8,2,0,insufficient_matched_pairs
2024,Azerbaijan Grand Prix,Race,race,Alpine,GAS,OCO,101,51,50,2,5,0,6,2,2,7,4,0,7,0,0,0,86,41,41,
2024,Azerbaijan Grand Prix,Race,race,Aston Martin,ALO,STR,96,51,45,1,7,0,10,2,2,6,2,1,5,0,0,0,77,20,20,
2024,Azerbaijan Grand Prix,Race,race,Ferrari,LEC,SAI,101,51,50,2,4,0,9,2,2,5,3,1,10,0,0,0,80,35,35,
2024,Azerbaijan Grand Prix,Race,race,Haas F1 Team,BEA,HUL,102,51,51,2,4,0,10,2,2,8,4,4,12,0,0,0,77,32,32,
2024,Azerbaijan Grand Prix,Race,race,Kick Sauber,BOT,ZHO,101,50,51,3,4,0,10,2,2,7,4,0,9,0,0,0,80,34,34,
2024,Azerbaijan Grand Prix,Race,race,McLaren,NOR,PIA,102,51,51,2,4,0,9,2,2,6,3,0,5,0,0,0,85,40,40,
2024,Azerbaijan Grand Prix,Race,race,Mercedes,HAM,RUS,102,51,51,2,5,0,10,2,2,7,4,3,5,0,0,0,84,39,39,
2024,Azerbaijan Grand Prix,Race,race,RB,RIC,TSU,65,51,14,2,5,0,8,2,2,4,2,1,10,0,0,0,46,0,0,no_compound_overlap
2024,Azerbaijan Grand Prix,Race,race,Red Bull Racing,PER,VER,101,50,51,3,6,0,10,2,2,5,3,1,10,0,0,0,80,34,34,
2024,Azerbaijan Grand Prix,Race,race,Williams,ALB,COL,102,51,51,2,4,0,10,2,2,8,4,3,8,0,0,0,81,28,28,
2024,Azerbaijan Grand Prix,Qualifying,qualifying,Alpine,GAS,OCO,23,15,8,8,16,0,16,2,2,8,0,0,0,0,0,0,6,2,0,insufficient_matched_pairs
2024,Azerbaijan Grand Prix,Qualifying,qualifying,Aston Martin,ALO,STR,33,19,14,11,20,0,20,2,2,11,0,0,1,0,0,2,8,3,3,
2024,Azerbaijan Grand Prix,Qualifying,qualifying,Ferrari,LEC,SAI,43,20,23,13,20,0,22,2,2,10,0,0,0,0,0,7,10,4,4,
2024,Azerbaijan Grand Prix,Qualifying,qualifying,Haas F1 Team,BEA,HUL,28,14,14,8,16,0,16,2,2,11,0,0,2,0,0,2,7,3,3,
2024,Azerbaijan Grand Prix,Qualifying,qualifying,Kick Sauber,BOT,ZHO,17,7,10,4,8,0,8,2,2,8,0,0,2,0,0,3,4,2,0,insufficient_matched_pairs
2024,Azerbaijan Grand Prix,Qualifying,qualifying,McLaren,NOR,PIA,26,7,19,9,16,0,16,2,2,11,0,0,2,0,0,0,7,2,0,insufficient_matched_pairs
2024,Azerbaijan Grand Prix,Qualifying,qualifying,Mercedes,HAM,RUS,42,22,20,12,24,0,24,2,2,11,0,0,0,0,0,4,11,4,4,
2024,Azerbaijan Grand Prix,Qualifying,qualifying,RB,RIC,TSU,25,9,16,6,12,0,12,2,2,10,0,0,3,0,0,2,6,2,0,insufficient_matched_pairs
2024,Azerbaijan Grand Prix,Qualifying,qualifying,Red Bull Racing,PER,VER,35,15,20,12,20,0,20,2,2,11,0,0,2,0,0,2,9,3,3,
2024,Azerbaijan Grand Prix,Qualifying,qualifying,Williams,ALB,COL,39,19,20,14,24,0,24,2,2,13,0,0,2,0,0,2,9,3,3,
2024,Singapore Grand Prix,Race,race,Alpine,GAS,OCO,122,61,61,0,4,0,6,2,2,0,0,2,16,0,0,0,100,22,22,
2024,Singapore Grand Prix,Race,race,Aston Martin,ALO,STR,122,61,61,0,4,0,6,2,2,0,0,3,15,0,0,0,101,36,36,
2024,Singapore Grand Prix,Race,race,Ferrari,LEC,SAI,124,62,62,0,4,0,6,2,2,0,0,1,15,0,0,0,103,27,27,
2024,Singapore Grand Prix,Race,race,Haas F1 Team,HUL,MAG,118,61,57,1,7,0,9,2,2,0,0,3,7,0,0,0,101,40,40,
2024,Singapore Grand Prix,Race,race,Kick Sauber,BOT,ZHO,122,61,61,0,4,0,6,2,2,0,0,0,14,0,0,0,100,43,43,
2024,Singapore Grand Prix,Race,race,McLaren,NOR,PIA,124,62,62,0,4,0,6,2,2,0,0,1,8,0,0,0,109,45,45,
2024,Singapore Grand Prix,Race,race,Mercedes,HAM,RUS,124,62,62,0,4,0,6,2,2,0,0,2,13,0,0,0,104,28,28,
2024,Singapore Grand Prix,Race,race,RB,RIC,TSU,122,61,61,0,8,0,10,2,2,0,0,3,13,0,0,0,98,32,32,
2024,Singapore Grand Prix,Race,race,Red Bull Racing,PER,VER,123,61,62,0,4,0,6,2,2,0,0,2,10,0,0,0,105,49,49,
2024,Singapore Grand Prix,Race,race,Williams,ALB,COL,76,15,61,0,5,0,7,2,2,0,0,1,9,0,0,0,59,9,9,
2024,Singapore Grand Prix,Qualifying,qualifying,Alpine,GAS,OCO,24,9,15,9,16,0,16,2,2,0,0,0,0,0,0,0,8,3,3,
2024,Singapore Grand Prix,Qualifying,qualifying,Aston Martin,ALO,STR,23,17,6,10,16,0,16,2,2,1,0,0,0,0,0,0,7,2,0,insufficient_matched_pairs
2024,Singapore Grand Prix,Qualifying,qualifying,Ferrari,LEC,SAI,35,19,16,15,21,0,21,2,2,2,0,0,1,0,0,4,10,4,4,
2024,Singapore Grand Prix,Qualifying,qualifying,Haas F1 Team,HUL,MAG,30,18,12,12,20,0,20,2,2,1,0,0,0,0,0,0,10,4,4,
2024,Singapore Grand Prix,Qualifying,qualifying,Kick Sauber,BOT,ZHO,18,9,9,5,12,0,12,2,2,0,0,0,0,0,0,0,6,3,3,
2024,Singapore Grand Prix,Qualifying,qualifying,McLaren,NOR,PIA,34,16,18,17,24,0,24,2,2,2,0,0,0,0,0,0,10,4,4,
2024,Singapore Grand Prix,Qualifying,qualifying,Mercedes,HAM,RUS,33,16,17,19,24,0,24,2,2,2,0,0,0,0,0,0,9,4,4,
2024,Singapore Grand Prix,Qualifying,qualifying,RB,RIC,TSU,23,6,17,11,16,0,16,2,2,1,0,0,0,0,0,0,7,2,0,insufficient_matched_pairs
2024,Singapore Grand Prix,Qualifying,qualifying,Red Bull Racing,PER,VER,32,14,18,13,20,0,20,2,2,2,0,0,1,0,0,1,10,4,4,
2024,Singapore Grand Prix,Qualifying,qualifying,Williams,ALB,COL,24,12,12,9,16,0,16,2,2,0,0,0,0,0,0,0,8,4,4,
2024,United States Grand Prix,Race,race,Alpine,GAS,OCO,111,56,55,2,6,0,14,2,2,15,6,3,9,0,0,0,81,22,22,
2024,United States Grand Prix,Race,race,Aston Martin,ALO,STR,110,55,55,3,4,0,12,2,2,15,6,3,11,0,0,0,81,30,30,
2024,United States Grand Prix,Race,race,Ferrari,LEC,SAI,112,56,56,4,4,0,12,2,2,12,6,0,5,0,0,0,91,39,39,
2024,United States Grand Prix,Race,race,Haas F1 Team,HUL,MAG,112,56,56,3,6,0,14,2,2,14,6,3,9,0,0,0,83,23,23,
2024,United States Grand Prix,Race,race,Kick Sauber,BOT,ZHO,110,55,55,1,6,0,14,2,2,14,6,2,11,0,0,0,79,23,23,
2024,United States Grand Prix,Race,race,McLaren,NOR,PIA,112,56,56,3,4,0,12,2,2,13,6,2,11,0,0,0,84,38,38,
2024,United States Grand Prix,Race,race,Mercedes,HAM,RUS,58,2,56,2,3,0,8,2,2,9,4,0,5,0,0,0,44,0,0,teammate_dnf_no_matched_laps
2024,United States Grand Prix,Race,race,RB,LAW,TSU,111,56,55,4,4,0,12,2,2,14,6,3,7,0,0,0,87,36,36,
2024,United States Grand Prix,Race,race,Red Bull Racing,PER,VER,112,56,56,4,4,0,12,2,2,13,6,2,9,0,0,0,85,36,36,
2024,United States Grand Prix,Race,race,Williams,ALB,COL,111,55,56,2,6,0,12,2,2,14,6,2,9,0,0,0,85,22,22,
2024,United States Grand Prix,Qualifying,qualifying,Alpine,GAS,OCO,35,20,15,12,24,0,24,2,2,1,0,0,0,0,0,0,11,5,5,
2024,United States Grand Prix,Qualifying,qualifying,Aston Martin,ALO,STR,32,18,14,11,22,0,22,2,2,0,0,0,0,0,0,0,10,4,4,
2024,United States Grand Prix,Qualifying,qualifying,Ferrari,LEC,SAI,39,20,19,12,24,0,24,2,2,2,0,0,0,0,0,4,11,3,3,
2024,United States Grand Prix,Qualifying,qualifying,Haas F1 Team,HUL,MAG,29,12,17,10,20,0,20,2,2,1,0,0,0,0,0,0,9,4,4,
2024,United States Grand Prix,Qualifying,qualifying,Kick Sauber,BOT,ZHO,18,9,9,5,12,0,12,2,2,0,0,0,0,0,0,0,6,3,3,
2024,United States Grand Prix,Qualifying,qualifying,McLaren,NOR,PIA,35,16,19,11,22,0,22,2,2,2,0,0,1,0,0,4,9,4,4,
2024,United States Grand Prix,Qualifying,qualifying,Mercedes,HAM,RUS,20,6,14,8,14,0,14,2,2,0,0,0,0,0,0,0,6,2,0,insufficient_matched_pairs
2024,United States Grand Prix,Qualifying,qualifying,RB,LAW,TSU,25,11,14,11,19,0,19,2,2,0,0,0,0,0,0,0,6,2,0,insufficient_matched_pairs
2024,United States Grand Prix,Qualifying,qualifying,Red Bull Racing,PER,VER,34,17,17,13,24,0,24,2,2,2,0,0,0,0,0,0,10,3,3,
2024,United States Grand Prix,Qualifying,qualifying,Williams,ALB,COL,14,8,6,6,11,0,11,2,2,0,0,0,0,0,0,0,3,1,0,insufficient_matched_pairs
2024,Mexico City Grand Prix,Race,race,Alpine,GAS,OCO,140,70,70,0,5,0,16,2,2,12,12,1,10,0,0,0,112,42,42,
2024,Mexico City Grand Prix,Race,race,Aston Martin,ALO,STR,85,15,70,0,3,0,16,2,2,12,12,2,12,0,0,0,56,5,0,insufficient_matched_pairs
2024,Mexico City Grand Prix,Race,race,Ferrari,LEC,SAI,142,71,71,0,6,0,18,2,2,12,12,0,7,0,0,0,115,53,53,
2024,Mexico City Grand Prix,Race,race,Haas F1 Team,HUL,MAG,141,70,71,0,4,0,16,2,2,12,12,2,12,0,0,0,113,52,52,
2024,Mexico City Grand Prix,Race,race,Kick Sauber,BOT,ZHO,140,70,70,0,4,0,16,2,2,12,12,0,12,0,0,0,111,47,47,
2024,Mexico City Grand Prix,Race,race,McLaren,NOR,PIA,142,71,71,0,4,0,16,2,2,12,12,1,10,0,0,0,114,44,44,
2024,Mexico City Grand Prix,Race,race,Mercedes,HAM,RUS,142,71,71,0,4,0,16,2,2,12,12,2,10,0,0,0,114,50,50,
2024,Mexico City Grand Prix,Race,race,RB,LAW,TSU,71,70,1,1,4,0,11,2,2,7,7,2,7,0,0,0,53,0,0,missing_lap_time_data
2024,Mexico City Grand Prix,Race,race,Red Bull Racing,PER,VER,141,70,71,0,8,0,20,2,2,12,12,2,11,0,0,0,108,24,24,
2024,Mexico City Grand Prix,Race,race,Williams,ALB,COL,71,1,70,1,2,0,9,2,2,7,7,1,7,0,0,0,54,0,0,missing_lap_time_data
2024,Mexico City Grand Prix,Qualifying,qualifying,Alpine,GAS,OCO,27,18,9,12,19,0,19,2,2,1,0,0,0,0,0,0,8,2,0,insufficient_matched_pairs
2024,Mexico City Grand Prix,Qualifying,qualifying,Aston Martin,ALO,STR,27,13,14,10,20,0,20,2,2,2,0,0,0,0,0,0,7,3,3,
2024,Mexico City Grand Prix,Qualifying,qualifying,Ferrari,LEC,SAI,42,21,21,14,28,0,28,2,2,1,0,0,0,0,0,0,14,4,4,
2024,Mexico City Grand Prix,Qualifying,qualifying,Haas F1 Team,HUL,MAG,36,18,18,16,24,0,24,2,2,3,0,0,0,0,0,0,11,3,3,
2024,Mexico City Grand Prix,Qualifying,qualifying,Kick Sauber,BOT,ZHO,23,14,9,9,16,0,16,2,2,1,0,0,0,0,0,0,7,3,3,
2024,Mexico City Grand Prix,Qualifying,qualifying,McLaren,NOR,PIA,23,15,8,7,14,0,14,2,2,0,0,0,1,0,0,1,8,2,0,insufficient_matched_pairs
2024,Mexico City Grand Prix,Qualifying,qualifying,Mercedes,HAM,RUS,38,19,19,18,28,0,28,2,2,3,0,0,0,0,0,0,10,3,3,
2024,Mexico City Grand Prix,Qualifying,qualifying,RB,LAW,TSU,22,11,11,10,16,0,16,2,2,2,0,0,0,0,0,0,6,3,3,
2024,Mexico City Grand Prix,Qualifying,qualifying,Red Bull Racing,PER,VER,27,9,18,8,16,0,16,2,2,0,0,0,0,0,0,2,9,2,0,insufficient_matched_pairs
2024,Mexico City Grand Prix,Qualifying,qualifying,Williams,ALB,COL,24,18,6,9,16,0,16,2,2,0,0,0,0,0,0,0,8,2,0,insufficient_matched_pairs
2024,São Paulo Grand Prix,Race,race,Alpine,GAS,OCO,138,69,69,4,4,0,22,2,2,43,18,1,10,6,0,0,89,44,44,
2024,São Paulo Grand Prix,Race,race,Aston Martin,ALO,STR,70,69,1,3,4,0,12,2,2,19,9,1,7,2,0,0,46,0,0,missing_lap_time_data
2024,São Paulo Grand Prix,Race,race,Ferrari,LEC,SAI,108,69,39,5,9,0,21,2,2,33,15,1,9,3,0,0,66,18,18,
2024,São Paulo Grand Prix,Race,race,Haas F1 Team,BEA,HUL,99,69,30,5,10,0,18,2,2,27,13,4,10,2,0,0,65,19,19,
2024,São Paulo Grand Prix,Race,race,Kick Sauber,BOT,ZHO,138,69,69,5,8,0,23,2,2,41,18,2,13,5,0,0,87,41,41,
2024,São Paulo Grand Prix,Race,race,McLaren,NOR,PIA,138,69,69,4,8,0,22,2,2,39,17,1,10,6,0,0,90,44,44,
2024,São Paulo Grand Prix,Race,race,Mercedes,HAM,RUS,138,69,69,4,8,0,22,2,2,39,18,1,13,6,0,0,90,42,42,
2024,São Paulo Grand Prix,Race,race,RB,LAW,TSU,138,69,69,4,8,0,24,2,2,40,18,2,11,6,0,0,88,43,43,
2024,São Paulo Grand Prix,Race,race,Red Bull Racing,PER,VER,138,69,69,4,6,0,22,2,2,40,18,0,10,5,0,0,91,42,42,
2024,São Paulo Grand Prix,Race,race,Williams,ALB,COL,30,0,30,0,3,0,6,1,1,8,4,0,5,0,0,0,17,0,0,missing_lap_time_data
2024,São Paulo Grand Prix,Qualifying,qualifying,Alpine,GAS,OCO,52,21,31,20,26,0,26,2,2,21,0,0,4,7,0,6,11,3,3,
2024,São Paulo Grand Prix,Qualifying,qualifying,Aston Martin,ALO,STR,40,21,19,16,22,0,22,2,2,18,0,0,1,7,0,3,8,3,3,
2024,São Paulo Grand Prix,Qualifying,qualifying,Ferrari,LEC,SAI,46,29,17,18,24,0,24,2,2,20,0,0,1,7,0,3,11,3,3,
2024,São Paulo Grand Prix,Qualifying,qualifying,Haas F1 Team,BEA,HUL,23,11,12,6,8,0,8,2,2,9,0,0,3,0,0,1,9,4,4,
2024,São Paulo Grand Prix,Qualifying,qualifying,Kick Sauber,BOT,ZHO,33,21,12,10,16,0,16,2,2,14,0,0,3,2,0,1,11,4,4,
2024,São Paulo Grand Prix,Qualifying,qualifying,McLaren,NOR,PIA,61,33,28,24,30,0,30,2,2,23,0,0,3,10,0,2,18,3,3,
2024,São Paulo Grand Prix,Qualifying,qualifying,Mercedes,HAM,RUS,40,11,29,15,20,0,20,2,2,17,0,0,2,6,0,4,8,2,0,insufficient_matched_pairs
2024,São Paulo Grand Prix,Qualifying,qualifying,RB,LAW,TSU,60,30,30,24,32,0,32,2,2,23,0,0,3,8,0,7,12,3,3,
2024,São Paulo Grand Prix,Qualifying,qualifying,Red Bull Racing,PER,VER,37,18,19,14,20,0,20,2,2,16,0,0,3,4,0,3,8,3,3,
2024,São Paulo Grand Prix,Qualifying,qualifying,Williams,ALB,COL,33,28,5,13,16,0,16,2,2,16,0,0,3,5,0,2,7,0,0,insufficient_matched_pairs
2024,Las Vegas Grand Prix,Race,race,Alpine,GAS,OCO,64,15,49,0,8,0,10,2,2,0,0,7,10,0,0,0,43,7,0,insufficient_matched_pairs
2024,Las Vegas Grand Prix,Race,race,Aston Martin,ALO,STR,100,50,50,0,8,0,10,2,2,0,0,4,13,0,0,0,74,26,26,
2024,Las Vegas Grand Prix,Race,race,Ferrari,LEC,SAI,100,50,50,0,8,0,13,2,2,0,0,8,11,0,0,0,73,32,32,
2024,Las Vegas Grand Prix,Race,race,Haas F1 Team,HUL,MAG,100,50,50,0,6,0,8,2,2,0,0,7,6,0,0,0,81,24,24,
2024,Las Vegas Grand Prix,Race,race,Kick Sauber,BOT,ZHO,99,49,50,0,8,0,12,2,2,0,0,9,13,0,0,0,72,26,26,
2024,Las Vegas Grand Prix,Race,race,McLaren,NOR,PIA,100,50,50,0,10,0,14,2,2,0,0,9,12,0,0,0,71,27,27,
2024,Las Vegas Grand Prix,Race,race,Mercedes,HAM,RUS,100,50,50,0,8,0,13,2,2,0,0,2,10,0,0,0,77,33,33,
2024,Las Vegas Grand Prix,Race,race,RB,LAW,TSU,100,50,50,0,8,0,12,2,2,0,0,7,12,0,0,0,72,27,27,
2024,Las Vegas Grand Prix,Race,race,Red Bull Racing,PER,VER,100,50,50,0,8,0,11,2,2,0,0,6,10,0,0,0,75,29,29,
2024,Las Vegas Grand Prix,Race,race,Williams,ALB,COL,75,25,50,0,8,0,9,2,2,0,0,5,6,0,0,0,59,17,17,
2024,Las Vegas Grand Prix,Qualifying,qualifying,Alpine,GAS,OCO,43,25,18,10,20,0,20,2,2,5,0,0,2,0,0,11,10,4,4,
2024,Las Vegas Grand Prix,Qualifying,qualifying,Aston Martin,ALO,STR,12,9,3,3,6,0,6,2,2,2,0,0,0,0,0,3,3,1,0,insufficient_matched_pairs
2024,Las Vegas Grand Prix,Qualifying,qualifying,Ferrari,LEC,SAI,47,23,24,10,22,0,22,2,2,6,0,0,3,0,0,12,12,3,3,
2024,Las Vegas Grand Prix,Qualifying,qualifying,Haas F1 Team,HUL,MAG,29,17,12,9,16,0,16,2,2,5,0,0,0,0,0,5,8,3,3,
2024,Las Vegas Grand Prix,Qualifying,qualifying,Kick Sauber,BOT,ZHO,27,10,17,6,12,0,12,2,2,3,0,0,4,0,0,5,8,3,3,
2024,Las Vegas Grand Prix,Qualifying,qualifying,McLaren,NOR,PIA,41,20,21,14,24,0,24,2,2,5,0,0,2,0,0,5,12,4,4,
2024,Las Vegas Grand Prix,Qualifying,qualifying,Mercedes,HAM,RUS,49,24,25,11,21,0,21,2,2,6,0,0,2,0,0,13,13,4,4,
2024,Las Vegas Grand Prix,Qualifying,qualifying,RB,LAW,TSU,42,17,25,11,20,0,20,2,2,5,0,0,2,0,0,11,9,3,3,
2024,Las Vegas Grand Prix,Qualifying,qualifying,Red Bull Racing,PER,VER,31,10,21,6,10,0,10,2,2,3,0,0,2,0,0,11,10,3,3,
2024,Las Vegas Grand Prix,Qualifying,qualifying,Williams,ALB,COL,26,10,16,7,12,0,12,2,2,3,0,0,1,0,0,7,5,2,0,insufficient_matched_pairs
2024,Qatar Grand Prix,Race,race,Alpine,GAS,OCO,58,57,1,1,4,0,13,2,2,15,13,0,3,0,0,0,40,0,0,missing_lap_time_data
2024,Qatar Grand Prix,Race,race,Aston Martin,ALO,STR,65,57,8,0,8,0,18,2,2,19,16,1,3,0,0,0,41,0,0,no_compound_overlap
2024,Qatar Grand Prix,Race,race,Ferrari,LEC,SAI,114,57,57,2,9,0,25,2,2,30,24,1,9,0,0,0,74,36,36,
2024,Qatar Grand Prix,Race,race,Haas F1 Team,HUL,MAG,97,40,57,1,12,0,27,2,2,27,23,1,7,0,0,0,60,14,14,
2024,Qatar Grand Prix,Race,race,Kick Sauber,BOT,ZHO,114,57,57,2,9,0,27,2,2,29,25,1,8,0,0,0,75,18,18,
2024,Qatar Grand Prix,Race,race,McLaren,NOR,PIA,114,57,57,4,11,0,27,2,2,29,24,1,12,0,0,0,70,26,26,
2024,Qatar Grand Prix,Race,race,Mercedes,HAM,RUS,114,57,57,2,12,0,29,2,2,29,25,4,7,0,0,0,74,24,24,
2024,Qatar Grand Prix,Race,race,RB,LAW,TSU,114,57,57,1,12,0,24,2,2,28,24,1,5,0,0,0,81,40,40,
2024,Qatar Grand Prix,Race,race,Red Bull Racing,PER,VER,96,39,57,6,8,0,21,2,2,25,21,0,8,0,0,0,64,23,23,
2024,Qatar Grand Prix,Race,race,Williams,ALB,COL,57,56,1,1,6,0,15,2,2,15,13,0,4,0,0,0,37,0,0,missing_lap_time_data
2024,Qatar Grand Prix,Qualifying,qualifying,Alpine,GAS,OCO,28,18,10,6,16,0,16,2,2,0,0,0,0,0,0,6,6,2,0,insufficient_matched_pairs
2024,Qatar Grand Prix,Qualifying,qualifying,Aston Martin,ALO,STR,33,19,14,11,24,0,24,2,2,0,0,0,0,0,0,0,9,3,3,
2024,Qatar Grand Prix,Qualifying,qualifying,Ferrari,LEC,SAI,52,26,26,12,26,0,26,2,2,0,0,0,1,0,0,9,17,5,5,
2024,Qatar Grand Prix,Qualifying,qualifying,Haas F1 Team,HUL,MAG,36,10,26,9,16,0,16,2,2,0,0,0,1,0,0,9,11,3,3,
2024,Qatar Grand Prix,Qualifying,qualifying,Kick Sauber,BOT,ZHO,38,19,19,9,16,0,16,2,2,0,0,0,4,0,0,10,12,6,6,
2024,Qatar Grand Prix,Qualifying,qualifying,McLaren,NOR,PIA,44,22,22,12,22,0,22,2,2,0,0,0,1,0,0,10,12,3,3,
2024,Qatar Grand Prix,Qualifying,qualifying,Mercedes,HAM,RUS,55,27,28,13,29,0,29,2,2,0,0,0,2,0,0,10,16,5,5,
2024,Qatar Grand Prix,Qualifying,qualifying,RB,LAW,TSU,26,10,16,7,12,0,12,2,2,0,0,0,2,0,0,6,8,3,3,
2024,Qatar Grand Prix,Qualifying,qualifying,Red Bull Racing,PER,VER,44,22,22,12,22,0,22,2,2,0,0,0,1,0,0,9,13,3,3,
2024,Qatar Grand Prix,Qualifying,qualifying,Williams,ALB,COL,18,9,9,4,8,0,8,2,2,0,0,0,2,0,0,4,6,3,3,
2024,Abu Dhabi Grand Prix,Race,race,Alpine,DOO,GAS,115,57,58,0,4,0,10,2,2,12,4,3,10,0,0,0,88,32,32,
2024,Abu Dhabi Grand Prix,Race,race,Aston Martin,ALO,STR,115,58,57,0,8,0,14,2,2,10,4,4,11,0,0,0,85,37,37,
2024,Abu Dhabi Grand Prix,Race,race,Ferrari,LEC,SAI,116,58,58,0,4,0,10,2,2,12,4,1,7,0,0,0,94,39,39,
2024,Abu Dhabi Grand Prix,Race,race,Haas F1 Team,HUL,MAG,115,58,57,0,9,0,15,2,2,11,4,3,8,0,0,0,88,22,22,
2024,Abu Dhabi Grand Prix,Race,race,Kick Sauber,BOT,ZHO,87,30,57,0,7,0,13,2,2,10,4,3,6,0,0,0,65,19,19,
2024,Abu Dhabi Grand Prix,Race,race,McLaren,NOR,PIA,116,58,58,0,6,0,12,2,2,10,4,2,8,0,0,0,91,24,24,
2024,Abu Dhabi Grand Prix,Race,race,Mercedes,HAM,RUS,116,58,58,0,4,0,10,2,2,13,4,2,8,0,0,0,93,39,39,
2024,Abu Dhabi Grand Prix,Race,race,RB,LAW,TSU,113,56,57,1,7,0,14,2,2,10,4,3,9,0,0,0,88,35,35,
2024,Abu Dhabi Grand Prix,Race,race,Red Bull Racing,PER,VER,59,1,58,1,2,0,6,2,2,6,2,1,4,0,0,0,48,0,0,missing_lap_time_data
2024,Abu Dhabi Grand Prix,Race,race,Williams,ALB,COL,83,57,26,0,5,0,10,2,2,8,4,0,7,0,0,0,65,18,18,
2024,Abu Dhabi Grand Prix,Qualifying,qualifying,Alpine,DOO,GAS,24,6,18,9,16,0,16,2,2,3,0,0,0,0,0,0,8,2,0,insufficient_matched_pairs
2024,Abu Dhabi Grand Prix,Qualifying,qualifying,Aston Martin,ALO,STR,33,19,14,12,23,0,23,2,2,4,0,0,0,0,0,0,10,4,4,
2024,Abu Dhabi Grand Prix,Qualifying,qualifying,Ferrari,LEC,SAI,28,12,16,10,19,0,19,2,2,3,0,0,0,0,0,0,9,3,3,
2024,Abu Dhabi Grand Prix,Qualifying,qualifying,Haas F1 Team,HUL,MAG,28,17,11,10,20,0,20,2,2,3,0,0,0,0,0,0,8,3,3,
2024,Abu Dhabi Grand Prix,Qualifying,qualifying,Kick Sauber,BOT,ZHO,21,15,6,8,14,0,14,2,2,3,0,0,0,0,0,0,7,2,0,insufficient_matched_pairs
2024,Abu Dhabi Grand Prix,Qualifying,qualifying,McLaren,NOR,PIA,32,16,16,12,24,0,24,2,2,4,0,0,0,0,0,0,8,3,3,
2024,Abu Dhabi Grand Prix,Qualifying,qualifying,Mercedes,HAM,RUS,26,7,19,11,18,0,18,2,2,4,0,0,0,0,0,0,8,2,0,insufficient_matched_pairs
2024,Abu Dhabi Grand Prix,Qualifying,qualifying,RB,LAW,TSU,24,12,12,8,16,0,16,2,2,2,0,0,0,0,0,0,8,4,4,
2024,Abu Dhabi Grand Prix,Qualifying,qualifying,Red Bull Racing,PER,VER,33,18,15,12,22,0,22,2,2,4,0,0,0,0,0,0,11,3,3,
2024,Abu Dhabi Grand Prix,Qualifying,qualifying,Williams,ALB,COL,12,6,6,4,8,0,8,2,2,0,0,0,0,0,0,0,4,2,0,insufficient_matched_pairs
2025,Australian Grand Prix,Race,race,Alpine,DOO,GAS,58,1,57,4,8,0,23,2,2,24,22,3,4,3,0,0,29,0,0,missing_lap_time_data
2025,Australian Grand Prix,Race,race,Aston Martin,ALO,STR,90,33,57,7,12,0,31,2,2,31,29,1,5,5,0,0,53,23,23,
2025,Australian Grand Prix,Race,race,Ferrari,HAM,LEC,114,57,57,8,16,0,42,2,2,46,42,4,7,10,0,0,54,25,25,
2025,Australian Grand Prix,Race,race,Haas F1 Team,BEA,OCO,114,57,57,8,17,0,46,2,2,49,44,0,6,9,0,0,53,25,25,
2025,Australian Grand Prix,Race,race,Kick Sauber,BOR,HUL,103,46,57,8,16,0,42,2,2,42,38,1,4,6,0,0,56,25,25,
2025,Australian Grand Prix,Race,race,McLaren,NOR,PIA,114,57,57,9,16,0,45,2,2,44,41,3,6,12,0,0,56,28,28,
2025,Australian Grand Prix,Race,race,Mercedes,ANT,RUS,114,57,57,7,16,0,46,2,2,46,42,4,7,10,0,0,55,24,24,
2025,Australian Grand Prix,Race,race,Racing Bulls,HAD,TSU,58,1,57,5,8,0,22,2,2,24,22,2,4,5,0,0,27,0,0,missing_lap_time_data
2025,Australian Grand Prix,Race,race,Red Bull Racing,LAW,VER,104,47,57,9,15,0,38,2,2,42,37,3,8,10,0,0,50,21,21,
2025,Australian Grand Prix,Race,race,Williams,ALB,SAI,58,57,1,4,8,0,24,2,2,24,22,1,3,4,0,0,29,0,0,missing_lap_time_data
2025,Australian Grand Prix,Qualifying,qualifying,Alpine,DOO,GAS,35,15,20,9,19,0,19,2,2,7,0,0,0,0,0,4,11,4,4,
2025,Australian Grand Prix,Qualifying,qualifying,Aston Martin,ALO,STR,28,13,15,10,20,0,20,2,2,7,0,0,0,0,0,0,7,3,3,
2025,Australian Grand Prix,Qualifying,qualifying,Ferrari,HAM,LEC,42,22,20,12,28,0,28,2,2,7,0,0,0,0,0,2,12,3,3,
2025,Australian Grand Prix,Qualifying,qualifying,Haas F1 Team,BEA,OCO,10,1,9,5,7,0,7,2,2,1,0,0,0,0,0,0,3,0,0,missing_lap_time_data
2025,Australian Grand Prix,Qualifying,qualifying,Kick Sauber,BOR,HUL,22,13,9,7,16,0,16,2,2,4,0,0,0,0,0,0,6,2,0,insufficient_matched_pairs
2025,Australian Grand Prix,Qualifying,qualifying,McLaren,NOR,PIA,38,20,18,12,27,0,27,2,2,8,0,0,0,0,0,0,10,3,3,
2025,Australian Grand Prix,Qualifying,qualifying,Mercedes,ANT,RUS,29,9,20,9,17,0,17,2,2,5,0,0,0,0,0,2,8,2,0,insufficient_matched_pairs
2025,Australian Grand Prix,Qualifying,qualifying,Racing Bulls,HAD,TSU,29,12,17,11,19,0,19,2,2,7,0,0,0,0,0,0,8,3,3,
2025,Australian Grand Prix,Qualifying,qualifying,Red Bull Racing,LAW,VER,24,7,17,9,18,0,18,2,2,6,0,0,0,0,0,0,5,1,0,insufficient_matched_pairs
2025,Australian Grand Prix,Qualifying,qualifying,Williams,ALB,SAI,40,20,20,10,22,0,22,2,2,8,0,0,0,0,0,4,12,3,3,
2025,Chinese Grand Prix,Race,race,Alpine,DOO,GAS,112,56,56,0,4,0,6,2,2,8,0,1,7,0,0,0,93,45,45,
2025,Chinese Grand Prix,Race,race,Aston Martin,ALO,STR,60,4,56,0,3,0,5,2,2,7,0,2,1,0,0,0,48,0,0,insufficient_matched_pairs
2025,Chinese Grand Prix,Race,race,Ferrari,HAM,LEC,112,56,56,0,6,0,8,2,2,6,0,2,5,0,0,0,93,30,30,
2025,Chinese Grand Prix,Race,race,Haas F1 Team,BEA,OCO,112,56,56,0,4,0,6,2,2,8,0,3,8,0,0,0,91,22,22,
2025,Chinese Grand Prix,Race,race,Kick Sauber,BOR,HUL,110,55,55,0,6,0,7,2,2,7,0,1,11,0,0,0,87,24,24,
2025,Chinese Grand Prix,Race,race,McLaren,NOR,PIA,112,56,56,0,4,0,6,2,2,6,0,1,5,0,0,0,96,45,45,
2025,Chinese Grand Prix,Race,race,Mercedes,ANT,RUS,112,56,56,0,4,0,6,2,2,6,0,2,9,0,0,0,90,42,42,
2025,Chinese Grand Prix,Race,race,Racing Bulls,HAD,TSU,111,56,55,0,10,0,12,2,2,8,0,6,9,0,0,0,82,32,32,
2025,Chinese Grand Prix,Race,race,Red Bull Racing,LAW,VER,112,56,56,0,7,0,8,2,2,7,0,2,11,0,0,0,87,24,24,
2025,Chinese Grand Prix,Race,race,Williams,ALB,SAI,112,56,56,0,4,0,6,2,2,8,0,4,9,0,0,0,90,38,38,
2025,Chinese Grand Prix,Qualifying,qualifying,Alpine,DOO,GAS,17,8,9,6,12,0,12,2,2,4,0,0,0,0,0,0,4,2,0,insufficient_matched_pairs
2025,Chinese Grand Prix,Qualifying,qualifying,Aston Martin,ALO,STR,30,15,15,8,20,0,20,2,2,6,0,0,0,0,0,0,10,5,5,
2025,Chinese Grand Prix,Qualifying,qualifying,Ferrari,HAM,LEC,42,21,21,14,24,0,24,2,2,6,0,0,0,0,0,4,12,4,4,
2025,Chinese Grand Prix,Qualifying,qualifying,Haas F1 Team,BEA,OCO,23,8,15,8,16,0,16,2,2,5,0,0,0,0,0,0,5,1,0,insufficient_matched_pairs
2025,Chinese Grand Prix,Qualifying,qualifying,Kick Sauber,BOR,HUL,24,9,15,8,16,0,16,2,2,3,0,0,0,0,0,0,8,3,3,
2025,Chinese Grand Prix,Qualifying,qualifying,McLaren,NOR,PIA,37,17,20,11,22,0,22,2,2,8,0,0,1,0,0,4,9,3,3,
2025,Chinese Grand Prix,Qualifying,qualifying,Mercedes,ANT,RUS,44,22,22,13,24,0,25,2,2,9,0,0,1,0,0,5,14,4,4,
2025,Chinese Grand Prix,Qualifying,qualifying,Racing Bulls,HAD,TSU,39,20,19,15,28,0,28,2,2,7,0,0,0,0,0,0,11,3,3,
2025,Chinese Grand Prix,Qualifying,qualifying,Red Bull Racing,LAW,VER,23,8,15,8,16,0,16,2,2,4,0,0,0,0,0,0,7,1,0,insufficient_matched_pairs
2025,Chinese Grand Prix,Qualifying,qualifying,Williams,ALB,SAI,35,20,15,12,24,0,24,2,2,9,0,0,0,0,0,0,11,4,4,
2025,Japanese Grand Prix,Race,race,Alpine,DOO,GAS,106,53,53,0,4,0,6,2,2,0,0,1,9,0,0,0,90,23,23,
2025,Japanese Grand Prix,Race,race,Aston Martin,ALO,STR,105,53,52,0,6,0,8,2,2,0,0,1,9,0,0,0,86,33,33,
2025,Japanese Grand Prix,Race,race,Ferrari,HAM,LEC,106,53,53,0,4,0,6,2,2,0,0,3,9,0,0,0,88,38,38,
2025,Japanese Grand Prix,Race,race,Haas F1 Team,BEA,OCO,106,53,53,0,4,0,6,2,2,0,0,3,12,0,0,0,86,37,37,
2025,Japanese Grand Prix,Race,race,Kick Sauber,BOR,HUL,106,53,53,0,4,0,6,2,2,0,0,2,5,0,0,0,92,43,43,
2025,Japanese Grand Prix,Race,race,McLaren,NOR,PIA,106,53,53,0,4,0,6,2,2,0,0,2,11,0,0,0,87,40,40,
2025,Japanese Grand Prix,Race,race,Mercedes,ANT,RUS,106,53,53,0,4,0,6,2,2,0,0,3,10,0,0,0,87,28,28,
2025,Japanese Grand Prix,Race,race,Racing Bulls,HAD,LAW,106,53,53,0,4,0,6,2,2,0,0,4,11,0,0,0,86,20,20,
2025,Japanese Grand Prix,Race,race,Red Bull Racing,TSU,VER,106,53,53,0,4,0,6,2,2,0,0,2,10,0,0,0,88,40,40,
2025,Japanese Grand Prix,Race,race,Williams,ALB,SAI,106,53,53,0,4,0,6,2,2,0,0,5,7,0,0,0,89,19,19,
2025,Japanese Grand Prix,Qualifying,qualifying,Alpine,DOO,GAS,21,9,12,7,14,0,14,2,2,0,0,0,0,0,0,0,7,2,0,insufficient_matched_pairs
2025,Japanese Grand Prix,Qualifying,qualifying,Aston Martin,ALO,STR,17,12,5,7,12,0,12,2,2,1,0,0,0,0,0,0,5,1,0,insufficient_matched_pairs
2025,Japanese Grand Prix,Qualifying,qualifying,Ferrari,HAM,LEC,44,23,21,16,28,0,28,2,2,0,0,0,0,0,0,2,14,4,4,
2025,Japanese Grand Prix,Qualifying,qualifying,Haas F1 Team,BEA,OCO,30,21,9,11,20,0,20,2,2,0,0,0,0,0,0,0,10,3,3,
2025,Japanese Grand Prix,Qualifying,qualifying,Kick Sauber,BOR,HUL,18,9,9,4,12,0,12,2,2,0,0,0,0,0,0,0,6,3,3,
2025,Japanese Grand Prix,Qualifying,qualifying,McLaren,NOR,PIA,33,15,18,11,20,0,20,2,2,1,0,0,0,0,0,2,11,3,3,
2025,Japanese Grand Prix,Qualifying,qualifying,Mercedes,ANT,RUS,35,18,17,16,24,0,24,2,2,2,0,0,0,0,0,0,11,3,3,
2025,Japanese Grand Prix,Qualifying,qualifying,Racing Bulls,HAD,LAW,30,18,12,12,20,0,20,2,2,1,0,0,0,0,0,0,10,4,4,
2025,Japanese Grand Prix,Qualifying,qualifying,Red Bull Racing,TSU,VER,29,12,17,10,20,0,20,2,2,0,0,0,0,0,0,0,9,3,3,
2025,Japanese Grand Prix,Qualifying,qualifying,Williams,ALB,SAI,35,20,15,13,22,0,22,2,2,2,0,0,0,0,0,2,11,4,4,
2025,Bahrain Grand Prix,Race,race,Alpine,DOO,GAS,114,57,57,0,8,0,18,2,2,8,8,6,7,0,0,0,87,40,40,
2025,Bahrain Grand Prix,Race,race,Aston Martin,ALO,STR,114,57,57,2,8,0,14,2,2,8,8,7,7,0,0,0,88,33,33,
2025,Bahrain Grand Prix,Race,race,Ferrari,HAM,LEC,114,57,57,2,8,0,14,2,2,8,8,3,8,0,0,0,91,42,42,
2025,Bahrain Grand Prix,Race,race,Haas F1 Team,BEA,OCO,114,57,57,0,8,0,16,2,2,8,8,7,9,0,0,0,86,16,16,
2025,Bahrain Grand Prix,Race,race,Kick Sauber,BOR,HUL,114,57,57,1,8,0,16,2,2,8,8,6,10,0,0,0,85,22,22,
2025,Bahrain Grand Prix,Race,race,McLaren,NOR,PIA,114,57,57,2,8,0,14,2,2,8,8,3,10,0,0,0,87,36,36,
2025,Bahrain Grand Prix,Race,race,Mercedes,ANT,RUS,114,57,57,2,10,0,36,2,2,8,8,3,9,0,0,0,69,23,23,
2025,Bahrain Grand Prix,Race,race,Racing Bulls,HAD,LAW,114,57,57,1,8,0,16,2,2,8,8,6,6,0,0,0,89,21,21,
2025,Bahrain Grand Prix,Race,race,Red Bull Racing,TSU,VER,114,57,57,1,8,0,16,2,2,8,8,9,15,0,0,0,78,15,15,
2025,Bahrain Grand Prix,Race,race,Williams,ALB,SAI,102,57,45,2,10,0,16,2,2,8,8,10,9,0,0,0,73,27,27,
2025,Bahrain Grand Prix,Qualifying,qualifying,Alpine,DOO,GAS,32,13,19,13,22,0,22,2,2,4,0,0,0,0,0,0,10,4,4,
2025,Bahrain Grand Prix,Qualifying,qualifying,Aston Martin,ALO,STR,24,15,9,9,17,0,17,2,2,2,0,0,0,0,0,0,7,3,3,
2025,Bahrain Grand Prix,Qualifying,qualifying,Ferrari,HAM,LEC,34,18,16,14,24,0,24,2,2,5,0,0,0,0,0,0,10,3,3,
2025,Bahrain Grand Prix,Qualifying,qualifying,Haas F1 Team,BEA,OCO,14,6,8,6,10,0,10,2,2,3,0,0,0,0,0,0,4,2,0,insufficient_matched_pairs
2025,Bahrain Grand Prix,Qualifying,qualifying,Kick Sauber,BOR,HUL,23,6,17,9,16,0,16,2,2,4,0,0,0,0,0,0,7,2,0,insufficient_matched_pairs
2025,Bahrain Grand Prix,Qualifying,qualifying,McLaren,NOR,PIA,33,18,15,14,24,0,24,2,2,5,0,0,0,0,0,0,9,3,3,
2025,Bahrain Grand Prix,Qualifying,qualifying,Mercedes,ANT,RUS,40,20,20,15,28,0,28,2,2,7,0,0,0,0,0,0,12,4,4,
2025,Bahrain Grand Prix,Qualifying,qualifying,Racing Bulls,HAD,LAW,18,12,6,7,13,0,13,2,2,1,0,0,0,0,0,0,5,2,0,insufficient_matched_pairs
2025,Bahrain Grand Prix,Qualifying,qualifying,Red Bull Racing,TSU,VER,34,17,17,16,25,0,25,2,2,5,0,0,0,0,0,0,9,3,3,
2025,Bahrain Grand Prix,Qualifying,qualifying,Williams,ALB,SAI,25,6,19,10,17,0,17,2,2,3,0,0,0,0,0,0,8,2,0,insufficient_matched_pairs
2025,Saudi Arabian Grand Prix,Race,race,Alpine,DOO,GAS,50,49,1,3,4,0,6,2,2,4,4,0,6,0,0,0,37,0,0,missing_lap_time_data
2025,Saudi Arabian Grand Prix,Race,race,Aston Martin,ALO,STR,99,50,49,4,4,0,10,2,2,6,6,2,6,0,0,0,81,28,28,
2025,Saudi Arabian Grand Prix,Race,race,Ferrari,HAM,LEC,100,50,50,4,4,0,10,2,2,6,6,1,7,0,0,0,81,32,32,
2025,Saudi Arabian Grand Prix,Race,race,Haas F1 Team,BEA,OCO,100,50,50,4,4,0,8,2,2,6,6,1,5,0,0,0,86,26,26,
2025,Saudi Arabian Grand Prix,Race,race,Kick Sauber,BOR,HUL,98,49,49,4,4,0,8,2,2,6,6,1,6,0,0,0,83,27,27,
2025,Saudi Arabian Grand Prix,Race,race,McLaren,NOR,PIA,100,50,50,4,4,0,10,2,2,6,6,2,8,0,0,0,80,34,34,
2025,Saudi Arabian Grand Prix,Race,race,Mercedes,ANT,RUS,100,50,50,4,4,0,10,2,2,6,6,2,5,0,0,0,83,40,40,
2025,Saudi Arabian Grand Prix,Race,race,Racing Bulls,HAD,LAW,100,50,50,4,4,0,10,2,2,6,6,1,8,0,0,0,80,32,32,
2025,Saudi Arabian Grand Prix,Race,race,Red Bull Racing,TSU,VER,51,1,50,2,3,0,6,2,2,4,4,1,3,0,0,0,41,0,0,teammate_dnf_no_matched_laps
2025,Saudi Arabian Grand Prix,Race,race,Williams,ALB,SAI,100,50,50,4,4,0,10,2,2,6,6,2,9,0,0,0,79,37,37,
2025,Saudi Arabian Grand Prix,Qualifying,qualifying,Alpine,DOO,GAS,31,9,22,11,18,0,18,2,2,5,0,0,0,0,0,4,8,2,0,insufficient_matched_pairs
2025,Saudi Arabian Grand Prix,Qualifying,qualifying,Aston Martin,ALO,STR,23,14,9,6,16,0,16,2,2,3,0,0,0,0,0,0,6,2,0,insufficient_matched_pairs
2025,Saudi Arabian Grand Prix,Qualifying,qualifying,Ferrari,HAM,LEC,39,20,19,17,28,0,28,2,2,9,0,0,0,0,0,0,10,3,3,
2025,Saudi Arabian Grand Prix,Qualifying,qualifying,Haas F1 Team,BEA,OCO,24,15,9,8,16,0,16,2,2,3,0,0,0,0,0,0,6,2,0,insufficient_matched_pairs
2025,Saudi Arabian Grand Prix,Qualifying,qualifying,Kick Sauber,BOR,HUL,16,8,8,5,12,0,12,2,2,2,0,0,0,0,0,0,4,2,0,insufficient_matched_pairs
2025,Saudi Arabian Grand Prix,Qualifying,qualifying,McLaren,NOR,PIA,28,10,18,10,17,0,17,2,2,7,0,0,0,0,0,2,8,3,3,
2025,Saudi Arabian Grand Prix,Qualifying,qualifying,Mercedes,ANT,RUS,33,17,16,14,24,0,24,2,2,8,0,0,0,0,0,0,9,3,3,
2025,Saudi Arabian Grand Prix,Qualifying,qualifying,Racing Bulls,HAD,LAW,23,12,11,8,16,0,16,2,2,4,0,0,0,0,0,0,6,2,0,insufficient_matched_pairs
2025,Saudi Arabian Grand Prix,Qualifying,qualifying,Red Bull Racing,TSU,VER,35,16,19,13,24,0,24,2,2,6,0,0,0,0,0,0,10,3,3,
2025,Saudi Arabian Grand Prix,Qualifying,qualifying,Williams,ALB,SAI,37,14,23,12,22,0,22,2,2,5,0,0,1,0,0,3,12,5,5,
2025,Miami Grand Prix,Race,race,Alpine,DOO,GAS,58,1,57,1,3,0,8,2,2,8,6,0,6,3,0,0,44,0,0,missing_lap_time_data
2025,Miami Grand Prix,Race,race,Aston Martin,ALO,STR,112,56,56,0,4,0,16,2,2,14,12,1,6,3,0,0,88,22,22,
2025,Miami Grand Prix,Race,race,Ferrari,HAM,LEC,114,57,57,0,4,0,12,2,2,12,10,2,7,6,0,0,92,24,24,
2025,Miami Grand Prix,Race,race,Haas F1 Team,BEA,OCO,85,28,57,1,2,0,13,2,2,11,9,1,5,3,0,0,66,18,18,
2025,Miami Grand Prix,Race,race,Kick Sauber,BOR,HUL,87,31,56,1,4,0,17,2,2,13,11,1,6,5,0,0,64,19,19,
2025,Miami Grand Prix,Race,race,McLaren,NOR,PIA,114,57,57,0,4,0,14,2,2,14,12,0,10,2,0,0,87,40,40,
2025,Miami Grand Prix,Race,race,Mercedes,ANT,RUS,114,57,57,0,4,0,14,2,2,12,10,1,8,6,0,0,88,25,25,
2025,Miami Grand Prix,Race,race,Racing Bulls,HAD,LAW,93,57,36,0,5,0,17,2,2,14,12,1,3,4,0,0,71,20,20,
2025,Miami Grand Prix,Race,race,Red Bull Racing,TSU,VER,114,57,57,0,4,0,17,2,2,14,12,1,7,6,0,0,87,40,40,
2025,Miami Grand Prix,Race,race,Williams,ALB,SAI,114,57,57,0,4,0,16,2,2,12,10,1,9,6,0,0,85,39,39,
2025,Miami Grand Prix,Qualifying,qualifying,Alpine,DOO,GAS,24,15,9,8,16,0,16,2,2,0,0,0,0,0,0,0,8,3,3,
2025,Miami Grand Prix,Qualifying,qualifying,Aston Martin,ALO,STR,18,9,9,6,12,0,12,2,2,0,0,0,0,0,0,0,6,3,3,
2025,Miami Grand Prix,Qualifying,qualifying,Ferrari,HAM,LEC,35,15,20,13,22,0,22,2,2,0,0,0,0,0,0,2,11,5,5,
2025,Miami Grand Prix,Qualifying,qualifying,Haas F1 Team,BEA,OCO,30,9,21,10,18,0,18,2,2,0,0,0,0,0,0,2,10,3,3,
2025,Miami Grand Prix,Qualifying,qualifying,Kick Sauber,BOR,HUL,24,15,9,8,16,0,16,2,2,0,0,0,0,0,0,0,8,3,3,
2025,Miami Grand Prix,Qualifying,qualifying,McLaren,NOR,PIA,37,21,16,12,22,0,22,2,2,0,0,0,0,0,0,3,12,3,3,
2025,Miami Grand Prix,Qualifying,qualifying,Mercedes,ANT,RUS,40,20,20,13,28,0,28,2,2,0,0,0,0,0,0,0,12,4,4,
2025,Miami Grand Prix,Qualifying,qualifying,Racing Bulls,HAD,LAW,27,13,14,11,20,0,20,2,2,0,0,0,0,0,0,0,7,3,3,
2025,Miami Grand Prix,Qualifying,qualifying,Red Bull Racing,TSU,VER,39,21,18,15,26,0,26,2,2,0,0,0,0,0,0,0,13,4,4,
2025,Miami Grand Prix,Qualifying,qualifying,Williams,ALB,SAI,40,20,20,16,28,0,28,2,2,0,0,0,0,0,0,0,12,3,3,
2025,Emilia Romagna Grand Prix,Race,race,Alpine,COL,GAS,126,63,63,0,8,0,29,2,2,24,23,7,10,0,0,0,83,24,24,
2025,Emilia Romagna Grand Prix,Race,race,Aston Martin,ALO,STR,126,63,63,0,8,0,30,2,2,26,24,5,10,0,0,0,82,35,35,
2025,Emilia Romagna Grand Prix,Race,race,Ferrari,HAM,LEC,126,63,63,0,8,0,26,2,2,24,22,2,11,0,0,0,86,30,30,
2025,Emilia Romagna Grand Prix,Race,race,Haas F1 Team,BEA,OCO,91,63,28,1,6,0,17,2,2,13,12,4,8,0,0,0,63,20,20,
2025,Emilia Romagna Grand Prix,Race,race,Kick Sauber,BOR,HUL,126,63,63,0,8,0,27,2,2,25,23,2,10,0,0,0,85,24,24,
2025,Emilia Romagna Grand Prix,Race,race,McLaren,NOR,PIA,126,63,63,0,8,0,27,2,2,22,22,1,10,0,0,0,87,26,26,
2025,Emilia Romagna Grand Prix,Race,race,Mercedes,ANT,RUS,108,45,63,1,6,0,19,2,2,16,15,2,11,0,0,0,76,21,21,
2025,Emilia Romagna Grand Prix,Race,race,Racing Bulls,HAD,LAW,126,63,63,0,8,0,26,2,2,24,22,2,11,0,0,0,86,25,25,
2025,Emilia Romagna Grand Prix,Race,race,Red Bull Racing,TSU,VER,126,63,63,0,7,0,24,2,2,23,22,0,11,0,0,0,88,26,26,
2025,Emilia Romagna Grand Prix,Race,race,Williams,ALB,SAI,126,63,63,0,8,0,26,2,2,24,22,2,9,0,0,0,88,26,26,
2025,Emilia Romagna Grand Prix,Qualifying,qualifying,Alpine,COL,GAS,22,5,17,10,16,0,16,2,2,4,0,0,0,0,0,0,6,1,0,insufficient_matched_pairs
2025,Emilia Romagna Grand Prix,Qualifying,qualifying,Aston Martin,ALO,STR,40,19,21,16,27,0,27,2,2,7,0,0,0,0,0,0,12,4,4,
2025,Emilia Romagna Grand Prix,Qualifying,qualifying,Ferrari,HAM,LEC,28,14,14,12,20,0,20,2,2,8,0,0,0,0,0,0,8,4,4,
2025,Emilia Romagna Grand Prix,Qualifying,qualifying,Haas F1 Team,BEA,OCO,17,8,9,6,11,0,11,2,2,3,0,0,0,0,0,0,4,2,0,insufficient_matched_pairs
2025,Emilia Romagna Grand Prix,Qualifying,qualifying,Kick Sauber,BOR,HUL,24,15,9,8,16,0,16,2,2,3,0,0,0,0,0,0,8,3,3,
2025,Emilia Romagna Grand Prix,Qualifying,qualifying,McLaren,NOR,PIA,37,19,18,14,24,0,24,2,2,7,0,0,0,0,0,2,11,4,4,
2025,Emilia Romagna Grand Prix,Qualifying,qualifying,Mercedes,ANT,RUS,30,13,17,12,21,0,21,2,2,7,0,0,0,0,0,0,9,3,3,
2025,Emilia Romagna Grand Prix,Qualifying,qualifying,Racing Bulls,HAD,LAW,23,17,6,11,18,0,18,2,2,6,0,0,0,0,0,0,5,1,0,insufficient_matched_pairs
2025,Emilia Romagna Grand Prix,Qualifying,qualifying,Red Bull Racing,TSU,VER,19,2,17,9,14,0,14,2,2,4,0,0,0,0,0,0,5,0,0,missing_lap_time_data
2025,Emilia Romagna Grand Prix,Qualifying,qualifying,Williams,ALB,SAI,41,20,21,18,28,0,28,2,2,9,0,0,0,0,0,0,13,4,4,
2025,Monaco Grand Prix,Race,race,Alpine,COL,GAS,84,76,8,1,7,0,13,2,2,14,8,1,2,0,0,0,64,3,0,insufficient_matched_pairs
2025,Monaco Grand Prix,Race,race,Aston Martin,ALO,STR,113,37,76,1,6,0,15,2,2,18,7,2,4,0,0,0,86,24,24,
2025,Monaco Grand Prix,Race,race,Ferrari,HAM,LEC,156,78,78,0,8,0,16,2,2,18,6,0,16,0,0,0,117,36,36,
2025,Monaco Grand Prix,Race,race,Haas F1 Team,BEA,OCO,153,76,77,0,8,0,14,2,2,18,7,2,6,0,0,0,122,21,21,
2025,Monaco Grand Prix,Race,race,Kick Sauber,BOR,HUL,152,76,76,0,10,0,16,2,2,18,7,3,12,0,0,0,113,20,20,
2025,Monaco Grand Prix,Race,race,McLaren,NOR,PIA,156,78,78,0,8,0,16,2,2,18,6,1,10,0,0,0,121,57,57,
2025,Monaco Grand Prix,Race,race,Mercedes,ANT,RUS,151,75,76,0,10,0,18,2,2,18,8,1,9,0,0,0,117,42,42,
2025,Monaco Grand Prix,Race,race,Racing Bulls,HAD,LAW,154,77,77,0,8,0,16,2,2,18,6,1,12,0,0,0,116,34,34,
2025,Monaco Grand Prix,Race,race,Red Bull Racing,TSU,VER,154,76,78,0,8,0,14,2,2,18,7,3,12,0,0,0,120,16,16,
2025,Monaco Grand Prix,Race,race,Williams,ALB,SAI,152,76,76,0,8,0,16,2,2,18,6,0,15,0,0,0,111,37,37,
2025,Monaco Grand Prix,Qualifying,qualifying,Alpine,COL,GAS,23,12,11,4,8,0,8,2,2,2,0,0,4,0,0,7,8,3,3,
2025,Monaco Grand Prix,Qualifying,qualifying,Aston Martin,ALO,STR,41,30,11,6,16,0,16,2,2,4,0,0,1,0,0,13,11,3,3,
2025,Monaco Grand Prix,Qualifying,qualifying,Ferrari,HAM,LEC,55,28,27,10,22,0,22,2,2,4,0,0,2,0,0,14,19,5,5,
2025,Monaco Grand Prix,Qualifying,qualifying,Haas F1 Team,BEA,OCO,45,13,32,7,18,0,18,2,2,3,0,0,5,0,0,13,14,4,4,
2025,Monaco Grand Prix,Qualifying,qualifying,Kick Sauber,BOR,HUL,36,13,23,6,14,0,14,2,2,3,0,0,5,0,0,9,13,5,5,
2025,Monaco Grand Prix,Qualifying,qualifying,McLaren,NOR,PIA,56,27,29,10,24,0,24,2,2,4,0,0,7,0,0,12,20,3,3,
2025,Monaco Grand Prix,Qualifying,qualifying,Mercedes,ANT,RUS,24,11,13,3,8,0,8,2,2,4,0,0,0,0,0,10,5,2,0,insufficient_matched_pairs
2025,Monaco Grand Prix,Qualifying,qualifying,Racing Bulls,HAD,LAW,53,27,26,13,26,0,26,2,2,5,0,0,3,0,0,9,17,5,5,
2025,Monaco Grand Prix,Qualifying,qualifying,Red Bull Racing,TSU,VER,41,20,21,10,20,0,20,2,2,5,0,0,3,0,0,7,13,5,5,
2025,Monaco Grand Prix,Qualifying,qualifying,Williams,ALB,SAI,59,34,25,8,25,0,25,2,2,4,0,0,6,0,0,18,16,3,3,
2025,Spanish Grand Prix,Race,race,Alpine,COL,GAS,132,66,66,0,12,0,24,2,2,15,14,4,14,0,0,0,90,35,35,
2025,Spanish Grand Prix,Race,race,Aston Martin,ALO,,66,66,0,0,0,0,0,0,0,0,0,0,0,0,0,0,0,0,0,single_car_session
2025,Spanish Grand Prix,Race,race,Ferrari,HAM,LEC,132,66,66,0,12,0,22,2,2,12,12,3,12,0,0,0,97,32,32,
2025,Spanish Grand Prix,Race,race,Haas F1 Team,BEA,OCO,132,66,66,0,10,0,24,2,2,14,14,4,16,0,0,0,90,35,35,
2025,Spanish Grand Prix,Race,race,Kick Sauber,BOR,HUL,132,66,66,0,10,0,24,2,2,14,14,5,9,0,0,0,97,32,32,
2025,Spanish Grand Prix,Race,race,McLaren,NOR,PIA,132,66,66,0,12,0,22,2,2,12,12,0,9,0,0,0,100,46,46,
2025,Spanish Grand Prix,Race,race,Mercedes,ANT,RUS,120,54,66,1,10,0,17,2,2,7,7,2,8,0,0,0,94,35,35,
2025,Spanish Grand Prix,Race,race,Racing Bulls,HAD,LAW,132,66,66,0,10,0,24,2,2,14,14,3,13,0,0,0,93,39,39,
2025,Spanish Grand Prix,Race,race,Red Bull Racing,TSU,VER,132,66,66,0,17,0,27,2,2,13,13,4,8,0,0,0,95,33,33,
2025,Spanish Grand Prix,Race,race,Williams,ALB,SAI,93,27,66,0,10,0,17,2,2,7,7,5,9,0,0,0,66,19,19,
2025,Spanish Grand Prix,Qualifying,qualifying,Alpine,COL,GAS,25,7,18,10,17,0,17,2,2,0,0,0,0,0,0,0,8,2,0,insufficient_matched_pairs
2025,Spanish Grand Prix,Qualifying,qualifying,Aston Martin,ALO,STR,29,14,15,11,21,0,21,2,2,0,0,0,0,0,0,0,8,2,0,insufficient_matched_pairs
2025,Spanish Grand Prix,Qualifying,qualifying,Ferrari,HAM,LEC,27,15,12,11,19,0,19,2,2,0,0,0,0,0,0,0,8,3,3,
2025,Spanish Grand Prix,Qualifying,qualifying,Haas F1 Team,BEA,OCO,24,15,9,8,16,0,16,2,2,0,0,0,0,0,0,0,8,3,3,
2025,Spanish Grand Prix,Qualifying,qualifying,Kick Sauber,BOR,HUL,18,12,6,6,12,0,12,2,2,0,0,0,0,0,0,0,6,2,0,insufficient_matched_pairs
2025,Spanish Grand Prix,Qualifying,qualifying,McLaren,NOR,PIA,29,15,14,12,20,0,20,2,2,0,0,0,0,0,0,0,9,3,3,
2025,Spanish Grand Prix,Qualifying,qualifying,Mercedes,ANT,RUS,30,18,12,12,20,0,20,2,2,0,0,0,0,0,0,0,10,3,3,
2025,Spanish Grand Prix,Qualifying,qualifying,Racing Bulls,HAD,LAW,27,15,12,10,18,0,18,2,2,0,0,0,0,0,0,0,9,4,4,
2025,Spanish Grand Prix,Qualifying,qualifying,Red Bull Racing,TSU,VER,18,6,12,7,12,0,12,2,2,0,0,0,0,0,0,0,6,1,0,insufficient_matched_pairs
2025,Spanish Grand Prix,Qualifying,qualifying,Williams,ALB,SAI,20,14,6,7,14,0,14,2,2,0,0,0,0,0,0,0,6,2,0,insufficient_matched_pairs
2025,Canadian Grand Prix,Race,race,Alpine,COL,GAS,138,69,69,0,13,0,14,2,2,12,8,1,11,0,0,0,109,48,48,
2025,Canadian Grand Prix,Race,race,Aston Martin,ALO,STR,139,70,69,0,17,0,19,2,2,12,9,4,16,0,0,0,104,43,43,
2025,Canadian Grand Prix,Race,race,Ferrari,HAM,LEC,140,70,70,0,16,0,19,2,2,13,9,3,14,0,0,0,105,47,47,
2025,Canadian Grand Prix,Race,race,Haas F1 Team,BEA,OCO,138,69,69,0,12,0,14,2,2,12,8,1,9,0,0,0,111,43,43,
2025,Canadian Grand Prix,Race,race,Kick Sauber,BOR,HUL,139,69,70,0,13,0,15,2,2,12,9,2,10,0,0,0,111,51,51,
2025,Canadian Grand Prix,Race,race,McLaren,NOR,PIA,137,67,70,1,12,0,15,2,2,8,5,4,15,0,0,0,106,48,48,
2025,Canadian Grand Prix,Race,race,Mercedes,ANT,RUS,140,70,70,0,16,0,18,2,2,12,8,4,5,0,0,0,113,52,52,
2025,Canadian Grand Prix,Race,race,Racing Bulls,HAD,LAW,123,69,54,1,10,0,11,2,2,8,4,2,12,0,0,0,96,36,36,
2025,Canadian Grand Prix,Race,race,Red Bull Racing,TSU,VER,139,69,70,0,14,0,16,2,2,12,8,4,7,0,0,0,112,30,30,
2025,Canadian Grand Prix,Race,race,Williams,ALB,SAI,116,47,69,1,8,0,11,2,2,7,4,1,9,0,0,0,94,22,22,
2025,Canadian Grand Prix,Qualifying,qualifying,Alpine,COL,GAS,32,20,12,8,16,0,16,2,2,2,0,0,4,0,0,6,10,3,3,
2025,Canadian Grand Prix,Qualifying,qualifying,Aston Martin,ALO,STR,39,27,12,8,18,0,18,2,2,2,0,0,2,0,0,10,11,1,0,insufficient_matched_pairs
2025,Canadian Grand Prix,Qualifying,qualifying,Ferrari,HAM,LEC,54,27,27,14,24,0,24,2,2,2,0,0,2,0,0,15,15,4,4,
2025,Canadian Grand Prix,Qualifying,qualifying,Haas F1 Team,BEA,OCO,40,19,21,9,20,0,20,2,2,2,0,0,0,0,0,10,10,4,4,
2025,Canadian Grand Prix,Qualifying,qualifying,Kick Sauber,BOR,HUL,29,11,18,7,16,0,16,2,2,2,0,0,0,0,0,6,7,2,0,insufficient_matched_pairs
2025,Canadian Grand Prix,Qualifying,qualifying,McLaren,NOR,PIA,45,22,23,14,24,0,24,2,2,2,0,0,4,0,0,5,16,3,3,
2025,Canadian Grand Prix,Qualifying,qualifying,Mercedes,ANT,RUS,42,21,21,11,28,0,28,2,2,2,0,0,0,0,0,0,14,4,4,
2025,Canadian Grand Prix,Qualifying,qualifying,Racing Bulls,HAD,LAW,31,21,10,8,16,0,16,2,2,2,0,0,1,0,0,5,10,3,3,
2025,Canadian Grand Prix,Qualifying,qualifying,Red Bull Racing,TSU,VER,35,15,20,11,22,0,22,2,2,2,0,0,1,0,0,1,12,3,3,
2025,Canadian Grand Prix,Qualifying,qualifying,Williams,ALB,SAI,43,30,13,9,21,0,21,2,2,2,0,0,2,0,0,10,12,3,3,
2025,Austrian Grand Prix,Race,race,Alpine,COL,GAS,138,69,69,0,8,0,14,2,2,8,6,5,13,0,0,0,108,44,44,
2025,Austrian Grand Prix,Race,race,Aston Martin,ALO,STR,138,69,69,0,6,0,12,2,2,8,6,2,16,0,0,0,108,37,37,
2025,Austrian Grand Prix,Race,race,Ferrari,HAM,LEC,140,70,70,0,8,0,14,2,2,8,6,2,9,0,0,0,113,52,52,
2025,Austrian Grand Prix,Race,race,Haas F1 Team,BEA,OCO,138,69,69,0,8,0,14,2,2,8,6,4,12,0,0,0,109,34,34,
2025,Austrian Grand Prix,Race,race,Kick Sauber,BOR,HUL,138,69,69,0,8,0,14,2,2,8,6,3,10,0,0,0,111,36,36,
2025,Austrian Grand Prix,Race,race,McLaren,NOR,PIA,140,70,70,0,8,0,14,2,2,8,6,1,18,0,0,0,106,44,44,
2025,Austrian Grand Prix,Race,race,Mercedes,ANT,RUS,71,1,70,1,4,0,8,2,2,5,4,2,7,0,0,0,54,0,0,missing_lap_time_data
2025,Austrian Grand Prix,Race,race,Racing Bulls,HAD,LAW,139,69,70,0,6,0,10,2,2,8,6,2,11,0,0,0,115,51,51,
2025,Austrian Grand Prix,Race,race,Red Bull Racing,TSU,VER,69,68,1,1,6,0,10,2,2,5,4,1,8,0,0,0,50,0,0,missing_lap_time_data
2025,Austrian Grand Prix,Race,race,Williams,ALB,SAI,16,15,1,1,3,0,7,2,2,4,4,2,1,0,0,0,8,0,0,missing_lap_time_data
2025,Austrian Grand Prix,Qualifying,qualifying,Alpine,COL,GAS,36,15,21,13,24,0,24,2,2,4,0,0,0,0,0,0,11,4,4,
2025,Austrian Grand Prix,Qualifying,qualifying,Aston Martin,ALO,STR,23,14,9,8,16,0,16,2,2,1,0,0,0,0,0,0,7,1,0,insufficient_matched_pairs
2025,Austrian Grand Prix,Qualifying,qualifying,Ferrari,HAM,LEC,42,21,21,17,28,0,28,2,2,8,0,0,0,0,0,0,12,4,4,
2025,Austrian Grand Prix,Qualifying,qualifying,Haas F1 Team,BEA,OCO,24,15,9,8,16,0,16,2,2,1,0,0,0,0,0,0,8,3,3,
2025,Austrian Grand Prix,Qualifying,qualifying,Kick Sauber,BOR,HUL,30,21,9,11,20,0,20,2,2,3,0,0,0,0,0,0,10,2,0,insufficient_matched_pairs
2025,Austrian Grand Prix,Qualifying,qualifying,McLaren,NOR,PIA,37,18,19,13,24,0,24,2,2,7,0,0,0,0,0,2,10,3,3,
2025,Austrian Grand Prix,Qualifying,qualifying,Mercedes,ANT,RUS,35,17,18,14,24,0,24,2,2,6,0,0,0,0,0,0,10,3,3,
2025,Austrian Grand Prix,Qualifying,qualifying,Racing Bulls,HAD,LAW,29,12,17,11,20,0,20,2,2,4,0,0,0,0,0,0,8,3,3,
2025,Austrian Grand Prix,Qualifying,qualifying,Red Bull Racing,TSU,VER,24,6,18,9,16,0,16,2,2,3,0,0,0,0,0,0,7,1,0,insufficient_matched_pairs
2025,Austrian Grand Prix,Qualifying,qualifying,Williams,ALB,SAI,30,18,12,9,21,0,21,2,2,2,0,0,0,0,0,0,9,2,0,insufficient_matched_pairs
2025,British Grand Prix,Race,race,Alpine,COL,GAS,53,1,52,6,4,0,21,2,2,23,15,4,3,0,0,0,26,0,0,missing_lap_time_data
2025,British Grand Prix,Race,race,Aston Martin,ALO,STR,104,52,52,11,10,0,40,2,2,42,30,10,7,0,0,0,51,13,13,
2025,British Grand Prix,Race,race,Ferrari,HAM,LEC,104,52,52,10,9,0,39,2,2,41,30,3,7,0,0,0,54,22,22,
2025,British Grand Prix,Race,race,Haas F1 Team,BEA,OCO,104,52,52,10,9,0,37,2,2,40,30,4,6,0,0,0,56,17,17,
2025,British Grand Prix,Race,race,Kick Sauber,BOR,HUL,56,4,52,7,5,0,24,2,2,24,18,3,3,0,0,0,26,0,0,insufficient_matched_pairs
2025,British Grand Prix,Race,race,McLaren,NOR,PIA,104,52,52,12,8,0,38,2,2,39,28,0,7,0,0,0,54,26,26,
2025,British Grand Prix,Race,race,Mercedes,ANT,RUS,75,23,52,11,12,0,38,2,2,37,30,9,6,1,0,0,28,1,0,insufficient_matched_pairs
2025,British Grand Prix,Race,race,Racing Bulls,HAD,LAW,19,18,1,4,3,0,15,2,2,14,12,0,1,0,0,0,3,0,0,missing_lap_time_data
2025,British Grand Prix,Race,race,Red Bull Racing,TSU,VER,103,51,52,11,8,0,39,2,2,41,29,4,6,0,0,0,53,26,26,
2025,British Grand Prix,Race,race,Williams,ALB,SAI,104,52,52,10,8,0,39,2,2,40,30,5,6,0,0,0,55,25,25,
2025,British Grand Prix,Qualifying,qualifying,Alpine,COL,GAS,27,6,21,10,14,0,14,2,2,5,0,0,0,0,0,4,8,1,0,insufficient_matched_pairs
2025,British Grand Prix,Qualifying,qualifying,Aston Martin,ALO,STR,24,15,9,10,16,0,16,2,2,2,0,0,0,0,0,0,7,1,0,insufficient_matched_pairs
2025,British Grand Prix,Qualifying,qualifying,Ferrari,HAM,LEC,40,19,21,16,24,0,24,2,2,5,0,0,0,0,0,3,12,4,4,
2025,British Grand Prix,Qualifying,qualifying,Haas F1 Team,BEA,OCO,30,18,12,11,20,0,20,2,2,3,0,0,0,0,0,0,10,4,4,
2025,British Grand Prix,Qualifying,qualifying,Kick Sauber,BOR,HUL,18,9,9,8,12,0,12,2,2,4,0,0,0,0,0,0,4,2,0,insufficient_matched_pairs
2025,British Grand Prix,Qualifying,qualifying,McLaren,NOR,PIA,41,20,21,16,26,0,26,2,2,6,0,0,0,0,0,2,12,4,4,
2025,British Grand Prix,Qualifying,qualifying,Mercedes,ANT,RUS,37,18,19,14,24,0,24,2,2,2,0,0,0,0,0,2,11,3,3,
2025,British Grand Prix,Qualifying,qualifying,Racing Bulls,HAD,LAW,18,12,6,6,12,0,12,2,2,1,0,0,0,0,0,0,6,2,0,insufficient_matched_pairs
2025,British Grand Prix,Qualifying,qualifying,Red Bull Racing,TSU,VER,31,13,18,11,20,0,20,2,2,3,0,0,0,0,0,1,10,4,4,
2025,British Grand Prix,Qualifying,qualifying,Williams,ALB,SAI,25,13,12,9,17,0,17,2,2,4,0,0,0,0,0,0,8,4,4,
2025,Belgian Grand Prix,Race,race,Alpine,COL,GAS,88,44,44,6,8,0,14,2,2,8,8,5,6,0,0,0,65,15,15,
2025,Belgian Grand Prix,Race,race,Aston Martin,ALO,STR,88,44,44,6,8,0,14,2,2,8,8,4,10,0,0,0,61,15,15,
2025,Belgian Grand Prix,Race,race,Ferrari,HAM,LEC,88,44,44,6,6,0,12,2,2,8,8,2,6,0,0,0,68,32,32,
2025,Belgian Grand Prix,Race,race,Haas F1 Team,BEA,OCO,88,44,44,6,6,0,12,2,2,8,8,2,4,0,0,0,70,33,33,
2025,Belgian Grand Prix,Race,race,Kick Sauber,BOR,HUL,88,44,44,6,8,0,14,2,2,8,8,4,3,0,0,0,68,23,23,
2025,Belgian Grand Prix,Race,race,McLaren,NOR,PIA,88,44,44,6,6,0,12,2,2,8,8,0,7,0,0,0,67,6,0,insufficient_matched_pairs
2025,Belgian Grand Prix,Race,race,Mercedes,ANT,RUS,88,44,44,6,8,0,14,2,2,8,8,1,5,0,0,0,67,20,20,
2025,Belgian Grand Prix,Race,race,Racing Bulls,HAD,LAW,87,43,44,6,8,0,14,2,2,8,8,3,6,0,0,0,65,9,9,
2025,Belgian Grand Prix,Race,race,Red Bull Racing,TSU,VER,88,44,44,6,6,0,12,2,2,8,8,2,6,0,0,0,68,32,32,
2025,Belgian Grand Prix,Race,race,Williams,ALB,SAI,88,44,44,6,8,0,14,2,2,8,8,1,4,0,0,0,68,16,16,
2025,Belgian Grand Prix,Qualifying,qualifying,Alpine,COL,GAS,22,8,14,9,16,0,16,2,2,0,0,0,0,0,0,0,6,2,0,insufficient_matched_pairs
2025,Belgian Grand Prix,Qualifying,qualifying,Aston Martin,ALO,STR,16,8,8,5,12,0,12,2,2,0,0,0,0,0,0,0,4,2,0,insufficient_matched_pairs
2025,Belgian Grand Prix,Qualifying,qualifying,Ferrari,HAM,LEC,26,8,18,10,20,0,20,2,2,1,0,0,0,0,0,0,6,1,0,insufficient_matched_pairs
2025,Belgian Grand Prix,Qualifying,qualifying,Haas F1 Team,BEA,OCO,27,13,14,11,20,0,20,2,2,2,0,0,0,0,0,0,7,3,3,
2025,Belgian Grand Prix,Qualifying,qualifying,Kick Sauber,BOR,HUL,32,18,14,12,22,0,22,2,2,1,0,0,0,0,0,0,10,4,4,
2025,Belgian Grand Prix,Qualifying,qualifying,McLaren,NOR,PIA,41,20,21,14,24,0,25,2,2,2,0,0,0,0,0,3,13,4,4,
2025,Belgian Grand Prix,Qualifying,qualifying,Mercedes,ANT,RUS,24,6,18,10,16,0,16,2,2,1,0,0,0,0,0,0,8,2,0,insufficient_matched_pairs
2025,Belgian Grand Prix,Qualifying,qualifying,Racing Bulls,HAD,LAW,39,19,20,16,27,0,27,2,2,2,0,0,0,0,0,0,12,4,4,
2025,Belgian Grand Prix,Qualifying,qualifying,Red Bull Racing,TSU,VER,32,17,15,14,22,0,22,2,2,2,0,0,0,0,0,0,10,3,3,
2025,Belgian Grand Prix,Qualifying,qualifying,Williams,ALB,SAI,33,20,13,15,24,0,24,2,2,2,0,0,0,0,0,0,9,3,3,
2025,Hungarian Grand Prix,Race,race,Alpine,COL,GAS,138,69,69,0,6,0,8,2,2,0,0,3,20,0,0,0,108,34,34,
2025,Hungarian Grand Prix,Race,race,Aston Martin,ALO,STR,140,70,70,0,4,0,6,2,2,0,0,2,15,0,0,0,118,53,53,
2025,Hungarian Grand Prix,Race,race,Ferrari,HAM,LEC,139,69,70,0,6,0,8,2,2,0,0,1,11,0,0,0,120,40,40,
2025,Hungarian Grand Prix,Race,race,Haas F1 Team,BEA,OCO,117,48,69,0,5,0,7,2,2,0,0,3,15,0,0,0,94,24,24,
2025,Hungarian Grand Prix,Race,race,Kick Sauber,BOR,HUL,139,70,69,0,6,0,8,2,2,0,0,3,19,0,0,0,111,27,27,
2025,Hungarian Grand Prix,Race,race,McLaren,NOR,PIA,140,70,70,0,6,0,8,2,2,0,0,1,16,0,0,0,115,35,35,
2025,Hungarian Grand Prix,Race,race,Mercedes,ANT,RUS,139,69,70,0,6,0,8,2,2,0,0,2,19,0,0,0,110,33,33,
2025,Hungarian Grand Prix,Race,race,Racing Bulls,HAD,LAW,139,69,70,0,4,0,6,2,2,0,0,2,11,0,0,0,121,52,52,
2025,Hungarian Grand Prix,Race,race,Red Bull Racing,TSU,VER,139,69,70,0,9,0,10,2,2,0,0,4,14,0,0,0,114,38,38,
2025,Hungarian Grand Prix,Race,race,Williams,ALB,SAI,138,69,69,0,8,0,10,2,2,0,0,3,15,0,0,0,111,44,44,
2025,Hungarian Grand Prix,Qualifying,qualifying,Alpine,COL,GAS,18,12,6,6,12,0,12,2,2,2,0,0,0,0,0,0,6,2,0,insufficient_matched_pairs
2025,Hungarian Grand Prix,Qualifying,qualifying,Aston Martin,ALO,STR,33,15,18,11,22,0,22,2,2,4,0,0,0,0,0,0,11,3,3,
2025,Hungarian Grand Prix,Qualifying,qualifying,Ferrari,HAM,LEC,30,12,18,10,20,0,20,2,2,5,0,0,0,0,0,0,10,4,4,
2025,Hungarian Grand Prix,Qualifying,qualifying,Haas F1 Team,BEA,OCO,18,12,6,6,12,0,12,2,2,1,0,0,0,0,0,0,6,2,0,insufficient_matched_pairs
2025,Hungarian Grand Prix,Qualifying,qualifying,Kick Sauber,BOR,HUL,24,18,6,9,16,0,16,2,2,2,0,0,0,0,0,0,8,2,0,insufficient_matched_pairs
2025,Hungarian Grand Prix,Qualifying,qualifying,McLaren,NOR,PIA,36,18,18,12,24,0,24,2,2,4,0,0,0,0,0,0,12,4,4,
2025,Hungarian Grand Prix,Qualifying,qualifying,Mercedes,ANT,RUS,24,9,15,9,16,0,16,2,2,3,0,0,0,0,0,0,8,3,3,
2025,Hungarian Grand Prix,Qualifying,qualifying,Racing Bulls,HAD,LAW,33,15,18,13,22,0,22,2,2,5,0,0,0,0,0,0,11,3,3,
2025,Hungarian Grand Prix,Qualifying,qualifying,Red Bull Racing,TSU,VER,24,6,18,9,16,0,16,2,2,2,0,0,0,0,0,0,8,2,0,insufficient_matched_pairs
2025,Hungarian Grand Prix,Qualifying,qualifying,Williams,ALB,SAI,24,9,15,7,16,0,16,2,2,2,0,0,0,0,0,0,8,3,3,
2025,Dutch Grand Prix,Race,race,Alpine,COL,GAS,144,72,72,0,8,0,34,2,2,36,30,4,13,0,0,0,91,21,21,
2025,Dutch Grand Prix,Race,race,Aston Martin,ALO,STR,144,72,72,0,8,0,39,2,2,36,30,7,6,0,0,0,91,26,26,
2025,Dutch Grand Prix,Race,race,Ferrari,HAM,LEC,75,23,52,1,3,0,11,2,2,8,7,2,4,0,0,0,59,19,19,
2025,Dutch Grand Prix,Race,race,Haas F1 Team,BEA,OCO,144,72,72,0,5,0,33,2,2,36,30,5,6,0,0,0,97,45,45,
2025,Dutch Grand Prix,Race,race,Kick Sauber,BOR,HUL,144,72,72,0,8,0,38,2,2,39,31,5,11,0,0,0,86,27,27,
2025,Dutch Grand Prix,Race,race,McLaren,NOR,PIA,137,65,72,1,8,0,29,2,2,29,27,0,8,0,0,0,98,45,45,
2025,Dutch Grand Prix,Race,race,Mercedes,ANT,RUS,144,72,72,0,10,0,34,2,2,32,30,1,10,0,0,0,96,44,44,
2025,Dutch Grand Prix,Race,race,Racing Bulls,HAD,LAW,144,72,72,0,10,0,35,2,2,33,31,1,9,0,0,0,96,27,27,
2025,Dutch Grand Prix,Race,race,Red Bull Racing,TSU,VER,144,72,72,0,8,0,34,2,2,34,30,3,12,0,0,0,92,23,23,
2025,Dutch Grand Prix,Race,race,Williams,ALB,SAI,144,72,72,0,12,0,36,2,2,33,31,2,7,0,0,0,97,27,27,
2025,Dutch Grand Prix,Qualifying,qualifying,Alpine,COL,GAS,24,9,15,8,16,0,16,2,2,3,0,0,0,0,0,0,8,3,3,
2025,Dutch Grand Prix,Qualifying,qualifying,Aston Martin,ALO,STR,19,17,2,8,14,0,14,2,2,3,0,0,0,0,0,0,5,0,0,insufficient_matched_pairs
2025,Dutch Grand Prix,Qualifying,qualifying,Ferrari,HAM,LEC,43,21,22,18,30,0,30,2,2,5,0,0,0,0,0,0,13,4,4,
2025,Dutch Grand Prix,Qualifying,qualifying,Haas F1 Team,BEA,OCO,18,9,9,6,12,0,12,2,2,2,0,0,0,0,0,0,6,3,3,
2025,Dutch Grand Prix,Qualifying,qualifying,Kick Sauber,BOR,HUL,21,12,9,7,14,0,14,2,2,3,0,0,0,0,0,0,7,2,0,insufficient_matched_pairs
2025,Dutch Grand Prix,Qualifying,qualifying,McLaren,NOR,PIA,36,18,18,12,24,0,24,2,2,2,0,0,0,0,0,0,12,4,4,
2025,Dutch Grand Prix,Qualifying,qualifying,Mercedes,ANT,RUS,30,12,18,11,20,0,20,2,2,3,0,0,0,0,0,0,10,4,4,
2025,Dutch Grand Prix,Qualifying,qualifying,Racing Bulls,HAD,LAW,36,18,18,14,24,0,24,2,2,4,0,0,0,0,0,0,12,4,4,
2025,Dutch Grand Prix,Qualifying,qualifying,Red Bull Racing,TSU,VER,33,15,18,11,22,0,22,2,2,5,0,0,0,0,0,0,11,4,4,
2025,Dutch Grand Prix,Qualifying,qualifying,Williams,ALB,SAI,30,12,18,10,20,0,20,2,2,2,0,0,0,0,0,0,10,4,4,
2025,Italian Grand Prix,Race,race,Alpine,COL,GAS,104,52,52,0,5,0,6,2,2,2,0,2,10,0,0,0,84,9,9,
2025,Italian Grand Prix,Race,race,Aston Martin,ALO,STR,76,24,52,0,5,0,7,2,2,1,0,3,5,0,0,0,62,0,0,insufficient_matched_pairs
2025,Italian Grand Prix,Race,race,Ferrari,HAM,LEC,106,53,53,0,4,0,6,2,2,2,0,1,11,0,0,0,86,35,35,
2025,Italian Grand Prix,Race,race,Haas F1 Team,BEA,OCO,105,53,52,0,4,0,6,2,2,2,0,3,6,0,0,0,91,29,29,
2025,Italian Grand Prix,Race,race,Kick Sauber,BOR,HUL,54,53,1,1,2,0,4,2,2,1,0,1,8,0,0,0,40,0,0,missing_lap_time_data
2025,Italian Grand Prix,Race,race,McLaren,NOR,PIA,106,53,53,0,4,0,6,2,2,2,0,0,9,0,0,0,87,41,41,
2025,Italian Grand Prix,Race,race,Mercedes,ANT,RUS,106,53,53,0,4,0,6,2,2,2,0,2,7,0,0,0,89,41,41,
2025,Italian Grand Prix,Race,race,Racing Bulls,HAD,LAW,106,53,53,0,5,0,6,2,2,2,0,2,10,0,0,0,87,22,22,
2025,Italian Grand Prix,Race,race,Red Bull Racing,TSU,VER,106,53,53,0,4,0,6,2,2,3,0,2,11,0,0,0,86,21,21,
2025,Italian Grand Prix,Race,race,Williams,ALB,SAI,106,53,53,0,4,0,6,2,2,2,0,3,8,0,0,0,89,23,23,
2025,Italian Grand Prix,Qualifying,qualifying,Alpine,COL,GAS,18,9,9,6,12,0,12,2,2,0,0,0,0,0,0,0,6,3,3,
2025,Italian Grand Prix,Qualifying,qualifying,Aston Martin,ALO,STR,29,20,9,11,20,0,20,2,2,2,0,0,0,0,0,0,9,2,0,insufficient_matched_pairs
2025,Italian Grand Prix,Qualifying,qualifying,Ferrari,HAM,LEC,40,20,20,14,28,0,28,2,2,4,0,0,0,0,0,0,12,4,4,
2025,Italian Grand Prix,Qualifying,qualifying,Haas F1 Team,BEA,OCO,30,15,15,10,20,0,20,2,2,2,0,0,0,0,0,0,10,5,5,
2025,Italian Grand Prix,Qualifying,qualifying,Kick Sauber,BOR,HUL,36,21,15,13,24,0,24,2,2,5,0,0,0,0,0,0,12,5,5,
2025,Italian Grand Prix,Qualifying,qualifying,McLaren,NOR,PIA,40,21,19,12,24,0,24,2,2,7,0,0,0,0,0,4,12,4,4,
2025,Italian Grand Prix,Qualifying,qualifying,Mercedes,ANT,RUS,40,22,18,14,24,0,24,2,2,4,0,0,0,0,0,3,13,4,4,
2025,Italian Grand Prix,Qualifying,qualifying,Racing Bulls,HAD,LAW,11,6,5,4,8,0,8,2,2,0,0,0,0,0,0,0,3,1,0,insufficient_matched_pairs
2025,Italian Grand Prix,Qualifying,qualifying,Red Bull Racing,TSU,VER,36,18,18,13,24,0,24,2,2,4,0,0,0,0,0,0,12,4,4,
2025,Italian Grand Prix,Qualifying,qualifying,Williams,ALB,SAI,35,16,19,9,22,0,22,2,2,4,0,0,0,0,0,2,11,3,3,
2025,Azerbaijan Grand Prix,Race,race,Alpine,COL,GAS,100,50,50,6,4,0,12,2,2,14,8,2,6,0,0,0,76,30,30,
2025,Azerbaijan Grand Prix,Race,race,Aston Martin,ALO,STR,102,51,51,6,4,0,12,2,2,14,8,3,7,0,0,0,76,22,22,
2025,Azerbaijan Grand Prix,Race,race,Ferrari,HAM,LEC,102,51,51,6,4,0,12,2,2,15,8,2,7,0,0,0,76,27,27,
2025,Azerbaijan Grand Prix,Race,race,Haas F1 Team,BEA,OCO,102,51,51,6,5,0,10,2,2,14,8,1,5,0,0,0,79,17,17,
2025,Azerbaijan Grand Prix,Race,race,Kick Sauber,BOR,HUL,102,51,51,6,4,0,12,2,2,14,8,1,9,0,0,0,73,26,26,
2025,Azerbaijan Grand Prix,Race,race,McLaren,NOR,PIA,52,51,1,4,2,0,7,2,2,8,5,1,2,0,0,0,39,0,0,missing_lap_time_data
2025,Azerbaijan Grand Prix,Race,race,Mercedes,ANT,RUS,102,51,51,6,4,0,12,2,2,16,8,1,6,0,0,0,78,27,27,
2025,Azerbaijan Grand Prix,Race,race,Racing Bulls,HAD,LAW,102,51,51,6,4,0,12,2,2,15,8,1,5,0,0,0,76,28,28,
2025,Azerbaijan Grand Prix,Race,race,Red Bull Racing,TSU,VER,102,51,51,6,4,0,12,2,2,15,8,1,8,0,0,0,74,33,33,
2025,Azerbaijan Grand Prix,Race,race,Williams,ALB,SAI,102,51,51,6,6,0,12,2,2,15,8,1,7,0,0,0,75,23,23,
2025,Azerbaijan Grand Prix,Qualifying,qualifying,Alpine,COL,GAS,16,8,8,11,11,0,12,2,2,8,0,0,0,0,0,0,2,1,0,insufficient_matched_pairs
2025,Azerbaijan Grand Prix,Qualifying,qualifying,Aston Martin,ALO,STR,34,18,16,18,21,0,21,2,2,19,0,0,0,0,0,4,4,1,0,insufficient_matched_pairs
2025,Azerbaijan Grand Prix,Qualifying,qualifying,Ferrari,HAM,LEC,36,17,19,20,24,0,24,2,2,20,0,0,1,1,0,2,5,1,0,insufficient_matched_pairs
2025,Azerbaijan Grand Prix,Qualifying,qualifying,Haas F1 Team,BEA,OCO,20,11,9,12,12,0,12,2,2,10,0,0,0,0,0,2,4,2,0,insufficient_matched_pairs
2025,Azerbaijan Grand Prix,Qualifying,qualifying,Kick Sauber,BOR,HUL,24,16,8,14,16,0,17,2,2,10,0,0,0,0,0,1,5,1,0,insufficient_matched_pairs
2025,Azerbaijan Grand Prix,Qualifying,qualifying,McLaren,NOR,PIA,38,21,17,24,31,0,31,2,2,21,0,0,0,4,0,0,4,1,0,insufficient_matched_pairs
2025,Azerbaijan Grand Prix,Qualifying,qualifying,Mercedes,ANT,RUS,43,21,22,27,32,0,32,2,2,19,0,0,0,7,0,1,4,1,0,insufficient_matched_pairs
2025,Azerbaijan Grand Prix,Qualifying,qualifying,Racing Bulls,HAD,LAW,51,25,26,31,36,0,36,2,2,26,0,0,0,9,0,2,5,2,0,insufficient_matched_pairs
2025,Azerbaijan Grand Prix,Qualifying,qualifying,Red Bull Racing,TSU,VER,46,23,23,29,31,0,31,2,2,25,0,0,1,9,0,3,6,3,3,
2025,Azerbaijan Grand Prix,Qualifying,qualifying,Williams,ALB,SAI,27,4,23,18,19,0,20,2,2,14,0,0,0,4,0,0,4,1,0,insufficient_matched_pairs
2025,Singapore Grand Prix,Race,race,Alpine,COL,GAS,122,61,61,0,7,0,8,2,2,4,0,2,10,0,0,0,98,25,25,
2025,Singapore Grand Prix,Race,race,Aston Martin,ALO,STR,123,62,61,0,4,0,6,2,2,4,0,3,9,0,0,0,103,38,38,
2025,Singapore Grand Prix,Race,race,Ferrari,HAM,LEC,124,62,62,0,6,0,8,2,2,4,0,1,10,0,0,0,101,34,34,
2025,Singapore Grand Prix,Race,race,Haas F1 Team,BEA,OCO,123,62,61,0,4,0,6,2,2,4,0,2,10,0,0,0,101,39,39,
2025,Singapore Grand Prix,Race,race,Kick Sauber,BOR,HUL,122,61,61,0,6,0,8,2,2,4,0,3,14,0,0,0,96,25,25,
2025,Singapore Grand Prix,Race,race,McLaren,NOR,PIA,124,62,62,0,4,0,6,2,2,4,0,1,14,0,0,0,100,47,47,
2025,Singapore Grand Prix,Race,race,Mercedes,ANT,RUS,124,62,62,0,4,0,6,2,2,4,0,0,15,0,0,0,99,46,46,
2025,Singapore Grand Prix,Race,race,Racing Bulls,HAD,LAW,122,61,61,0,4,0,6,2,2,4,0,3,11,0,0,0,99,8,8,
2025,Singapore Grand Prix,Race,race,Red Bull Racing,TSU,VER,123,61,62,0,4,0,6,2,2,4,0,2,13,0,0,0,99,39,39,
2025,Singapore Grand Prix,Race,race,Williams,ALB,SAI,122,61,61,0,5,0,6,2,2,4,0,2,13,0,0,0,97,40,40,
2025,Singapore Grand Prix,Qualifying,qualifying,Alpine,COL,GAS,17,9,8,5,12,0,12,2,2,5,0,0,0,0,0,0,4,2,0,insufficient_matched_pairs
2025,Singapore Grand Prix,Qualifying,qualifying,Aston Martin,ALO,STR,27,18,9,10,16,0,16,2,2,5,0,0,0,0,0,1,9,2,0,insufficient_matched_pairs
2025,Singapore Grand Prix,Qualifying,qualifying,Ferrari,HAM,LEC,42,20,22,14,23,0,23,2,2,9,0,0,0,0,0,5,11,3,3,
2025,Singapore Grand Prix,Qualifying,qualifying,Haas F1 Team,BEA,OCO,23,17,6,10,16,0,16,2,2,6,0,0,0,0,0,0,6,1,0,insufficient_matched_pairs
2025,Singapore Grand Prix,Qualifying,qualifying,Kick Sauber,BOR,HUL,23,8,15,8,14,0,14,2,2,7,0,0,0,0,0,2,4,0,0,insufficient_matched_pairs
2025,Singapore Grand Prix,Qualifying,qualifying,McLaren,NOR,PIA,40,20,20,15,24,0,24,2,2,8,0,0,0,0,0,4,11,4,4,
2025,Singapore Grand Prix,Qualifying,qualifying,Mercedes,ANT,RUS,35,17,18,15,24,0,24,2,2,6,0,0,0,0,0,0,10,4,4,
2025,Singapore Grand Prix,Qualifying,qualifying,Racing Bulls,HAD,LAW,33,19,14,12,22,0,22,2,2,8,0,0,0,0,0,2,7,3,3,
2025,Singapore Grand Prix,Qualifying,qualifying,Red Bull Racing,TSU,VER,30,12,18,11,20,0,20,2,2,8,0,0,0,0,0,0,9,3,3,
2025,Singapore Grand Prix,Qualifying,qualifying,Williams,ALB,SAI,28,14,14,9,20,0,20,2,2,9,0,0,0,0,0,0,7,3,3,
2025,United States Grand Prix,Race,race,Alpine,COL,GAS,110,55,55,0,4,0,10,2,2,10,4,2,11,0,0,0,86,35,35,
2025,United States Grand Prix,Race,race,Aston Martin,ALO,STR,112,56,56,0,4,0,10,2,2,10,4,2,8,0,0,0,90,38,38,
2025,United States Grand Prix,Race,race,Ferrari,HAM,LEC,112,56,56,0,4,0,12,2,2,13,6,2,7,0,0,0,88,34,34,
2025,United States Grand Prix,Race,race,Haas F1 Team,BEA,OCO,112,56,56,0,4,0,10,2,2,10,4,0,10,0,0,0,89,20,20,
2025,United States Grand Prix,Race,race,Kick Sauber,BOR,HUL,111,55,56,0,6,0,12,2,2,10,4,3,10,0,0,0,86,27,27,
2025,United States Grand Prix,Race,race,McLaren,NOR,PIA,112,56,56,0,4,0,12,2,2,12,6,1,8,0,0,0,88,38,38,
2025,United States Grand Prix,Race,race,Mercedes,ANT,RUS,112,56,56,0,4,0,10,2,2,10,4,4,5,0,0,0,92,41,41,
2025,United States Grand Prix,Race,race,Racing Bulls,HAD,LAW,112,56,56,0,4,0,10,2,2,10,4,2,10,0,0,0,87,17,17,
2025,United States Grand Prix,Race,race,Red Bull Racing,TSU,VER,112,56,56,0,4,0,11,2,2,11,5,2,7,0,0,0,88,38,38,
2025,United States Grand Prix,Race,race,Williams,ALB,SAI,62,56,6,1,4,0,7,2,2,7,3,1,6,0,0,0,46,3,0,insufficient_matched_pairs
2025,United States Grand Prix,Qualifying,qualifying,Alpine,COL,GAS,28,14,14,12,20,0,20,2,2,2,0,0,0,0,0,1,7,3,3,
2025,United States Grand Prix,Qualifying,qualifying,Aston Martin,ALO,STR,25,18,7,11,18,0,18,2,2,3,0,0,0,0,0,1,6,1,0,insufficient_matched_pairs
2025,United States Grand Prix,Qualifying,qualifying,Ferrari,HAM,LEC,35,18,17,14,25,0,25,2,2,2,0,0,0,0,0,0,10,3,3,
2025,United States Grand Prix,Qualifying,qualifying,Haas F1 Team,BEA,OCO,27,19,8,12,20,0,20,2,2,2,0,0,0,0,0,0,7,2,0,insufficient_matched_pairs
2025,United States Grand Prix,Qualifying,qualifying,Kick Sauber,BOR,HUL,22,8,14,10,16,0,16,2,2,3,0,0,0,0,0,0,6,2,0,insufficient_matched_pairs
2025,United States Grand Prix,Qualifying,qualifying,McLaren,NOR,PIA,39,20,19,12,23,0,23,2,2,2,0,0,1,0,0,5,11,3,3,
2025,United States Grand Prix,Qualifying,qualifying,Mercedes,ANT,RUS,37,18,19,13,25,0,25,2,2,0,0,0,0,0,0,0,12,4,4,
2025,United States Grand Prix,Qualifying,qualifying,Racing Bulls,HAD,LAW,16,2,14,8,11,0,12,2,2,2,0,0,0,1,0,0,4,0,0,missing_lap_time_data
2025,United States Grand Prix,Qualifying,qualifying,Red Bull Racing,TSU,VER,27,13,14,10,19,0,19,2,2,1,0,0,0,0,0,0,8,3,3,
2025,United States Grand Prix,Qualifying,qualifying,Williams,ALB,SAI,29,9,20,12,22,0,22,2,2,2,0,0,0,0,0,0,7,1,0,insufficient_matched_pairs
2025,Mexico City Grand Prix,Race,race,Alpine,COL,GAS,140,70,70,0,4,0,10,2,2,10,4,0,11,0,0,0,115,17,17,
2025,Mexico City Grand Prix,Race,race,Aston Martin,ALO,STR,104,34,70,0,7,0,11,2,2,6,2,3,9,0,0,0,81,23,23,
2025,Mexico City Grand Prix,Race,race,Ferrari,HAM,LEC,142,71,71,0,6,0,12,2,2,10,4,1,14,0,0,0,112,36,36,
2025,Mexico City Grand Prix,Race,race,Haas F1 Team,BEA,OCO,142,71,71,0,6,0,12,2,2,9,4,4,7,0,0,0,119,37,37,
2025,Mexico City Grand Prix,Race,race,Kick Sauber,BOR,HUL,96,71,25,0,3,0,7,2,2,6,2,1,7,0,0,0,78,18,18,
2025,Mexico City Grand Prix,Race,race,McLaren,NOR,PIA,142,71,71,0,6,0,12,2,2,9,4,1,12,0,0,0,115,37,37,
2025,Mexico City Grand Prix,Race,race,Mercedes,ANT,RUS,142,71,71,0,8,0,14,2,2,10,4,2,8,0,0,0,117,53,53,
2025,Mexico City Grand Prix,Race,race,Racing Bulls,HAD,LAW,75,70,5,0,5,0,9,2,2,6,2,2,6,0,0,0,59,0,0,no_compound_overlap
2025,Mexico City Grand Prix,Race,race,Red Bull Racing,TSU,VER,142,71,71,0,4,0,10,2,2,9,4,3,10,0,0,0,118,54,54,
2025,Mexico City Grand Prix,Race,race,Williams,ALB,SAI,138,70,68,1,8,0,13,2,2,7,3,3,10,0,0,0,111,22,22,
2025,Mexico City Grand Prix,Qualifying,qualifying,Alpine,COL,GAS,17,8,9,6,12,0,12,2,2,0,0,0,0,0,0,0,5,2,0,insufficient_matched_pairs
2025,Mexico City Grand Prix,Qualifying,qualifying,Aston Martin,ALO,STR,24,15,9,8,16,0,16,2,2,0,0,0,0,0,0,0,8,3,3,
2025,Mexico City Grand Prix,Qualifying,qualifying,Ferrari,HAM,LEC,41,21,20,12,24,0,24,2,2,0,0,0,0,0,0,4,13,4,4,
2025,Mexico City Grand Prix,Qualifying,qualifying,Haas F1 Team,BEA,OCO,36,21,15,13,24,0,24,2,2,0,0,0,0,0,0,0,12,5,5,
2025,Mexico City Grand Prix,Qualifying,qualifying,Kick Sauber,BOR,HUL,24,9,15,8,16,0,16,2,2,0,0,0,0,0,0,0,8,3,3,
2025,Mexico City Grand Prix,Qualifying,qualifying,McLaren,NOR,PIA,41,21,20,13,24,0,24,2,2,0,0,0,0,0,0,4,13,4,4,
2025,Mexico City Grand Prix,Qualifying,qualifying,Mercedes,ANT,RUS,36,18,18,14,24,0,24,2,2,0,0,0,0,0,0,0,12,4,4,
2025,Mexico City Grand Prix,Qualifying,qualifying,Racing Bulls,HAD,LAW,31,18,13,12,22,0,22,2,2,0,0,0,0,0,0,0,9,3,3,
2025,Mexico City Grand Prix,Qualifying,qualifying,Red Bull Racing,TSU,VER,30,12,18,11,20,0,20,2,2,0,0,0,0,0,0,0,10,4,4,
2025,Mexico City Grand Prix,Qualifying,qualifying,Williams,ALB,SAI,27,9,18,10,18,0,18,2,2,0,0,0,0,0,0,0,9,2,0,insufficient_matched_pairs
2025,São Paulo Grand Prix,Race,race,Alpine,COL,GAS,142,71,71,0,8,0,22,2,2,16,12,7,11,0,0,0,108,38,38,
2025,São Paulo Grand Prix,Race,race,Aston Martin,ALO,STR,142,71,71,0,8,0,23,2,2,16,13,7,10,0,0,0,108,50,50,
2025,São Paulo Grand Prix,Race,race,Ferrari,HAM,LEC,43,37,6,1,7,0,18,2,2,14,11,1,2,0,0,0,23,0,0,insufficient_matched_pairs
2025,São Paulo Grand Prix,Race,race,Haas F1 Team,BEA,OCO,142,71,71,0,9,0,21,2,2,16,12,7,8,0,0,0,111,43,43,
2025,São Paulo Grand Prix,Race,race,Kick Sauber,BOR,HUL,72,1,71,1,2,0,10,2,2,9,6,1,6,0,0,0,56,0,0,missing_lap_time_data
2025,São Paulo Grand Prix,Race,race,McLaren,NOR,PIA,142,71,71,0,8,0,22,2,2,16,12,3,6,0,0,0,111,46,46,
2025,São Paulo Grand Prix,Race,race,Mercedes,ANT,RUS,142,71,71,0,8,0,22,2,2,16,12,4,8,0,0,0,111,40,40,
2025,São Paulo Grand Prix,Race,race,Racing Bulls,HAD,LAW,142,71,71,0,6,0,20,2,2,16,12,6,9,0,0,0,111,39,39,
2025,São Paulo Grand Prix,Race,race,Red Bull Racing,TSU,VER,142,71,71,0,13,0,22,2,2,16,12,9,5,0,0,0,110,37,37,
2025,São Paulo Grand Prix,Race,race,Williams,ALB,SAI,142,71,71,0,8,0,22,2,2,16,12,5,8,0,0,0,112,44,44,
2025,São Paulo Grand Prix,Qualifying,qualifying,Alpine,COL,GAS,30,9,21,11,20,0,20,2,2,0,0,0,0,0,0,0,10,2,0,insufficient_matched_pairs
2025,São Paulo Grand Prix,Qualifying,qualifying,Aston Martin,ALO,STR,30,15,15,9,20,0,20,2,2,0,0,0,0,0,0,0,10,5,5,
2025,São Paulo Grand Prix,Qualifying,qualifying,Ferrari,HAM,LEC,38,16,22,11,22,0,22,2,2,0,0,0,0,0,0,5,11,3,3,
2025,São Paulo Grand Prix,Qualifying,qualifying,Haas F1 Team,BEA,OCO,28,19,9,10,20,0,20,2,2,0,0,0,0,0,0,0,8,2,0,insufficient_matched_pairs
2025,São Paulo Grand Prix,Qualifying,qualifying,Kick Sauber,BOR,HUL,23,0,23,6,16,0,16,1,1,0,0,0,0,0,0,0,7,0,0,missing_lap_time_data
2025,São Paulo Grand Prix,Qualifying,qualifying,McLaren,NOR,PIA,40,21,19,14,26,0,26,2,2,0,0,0,0,0,0,2,12,3,3,
2025,São Paulo Grand Prix,Qualifying,qualifying,Mercedes,ANT,RUS,32,16,16,13,23,0,23,2,2,0,0,0,0,0,0,0,9,3,3,
2025,São Paulo Grand Prix,Qualifying,qualifying,Racing Bulls,HAD,LAW,42,21,21,14,26,0,26,2,2,0,0,0,0,0,0,2,14,4,4,
2025,São Paulo Grand Prix,Qualifying,qualifying,Red Bull Racing,TSU,VER,18,9,9,4,8,0,8,2,2,0,0,0,0,0,0,4,6,3,3,
2025,São Paulo Grand Prix,Qualifying,qualifying,Williams,ALB,SAI,35,18,17,10,26,0,26,2,2,0,0,0,0,0,0,0,9,3,3,
2025,Las Vegas Grand Prix,Race,race,Alpine,COL,GAS,99,49,50,0,4,0,12,2,2,10,8,1,8,0,0,0,77,15,15,
2025,Las Vegas Grand Prix,Race,race,Aston Martin,ALO,STR,51,50,1,1,2,0,7,2,2,6,4,2,5,0,0,0,39,0,0,missing_lap_time_data
2025,Las Vegas Grand Prix,Race,race,Ferrari,HAM,LEC,100,50,50,0,4,0,14,2,2,10,8,2,11,0,0,0,73,31,31,
2025,Las Vegas Grand Prix,Race,race,Haas F1 Team,BEA,OCO,100,50,50,0,4,0,15,2,2,11,9,4,6,0,0,0,77,25,25,
2025,Las Vegas Grand Prix,Race,race,Kick Sauber,BOR,HUL,52,2,50,1,4,0,9,2,2,7,5,1,7,0,0,0,35,0,0,teammate_dnf_no_matched_laps
2025,Las Vegas Grand Prix,Race,race,McLaren,NOR,PIA,100,50,50,0,4,0,14,2,2,10,8,1,9,0,0,0,76,33,33,
2025,Las Vegas Grand Prix,Race,race,Mercedes,ANT,RUS,100,50,50,0,4,0,12,2,2,10,8,1,8,0,0,0,78,23,23,
2025,Las Vegas Grand Prix,Race,race,Racing Bulls,HAD,LAW,99,50,49,0,6,0,14,2,2,10,8,3,9,0,0,0,74,20,20,
2025,Las Vegas Grand Prix,Race,race,Red Bull Racing,TSU,VER,100,50,50,0,6,0,14,2,2,10,8,0,11,0,0,0,73,28,28,
2025,Las Vegas Grand Prix,Race,race,Williams,ALB,SAI,85,35,50,0,7,0,15,2,2,9,7,2,7,0,0,0,62,15,15,
2025,Las Vegas Grand Prix,Qualifying,qualifying,Alpine,COL,GAS,42,17,25,8,12,0,12,2,2,27,0,0,6,2,0,5,8,3,3,
2025,Las Vegas Grand Prix,Qualifying,qualifying,Aston Martin,ALO,STR,43,25,18,8,12,0,12,2,2,25,0,0,3,1,0,5,10,1,0,insufficient_matched_pairs
2025,Las Vegas Grand Prix,Qualifying,qualifying,Ferrari,HAM,LEC,33,9,24,7,12,0,12,2,2,22,0,0,3,2,0,2,8,0,0,insufficient_matched_pairs
2025,Las Vegas Grand Prix,Qualifying,qualifying,Haas F1 Team,BEA,OCO,34,17,17,7,10,0,11,2,2,22,0,0,5,2,0,1,9,3,3,
2025,Las Vegas Grand Prix,Qualifying,qualifying,Kick Sauber,BOR,HUL,27,9,18,3,6,0,6,2,2,19,0,0,2,2,0,1,6,1,0,insufficient_matched_pairs
2025,Las Vegas Grand Prix,Qualifying,qualifying,McLaren,NOR,PIA,48,25,23,8,13,0,13,2,2,29,0,0,7,1,0,3,14,3,3,
2025,Las Vegas Grand Prix,Qualifying,qualifying,Mercedes,ANT,RUS,33,8,25,7,10,0,10,2,2,22,0,0,4,0,0,2,9,1,0,insufficient_matched_pairs
2025,Las Vegas Grand Prix,Qualifying,qualifying,Racing Bulls,HAD,LAW,50,25,25,10,14,0,14,2,2,28,0,0,7,2,0,6,14,3,3,
2025,Las Vegas Grand Prix,Qualifying,qualifying,Red Bull Racing,TSU,VER,33,9,24,6,10,0,10,2,2,22,0,0,6,0,0,5,6,0,0,insufficient_matched_pairs
2025,Las Vegas Grand Prix,Qualifying,qualifying,Williams,ALB,SAI,32,8,24,8,12,0,14,2,2,21,0,0,4,0,0,1,6,1,0,insufficient_matched_pairs
2025,Qatar Grand Prix,Race,race,Alpine,COL,GAS,112,56,56,0,9,0,14,2,2,8,8,1,10,0,0,0,86,21,21,
2025,Qatar Grand Prix,Race,race,Aston Martin,ALO,STR,112,57,55,0,11,0,17,2,2,8,8,4,9,0,0,0,85,25,25,
2025,Qatar Grand Prix,Race,race,Ferrari,HAM,LEC,114,57,57,0,8,0,14,2,2,8,8,0,6,0,0,0,92,23,23,
2025,Qatar Grand Prix,Race,race,Haas F1 Team,BEA,OCO,97,41,56,1,11,0,16,2,2,8,8,6,4,0,0,0,75,30,30,
2025,Qatar Grand Prix,Race,race,Kick Sauber,BOR,HUL,64,57,7,1,4,0,9,2,2,5,5,1,5,0,0,0,50,4,0,insufficient_matched_pairs
2025,Qatar Grand Prix,Race,race,McLaren,NOR,PIA,114,57,57,0,8,0,18,2,2,8,8,3,12,0,0,0,82,36,36,
2025,Qatar Grand Prix,Race,race,Mercedes,ANT,RUS,114,57,57,0,8,0,14,2,2,8,8,0,8,0,0,0,91,42,42,
2025,Qatar Grand Prix,Race,race,Racing Bulls,HAD,LAW,112,55,57,1,9,0,15,2,2,8,8,1,5,0,0,0,91,43,43,
2025,Qatar Grand Prix,Race,race,Red Bull Racing,TSU,VER,114,57,57,0,8,0,14,2,2,8,8,0,6,0,0,0,92,45,45,
2025,Qatar Grand Prix,Race,race,Williams,ALB,SAI,114,57,57,0,8,0,14,2,2,8,8,0,7,0,0,0,91,26,26,
2025,Qatar Grand Prix,Qualifying,qualifying,Alpine,COL,GAS,30,9,21,9,20,0,20,2,2,1,0,0,0,0,0,0,10,3,3,
2025,Qatar Grand Prix,Qualifying,qualifying,Aston Martin,ALO,STR,31,21,10,10,16,0,16,2,2,2,0,0,3,0,0,4,11,3,3,
2025,Qatar Grand Prix,Qualifying,qualifying,Ferrari,HAM,LEC,32,9,23,9,22,0,22,2,2,1,0,0,0,0,0,0,10,3,3,
2025,Qatar Grand Prix,Qualifying,qualifying,Haas F1 Team,BEA,OCO,31,20,11,6,12,0,12,2,2,1,0,0,2,0,0,8,11,4,4,
2025,Qatar Grand Prix,Qualifying,qualifying,Kick Sauber,BOR,HUL,40,20,20,10,24,0,24,2,2,2,0,0,2,0,0,2,14,3,3,
2025,Qatar Grand Prix,Qualifying,qualifying,McLaren,NOR,PIA,35,17,18,12,24,0,24,2,2,2,0,0,0,0,0,0,11,3,3,
2025,Qatar Grand Prix,Qualifying,qualifying,Mercedes,ANT,RUS,48,22,26,14,22,0,22,2,2,3,0,0,2,0,0,12,14,4,4,
2025,Qatar Grand Prix,Qualifying,qualifying,Racing Bulls,HAD,LAW,35,20,15,11,24,0,24,2,2,2,0,0,0,0,0,0,11,5,5,
2025,Qatar Grand Prix,Qualifying,qualifying,Red Bull Racing,TSU,VER,32,9,23,7,14,0,14,2,2,1,0,0,0,0,0,8,10,3,3,
2025,Qatar Grand Prix,Qualifying,qualifying,Williams,ALB,SAI,44,19,25,11,24,0,24,2,2,2,0,0,2,0,0,6,14,6,6,
2025,Abu Dhabi Grand Prix,Race,race,Alpine,COL,GAS,114,57,57,0,8,0,10,2,2,0,0,3,12,0,0,0,91,40,40,
2025,Abu Dhabi Grand Prix,Race,race,Aston Martin,ALO,STR,116,58,58,0,4,0,6,2,2,0,0,3,9,0,0,0,99,45,45,
2025,Abu Dhabi Grand Prix,Race,race,Ferrari,HAM,LEC,116,58,58,0,8,0,10,2,2,0,0,5,10,0,0,0,93,33,33,
2025,Abu Dhabi Grand Prix,Race,race,Haas F1 Team,BEA,OCO,116,58,58,0,4,0,6,2,2,0,0,3,11,0,0,0,97,42,42,
2025,Abu Dhabi Grand Prix,Race,race,Kick Sauber,BOR,HUL,116,58,58,0,6,0,8,2,2,0,0,2,12,0,0,0,95,37,37,
2025,Abu Dhabi Grand Prix,Race,race,McLaren,NOR,PIA,116,58,58,0,6,0,8,2,2,0,0,1,13,0,0,0,95,32,32,
2025,Abu Dhabi Grand Prix,Race,race,Mercedes,ANT,RUS,116,58,58,0,4,0,6,2,2,0,0,4,12,0,0,0,94,29,29,
2025,Abu Dhabi Grand Prix,Race,race,Racing Bulls,HAD,LAW,114,57,57,0,4,0,6,2,2,0,0,4,9,0,0,0,97,40,40,
2025,Abu Dhabi Grand Prix,Race,race,Red Bull Racing,TSU,VER,116,58,58,0,4,0,6,2,2,0,0,2,10,0,0,0,98,46,46,
2025,Abu Dhabi Grand Prix,Race,race,Williams,ALB,SAI,116,58,58,0,6,0,8,2,2,0,0,7,11,0,0,0,92,29,29,
2025,Abu Dhabi Grand Prix,Qualifying,qualifying,Alpine,COL,GAS,18,9,9,5,12,0,12,2,2,0,0,0,0,0,0,0,6,2,0,insufficient_matched_pairs
2025,Abu Dhabi Grand Prix,Qualifying,qualifying,Aston Martin,ALO,STR,33,18,15,10,20,0,20,2,2,0,0,0,0,0,0,2,11,4,4,
2025,Abu Dhabi Grand Prix,Qualifying,qualifying,Ferrari,HAM,LEC,27,9,18,9,18,0,18,2,2,0,0,0,0,0,0,0,9,2,0,insufficient_matched_pairs
2025,Abu Dhabi Grand Prix,Qualifying,qualifying,Haas F1 Team,BEA,OCO,29,11,18,10,20,0,20,2,2,0,0,0,0,0,0,0,9,3,3,
2025,Abu Dhabi Grand Prix,Qualifying,qualifying,Kick Sauber,BOR,HUL,30,21,9,10,20,0,20,2,2,0,0,0,0,0,0,0,10,3,3,
2025,Abu Dhabi Grand Prix,Qualifying,qualifying,McLaren,NOR,PIA,34,17,17,12,24,0,24,2,2,0,0,0,0,0,0,0,10,3,3,
2025,Abu Dhabi Grand Prix,Qualifying,qualifying,Mercedes,ANT,RUS,30,12,18,11,20,0,20,2,2,0,0,0,0,0,0,0,10,4,4,
2025,Abu Dhabi Grand Prix,Qualifying,qualifying,Racing Bulls,HAD,LAW,32,18,14,11,22,0,22,2,2,0,0,0,0,0,0,0,10,4,4,
2025,Abu Dhabi Grand Prix,Qualifying,qualifying,Red Bull Racing,TSU,VER,35,17,18,11,24,0,24,2,2,0,0,0,0,0,0,0,11,3,3,
2025,Abu Dhabi Grand Prix,Qualifying,qualifying,Williams,ALB,SAI,18,6,12,6,12,0,12,2,2,0,0,0,0,0,0,0,6,2,0,insufficient_matched_pairs
