target_id,year,team,race_name,reference_driver,comparison_driver,pair_present,target_weather_bucket,common_segments,valid_common_segments,chosen_segments,current_construct_n_pairs,current_construct_delta_s,highest_common_segment,highest_common_best_delta_s,any_valid_best_delta_s,phase5_row_present,phase5_delta_s,phase5_n_matched_pairs,phase5_skip_reason
2022:Alfa Romeo:BOT-ZHO,2022,Alfa Romeo,Bahrain Grand Prix,BOT,ZHO,True,dry,"['Q1', 'Q2']","['Q1', 'Q2']","['Q2', 'Q1']",4,0.7685000000000031,Q2,0.6700000000000017,0.8269999999999982,True,0.7685000000000031,4,
2022:AlphaTauri:GAS-TSU,2022,AlphaTauri,Bahrain Grand Prix,GAS,TSU,True,dry,['Q1'],['Q1'],['Q1'],2,,Q1,0.6539999999999964,1.1149999999999949,False,,0,
2022:Alpine:ALO-OCO,2022,Alpine,Bahrain Grand Prix,ALO,OCO,True,dry,"['Q1', 'Q2']","['Q1', 'Q2']","['Q2', 'Q1']",3,0.32099999999999795,Q2,0.16100000000000136,0.16100000000000136,True,0.3209999999999979,3,
2022:Aston Martin:HUL-STR,2022,Aston Martin,Bahrain Grand Prix,HUL,STR,True,dry,['Q1'],['Q1'],['Q1'],2,,Q1,0.25499999999999545,0.25499999999999545,False,,0,
2022:Aston Martin:STR-VET,2022,Aston Martin,Bahrain Grand Prix,STR,VET,False,dry,[],[],[],0,,,,,False,,0,
2022:Ferrari:LEC-SAI,2022,Ferrari,Bahrain Grand Prix,LEC,SAI,True,dry,"['Q1', 'Q2', 'Q3']","['Q1', 'Q2', 'Q3']","['Q3', 'Q2']",4,0.06850000000000023,Q3,0.12899999999999068,0.12899999999999068,True,0.0685000000000002,4,
2022:Haas F1 Team:MAG-MSC,2022,Haas F1 Team,Bahrain Grand Prix,MAG,MSC,True,dry,"['Q1', 'Q2']","['Q1', 'Q2']","['Q2', 'Q1']",3,0.42499999999999716,Q2,0.5370000000000061,0.5370000000000061,True,0.4249999999999971,3,
2022:McLaren:NOR-RIC,2022,McLaren,Bahrain Grand Prix,NOR,RIC,True,dry,['Q1'],['Q1'],['Q1'],3,0.4899999999999949,Q1,0.7059999999999889,0.9369999999999976,True,0.4899999999999949,3,
2022:Mercedes:HAM-RUS,2022,Mercedes,Bahrain Grand Prix,HAM,RUS,True,dry,"['Q1', 'Q2', 'Q3']","['Q1', 'Q2', 'Q3']","['Q3', 'Q2']",4,0.16849999999999454,Q3,0.9779999999999944,0.20399999999999352,True,0.1684999999999945,4,
2022:Red Bull Racing:PER-VER,2022,Red Bull Racing,Bahrain Grand Prix,PER,VER,True,dry,"['Q1', 'Q2', 'Q3']","['Q1', 'Q2', 'Q3']","['Q3', 'Q2']",3,-0.27000000000001023,Q3,-0.2400000000000091,-0.2400000000000091,True,-0.2700000000000102,3,
2022:Williams:ALB-LAT,2022,Williams,Bahrain Grand Prix,ALB,LAT,True,dry,['Q1'],['Q1'],['Q1'],2,,Q1,0.9080000000000013,0.9699999999999989,False,,0,
2022:Williams:DEV-LAT,2022,Williams,Bahrain Grand Prix,DEV,LAT,False,dry,[],[],[],0,,,,,False,,0,
2022:Alfa Romeo:BOT-ZHO,2022,Alfa Romeo,Saudi Arabian Grand Prix,BOT,ZHO,True,dry,"['Q1', 'Q2', 'Q3']","['Q1', 'Q2']","['Q2', 'Q1']",5,0.5120000000000005,Q2,0.41500000000000625,0.6359999999999957,True,0.5120000000000005,5,
2022:AlphaTauri:GAS-TSU,2022,AlphaTauri,Saudi Arabian Grand Prix,GAS,TSU,True,dry,['Q1'],[],[],0,,,,,False,,0,
2022:Alpine:ALO-OCO,2022,Alpine,Saudi Arabian Grand Prix,ALO,OCO,True,dry,"['Q1', 'Q2', 'Q3']","['Q1', 'Q2', 'Q3']","['Q3', 'Q2', 'Q1']",4,0.2535000000000025,Q3,-0.07900000000000773,-0.07900000000000773,True,0.2535000000000025,4,
2022:Aston Martin:HUL-STR,2022,Aston Martin,Saudi Arabian Grand Prix,HUL,STR,True,dry,"['Q1', 'Q2']",['Q1'],['Q1'],3,-0.3810000000000002,Q1,-0.28700000000000614,-0.28700000000000614,True,-0.3810000000000002,3,
2022:Aston Martin:STR-VET,2022,Aston Martin,Saudi Arabian Grand Prix,STR,VET,False,dry,[],[],[],0,,,,,False,,0,
2022:Ferrari:LEC-SAI,2022,Ferrari,Saudi Arabian Grand Prix,LEC,SAI,True,dry,"['Q1', 'Q2', 'Q3']","['Q1', 'Q2', 'Q3']","['Q3', 'Q2']",4,0.05600000000000449,Q3,0.1770000000000067,0.1770000000000067,True,0.0560000000000044,4,
2022:Haas F1 Team:MAG-MSC,2022,Haas F1 Team,Saudi Arabian Grand Prix,MAG,MSC,True,dry,"['Q1', 'Q2']","['Q1', 'Q2']","['Q2', 'Q1']",3,0.060000000000002274,Q2,0.3739999999999952,0.3739999999999952,True,0.0600000000000022,3,
2022:McLaren:NOR-RIC,2022,McLaren,Saudi Arabian Grand Prix,NOR,RIC,True,dry,"['Q1', 'Q2']","['Q1', 'Q2']","['Q2', 'Q1']",5,0.12699999999999534,Q2,0.12199999999999989,0.12199999999999989,True,0.1269999999999953,5,
2022:Mercedes:HAM-RUS,2022,Mercedes,Saudi Arabian Grand Prix,HAM,RUS,True,dry,"['Q1', 'Q2']",['Q1'],['Q1'],3,-0.8549999999999898,Q1,-0.6629999999999967,-1.2390000000000043,True,-0.8549999999999898,3,
2022:Red Bull Racing:PER-VER,2022,Red Bull Racing,Saudi Arabian Grand Prix,PER,VER,True,dry,"['Q1', 'Q2', 'Q3']","['Q1', 'Q2', 'Q3']","['Q3', 'Q2']",3,0.2609999999999957,Q3,0.2609999999999957,0.2609999999999957,True,0.2609999999999957,3,
2022:Williams:ALB-LAT,2022,Williams,Saudi Arabian Grand Prix,ALB,LAT,True,dry,['Q1'],['Q1'],['Q1'],1,,Q1,1.3249999999999886,1.3249999999999886,False,,0,
2022:Williams:DEV-LAT,2022,Williams,Saudi Arabian Grand Prix,DEV,LAT,False,dry,[],[],[],0,,,,,False,,0,
2022:Alfa Romeo:BOT-ZHO,2022,Alfa Romeo,Australian Grand Prix,BOT,ZHO,True,dry,"['Q1', 'Q2', 'Q3']","['Q1', 'Q2']","['Q2', 'Q1']",4,0.600999999999992,Q2,0.686000000000007,0.6589999999999918,True,0.600999999999992,4,
2022:AlphaTauri:GAS-TSU,2022,AlphaTauri,Australian Grand Prix,GAS,TSU,True,dry,"['Q1', 'Q2', 'Q3']","['Q1', 'Q2']","['Q2', 'Q1']",3,-0.710000000000008,Q2,-0.36999999999999034,-0.1559999999999917,True,-0.710000000000008,3,
2022:Alpine:ALO-OCO,2022,Alpine,Australian Grand Prix,ALO,OCO,True,dry,"['Q1', 'Q2', 'Q3']","['Q1', 'Q2']","['Q2', 'Q1']",3,0.15200000000000102,Q2,-0.605000000000004,-0.13099999999998602,True,0.152000000000001,3,
2022:Aston Martin:HUL-STR,2022,Aston Martin,Australian Grand Prix,HUL,STR,False,dry,[],[],[],0,,,,,False,,0,
2022:Aston Martin:STR-VET,2022,Aston Martin,Australian Grand Prix,STR,VET,True,dry,['Q1'],[],[],0,,,,,False,,0,
2022:Ferrari:LEC-SAI,2022,Ferrari,Australian Grand Prix,LEC,SAI,True,dry,"['Q1', 'Q2', 'Q3']","['Q1', 'Q2', 'Q3']","['Q3', 'Q2', 'Q1']",3,0.13300000000000978,Q3,1.5400000000000063,0.6009999999999991,True,0.1330000000000097,3,
2022:Haas F1 Team:MAG-MSC,2022,Haas F1 Team,Australian Grand Prix,MAG,MSC,True,dry,"['Q1', 'Q2']",['Q1'],['Q1'],4,-0.13800000000000523,Q1,-0.15000000000000568,-0.15000000000000568,True,-0.1380000000000052,4,
2022:McLaren:NOR-RIC,2022,McLaren,Australian Grand Prix,NOR,RIC,True,dry,"['Q1', 'Q2', 'Q3']","['Q1', 'Q2', 'Q3']","['Q3', 'Q2']",3,-0.060000000000002274,Q3,0.3289999999999935,0.3289999999999935,True,-0.0600000000000022,3,
2022:Mercedes:HAM-RUS,2022,Mercedes,Australian Grand Prix,HAM,RUS,True,dry,"['Q1', 'Q2', 'Q3']","['Q1', 'Q2', 'Q3']","['Q3', 'Q2']",4,-0.12400000000000233,Q3,0.10800000000000409,0.10800000000000409,True,-0.1240000000000023,4,
2022:Red Bull Racing:PER-VER,2022,Red Bull Racing,Australian Grand Prix,PER,VER,True,dry,"['Q1', 'Q2', 'Q3']","['Q1', 'Q2', 'Q3']","['Q3', 'Q2']",3,0.0010000000000047748,Q3,-0.08599999999999852,-0.08599999999999852,True,0.0010000000000047,3,
2022:Williams:ALB-LAT,2022,Williams,Australian Grand Prix,ALB,LAT,True,dry,['Q1'],['Q1'],['Q1'],1,,Q1,3.434999999999988,3.434999999999988,False,,0,
2022:Williams:DEV-LAT,2022,Williams,Australian Grand Prix,DEV,LAT,False,dry,[],[],[],0,,,,,False,,0,
2022:Alfa Romeo:BOT-ZHO,2022,Alfa Romeo,Emilia Romagna Grand Prix,BOT,ZHO,True,dry,"['Q1', 'Q2']","['Q1', 'Q2']","['Q2', 'Q1']",4,-0.07399999999999807,Q2,1.2420000000000044,-0.4619999999999891,True,-0.073999999999998,4,
2022:AlphaTauri:GAS-TSU,2022,AlphaTauri,Emilia Romagna Grand Prix,GAS,TSU,True,dry,['Q1'],['Q1'],['Q1'],3,-0.4230000000000018,Q1,-0.25799999999999557,-0.25799999999999557,True,-0.4230000000000018,3,
2022:Alpine:ALO-OCO,2022,Alpine,Emilia Romagna Grand Prix,ALO,OCO,True,dry,['Q1'],['Q1'],['Q1'],2,,Q1,2.1400000000000006,2.742999999999995,False,,0,
2022:Aston Martin:HUL-STR,2022,Aston Martin,Emilia Romagna Grand Prix,HUL,STR,False,dry,[],[],[],0,,,,,False,,0,
2022:Aston Martin:STR-VET,2022,Aston Martin,Emilia Romagna Grand Prix,STR,VET,True,dry,"['Q1', 'Q2']",['Q1'],['Q1'],3,-0.8509999999999991,Q1,0.02200000000000557,-0.3850000000000051,True,-0.8509999999999991,3,
2022:Ferrari:LEC-SAI,2022,Ferrari,Emilia Romagna Grand Prix,LEC,SAI,True,dry,"['Q1', 'Q2']","['Q1', 'Q2']","['Q2', 'Q1']",3,-1.2849999999999966,Q2,-0.5940000000000083,0.1939999999999884,True,-1.2849999999999966,3,
2022:Haas F1 Team:MAG-MSC,2022,Haas F1 Team,Emilia Romagna Grand Prix,MAG,MSC,True,dry,"['Q1', 'Q2']","['Q1', 'Q2']","['Q2', 'Q1']",4,-0.31500000000000483,Q2,1.0139999999999958,0.519999999999996,True,-0.3150000000000048,4,
2022:McLaren:NOR-RIC,2022,McLaren,Emilia Romagna Grand Prix,NOR,RIC,True,dry,"['Q1', 'Q2']","['Q1', 'Q2']","['Q2', 'Q1']",3,0.737000000000009,Q2,0.737000000000009,0.686000000000007,True,0.737000000000009,3,
2022:Mercedes:HAM-RUS,2022,Mercedes,Emilia Romagna Grand Prix,HAM,RUS,True,dry,"['Q1', 'Q2']","['Q1', 'Q2']","['Q2', 'Q1']",5,-0.33899999999999864,Q2,-0.3810000000000002,-0.0870000000000033,True,-0.3389999999999986,5,
2022:Red Bull Racing:PER-VER,2022,Red Bull Racing,Emilia Romagna Grand Prix,PER,VER,True,dry,"['Q1', 'Q2']","['Q1', 'Q2']","['Q2', 'Q1']",4,-1.2019999999999982,Q2,-0.5030000000000001,-0.5030000000000001,True,-1.2019999999999982,4,
2022:Williams:ALB-LAT,2022,Williams,Emilia Romagna Grand Prix,ALB,LAT,True,dry,['Q1'],[],[],0,,,,,False,,0,
2022:Williams:DEV-LAT,2022,Williams,Emilia Romagna Grand Prix,DEV,LAT,False,dry,[],[],[],0,,,,,False,,0,
2022:Alfa Romeo:BOT-ZHO,2022,Alfa Romeo,Miami Grand Prix,BOT,ZHO,True,dry,['Q1'],['Q1'],['Q1'],2,,Q1,0.17499999999999716,1.5450000000000017,False,,0,
2022:AlphaTauri:GAS-TSU,2022,AlphaTauri,Miami Grand Prix,GAS,TSU,True,dry,"['Q1', 'Q2', 'Q3']","['Q1', 'Q2', 'Q3']","['Q3', 'Q2']",4,-0.06649999999999778,Q3,0.24200000000000443,0.24200000000000443,True,-0.0664999999999977,4,
2022:Alpine:ALO-OCO,2022,Alpine,Miami Grand Prix,ALO,OCO,False,dry,[],[],[],0,,,,,False,,0,
2022:Aston Martin:HUL-STR,2022,Aston Martin,Miami Grand Prix,HUL,STR,False,dry,[],[],[],0,,,,,False,,0,
2022:Aston Martin:STR-VET,2022,Aston Martin,Miami Grand Prix,STR,VET,True,dry,"['Q1', 'Q2']","['Q1', 'Q2']","['Q2', 'Q1']",5,0.2360000000000042,Q2,0.21800000000000352,0.21800000000000352,True,0.2360000000000042,5,
2022:Ferrari:LEC-SAI,2022,Ferrari,Miami Grand Prix,LEC,SAI,True,dry,"['Q1', 'Q2', 'Q3']","['Q1', 'Q2', 'Q3']","['Q3', 'Q2']",4,0.10299999999999443,Q3,0.18999999999999773,0.18999999999999773,True,0.1029999999999944,4,
2022:Haas F1 Team:MAG-MSC,2022,Haas F1 Team,Miami Grand Prix,MAG,MSC,True,dry,['Q1'],['Q1'],['Q1'],3,-0.671999999999997,Q1,-0.3299999999999983,-0.5519999999999925,True,-0.671999999999997,3,
2022:McLaren:NOR-RIC,2022,McLaren,Miami Grand Prix,NOR,RIC,True,dry,"['Q1', 'Q2']","['Q1', 'Q2']","['Q2', 'Q1']",4,0.24900000000000233,Q2,0.6760000000000019,0.6760000000000019,True,0.2490000000000023,4,
2022:Mercedes:HAM-RUS,2022,Mercedes,Miami Grand Prix,HAM,RUS,True,dry,"['Q1', 'Q2']","['Q1', 'Q2']","['Q2', 'Q1']",3,0.3760000000000048,Q2,0.3760000000000048,0.5480000000000018,True,0.3760000000000048,3,
2022:Red Bull Racing:PER-VER,2022,Red Bull Racing,Miami Grand Prix,PER,VER,True,dry,"['Q1', 'Q2', 'Q3']","['Q1', 'Q2', 'Q3']","['Q3', 'Q2', 'Q1']",4,-0.4890000000000043,Q3,-0.045000000000001705,-0.045000000000001705,True,-0.4890000000000043,4,
2022:Williams:ALB-LAT,2022,Williams,Miami Grand Prix,ALB,LAT,True,dry,['Q1'],['Q1'],['Q1'],4,0.16099999999999426,Q1,0.0589999999999975,0.0589999999999975,True,0.1609999999999942,4,
2022:Williams:DEV-LAT,2022,Williams,Miami Grand Prix,DEV,LAT,False,dry,[],[],[],0,,,,,False,,0,
2022:Alfa Romeo:BOT-ZHO,2022,Alfa Romeo,Spanish Grand Prix,BOT,ZHO,True,dry,"['Q1', 'Q2']","['Q1', 'Q2']","['Q2', 'Q1']",4,0.6669999999999945,Q2,1.0409999999999968,0.867999999999995,True,0.6669999999999945,4,
2022:AlphaTauri:GAS-TSU,2022,AlphaTauri,Spanish Grand Prix,GAS,TSU,True,dry,"['Q1', 'Q2']","['Q1', 'Q2']","['Q2', 'Q1']",5,-0.2220000000000084,Q2,-0.2220000000000084,-0.0799999999999983,True,-0.2220000000000084,5,
2022:Alpine:ALO-OCO,2022,Alpine,Spanish Grand Prix,ALO,OCO,True,dry,['Q1'],['Q1'],['Q1'],1,,Q1,-0.16300000000001091,-0.40500000000000114,False,,0,
2022:Aston Martin:HUL-STR,2022,Aston Martin,Spanish Grand Prix,HUL,STR,False,dry,[],[],[],0,,,,,False,,0,
2022:Aston Martin:STR-VET,2022,Aston Martin,Spanish Grand Prix,STR,VET,True,dry,['Q1'],['Q1'],['Q1'],2,,Q1,-0.46400000000001285,-0.46400000000001285,False,,0,
2022:Ferrari:LEC-SAI,2022,Ferrari,Spanish Grand Prix,LEC,SAI,True,dry,"['Q1', 'Q2', 'Q3']","['Q1', 'Q2', 'Q3']","['Q3', 'Q2', 'Q1']",3,0.4170000000000016,Q3,0.4159999999999968,0.4159999999999968,True,0.4170000000000016,3,
2022:Haas F1 Team:MAG-MSC,2022,Haas F1 Team,Spanish Grand Prix,MAG,MSC,True,dry,"['Q1', 'Q2', 'Q3']","['Q1', 'Q2', 'Q3']","['Q3', 'Q2']",4,0.5539999999999949,Q3,0.6859999999999928,0.6859999999999928,True,0.5539999999999949,4,
2022:McLaren:NOR-RIC,2022,McLaren,Spanish Grand Prix,NOR,RIC,True,dry,"['Q1', 'Q2']","['Q1', 'Q2']","['Q2', 'Q1']",4,0.295499999999997,Q2,0.3100000000000023,0.3100000000000023,True,0.295499999999997,4,
2022:Mercedes:HAM-RUS,2022,Mercedes,Spanish Grand Prix,HAM,RUS,True,dry,"['Q1', 'Q2', 'Q3']","['Q1', 'Q2', 'Q3']","['Q3', 'Q2']",3,-0.11899999999999977,Q3,-0.11899999999999977,-0.11899999999999977,True,-0.1189999999999997,3,
2022:Red Bull Racing:PER-VER,2022,Red Bull Racing,Spanish Grand Prix,PER,VER,True,dry,"['Q1', 'Q2', 'Q3']","['Q1', 'Q2', 'Q3']","['Q3', 'Q2']",3,-0.4130000000000109,Q3,-0.3470000000000084,-0.3470000000000084,True,-0.4130000000000109,3,
2022:Williams:ALB-LAT,2022,Williams,Spanish Grand Prix,ALB,LAT,True,dry,['Q1'],['Q1'],['Q1'],2,,Q1,0.27000000000001023,0.27000000000001023,False,,0,
2022:Williams:DEV-LAT,2022,Williams,Spanish Grand Prix,DEV,LAT,False,dry,[],[],[],0,,,,,False,,0,
2022:Alfa Romeo:BOT-ZHO,2022,Alfa Romeo,Monaco Grand Prix,BOT,ZHO,True,dry,"['Q1', 'Q2']",['Q1'],['Q1'],2,,Q1,2.0649999999999977,2.6969999999999885,False,,0,
2022:AlphaTauri:GAS-TSU,2022,AlphaTauri,Monaco Grand Prix,GAS,TSU,True,dry,"['Q1', 'Q2']",['Q1'],['Q1'],2,,Q1,-0.5499999999999972,-0.8629999999999995,False,,0,
2022:Alpine:ALO-OCO,2022,Alpine,Monaco Grand Prix,ALO,OCO,True,dry,"['Q1', 'Q2']","['Q1', 'Q2']","['Q2', 'Q1']",5,0.3340000000000032,Q2,-0.1599999999999966,-0.1599999999999966,True,0.3340000000000032,5,
2022:Aston Martin:HUL-STR,2022,Aston Martin,Monaco Grand Prix,HUL,STR,False,dry,[],[],[],0,,,,,False,,0,
2022:Aston Martin:STR-VET,2022,Aston Martin,Monaco Grand Prix,STR,VET,True,dry,"['Q1', 'Q2']",['Q1'],['Q1'],4,0.16899999999999693,Q1,-0.3649999999999949,-1.0649999999999977,True,0.1689999999999969,4,
2022:Ferrari:LEC-SAI,2022,Ferrari,Monaco Grand Prix,LEC,SAI,True,dry,"['Q1', 'Q2']","['Q1', 'Q2']","['Q2', 'Q1']",4,-0.170499999999997,Q2,0.20999999999999375,0.20999999999999375,True,-0.170499999999997,4,
2022:Haas F1 Team:MAG-MSC,2022,Haas F1 Team,Monaco Grand Prix,MAG,MSC,True,dry,"['Q1', 'Q2']","['Q1', 'Q2']","['Q2', 'Q1']",3,-0.06400000000000716,Q2,0.1599999999999966,0.1599999999999966,True,-0.0640000000000071,3,
2022:McLaren:NOR-RIC,2022,McLaren,Monaco Grand Prix,NOR,RIC,True,dry,"['Q1', 'Q2']","['Q1', 'Q2']",['Q2'],3,0.6979999999999933,Q2,0.6979999999999933,0.6979999999999933,True,0.6979999999999933,3,
2022:Mercedes:HAM-RUS,2022,Mercedes,Monaco Grand Prix,HAM,RUS,True,dry,"['Q1', 'Q2']","['Q1', 'Q2']","['Q2', 'Q1']",5,0.40800000000000125,Q2,0.02200000000000557,0.02200000000000557,True,0.4080000000000012,5,
2022:Red Bull Racing:PER-VER,2022,Red Bull Racing,Monaco Grand Prix,PER,VER,True,dry,"['Q1', 'Q2']","['Q1', 'Q2']",['Q2'],3,0.3990000000000009,Q2,0.16300000000001091,0.16300000000001091,True,0.3990000000000009,3,
2022:Williams:ALB-LAT,2022,Williams,Monaco Grand Prix,ALB,LAT,True,dry,"['Q1', 'Q2']",['Q1'],['Q1'],5,0.8400000000000034,Q1,0.7920000000000016,0.7920000000000016,True,0.8400000000000034,5,
2022:Williams:DEV-LAT,2022,Williams,Monaco Grand Prix,DEV,LAT,False,dry,[],[],[],0,,,,,False,,0,
2022:Alfa Romeo:BOT-ZHO,2022,Alfa Romeo,Azerbaijan Grand Prix,BOT,ZHO,True,dry,"['Q1', 'Q2']","['Q1', 'Q2']","['Q2', 'Q1']",2,,Q2,-0.6539999999999964,-0.6670000000000016,False,,0,
2022:AlphaTauri:GAS-TSU,2022,AlphaTauri,Azerbaijan Grand Prix,GAS,TSU,True,dry,"['Q1', 'Q2', 'Q3']","['Q2', 'Q3']","['Q3', 'Q2']",3,0.2469999999999999,Q3,0.21099999999999852,0.21099999999999852,True,0.2469999999999999,3,
2022:Alpine:ALO-OCO,2022,Alpine,Azerbaijan Grand Prix,ALO,OCO,True,dry,"['Q1', 'Q2']",['Q2'],['Q2'],1,,Q2,0.22499999999999432,0.41199999999999193,False,,0,
2022:Aston Martin:HUL-STR,2022,Aston Martin,Azerbaijan Grand Prix,HUL,STR,False,dry,[],[],[],0,,,,,False,,0,
2022:Aston Martin:STR-VET,2022,Aston Martin,Azerbaijan Grand Prix,STR,VET,True,dry,['Q1'],['Q1'],['Q1'],1,,Q1,-0.45300000000000296,-37.88200000000002,False,,0,
2022:Ferrari:LEC-SAI,2022,Ferrari,Azerbaijan Grand Prix,LEC,SAI,True,dry,"['Q1', 'Q2', 'Q3']","['Q1', 'Q2', 'Q3']","['Q3', 'Q2']",3,-0.047000000000011255,Q3,0.4549999999999983,0.4549999999999983,True,-0.0470000000000112,3,
2022:Haas F1 Team:MAG-MSC,2022,Haas F1 Team,Azerbaijan Grand Prix,MAG,MSC,True,dry,['Q1'],['Q1'],['Q1'],1,,Q1,0.002999999999985903,0.002999999999985903,False,,0,
2022:McLaren:NOR-RIC,2022,McLaren,Azerbaijan Grand Prix,NOR,RIC,True,dry,"['Q1', 'Q2']",['Q2'],['Q2'],2,,Q2,0.17600000000000193,0.17600000000000193,False,,0,
2022:Mercedes:HAM-RUS,2022,Mercedes,Azerbaijan Grand Prix,HAM,RUS,True,dry,"['Q1', 'Q2', 'Q3']","['Q1', 'Q2', 'Q3']","['Q3', 'Q2']",3,-0.2120000000000033,Q3,-0.2120000000000033,-0.2120000000000033,True,-0.2120000000000033,3,
2022:Red Bull Racing:PER-VER,2022,Red Bull Racing,Azerbaijan Grand Prix,PER,VER,True,dry,"['Q1', 'Q2', 'Q3']","['Q1', 'Q2', 'Q3']","['Q3', 'Q2']",3,0.049000000000006594,Q3,0.06499999999999773,0.06499999999999773,True,0.0490000000000065,3,
2022:Williams:ALB-LAT,2022,Williams,Azerbaijan Grand Prix,ALB,LAT,True,dry,['Q1'],[],[],0,,,,,False,,0,
2022:Williams:DEV-LAT,2022,Williams,Azerbaijan Grand Prix,DEV,LAT,False,dry,[],[],[],0,,,,,False,,0,
2022:Alfa Romeo:BOT-ZHO,2022,Alfa Romeo,Canadian Grand Prix,BOT,ZHO,True,dry,"['Q1', 'Q2', 'Q3']",['Q3'],['Q3'],4,-1.9349999999999952,Q3,-0.671999999999997,-0.671999999999997,True,-1.9349999999999952,4,
2022:AlphaTauri:GAS-TSU,2022,AlphaTauri,Canadian Grand Prix,GAS,TSU,True,dry,['Q1'],[],['Q1'],0,,,,,False,,0,
2022:Alpine:ALO-OCO,2022,Alpine,Canadian Grand Prix,ALO,OCO,True,dry,"['Q1', 'Q2', 'Q3']",['Q3'],['Q3'],3,0.8789999999999907,Q3,1.2870000000000061,1.2870000000000061,True,0.8789999999999907,3,
2022:Aston Martin:HUL-STR,2022,Aston Martin,Canadian Grand Prix,HUL,STR,False,dry,[],[],[],0,,,,,False,,0,
2022:Aston Martin:STR-VET,2022,Aston Martin,Canadian Grand Prix,STR,VET,True,dry,['Q1'],[],['Q1'],0,,,,,False,,0,
2022:Ferrari:LEC-SAI,2022,Ferrari,Canadian Grand Prix,LEC,SAI,True,dry,['Q1'],[],['Q1'],0,,,,,False,,0,
2022:Haas F1 Team:MAG-MSC,2022,Haas F1 Team,Canadian Grand Prix,MAG,MSC,True,dry,"['Q1', 'Q2', 'Q3']",['Q3'],['Q3'],5,-0.5799999999999983,Q3,-0.5700000000000074,-0.5700000000000074,True,-0.5799999999999983,5,
2022:McLaren:NOR-RIC,2022,McLaren,Canadian Grand Prix,NOR,RIC,True,dry,"['Q1', 'Q2', 'Q3']",[],['Q1'],0,,,,,False,,0,
2022:Mercedes:HAM-RUS,2022,Mercedes,Canadian Grand Prix,HAM,RUS,True,dry,"['Q1', 'Q2', 'Q3']",['Q3'],['Q3'],4,-0.6514999999999986,Q3,-0.5930000000000035,-0.5930000000000035,True,-0.6514999999999986,4,
2022:Red Bull Racing:PER-VER,2022,Red Bull Racing,Canadian Grand Prix,PER,VER,True,dry,"['Q1', 'Q2']",[],['Q1'],0,,,,,False,,0,
2022:Williams:ALB-LAT,2022,Williams,Canadian Grand Prix,ALB,LAT,True,dry,['Q1'],[],['Q1'],0,,,,,False,,0,
2022:Williams:DEV-LAT,2022,Williams,Canadian Grand Prix,DEV,LAT,False,dry,[],[],[],0,,,,,False,,0,
2022:Alfa Romeo:BOT-ZHO,2022,Alfa Romeo,British Grand Prix,BOT,ZHO,True,dry,"['Q1', 'Q2']",['Q1'],['Q2'],0,,Q1,-0.605000000000004,-0.605000000000004,False,,0,
2022:AlphaTauri:GAS-TSU,2022,AlphaTauri,British Grand Prix,GAS,TSU,True,dry,"['Q1', 'Q2']",['Q1'],"['Q2', 'Q1']",2,,Q1,0.21299999999999386,0.21299999999999386,True,,2,insufficient_matched_pairs
2022:Alpine:ALO-OCO,2022,Alpine,British Grand Prix,ALO,OCO,True,dry,"['Q1', 'Q2']",['Q1'],"['Q2', 'Q1']",3,0.8380000000000081,Q1,0.132000000000005,0.132000000000005,True,0.8380000000000081,3,
2022:Aston Martin:HUL-STR,2022,Aston Martin,British Grand Prix,HUL,STR,False,dry,[],[],[],0,,,,,False,,0,
2022:Aston Martin:STR-VET,2022,Aston Martin,British Grand Prix,STR,VET,True,dry,['Q1'],['Q1'],['Q1'],2,,Q1,-0.76400000000001,-0.76400000000001,False,,0,
2022:Ferrari:LEC-SAI,2022,Ferrari,British Grand Prix,LEC,SAI,True,dry,"['Q1', 'Q2', 'Q3']",['Q1'],"['Q3', 'Q2']",0,,Q1,0.3439999999999941,0.3439999999999941,False,,0,
2022:Haas F1 Team:MAG-MSC,2022,Haas F1 Team,British Grand Prix,MAG,MSC,True,dry,['Q1'],['Q1'],['Q1'],3,0.9939999999999998,Q1,0.5489999999999924,0.5489999999999924,True,0.9939999999999998,3,
2022:McLaren:NOR-RIC,2022,McLaren,British Grand Prix,NOR,RIC,True,dry,"['Q1', 'Q2']",['Q1'],['Q2'],0,,Q1,0.41800000000000637,0.41800000000000637,False,,0,
2022:Mercedes:HAM-RUS,2022,Mercedes,British Grand Prix,HAM,RUS,True,dry,"['Q1', 'Q2', 'Q3']",['Q1'],"['Q3', 'Q2']",0,,Q1,-0.3999999999999915,-0.3999999999999915,False,,0,
2022:Red Bull Racing:PER-VER,2022,Red Bull Racing,British Grand Prix,PER,VER,True,dry,"['Q1', 'Q2', 'Q3']",['Q1'],"['Q3', 'Q2']",0,,Q1,-1.391999999999996,-1.391999999999996,False,,0,
2022:Williams:ALB-LAT,2022,Williams,British Grand Prix,ALB,LAT,True,dry,['Q1'],['Q1'],['Q1'],2,,Q1,-0.0799999999999983,-0.0799999999999983,True,,2,insufficient_matched_pairs
2022:Williams:DEV-LAT,2022,Williams,British Grand Prix,DEV,LAT,False,dry,[],[],[],0,,,,,False,,0,
2022:Alfa Romeo:BOT-ZHO,2022,Alfa Romeo,Austrian Grand Prix,BOT,ZHO,True,dry,['Q1'],['Q1'],['Q1'],3,0.4590000000000032,Q1,0.4590000000000032,0.5819999999999936,True,0.4590000000000032,3,
2022:AlphaTauri:GAS-TSU,2022,AlphaTauri,Austrian Grand Prix,GAS,TSU,True,dry,"['Q1', 'Q2']","['Q1', 'Q2']","['Q2', 'Q1']",6,-0.012999999999998124,Q2,0.6910000000000025,0.30299999999999727,True,-0.0129999999999981,6,
2022:Alpine:ALO-OCO,2022,Alpine,Austrian Grand Prix,ALO,OCO,True,dry,"['Q1', 'Q2', 'Q3']","['Q1', 'Q2', 'Q3']","['Q3', 'Q2']",4,-0.07399999999999807,Q3,-0.37699999999999534,-0.29000000000000625,True,-0.073999999999998,4,
2022:Aston Martin:HUL-STR,2022,Aston Martin,Austrian Grand Prix,HUL,STR,False,dry,[],[],[],0,,,,,False,,0,
2022:Aston Martin:STR-VET,2022,Aston Martin,Austrian Grand Prix,STR,VET,True,dry,['Q1'],['Q1'],['Q1'],4,0.07750000000000057,Q1,-0.19499999999999318,-0.19499999999999318,True,0.0775000000000005,4,
2022:Ferrari:LEC-SAI,2022,Ferrari,Austrian Grand Prix,LEC,SAI,True,dry,"['Q1', 'Q2', 'Q3']","['Q1', 'Q2', 'Q3']","['Q3', 'Q2']",6,0.13299999999999557,Q3,0.05299999999999727,0.05299999999999727,True,0.1329999999999955,6,
2022:Haas F1 Team:MAG-MSC,2022,Haas F1 Team,Austrian Grand Prix,MAG,MSC,True,dry,"['Q1', 'Q2', 'Q3']","['Q1', 'Q2', 'Q3']","['Q3', 'Q2']",4,0.18499999999999517,Q3,0.1319999999999908,0.1319999999999908,True,0.1849999999999951,4,
2022:McLaren:NOR-RIC,2022,McLaren,Austrian Grand Prix,NOR,RIC,True,dry,['Q1'],['Q1'],['Q1'],3,0.1570000000000107,Q1,0.28300000000000125,0.28300000000000125,True,0.1570000000000107,3,
2022:Mercedes:HAM-RUS,2022,Mercedes,Austrian Grand Prix,HAM,RUS,True,dry,"['Q1', 'Q2', 'Q3']","['Q1', 'Q2']",['Q2'],3,0.2330000000000041,Q2,0.2220000000000084,-0.022999999999996135,True,0.2330000000000041,3,
2022:Red Bull Racing:PER-VER,2022,Red Bull Racing,Austrian Grand Prix,PER,VER,True,dry,"['Q1', 'Q2', 'Q3']","['Q1', 'Q2', 'Q3']","['Q3', 'Q2']",4,-0.7055000000000007,Q3,-0.4200000000000017,-0.4200000000000017,True,-0.7055000000000007,4,
2022:Williams:ALB-LAT,2022,Williams,Austrian Grand Prix,ALB,LAT,True,dry,['Q1'],['Q1'],['Q1'],3,0.597999999999999,Q1,0.49200000000000443,0.7729999999999961,True,0.597999999999999,3,
2022:Williams:DEV-LAT,2022,Williams,Austrian Grand Prix,DEV,LAT,False,dry,[],[],[],0,,,,,False,,0,
2022:Alfa Romeo:BOT-ZHO,2022,Alfa Romeo,French Grand Prix,BOT,ZHO,True,dry,['Q1'],['Q1'],['Q1'],2,,Q1,0.6400000000000006,0.6400000000000006,False,,0,
2022:AlphaTauri:GAS-TSU,2022,AlphaTauri,French Grand Prix,GAS,TSU,True,dry,['Q1'],['Q1'],['Q1'],2,,Q1,-0.044999999999987494,-0.6589999999999918,False,,0,
2022:Alpine:ALO-OCO,2022,Alpine,French Grand Prix,ALO,OCO,True,dry,"['Q1', 'Q2']","['Q1', 'Q2']","['Q2', 'Q1']",3,0.527000000000001,Q2,0.4170000000000016,0.4959999999999951,True,0.527000000000001,3,
2022:Aston Martin:HUL-STR,2022,Aston Martin,French Grand Prix,HUL,STR,False,dry,[],[],[],0,,,,,False,,0,
2022:Aston Martin:STR-VET,2022,Aston Martin,French Grand Prix,STR,VET,True,dry,['Q1'],['Q1'],['Q1'],3,0.22400000000000375,Q1,-0.15399999999999636,-0.1629999999999967,True,0.2240000000000037,3,
2022:Ferrari:LEC-SAI,2022,Ferrari,French Grand Prix,LEC,SAI,True,dry,"['Q1', 'Q2', 'Q3']","['Q1', 'Q2']","['Q2', 'Q1']",2,,Q2,-0.1349999999999909,0.20900000000000318,False,,0,
2022:Haas F1 Team:MAG-MSC,2022,Haas F1 Team,French Grand Prix,MAG,MSC,True,dry,['Q1'],['Q1'],['Q1'],1,,Q1,0.3580000000000041,0.4650000000000034,False,,0,
2022:McLaren:NOR-RIC,2022,McLaren,French Grand Prix,NOR,RIC,True,dry,"['Q1', 'Q2']","['Q1', 'Q2']","['Q2', 'Q1']",2,,Q2,0.14499999999999602,0.8900000000000006,False,,0,
2022:Mercedes:HAM-RUS,2022,Mercedes,French Grand Prix,HAM,RUS,True,dry,"['Q1', 'Q2', 'Q3']","['Q1', 'Q2', 'Q3']","['Q3', 'Q2']",5,0.35899999999999466,Q3,0.36599999999999966,0.36599999999999966,True,0.3589999999999946,5,
2022:Red Bull Racing:PER-VER,2022,Red Bull Racing,French Grand Prix,PER,VER,True,dry,"['Q1', 'Q2', 'Q3']","['Q1', 'Q2', 'Q3']","['Q3', 'Q2']",3,-0.15899999999999181,Q3,-0.15899999999999181,-0.15899999999999181,True,-0.1589999999999918,3,
2022:Williams:ALB-LAT,2022,Williams,French Grand Prix,ALB,LAT,True,dry,['Q1'],['Q1'],['Q1'],1,,Q1,0.3709999999999951,0.48699999999999477,False,,0,
2022:Williams:DEV-LAT,2022,Williams,French Grand Prix,DEV,LAT,False,dry,[],[],[],0,,,,,False,,0,
2022:Alfa Romeo:BOT-ZHO,2022,Alfa Romeo,Hungarian Grand Prix,BOT,ZHO,True,dry,"['Q1', 'Q2']","['Q1', 'Q2']","['Q2', 'Q1']",5,0.1280000000000001,Q2,0.1280000000000001,0.4159999999999968,True,0.1280000000000001,5,
2022:AlphaTauri:GAS-TSU,2022,AlphaTauri,Hungarian Grand Prix,GAS,TSU,True,dry,['Q1'],['Q1'],['Q1'],3,0.12399999999999523,Q1,0.12399999999999523,0.12399999999999523,True,0.1239999999999952,3,
2022:Alpine:ALO-OCO,2022,Alpine,Hungarian Grand Prix,ALO,OCO,True,dry,"['Q1', 'Q2', 'Q3']","['Q1', 'Q2', 'Q3']","['Q3', 'Q2']",3,0.5870000000000033,Q3,-0.060000000000002274,0.11400000000000432,True,0.5870000000000033,3,
2022:Aston Martin:HUL-STR,2022,Aston Martin,Hungarian Grand Prix,HUL,STR,False,dry,[],[],[],0,,,,,False,,0,
2022:Aston Martin:STR-VET,2022,Aston Martin,Hungarian Grand Prix,STR,VET,True,dry,['Q1'],['Q1'],['Q1'],3,0.5570000000000022,Q1,0.06799999999999784,0.13599999999999568,True,0.5570000000000022,3,
2022:Ferrari:LEC-SAI,2022,Ferrari,Hungarian Grand Prix,LEC,SAI,True,dry,"['Q1', 'Q2', 'Q3']","['Q1', 'Q2', 'Q3']","['Q3', 'Q2']",5,-0.14599999999998658,Q3,-0.14599999999998658,-0.14599999999998658,True,-0.1459999999999865,5,
2022:Haas F1 Team:MAG-MSC,2022,Haas F1 Team,Hungarian Grand Prix,MAG,MSC,True,dry,"['Q1', 'Q2']","['Q1', 'Q2']",['Q2'],3,0.6490000000000009,Q2,0.37699999999999534,0.33899999999999864,True,0.6490000000000009,3,
2022:McLaren:NOR-RIC,2022,McLaren,Hungarian Grand Prix,NOR,RIC,True,dry,"['Q1', 'Q2', 'Q3']","['Q1', 'Q2', 'Q3']","['Q3', 'Q2']",3,0.6099999999999994,Q3,0.6099999999999994,0.42899999999998784,True,0.6099999999999994,3,
2022:Mercedes:HAM-RUS,2022,Mercedes,Hungarian Grand Prix,HAM,RUS,True,dry,"['Q1', 'Q2', 'Q3']","['Q1', 'Q2', 'Q3']","['Q3', 'Q2']",3,-0.17399999999999238,Q3,-0.7650000000000006,-0.6580000000000013,True,-0.1739999999999923,3,
2022:Red Bull Racing:PER-VER,2022,Red Bull Racing,Hungarian Grand Prix,PER,VER,True,dry,"['Q1', 'Q2']","['Q1', 'Q2']","['Q2', 'Q1']",6,-0.67349999999999,Q2,-0.8130000000000024,-0.8130000000000024,True,-0.67349999999999,6,
2022:Williams:ALB-LAT,2022,Williams,Hungarian Grand Prix,ALB,LAT,True,dry,['Q1'],['Q1'],['Q1'],4,0.3685000000000045,Q1,0.31399999999999295,0.31399999999999295,True,0.3685000000000045,4,
2022:Williams:DEV-LAT,2022,Williams,Hungarian Grand Prix,DEV,LAT,False,dry,[],[],[],0,,,,,False,,0,
2022:Alfa Romeo:BOT-ZHO,2022,Alfa Romeo,Belgian Grand Prix,BOT,ZHO,True,dry,['Q1'],['Q1'],['Q1'],1,,Q1,-1.6880000000000024,-1.781000000000006,False,,0,
2022:AlphaTauri:GAS-TSU,2022,AlphaTauri,Belgian Grand Prix,GAS,TSU,True,dry,['Q1'],['Q1'],['Q1'],2,,Q1,0.5089999999999861,0.8649999999999949,False,,0,
2022:Alpine:ALO-OCO,2022,Alpine,Belgian Grand Prix,ALO,OCO,True,dry,"['Q1', 'Q2', 'Q3']","['Q1', 'Q2', 'Q3']","['Q3', 'Q2', 'Q1']",3,-0.1810000000000116,Q3,-0.18799999999998818,-0.18799999999998818,True,-0.1810000000000116,3,
2022:Aston Martin:HUL-STR,2022,Aston Martin,Belgian Grand Prix,HUL,STR,False,dry,[],[],[],0,,,,,False,,0,
2022:Aston Martin:STR-VET,2022,Aston Martin,Belgian Grand Prix,STR,VET,True,dry,['Q1'],['Q1'],['Q1'],2,,Q1,0.08799999999999386,0.08799999999999386,False,,0,
2022:Ferrari:LEC-SAI,2022,Ferrari,Belgian Grand Prix,LEC,SAI,True,dry,"['Q1', 'Q2', 'Q3']","['Q1', 'Q2', 'Q3']","['Q3', 'Q2', 'Q1']",3,-0.2560000000000002,Q3,-0.2560000000000002,-0.2540000000000049,True,-0.2560000000000002,3,
2022:Haas F1 Team:MAG-MSC,2022,Haas F1 Team,Belgian Grand Prix,MAG,MSC,True,dry,['Q1'],['Q1'],['Q1'],2,,Q1,-0.2150000000000034,-0.2150000000000034,False,,0,
2022:McLaren:NOR-RIC,2022,McLaren,Belgian Grand Prix,NOR,RIC,True,dry,"['Q1', 'Q2']","['Q1', 'Q2']","['Q2', 'Q1']",3,0.16400000000000148,Q2,0.16400000000000148,0.16400000000000148,True,0.1640000000000014,3,
2022:Mercedes:HAM-RUS,2022,Mercedes,Belgian Grand Prix,HAM,RUS,True,dry,"['Q1', 'Q2', 'Q3']","['Q1', 'Q2', 'Q3']","['Q3', 'Q2']",4,-0.1425000000000054,Q3,0.27299999999999613,0.04099999999999682,True,-0.1425000000000054,4,
2022:Red Bull Racing:PER-VER,2022,Red Bull Racing,Belgian Grand Prix,PER,VER,True,dry,"['Q1', 'Q2', 'Q3']","['Q1', 'Q2', 'Q3']","['Q3', 'Q2', 'Q1']",3,-0.7959999999999923,Q3,-0.796999999999997,-0.796999999999997,True,-0.7959999999999923,3,
2022:Williams:ALB-LAT,2022,Williams,Belgian Grand Prix,ALB,LAT,True,dry,['Q1'],['Q1'],['Q1'],2,,Q1,0.7289999999999992,0.7289999999999992,False,,0,
2022:Williams:DEV-LAT,2022,Williams,Belgian Grand Prix,DEV,LAT,False,dry,[],[],[],0,,,,,False,,0,
2022:Alfa Romeo:BOT-ZHO,2022,Alfa Romeo,Dutch Grand Prix,BOT,ZHO,True,dry,['Q1'],['Q1'],['Q1'],3,-0.22499999999999432,Q1,-0.13500000000000512,-0.257000000000005,True,-0.2249999999999943,3,
2022:AlphaTauri:GAS-TSU,2022,AlphaTauri,Dutch Grand Prix,GAS,TSU,True,dry,"['Q1', 'Q2', 'Q3']","['Q1', 'Q2']","['Q2', 'Q1']",5,-0.117999999999995,Q2,-0.08400000000000318,-0.08499999999999375,True,-0.117999999999995,5,
2022:Alpine:ALO-OCO,2022,Alpine,Dutch Grand Prix,ALO,OCO,True,dry,"['Q1', 'Q2', 'Q3']","['Q1', 'Q2']","['Q2', 'Q1']",3,0.41199999999999193,Q2,-0.007999999999995566,-0.007999999999995566,True,0.4119999999999919,3,
2022:Aston Martin:HUL-STR,2022,Aston Martin,Dutch Grand Prix,HUL,STR,False,dry,[],[],[],0,,,,,False,,0,
2022:Aston Martin:STR-VET,2022,Aston Martin,Dutch Grand Prix,STR,VET,True,dry,['Q1'],['Q1'],['Q1'],2,,Q1,0.8230000000000075,0.9750000000000085,False,,0,
2022:Ferrari:LEC-SAI,2022,Ferrari,Dutch Grand Prix,LEC,SAI,True,dry,"['Q1', 'Q2', 'Q3']","['Q1', 'Q2', 'Q3']","['Q3', 'Q2']",4,-0.03250000000000597,Q3,0.07099999999999795,0.07099999999999795,True,-0.0325000000000059,4,
2022:Haas F1 Team:MAG-MSC,2022,Haas F1 Team,Dutch Grand Prix,MAG,MSC,True,dry,['Q1'],['Q1'],['Q1'],3,0.14499999999999602,Q1,-0.29999999999999716,-0.6209999999999951,True,0.144999999999996,3,
2022:McLaren:NOR-RIC,2022,McLaren,Dutch Grand Prix,NOR,RIC,True,dry,['Q1'],['Q1'],['Q1'],2,,Q1,0.5250000000000057,0.9650000000000034,False,,0,
2022:Mercedes:HAM-RUS,2022,Mercedes,Dutch Grand Prix,HAM,RUS,True,dry,"['Q1', 'Q2', 'Q3']","['Q1', 'Q2', 'Q3']","['Q3', 'Q2']",3,0.3430000000000035,Q3,0.49900000000000944,0.17600000000000193,True,0.3430000000000035,3,
2022:Red Bull Racing:PER-VER,2022,Red Bull Racing,Dutch Grand Prix,PER,VER,True,dry,"['Q1', 'Q2', 'Q3']","['Q1', 'Q2', 'Q3']","['Q3', 'Q2', 'Q1']",3,-0.5619999999999976,Q3,-0.7349999999999994,-0.7349999999999994,True,-0.5619999999999976,3,
2022:Williams:ALB-LAT,2022,Williams,Dutch Grand Prix,ALB,LAT,True,dry,['Q1'],['Q1'],['Q1'],1,,Q1,1.6580000000000013,1.6580000000000013,False,,0,
2022:Williams:DEV-LAT,2022,Williams,Dutch Grand Prix,DEV,LAT,False,dry,[],[],[],0,,,,,False,,0,
2022:Alfa Romeo:BOT-ZHO,2022,Alfa Romeo,Italian Grand Prix,BOT,ZHO,True,dry,"['Q1', 'Q2']","['Q1', 'Q2']","['Q2', 'Q1']",4,-0.04600000000000648,Q2,0.34199999999999875,-0.23199999999999932,True,-0.0460000000000064,4,
2022:AlphaTauri:GAS-TSU,2022,AlphaTauri,Italian Grand Prix,GAS,TSU,True,dry,['Q1'],['Q1'],['Q1'],2,,Q1,0.009999999999990905,0.10999999999999943,False,,0,
2022:Alpine:ALO-OCO,2022,Alpine,Italian Grand Prix,ALO,OCO,True,dry,"['Q1', 'Q2']","['Q1', 'Q2']","['Q2', 'Q1']",4,0.1565000000000012,Q2,0.26899999999999125,0.30100000000000193,True,0.1565000000000012,4,
2022:Aston Martin:HUL-STR,2022,Aston Martin,Italian Grand Prix,HUL,STR,False,dry,[],[],[],0,,,,,False,,0,
2022:Aston Martin:STR-VET,2022,Aston Martin,Italian Grand Prix,STR,VET,True,dry,['Q1'],['Q1'],['Q1'],2,,Q1,-0.11200000000000898,-0.11200000000000898,False,,0,
2022:Ferrari:LEC-SAI,2022,Ferrari,Italian Grand Prix,LEC,SAI,True,dry,"['Q1', 'Q2', 'Q3']","['Q1', 'Q2', 'Q3']","['Q3', 'Q2']",3,-0.18599999999999284,Q3,0.2680000000000007,0.2680000000000007,True,-0.1859999999999928,3,
2022:Haas F1 Team:MAG-MSC,2022,Haas F1 Team,Italian Grand Prix,MAG,MSC,True,dry,['Q1'],['Q1'],['Q1'],3,0.6059999999999945,Q1,0.6059999999999945,0.6059999999999945,True,0.6059999999999945,3,
2022:McLaren:NOR-RIC,2022,McLaren,Italian Grand Prix,NOR,RIC,True,dry,"['Q1', 'Q2', 'Q3']","['Q1', 'Q2', 'Q3']","['Q3', 'Q2']",4,0.40099999999999625,Q3,0.340999999999994,0.2710000000000008,True,0.4009999999999962,4,
2022:Mercedes:HAM-RUS,2022,Mercedes,Italian Grand Prix,HAM,RUS,True,dry,"['Q1', 'Q2', 'Q3']","['Q1', 'Q2', 'Q3']","['Q3', 'Q2', 'Q1']",4,-0.26899999999999835,Q3,0.018000000000000682,0.018000000000000682,True,-0.2689999999999983,4,
2022:Red Bull Racing:PER-VER,2022,Red Bull Racing,Italian Grand Prix,PER,VER,True,dry,"['Q1', 'Q2', 'Q3']","['Q1', 'Q2', 'Q3']","['Q3', 'Q2']",3,-0.5,Q3,-0.9000000000000057,-0.9000000000000057,True,-0.5,3,
2022:Williams:ALB-LAT,2022,Williams,Italian Grand Prix,ALB,LAT,False,dry,[],[],[],0,,,,,False,,0,
2022:Williams:DEV-LAT,2022,Williams,Italian Grand Prix,DEV,LAT,True,dry,['Q1'],['Q1'],['Q1'],2,,Q1,0.41100000000000136,0.41100000000000136,False,,0,
2022:Alfa Romeo:BOT-ZHO,2022,Alfa Romeo,Singapore Grand Prix,BOT,ZHO,True,dry,['Q1'],['Q1'],['Q1'],3,-0.7079999999999984,Q1,-0.7079999999999984,-0.7079999999999984,True,-0.7079999999999984,3,
2022:AlphaTauri:GAS-TSU,2022,AlphaTauri,Singapore Grand Prix,GAS,TSU,True,dry,"['Q1', 'Q2', 'Q3']","['Q1', 'Q2', 'Q3']","['Q3', 'Q2']",4,1.1350000000000051,Q3,0.7720000000000056,0.7720000000000056,True,1.1350000000000051,4,
2022:Alpine:ALO-OCO,2022,Alpine,Singapore Grand Prix,ALO,OCO,True,dry,['Q1'],['Q1'],['Q1'],2,,Q1,1.0589999999999975,6.453000000000003,False,,0,
2022:Aston Martin:HUL-STR,2022,Aston Martin,Singapore Grand Prix,HUL,STR,False,dry,[],[],[],0,,,,,False,,0,
2022:Aston Martin:STR-VET,2022,Aston Martin,Singapore Grand Prix,STR,VET,True,dry,"['Q1', 'Q2']",['Q2'],['Q2'],1,,Q2,0.16899999999999693,0.16899999999999693,False,,0,
2022:Ferrari:LEC-SAI,2022,Ferrari,Singapore Grand Prix,LEC,SAI,True,dry,"['Q1', 'Q2', 'Q3']","['Q2', 'Q3']",['Q3'],3,0.17099999999999227,Q3,0.17099999999999227,0.17099999999999227,True,0.1709999999999922,3,
2022:Haas F1 Team:MAG-MSC,2022,Haas F1 Team,Singapore Grand Prix,MAG,MSC,True,dry,"['Q1', 'Q2']","['Q1', 'Q2']","['Q2', 'Q1']",3,-0.06300000000000239,Q2,0.3640000000000043,2.7970000000000113,True,-0.0630000000000023,3,
2022:McLaren:NOR-RIC,2022,McLaren,Singapore Grand Prix,NOR,RIC,True,dry,['Q1'],['Q1'],['Q1'],2,,Q1,1.0259999999999962,6.3559999999999945,False,,0,
2022:Mercedes:HAM-RUS,2022,Mercedes,Singapore Grand Prix,HAM,RUS,True,dry,"['Q1', 'Q2']","['Q1', 'Q2']","['Q2', 'Q1']",4,1.5119999999999933,Q2,1.320999999999998,4.5460000000000065,True,1.5119999999999931,4,
2022:Red Bull Racing:PER-VER,2022,Red Bull Racing,Singapore Grand Prix,PER,VER,True,dry,"['Q1', 'Q2', 'Q3']","['Q2', 'Q3']","['Q3', 'Q2']",3,3.1850000000000023,Q3,3.734000000000009,3.2890000000000015,True,3.1850000000000023,3,
2022:Williams:ALB-LAT,2022,Williams,Singapore Grand Prix,ALB,LAT,True,dry,['Q1'],['Q1'],['Q1'],1,,Q1,0.546999999999997,0.546999999999997,False,,0,
2022:Williams:DEV-LAT,2022,Williams,Singapore Grand Prix,DEV,LAT,False,dry,[],[],[],0,,,,,False,,0,
2022:Alfa Romeo:BOT-ZHO,2022,Alfa Romeo,Japanese Grand Prix,BOT,ZHO,True,dry,"['Q1', 'Q2']","['Q1', 'Q2']","['Q2', 'Q1']",4,0.2734999999999985,Q2,0.24399999999999977,0.18500000000000227,True,0.2734999999999985,4,
2022:AlphaTauri:GAS-TSU,2022,AlphaTauri,Japanese Grand Prix,GAS,TSU,True,dry,['Q1'],['Q1'],['Q1'],3,-0.41800000000000637,Q1,-0.19200000000000728,-0.5139999999999958,True,-0.4180000000000063,3,
2022:Alpine:ALO-OCO,2022,Alpine,Japanese Grand Prix,ALO,OCO,True,dry,"['Q1', 'Q2', 'Q3']","['Q1', 'Q2', 'Q3']","['Q3', 'Q2']",4,-0.07699999999999818,Q3,-0.15699999999999648,-0.15699999999999648,True,-0.0769999999999981,4,
2022:Aston Martin:HUL-STR,2022,Aston Martin,Japanese Grand Prix,HUL,STR,False,dry,[],[],[],0,,,,,False,,0,
2022:Aston Martin:STR-VET,2022,Aston Martin,Japanese Grand Prix,STR,VET,True,dry,['Q1'],['Q1'],['Q1'],2,,Q1,-0.1629999999999967,-0.8649999999999949,False,,0,
2022:Ferrari:LEC-SAI,2022,Ferrari,Japanese Grand Prix,LEC,SAI,True,dry,"['Q1', 'Q2', 'Q3']","['Q1', 'Q2', 'Q3']","['Q3', 'Q2']",3,0.047000000000011255,Q3,0.047000000000011255,0.047000000000011255,True,0.0470000000000112,3,
2022:Haas F1 Team:MAG-MSC,2022,Haas F1 Team,Japanese Grand Prix,MAG,MSC,True,dry,['Q1'],['Q1'],['Q1'],2,,Q1,-0.20000000000000284,-0.20000000000000284,False,,0,
2022:McLaren:NOR-RIC,2022,McLaren,Japanese Grand Prix,NOR,RIC,True,dry,"['Q1', 'Q2']","['Q1', 'Q2']","['Q2', 'Q1']",3,-0.3079999999999927,Q2,0.18600000000000705,0.18600000000000705,True,-0.3079999999999927,3,
2022:Mercedes:HAM-RUS,2022,Mercedes,Japanese Grand Prix,HAM,RUS,True,dry,"['Q1', 'Q2', 'Q3']","['Q1', 'Q2', 'Q3']","['Q3', 'Q2']",4,0.02300000000000324,Q3,0.1280000000000001,0.1280000000000001,True,0.0230000000000032,4,
2022:Red Bull Racing:PER-VER,2022,Red Bull Racing,Japanese Grand Prix,PER,VER,True,dry,"['Q1', 'Q2', 'Q3']","['Q1', 'Q2', 'Q3']","['Q3', 'Q2']",3,-0.37700000000000955,Q3,-0.40500000000000114,-0.40500000000000114,True,-0.3770000000000095,3,
2022:Williams:ALB-LAT,2022,Williams,Japanese Grand Prix,ALB,LAT,True,dry,['Q1'],['Q1'],['Q1'],2,,Q1,0.19999999999998863,0.19999999999998863,False,,0,
2022:Williams:DEV-LAT,2022,Williams,Japanese Grand Prix,DEV,LAT,False,dry,[],[],[],0,,,,,False,,0,
2022:Alfa Romeo:BOT-ZHO,2022,Alfa Romeo,United States Grand Prix,BOT,ZHO,True,dry,"['Q1', 'Q2']","['Q1', 'Q2']","['Q2', 'Q1']",4,0.19200000000000017,Q2,-0.125,-0.12300000000000466,True,0.1920000000000001,4,
2022:AlphaTauri:GAS-TSU,2022,AlphaTauri,United States Grand Prix,GAS,TSU,True,dry,"['Q1', 'Q2']","['Q1', 'Q2']","['Q2', 'Q1']",3,0.23699999999999477,Q2,-0.30100000000000193,-0.13800000000000523,True,0.2369999999999947,3,
2022:Alpine:ALO-OCO,2022,Alpine,United States Grand Prix,ALO,OCO,True,dry,['Q1'],['Q1'],['Q1'],1,,Q1,0.6219999999999999,1.191999999999993,False,,0,
2022:Aston Martin:HUL-STR,2022,Aston Martin,United States Grand Prix,HUL,STR,False,dry,[],[],[],0,,,,,False,,0,
2022:Aston Martin:STR-VET,2022,Aston Martin,United States Grand Prix,STR,VET,True,dry,"['Q1', 'Q2']","['Q1', 'Q2']","['Q2', 'Q1']",4,0.10699999999999932,Q2,0.36599999999999966,0.7999999999999972,True,0.1069999999999993,4,
2022:Ferrari:LEC-SAI,2022,Ferrari,United States Grand Prix,LEC,SAI,True,dry,"['Q1', 'Q2', 'Q3']","['Q1', 'Q2', 'Q3']","['Q3', 'Q2']",3,0.15900000000000603,Q3,-0.06500000000001194,-0.06500000000001194,True,0.159000000000006,3,
2022:Haas F1 Team:MAG-MSC,2022,Haas F1 Team,United States Grand Prix,MAG,MSC,True,dry,['Q1'],['Q1'],['Q1'],2,,Q1,0.16200000000000614,0.16200000000000614,False,,0,
2022:McLaren:NOR-RIC,2022,McLaren,United States Grand Prix,NOR,RIC,True,dry,['Q1'],['Q1'],['Q1'],2,,Q1,0.5810000000000031,1.3560000000000088,False,,0,
2022:Mercedes:HAM-RUS,2022,Mercedes,United States Grand Prix,HAM,RUS,True,dry,"['Q1', 'Q2', 'Q3']","['Q1', 'Q2', 'Q3']","['Q3', 'Q2']",4,-0.05100000000000193,Q3,0.04099999999999682,0.04099999999999682,True,-0.0510000000000019,4,
2022:Red Bull Racing:PER-VER,2022,Red Bull Racing,United States Grand Prix,PER,VER,True,dry,"['Q1', 'Q2', 'Q3']","['Q1', 'Q2', 'Q3']","['Q3', 'Q2']",3,-0.19700000000000273,Q3,-0.19700000000000273,-0.19700000000000273,True,-0.1970000000000027,3,
2022:Williams:ALB-LAT,2022,Williams,United States Grand Prix,ALB,LAT,True,dry,['Q1'],['Q1'],['Q1'],2,,Q1,0.3119999999999976,0.8760000000000048,False,,0,
2022:Williams:DEV-LAT,2022,Williams,United States Grand Prix,DEV,LAT,False,dry,[],[],[],0,,,,,False,,0,
2022:Alfa Romeo:BOT-ZHO,2022,Alfa Romeo,Mexico City Grand Prix,BOT,ZHO,True,dry,"['Q1', 'Q2']","['Q1', 'Q2']","['Q2', 'Q1']",4,0.8305000000000007,Q2,0.7139999999999986,1.0750000000000028,True,0.8305000000000007,4,
2022:AlphaTauri:GAS-TSU,2022,AlphaTauri,Mexico City Grand Prix,GAS,TSU,True,dry,"['Q1', 'Q2']","['Q1', 'Q2']","['Q2', 'Q1']",3,-0.3610000000000042,Q2,-0.08299999999999841,-0.08299999999999841,True,-0.3610000000000042,3,
2022:Alpine:ALO-OCO,2022,Alpine,Mexico City Grand Prix,ALO,OCO,True,dry,"['Q1', 'Q2', 'Q3']","['Q1', 'Q2', 'Q3']","['Q3', 'Q2']",3,-0.12699999999999534,Q3,0.07100000000001216,0.07100000000001216,True,-0.1269999999999953,3,
2022:Aston Martin:HUL-STR,2022,Aston Martin,Mexico City Grand Prix,HUL,STR,False,dry,[],[],[],0,,,,,False,,0,
2022:Aston Martin:STR-VET,2022,Aston Martin,Mexico City Grand Prix,STR,VET,True,dry,['Q1'],['Q1'],['Q1'],3,-0.10099999999999909,Q1,-0.10099999999999909,-0.10099999999999909,True,-0.100999999999999,3,
2022:Ferrari:LEC-SAI,2022,Ferrari,Mexico City Grand Prix,LEC,SAI,True,dry,"['Q1', 'Q2', 'Q3']","['Q1', 'Q2', 'Q3']","['Q3', 'Q2']",3,-0.13700000000000045,Q3,-0.20400000000000773,-0.20400000000000773,True,-0.1370000000000004,3,
2022:Haas F1 Team:MAG-MSC,2022,Haas F1 Team,Mexico City Grand Prix,MAG,MSC,True,dry,['Q1'],['Q1'],['Q1'],4,-0.40500000000000824,Q1,-0.5980000000000132,-0.13800000000000523,True,-0.4050000000000082,4,
2022:McLaren:NOR-RIC,2022,McLaren,Mexico City Grand Prix,NOR,RIC,True,dry,"['Q1', 'Q2']","['Q1', 'Q2']","['Q2', 'Q1']",4,0.2220000000000013,Q2,0.20600000000000307,0.6039999999999992,True,0.2220000000000013,4,
2022:Mercedes:HAM-RUS,2022,Mercedes,Mexico City Grand Prix,HAM,RUS,True,dry,"['Q1', 'Q2', 'Q3']","['Q1', 'Q2', 'Q3']","['Q3', 'Q2']",3,0.012999999999991019,Q3,-0.005000000000009663,-0.005000000000009663,True,0.012999999999991,3,
2022:Red Bull Racing:PER-VER,2022,Red Bull Racing,Mexico City Grand Prix,PER,VER,True,dry,"['Q1', 'Q2', 'Q3']","['Q1', 'Q2', 'Q3']","['Q3', 'Q2']",4,-0.27949999999999875,Q3,-0.35299999999999443,-0.35299999999999443,True,-0.2794999999999987,4,
2022:Williams:ALB-LAT,2022,Williams,Mexico City Grand Prix,ALB,LAT,True,dry,['Q1'],['Q1'],['Q1'],3,0.33200000000000784,Q1,0.30800000000000693,0.30800000000000693,True,0.3320000000000078,3,
2022:Williams:DEV-LAT,2022,Williams,Mexico City Grand Prix,DEV,LAT,False,dry,[],[],[],0,,,,,False,,0,
2022:Alfa Romeo:BOT-ZHO,2022,Alfa Romeo,São Paulo Grand Prix,BOT,ZHO,True,dry,['Q1'],['Q1'],['Q1'],4,-0.45700000000000784,Q1,-0.2890000000000015,-0.2890000000000015,True,-0.4570000000000078,4,
2022:AlphaTauri:GAS-TSU,2022,AlphaTauri,São Paulo Grand Prix,GAS,TSU,True,dry,['Q1'],['Q1'],['Q1'],2,,Q1,1.8930000000000007,4.588999999999999,False,,0,
2022:Alpine:ALO-OCO,2022,Alpine,São Paulo Grand Prix,ALO,OCO,True,dry,"['Q1', 'Q2', 'Q3']","['Q1', 'Q2']","['Q3', 'Q2']",3,0.4309999999999974,Q2,0.19299999999999784,0.19299999999999784,True,0.4309999999999974,3,
2022:Aston Martin:HUL-STR,2022,Aston Martin,São Paulo Grand Prix,HUL,STR,False,dry,[],[],[],0,,,,,False,,0,
2022:Aston Martin:STR-VET,2022,Aston Martin,São Paulo Grand Prix,STR,VET,True,dry,"['Q1', 'Q2']","['Q1', 'Q2']",['Q2'],3,0.03900000000000148,Q2,-0.5319999999999965,-0.5319999999999965,True,0.0390000000000014,3,
2022:Ferrari:LEC-SAI,2022,Ferrari,São Paulo Grand Prix,LEC,SAI,True,dry,"['Q1', 'Q2', 'Q3']","['Q1', 'Q2']",['Q2'],3,-0.28700000000000614,Q2,-0.060000000000002274,-0.060000000000002274,True,-0.2870000000000061,3,
2022:Haas F1 Team:MAG-MSC,2022,Haas F1 Team,São Paulo Grand Prix,MAG,MSC,True,dry,['Q1'],['Q1'],['Q1'],2,,Q1,2.4070000000000107,4.951000000000008,False,,0,
2022:McLaren:NOR-RIC,2022,McLaren,São Paulo Grand Prix,NOR,RIC,True,dry,"['Q1', 'Q2']","['Q1', 'Q2']",['Q2'],3,0.9250000000000114,Q2,0.7630000000000052,0.7630000000000052,True,0.9250000000000114,3,
2022:Mercedes:HAM-RUS,2022,Mercedes,São Paulo Grand Prix,HAM,RUS,True,dry,"['Q1', 'Q2', 'Q3']","['Q1', 'Q2']","['Q3', 'Q2']",4,-0.15550000000000352,Q2,-0.22100000000000364,-0.22100000000000364,True,-0.1555000000000035,4,
2022:Red Bull Racing:PER-VER,2022,Red Bull Racing,São Paulo Grand Prix,PER,VER,True,dry,"['Q1', 'Q2', 'Q3']","['Q1', 'Q2']","['Q3', 'Q2']",3,-0.13800000000000523,Q2,-0.5750000000000028,-0.5750000000000028,True,-0.1380000000000052,3,
2022:Williams:ALB-LAT,2022,Williams,São Paulo Grand Prix,ALB,LAT,True,dry,['Q1'],['Q1'],['Q1'],3,1.2670000000000101,Q1,0.7710000000000008,3.4639999999999986,True,1.26700000000001,3,
2022:Williams:DEV-LAT,2022,Williams,São Paulo Grand Prix,DEV,LAT,False,dry,[],[],[],0,,,,,False,,0,
2022:Alfa Romeo:BOT-ZHO,2022,Alfa Romeo,Abu Dhabi Grand Prix,BOT,ZHO,True,dry,['Q1'],['Q1'],['Q1'],1,,Q1,-0.2980000000000018,-0.48399999999999466,False,,0,
2022:AlphaTauri:GAS-TSU,2022,AlphaTauri,Abu Dhabi Grand Prix,GAS,TSU,True,dry,['Q1'],['Q1'],['Q1'],3,-0.18299999999999272,Q1,-0.2289999999999992,-0.6400000000000006,True,-0.1829999999999927,3,
2022:Alpine:ALO-OCO,2022,Alpine,Abu Dhabi Grand Prix,ALO,OCO,True,dry,"['Q1', 'Q2']",['Q2'],['Q2'],2,,Q2,-0.08899999999999864,-0.26600000000000534,False,,0,
2022:Aston Martin:HUL-STR,2022,Aston Martin,Abu Dhabi Grand Prix,HUL,STR,False,dry,[],[],[],0,,,,,False,,0,
2022:Aston Martin:STR-VET,2022,Aston Martin,Abu Dhabi Grand Prix,STR,VET,True,dry,"['Q1', 'Q2']","['Q1', 'Q2']","['Q2', 'Q1']",4,-0.27649999999999864,Q2,-0.3849999999999909,-0.39799999999999613,True,-0.2764999999999986,4,
2022:Ferrari:LEC-SAI,2022,Ferrari,Abu Dhabi Grand Prix,LEC,SAI,True,dry,"['Q1', 'Q2', 'Q3']","['Q2', 'Q3']","['Q3', 'Q2']",4,-0.028999999999996362,Q3,0.15000000000000568,0.15000000000000568,True,-0.0289999999999963,4,
2022:Haas F1 Team:MAG-MSC,2022,Haas F1 Team,Abu Dhabi Grand Prix,MAG,MSC,True,dry,['Q1'],['Q1'],['Q1'],2,,Q1,-0.12300000000000466,-0.6090000000000089,False,,0,
2022:McLaren:NOR-RIC,2022,McLaren,Abu Dhabi Grand Prix,NOR,RIC,True,dry,"['Q1', 'Q2', 'Q3']","['Q1', 'Q2', 'Q3']","['Q3', 'Q2']",3,0.27599999999999625,Q3,0.27599999999999625,0.27599999999999625,True,0.2759999999999962,3,
2022:Mercedes:HAM-RUS,2022,Mercedes,Abu Dhabi Grand Prix,HAM,RUS,True,dry,"['Q1', 'Q2', 'Q3']","['Q1', 'Q2', 'Q3']","['Q3', 'Q2']",5,0.016000000000005343,Q3,0.0030000000000001137,0.0030000000000001137,True,0.0160000000000053,5,
2022:Red Bull Racing:PER-VER,2022,Red Bull Racing,Abu Dhabi Grand Prix,PER,VER,True,dry,"['Q1', 'Q2', 'Q3']","['Q1', 'Q2', 'Q3']","['Q3', 'Q2']",4,-0.2780000000000058,Q3,-0.22800000000000864,-0.22800000000000864,True,-0.2780000000000058,4,
2022:Williams:ALB-LAT,2022,Williams,Abu Dhabi Grand Prix,ALB,LAT,True,dry,['Q1'],['Q1'],['Q1'],2,,Q1,0.02599999999999625,0.02599999999999625,False,,0,
2022:Williams:DEV-LAT,2022,Williams,Abu Dhabi Grand Prix,DEV,LAT,False,dry,[],[],[],0,,,,,False,,0,
2023:Alfa Romeo:BOT-ZHO,2023,Alfa Romeo,Bahrain Grand Prix,BOT,ZHO,True,dry,"['Q1', 'Q2', 'Q3']","['Q1', 'Q2']","['Q2', 'Q1']",4,0.04650000000000176,Q2,0.030000000000001137,0.030000000000001137,True,0.0465000000000017,4,
2023:AlphaTauri:DEV-TSU,2023,AlphaTauri,Bahrain Grand Prix,DEV,TSU,True,dry,"['Q1', 'Q2']",['Q1'],['Q1'],3,-0.7169999999999987,Q1,-0.7209999999999894,-0.7209999999999894,True,-0.7169999999999987,3,
2023:AlphaTauri:LAW-TSU,2023,AlphaTauri,Bahrain Grand Prix,LAW,TSU,False,dry,[],[],[],0,,,,,False,,0,
2023:AlphaTauri:RIC-TSU,2023,AlphaTauri,Bahrain Grand Prix,RIC,TSU,False,dry,[],[],[],0,,,,,False,,0,
2023:Alpine:GAS-OCO,2023,Alpine,Bahrain Grand Prix,GAS,OCO,True,dry,"['Q1', 'Q2']",['Q1'],['Q1'],2,,Q1,-0.3100000000000023,-0.9039999999999964,False,,0,
2023:Aston Martin:ALO-STR,2023,Aston Martin,Bahrain Grand Prix,ALO,STR,True,dry,"['Q1', 'Q2', 'Q3']","['Q1', 'Q2', 'Q3']","['Q3', 'Q2']",3,1.2110000000000127,Q3,0.5,0.5,True,1.2110000000000127,3,
2023:Ferrari:LEC-SAI,2023,Ferrari,Bahrain Grand Prix,LEC,SAI,True,dry,"['Q1', 'Q2', 'Q3']","['Q1', 'Q2', 'Q3']","['Q3', 'Q2']",3,0.2330000000000041,Q3,0.15399999999999636,0.15399999999999636,True,0.2330000000000041,3,
2023:Haas F1 Team:HUL-MAG,2023,Haas F1 Team,Bahrain Grand Prix,HUL,MAG,True,dry,['Q1'],['Q1'],['Q1'],2,,Q1,0.6880000000000024,1.0829999999999984,False,,0,
2023:McLaren:NOR-PIA,2023,McLaren,Bahrain Grand Prix,NOR,PIA,True,dry,"['Q1', 'Q2']",['Q1'],['Q1'],2,,Q1,0.44899999999999807,0.7199999999999989,False,,0,
2023:Mercedes:HAM-RUS,2023,Mercedes,Bahrain Grand Prix,HAM,RUS,True,dry,"['Q1', 'Q2', 'Q3']","['Q1', 'Q2', 'Q3']","['Q3', 'Q2']",3,-0.006000000000000227,Q3,-0.04399999999999693,-0.04399999999999693,True,-0.0060000000000002,3,
2023:Red Bull Racing:PER-VER,2023,Red Bull Racing,Bahrain Grand Prix,PER,VER,True,dry,"['Q1', 'Q2', 'Q3']","['Q1', 'Q2', 'Q3']","['Q3', 'Q2']",3,-0.23399999999999466,Q3,-0.13800000000000523,-0.13800000000000523,True,-0.2339999999999946,3,
2023:Williams:ALB-SAR,2023,Williams,Bahrain Grand Prix,ALB,SAR,True,dry,"['Q1', 'Q2']",['Q1'],['Q1'],2,,Q1,0.1910000000000025,0.1910000000000025,False,,0,
2023:Alfa Romeo:BOT-ZHO,2023,Alfa Romeo,Saudi Arabian Grand Prix,BOT,ZHO,True,dry,"['Q1', 'Q2']","['Q1', 'Q2']",['Q2'],3,-0.02599999999999625,Q2,-0.20700000000000784,-0.20700000000000784,True,-0.0259999999999962,3,
2023:AlphaTauri:DEV-TSU,2023,AlphaTauri,Saudi Arabian Grand Prix,DEV,TSU,True,dry,['Q1'],['Q1'],['Q1'],2,,Q1,-0.3050000000000068,-0.3050000000000068,False,,0,
2023:AlphaTauri:LAW-TSU,2023,AlphaTauri,Saudi Arabian Grand Prix,LAW,TSU,False,dry,[],[],[],0,,,,,False,,0,
2023:AlphaTauri:RIC-TSU,2023,AlphaTauri,Saudi Arabian Grand Prix,RIC,TSU,False,dry,[],[],[],0,,,,,False,,0,
2023:Alpine:GAS-OCO,2023,Alpine,Saudi Arabian Grand Prix,GAS,OCO,True,dry,"['Q1', 'Q2', 'Q3']","['Q1', 'Q2', 'Q3']","['Q3', 'Q2']",3,-0.27899999999999636,Q3,-0.27899999999999636,-0.27899999999999636,True,-0.2789999999999963,3,
2023:Aston Martin:ALO-STR,2023,Aston Martin,Saudi Arabian Grand Prix,ALO,STR,True,dry,"['Q1', 'Q2', 'Q3']","['Q1', 'Q2', 'Q3']","['Q3', 'Q2']",3,0.2149999999999892,Q3,0.2149999999999892,0.2149999999999892,True,0.2149999999999892,3,
2023:Ferrari:LEC-SAI,2023,Ferrari,Saudi Arabian Grand Prix,LEC,SAI,True,dry,"['Q1', 'Q2', 'Q3']","['Q1', 'Q2', 'Q3']","['Q3', 'Q2']",4,0.5379999999999967,Q3,0.5109999999999957,0.5109999999999957,True,0.5379999999999967,4,
2023:Haas F1 Team:HUL-MAG,2023,Haas F1 Team,Saudi Arabian Grand Prix,HUL,MAG,True,dry,"['Q1', 'Q2']","['Q1', 'Q2']","['Q2', 'Q1']",4,0.12549999999999528,Q2,0.0660000000000025,0.0660000000000025,True,0.1254999999999952,4,
2023:McLaren:NOR-PIA,2023,McLaren,Saudi Arabian Grand Prix,NOR,PIA,True,dry,['Q1'],['Q1'],['Q1'],1,,Q1,-0.7409999999999997,-1.2040000000000077,False,,0,
2023:Mercedes:HAM-RUS,2023,Mercedes,Saudi Arabian Grand Prix,HAM,RUS,True,dry,"['Q1', 'Q2', 'Q3']","['Q1', 'Q2', 'Q3']","['Q3', 'Q2']",5,-0.24199999999999022,Q3,-0.36599999999999966,-0.36599999999999966,True,-0.2419999999999902,5,
2023:Red Bull Racing:PER-VER,2023,Red Bull Racing,Saudi Arabian Grand Prix,PER,VER,True,dry,"['Q1', 'Q2']",['Q1'],['Q1'],1,,Q1,-0.4830000000000041,0.4959999999999951,False,,0,
2023:Williams:ALB-SAR,2023,Williams,Saudi Arabian Grand Prix,ALB,SAR,True,dry,['Q1'],['Q1'],['Q1'],1,,Q1,-0.27299999999999613,-0.27299999999999613,False,,0,
2023:Alfa Romeo:BOT-ZHO,2023,Alfa Romeo,Australian Grand Prix,BOT,ZHO,True,dry,['Q1'],['Q1'],['Q1'],4,-0.29299999999999926,Q1,-0.17399999999999238,-0.17399999999999238,True,-0.2929999999999992,4,
2023:AlphaTauri:DEV-TSU,2023,AlphaTauri,Australian Grand Prix,DEV,TSU,True,dry,"['Q1', 'Q2', 'Q3']","['Q1', 'Q2']",['Q2'],3,-0.2149999999999892,Q2,-0.23599999999999,-0.23599999999999,True,-0.2149999999999892,3,
2023:AlphaTauri:LAW-TSU,2023,AlphaTauri,Australian Grand Prix,LAW,TSU,False,dry,[],[],[],0,,,,,False,,0,
2023:AlphaTauri:RIC-TSU,2023,AlphaTauri,Australian Grand Prix,RIC,TSU,False,dry,[],[],[],0,,,,,False,,0,
2023:Alpine:GAS-OCO,2023,Alpine,Australian Grand Prix,GAS,OCO,True,dry,"['Q1', 'Q2']","['Q1', 'Q2']",['Q2'],3,-0.019000000000005457,Q2,0.19400000000000261,0.19400000000000261,True,-0.0190000000000054,3,
2023:Aston Martin:ALO-STR,2023,Aston Martin,Australian Grand Prix,ALO,STR,True,dry,"['Q1', 'Q2', 'Q3']","['Q1', 'Q2', 'Q3']","['Q3', 'Q2']",3,0.16900000000001114,Q3,0.16900000000001114,0.16900000000001114,True,0.1690000000000111,3,
2023:Ferrari:LEC-SAI,2023,Ferrari,Australian Grand Prix,LEC,SAI,True,dry,"['Q1', 'Q2', 'Q3']","['Q1', 'Q2', 'Q3']","['Q3', 'Q2']",3,-0.09900000000000375,Q3,-0.09900000000000375,-0.09900000000000375,True,-0.0990000000000037,3,
2023:Haas F1 Team:HUL-MAG,2023,Haas F1 Team,Australian Grand Prix,HUL,MAG,True,dry,"['Q1', 'Q2', 'Q3']","['Q1', 'Q2']","['Q2', 'Q1']",5,0.242999999999995,Q2,0.7169999999999987,0.7169999999999987,True,0.242999999999995,5,
2023:McLaren:NOR-PIA,2023,McLaren,Australian Grand Prix,NOR,PIA,True,dry,"['Q1', 'Q2']",['Q1'],['Q1'],3,0.06999999999999318,Q1,0.2740000000000009,0.39799999999999613,True,0.0699999999999931,3,
2023:Mercedes:HAM-RUS,2023,Mercedes,Australian Grand Prix,HAM,RUS,True,dry,"['Q1', 'Q2', 'Q3']","['Q1', 'Q2', 'Q3']","['Q3', 'Q2']",5,-0.13599999999999568,Q3,-0.13599999999999568,-0.13599999999999568,True,-0.1359999999999956,5,
2023:Red Bull Racing:PER-VER,2023,Red Bull Racing,Australian Grand Prix,PER,VER,True,dry,['Q1'],[],[],0,,,,,False,,0,
2023:Williams:ALB-SAR,2023,Williams,Australian Grand Prix,ALB,SAR,True,dry,"['Q1', 'Q2']",['Q1'],['Q1'],3,0.4140000000000015,Q1,0.5949999999999989,0.9480000000000075,True,0.4140000000000015,3,
2023:Alfa Romeo:BOT-ZHO,2023,Alfa Romeo,Azerbaijan Grand Prix,BOT,ZHO,True,dry,"['Q1', 'Q2']",['Q1'],['Q1'],2,,Q1,0.060000000000002274,0.38299999999999557,False,,0,
2023:AlphaTauri:DEV-TSU,2023,AlphaTauri,Azerbaijan Grand Prix,DEV,TSU,True,dry,['Q1'],[],[],0,,,,,False,,0,
2023:AlphaTauri:LAW-TSU,2023,AlphaTauri,Azerbaijan Grand Prix,LAW,TSU,False,dry,[],[],[],0,,,,,False,,0,
2023:AlphaTauri:RIC-TSU,2023,AlphaTauri,Azerbaijan Grand Prix,RIC,TSU,False,dry,[],[],[],0,,,,,False,,0,
2023:Alpine:GAS-OCO,2023,Alpine,Azerbaijan Grand Prix,GAS,OCO,True,dry,['Q1'],['Q1'],['Q1'],1,,Q1,-2.2309999999999945,-3.0549999999999926,False,,0,
2023:Aston Martin:ALO-STR,2023,Aston Martin,Azerbaijan Grand Prix,ALO,STR,True,dry,"['Q1', 'Q2', 'Q3']","['Q1', 'Q2', 'Q3']","['Q3', 'Q2']",4,0.2819999999999965,Q3,0.3580000000000041,0.3229999999999933,True,0.2819999999999965,4,
2023:Ferrari:LEC-SAI,2023,Ferrari,Azerbaijan Grand Prix,LEC,SAI,True,dry,"['Q1', 'Q2', 'Q3']","['Q1', 'Q2', 'Q3']","['Q3', 'Q2']",3,0.33199999999999363,Q3,0.8130000000000024,0.8130000000000024,True,0.3319999999999936,3,
2023:Haas F1 Team:HUL-MAG,2023,Haas F1 Team,Azerbaijan Grand Prix,HUL,MAG,True,dry,['Q1'],[],[],0,,,,,False,,0,
2023:McLaren:NOR-PIA,2023,McLaren,Azerbaijan Grand Prix,NOR,PIA,True,dry,"['Q1', 'Q2', 'Q3']","['Q1', 'Q2', 'Q3']","['Q3', 'Q2']",4,0.5499999999999972,Q3,0.3299999999999983,0.3299999999999983,True,0.5499999999999972,4,
2023:Mercedes:HAM-RUS,2023,Mercedes,Azerbaijan Grand Prix,HAM,RUS,True,dry,"['Q1', 'Q2']","['Q1', 'Q2']","['Q2', 'Q1']",3,0.003999999999990678,Q2,0.003999999999990678,0.47699999999998965,True,0.0039999999999906,3,
2023:Red Bull Racing:PER-VER,2023,Red Bull Racing,Azerbaijan Grand Prix,PER,VER,True,dry,"['Q1', 'Q2', 'Q3']","['Q1', 'Q2', 'Q3']","['Q3', 'Q2']",3,-0.1039999999999992,Q3,-0.1039999999999992,-0.1039999999999992,True,-0.1039999999999992,3,
2023:Williams:ALB-SAR,2023,Williams,Azerbaijan Grand Prix,ALB,SAR,True,dry,"['Q1', 'Q2']","['Q1', 'Q2']",['Q2'],3,0.5259999999999962,Q2,0.5769999999999982,0.4240000000000066,True,0.5259999999999962,3,
2023:Alfa Romeo:BOT-ZHO,2023,Alfa Romeo,Miami Grand Prix,BOT,ZHO,True,dry,"['Q1', 'Q2']","['Q1', 'Q2']","['Q2', 'Q1']",5,0.3160000000000025,Q2,0.527000000000001,0.527000000000001,True,0.3160000000000025,5,
2023:AlphaTauri:DEV-TSU,2023,AlphaTauri,Miami Grand Prix,DEV,TSU,True,dry,['Q1'],['Q1'],['Q1'],4,-0.39699999999999847,Q1,0.1039999999999992,0.1039999999999992,True,-0.3969999999999984,4,
2023:AlphaTauri:LAW-TSU,2023,AlphaTauri,Miami Grand Prix,LAW,TSU,False,dry,[],[],[],0,,,,,False,,0,
2023:AlphaTauri:RIC-TSU,2023,AlphaTauri,Miami Grand Prix,RIC,TSU,False,dry,[],[],[],0,,,,,False,,0,
2023:Alpine:GAS-OCO,2023,Alpine,Miami Grand Prix,GAS,OCO,True,dry,"['Q1', 'Q2']","['Q1', 'Q2']","['Q2', 'Q1']",5,-0.1389999999999958,Q2,-0.16799999999999216,-0.16799999999999216,True,-0.1389999999999958,5,
2023:Aston Martin:ALO-STR,2023,Aston Martin,Miami Grand Prix,ALO,STR,True,dry,['Q1'],['Q1'],['Q1'],3,0.29699999999999704,Q1,0.29699999999999704,1.3790000000000049,True,0.296999999999997,3,
2023:Ferrari:LEC-SAI,2023,Ferrari,Miami Grand Prix,LEC,SAI,True,dry,"['Q1', 'Q2']","['Q1', 'Q2']","['Q2', 'Q1']",4,0.10400000000000631,Q2,0.1839999999999975,0.1839999999999975,True,0.1040000000000063,4,
2023:Haas F1 Team:HUL-MAG,2023,Haas F1 Team,Miami Grand Prix,HUL,MAG,True,dry,"['Q1', 'Q2']","['Q1', 'Q2']","['Q2', 'Q1']",4,-0.3059999999999974,Q2,-0.23000000000000398,-0.23000000000000398,True,-0.3059999999999974,4,
2023:McLaren:NOR-PIA,2023,McLaren,Miami Grand Prix,NOR,PIA,True,dry,['Q1'],['Q1'],['Q1'],2,,Q1,0.0899999999999892,0.0899999999999892,False,,0,
2023:Mercedes:HAM-RUS,2023,Mercedes,Miami Grand Prix,HAM,RUS,True,dry,"['Q1', 'Q2']","['Q1', 'Q2']","['Q2', 'Q1']",5,-0.1530000000000058,Q2,-0.23199999999999932,-0.10300000000000864,True,-0.1530000000000058,5,
2023:Red Bull Racing:PER-VER,2023,Red Bull Racing,Miami Grand Prix,PER,VER,True,dry,"['Q1', 'Q2']","['Q1', 'Q2']","['Q2', 'Q1']",4,-0.2839999999999989,Q2,-0.51400000000001,-0.51400000000001,True,-0.2839999999999989,4,
2023:Williams:ALB-SAR,2023,Williams,Miami Grand Prix,ALB,SAR,True,dry,['Q1'],['Q1'],['Q1'],3,-0.5629999999999882,Q1,0.3430000000000035,0.7819999999999965,True,-0.5629999999999882,3,
2023:Alfa Romeo:BOT-ZHO,2023,Alfa Romeo,Monaco Grand Prix,BOT,ZHO,True,dry,"['Q1', 'Q2']",['Q1'],['Q1'],4,0.4100000000000037,Q1,0.48499999999999943,0.8979999999999961,True,0.4100000000000037,4,
2023:AlphaTauri:DEV-TSU,2023,AlphaTauri,Monaco Grand Prix,DEV,TSU,True,dry,"['Q1', 'Q2', 'Q3']","['Q1', 'Q2']","['Q2', 'Q1']",6,-0.12100000000000222,Q2,-0.17900000000000205,-0.34600000000000364,True,-0.1210000000000022,6,
2023:AlphaTauri:LAW-TSU,2023,AlphaTauri,Monaco Grand Prix,LAW,TSU,False,dry,[],[],[],0,,,,,False,,0,
2023:AlphaTauri:RIC-TSU,2023,AlphaTauri,Monaco Grand Prix,RIC,TSU,False,dry,[],[],[],0,,,,,False,,0,
2023:Alpine:GAS-OCO,2023,Alpine,Monaco Grand Prix,GAS,OCO,True,dry,"['Q1', 'Q2', 'Q3']","['Q1', 'Q2', 'Q3']","['Q3', 'Q2']",4,-0.19950000000000045,Q3,-0.38000000000000966,-0.38000000000000966,True,-0.1995000000000004,4,
2023:Aston Martin:ALO-STR,2023,Aston Martin,Monaco Grand Prix,ALO,STR,True,dry,"['Q1', 'Q2']","['Q1', 'Q2']","['Q2', 'Q1']",5,0.4399999999999977,Q2,0.5160000000000053,1.1740000000000066,True,0.4399999999999977,5,
2023:Ferrari:LEC-SAI,2023,Ferrari,Monaco Grand Prix,LEC,SAI,True,dry,"['Q1', 'Q2', 'Q3']","['Q1', 'Q2', 'Q3']","['Q3', 'Q2']",5,-0.02400000000000091,Q3,0.15899999999999181,0.15899999999999181,True,-0.0240000000000009,5,
2023:Haas F1 Team:HUL-MAG,2023,Haas F1 Team,Monaco Grand Prix,HUL,MAG,True,dry,['Q1'],['Q1'],['Q1'],2,,Q1,-0.009000000000000341,-0.009000000000000341,False,,0,
2023:McLaren:NOR-PIA,2023,McLaren,Monaco Grand Prix,NOR,PIA,True,dry,"['Q1', 'Q2', 'Q3']","['Q1', 'Q2']","['Q2', 'Q1']",6,0.262999999999991,Q2,0.018000000000000682,0.14099999999999113,True,0.262999999999991,6,
2023:Mercedes:HAM-RUS,2023,Mercedes,Monaco Grand Prix,HAM,RUS,True,dry,"['Q1', 'Q2', 'Q3']","['Q1', 'Q2', 'Q3']","['Q3', 'Q2']",5,-0.006000000000000227,Q3,0.23900000000000432,0.23900000000000432,True,-0.0060000000000002,5,
2023:Red Bull Racing:PER-VER,2023,Red Bull Racing,Monaco Grand Prix,PER,VER,True,dry,['Q1'],['Q1'],['Q1'],1,,Q1,-1.4639999999999986,-2.4849999999999994,False,,0,
2023:Williams:ALB-SAR,2023,Williams,Monaco Grand Prix,ALB,SAR,True,dry,"['Q1', 'Q2']",['Q1'],['Q1'],4,0.9495000000000005,Q1,0.4069999999999965,0.5859999999999985,True,0.9495000000000005,4,
2023:Alfa Romeo:BOT-ZHO,2023,Alfa Romeo,Spanish Grand Prix,BOT,ZHO,True,dry,"['Q1', 'Q2']",['Q1'],['Q1'],3,-0.29999999999999716,Q1,-0.29999999999999716,-0.45600000000000307,True,-0.2999999999999971,3,
2023:AlphaTauri:DEV-TSU,2023,AlphaTauri,Spanish Grand Prix,DEV,TSU,True,dry,"['Q1', 'Q2', 'Q3']","['Q1', 'Q2']","['Q2', 'Q1']",4,0.18949999999999534,Q2,-0.7669999999999959,-0.26500000000000057,True,0.1894999999999953,4,
2023:AlphaTauri:LAW-TSU,2023,AlphaTauri,Spanish Grand Prix,LAW,TSU,False,dry,[],[],[],0,,,,,False,,0,
2023:AlphaTauri:RIC-TSU,2023,AlphaTauri,Spanish Grand Prix,RIC,TSU,False,dry,[],[],[],0,,,,,False,,0,
2023:Alpine:GAS-OCO,2023,Alpine,Spanish Grand Prix,GAS,OCO,True,dry,"['Q1', 'Q2', 'Q3']","['Q1', 'Q2', 'Q3']","['Q3', 'Q2']",4,-0.17450000000000188,Q3,0.2669999999999959,0.18500000000000227,True,-0.1745000000000018,4,
2023:Aston Martin:ALO-STR,2023,Aston Martin,Spanish Grand Prix,ALO,STR,True,dry,"['Q1', 'Q2', 'Q3']","['Q1', 'Q2', 'Q3']","['Q3', 'Q2']",3,0.11399999999999011,Q3,-0.5130000000000052,-0.1039999999999992,True,0.1139999999999901,3,
2023:Ferrari:LEC-SAI,2023,Ferrari,Spanish Grand Prix,LEC,SAI,True,dry,['Q1'],['Q1'],['Q1'],3,-0.8739999999999952,Q1,-0.6679999999999922,-1.3449999999999989,True,-0.8739999999999952,3,
2023:Haas F1 Team:HUL-MAG,2023,Haas F1 Team,Spanish Grand Prix,HUL,MAG,True,dry,['Q1'],['Q1'],['Q1'],1,,Q1,0.6219999999999999,0.8130000000000024,False,,0,
2023:McLaren:NOR-PIA,2023,McLaren,Spanish Grand Prix,NOR,PIA,True,dry,"['Q1', 'Q2', 'Q3']","['Q1', 'Q2', 'Q3']","['Q3', 'Q2']",4,0.25550000000000495,Q3,0.8900000000000006,0.28300000000000125,True,0.2555000000000049,4,
2023:Mercedes:HAM-RUS,2023,Mercedes,Spanish Grand Prix,HAM,RUS,True,dry,"['Q1', 'Q2', 'Q3']","['Q1', 'Q2']","['Q2', 'Q1']",4,0.4830000000000041,Q2,0.4480000000000075,0.5079999999999956,True,0.4830000000000041,4,
2023:Red Bull Racing:PER-VER,2023,Red Bull Racing,Spanish Grand Prix,PER,VER,True,dry,"['Q1', 'Q2', 'Q3']","['Q1', 'Q2']","['Q2', 'Q1']",4,-1.180500000000002,Q2,-0.5739999999999981,-1.0619999999999976,True,-1.180500000000002,4,
2023:Williams:ALB-SAR,2023,Williams,Spanish Grand Prix,ALB,SAR,True,dry,['Q1'],['Q1'],['Q1'],2,,Q1,0.6359999999999957,0.6359999999999957,False,,0,
2023:Alfa Romeo:BOT-ZHO,2023,Alfa Romeo,Canadian Grand Prix,BOT,ZHO,True,dry,"['Q1', 'Q2']",['Q1'],['Q1'],4,0.6545000000000059,Q1,1.0100000000000051,1.5210000000000008,True,0.6545000000000059,4,
2023:AlphaTauri:DEV-TSU,2023,AlphaTauri,Canadian Grand Prix,DEV,TSU,True,dry,"['Q1', 'Q2']",['Q1'],['Q1'],4,-0.5919999999999987,Q1,-0.39100000000000534,-0.39100000000000534,True,-0.5919999999999987,4,
2023:AlphaTauri:LAW-TSU,2023,AlphaTauri,Canadian Grand Prix,LAW,TSU,False,dry,[],[],[],0,,,,,False,,0,
2023:AlphaTauri:RIC-TSU,2023,AlphaTauri,Canadian Grand Prix,RIC,TSU,False,dry,[],[],[],0,,,,,False,,0,
2023:Alpine:GAS-OCO,2023,Alpine,Canadian Grand Prix,GAS,OCO,True,dry,"['Q1', 'Q2']",['Q1'],['Q1'],5,-0.894999999999996,Q1,-0.7719999999999914,-0.7719999999999914,True,-0.894999999999996,5,
2023:Aston Martin:ALO-STR,2023,Aston Martin,Canadian Grand Prix,ALO,STR,True,dry,"['Q1', 'Q2']","['Q1', 'Q2']","['Q2', 'Q1']",6,1.5760000000000005,Q2,1.7079999999999984,1.7079999999999984,True,1.5760000000000003,6,
2023:Ferrari:LEC-SAI,2023,Ferrari,Canadian Grand Prix,LEC,SAI,True,dry,"['Q1', 'Q2']","['Q1', 'Q2']","['Q2', 'Q1']",6,0.4654999999999987,Q2,-1.5840000000000032,-1.5840000000000032,True,0.4654999999999987,6,
2023:Haas F1 Team:HUL-MAG,2023,Haas F1 Team,Canadian Grand Prix,HUL,MAG,True,dry,"['Q1', 'Q2']",['Q1'],['Q1'],5,0.012000000000000455,Q1,-0.3790000000000049,1.1479999999999961,True,0.0120000000000004,5,
2023:McLaren:NOR-PIA,2023,McLaren,Canadian Grand Prix,NOR,PIA,True,dry,"['Q1', 'Q2', 'Q3']","['Q1', 'Q2']","['Q3', 'Q2']",1,,Q2,1.2070000000000078,1.2070000000000078,True,,1,insufficient_matched_pairs
2023:Mercedes:HAM-RUS,2023,Mercedes,Canadian Grand Prix,HAM,RUS,True,dry,"['Q1', 'Q2', 'Q3']",['Q1'],"['Q3', 'Q1']",4,-0.3990000000000009,Q1,0.24399999999999977,1.3719999999999999,True,-0.3990000000000009,4,
2023:Red Bull Racing:PER-VER,2023,Red Bull Racing,Canadian Grand Prix,PER,VER,True,dry,"['Q1', 'Q2']","['Q1', 'Q2']","['Q2', 'Q1']",5,-0.7309999999999945,Q2,-4.299000000000007,-3.0589999999999975,True,-0.7309999999999945,5,
2023:Williams:ALB-SAR,2023,Williams,Canadian Grand Prix,ALB,SAR,True,dry,"['Q1', 'Q2']",['Q1'],['Q1'],4,1.1855000000000047,Q1,1.399000000000001,4.612000000000009,True,1.1855000000000049,4,
2023:Alfa Romeo:BOT-ZHO,2023,Alfa Romeo,Austrian Grand Prix,BOT,ZHO,True,dry,"['Q1', 'Q2']",['Q1'],['Q1'],2,,Q1,0.05499999999999261,0.3049999999999926,False,,0,
2023:AlphaTauri:DEV-TSU,2023,AlphaTauri,Austrian Grand Prix,DEV,TSU,True,dry,"['Q1', 'Q2']",['Q1'],['Q1'],3,-0.1110000000000042,Q1,-0.18999999999999773,-0.18999999999999773,True,-0.1110000000000042,3,
2023:AlphaTauri:LAW-TSU,2023,AlphaTauri,Austrian Grand Prix,LAW,TSU,False,dry,[],[],[],0,,,,,False,,0,
2023:AlphaTauri:RIC-TSU,2023,AlphaTauri,Austrian Grand Prix,RIC,TSU,False,dry,[],[],[],0,,,,,False,,0,
2023:Alpine:GAS-OCO,2023,Alpine,Austrian Grand Prix,GAS,OCO,True,dry,"['Q1', 'Q2']","['Q1', 'Q2']","['Q2', 'Q1']",5,0.21099999999999852,Q2,0.21099999999999852,0.21099999999999852,True,0.2109999999999985,5,
2023:Aston Martin:ALO-STR,2023,Aston Martin,Austrian Grand Prix,ALO,STR,True,dry,"['Q1', 'Q2', 'Q3']","['Q1', 'Q2', 'Q3']","['Q3', 'Q2']",5,-0.018000000000000682,Q3,-0.018000000000000682,-0.018000000000000682,True,-0.0180000000000006,5,
2023:Ferrari:LEC-SAI,2023,Ferrari,Austrian Grand Prix,LEC,SAI,True,dry,"['Q1', 'Q2', 'Q3']","['Q1', 'Q2', 'Q3']","['Q3', 'Q2']",5,-0.05100000000000193,Q3,0.14200000000001012,0.14200000000001012,True,-0.0510000000000019,5,
2023:Haas F1 Team:HUL-MAG,2023,Haas F1 Team,Austrian Grand Prix,HUL,MAG,True,dry,"['Q1', 'Q2']",['Q1'],['Q1'],3,-0.034000000000006025,Q1,0.05300000000001148,0.703000000000003,True,-0.034000000000006,3,
2023:McLaren:NOR-PIA,2023,McLaren,Austrian Grand Prix,NOR,PIA,True,dry,"['Q1', 'Q2', 'Q3']","['Q1', 'Q2']","['Q2', 'Q1']",4,0.3165000000000049,Q2,0.17499999999999716,0.5549999999999926,True,0.3165000000000049,4,
2023:Mercedes:HAM-RUS,2023,Mercedes,Austrian Grand Prix,HAM,RUS,True,dry,"['Q1', 'Q2']","['Q1', 'Q2']","['Q2', 'Q1']",4,0.23199999999999932,Q2,0.21999999999999886,0.5889999999999986,True,0.2319999999999993,4,
2023:Red Bull Racing:PER-VER,2023,Red Bull Racing,Austrian Grand Prix,PER,VER,True,dry,"['Q1', 'Q2']","['Q1', 'Q2']","['Q2', 'Q1']",5,-0.284000000000006,Q2,-0.03900000000000148,-0.5989999999999895,True,-0.284000000000006,5,
2023:Williams:ALB-SAR,2023,Williams,Austrian Grand Prix,ALB,SAR,True,dry,"['Q1', 'Q2']",['Q1'],['Q1'],2,,Q1,0.2749999999999915,0.6079999999999899,False,,0,
2023:Alfa Romeo:BOT-ZHO,2023,Alfa Romeo,British Grand Prix,BOT,ZHO,True,dry,"['Q1', 'Q2']",['Q1'],['Q1'],2,,Q1,0.32500000000000284,0.32500000000000284,False,,0,
2023:AlphaTauri:DEV-TSU,2023,AlphaTauri,British Grand Prix,DEV,TSU,True,dry,"['Q1', 'Q2']",['Q1'],['Q1'],3,-0.14099999999999113,Q1,-0.48799999999999955,-0.48799999999999955,True,-0.1409999999999911,3,
2023:AlphaTauri:LAW-TSU,2023,AlphaTauri,British Grand Prix,LAW,TSU,False,dry,[],[],[],0,,,,,False,,0,
2023:AlphaTauri:RIC-TSU,2023,AlphaTauri,British Grand Prix,RIC,TSU,False,dry,[],[],[],0,,,,,False,,0,
2023:Alpine:GAS-OCO,2023,Alpine,British Grand Prix,GAS,OCO,True,dry,"['Q1', 'Q2', 'Q3']","['Q1', 'Q2']","['Q2', 'Q1']",4,-0.14499999999999602,Q2,0.2049999999999983,1.2670000000000101,True,-0.144999999999996,4,
2023:Aston Martin:ALO-STR,2023,Aston Martin,British Grand Prix,ALO,STR,True,dry,"['Q1', 'Q2', 'Q3']","['Q1', 'Q2']","['Q2', 'Q1']",4,0.7015000000000029,Q2,0.5670000000000073,1.2759999999999962,True,0.7015000000000029,4,
2023:Ferrari:LEC-SAI,2023,Ferrari,British Grand Prix,LEC,SAI,True,dry,"['Q1', 'Q2', 'Q3']","['Q1', 'Q2', 'Q3']","['Q3', 'Q2']",3,0.012000000000000455,Q3,0.012000000000000455,0.012000000000000455,True,0.0120000000000004,3,
2023:Haas F1 Team:HUL-MAG,2023,Haas F1 Team,British Grand Prix,HUL,MAG,True,dry,['Q1'],['Q1'],['Q1'],2,,Q1,2.7750000000000057,3.4819999999999993,False,,0,
2023:McLaren:NOR-PIA,2023,McLaren,British Grand Prix,NOR,PIA,True,dry,"['Q1', 'Q2', 'Q3']","['Q1', 'Q2', 'Q3']","['Q3', 'Q2']",3,-0.6580000000000013,Q3,0.13100000000000023,0.13100000000000023,True,-0.6580000000000013,3,
2023:Mercedes:HAM-RUS,2023,Mercedes,British Grand Prix,HAM,RUS,True,dry,"['Q1', 'Q2', 'Q3']","['Q1', 'Q3']","['Q3', 'Q2']",2,,Q3,-0.055999999999997385,-0.055999999999997385,True,,2,insufficient_matched_pairs
2023:Red Bull Racing:PER-VER,2023,Red Bull Racing,British Grand Prix,PER,VER,True,dry,['Q1'],['Q1'],['Q1'],3,-1.443000000000012,Q1,-0.5400000000000063,-3.2480000000000047,True,-1.443000000000012,3,
2023:Williams:ALB-SAR,2023,Williams,British Grand Prix,ALB,SAR,True,dry,"['Q1', 'Q2']","['Q1', 'Q2']","['Q2', 'Q1']",4,0.5090000000000003,Q2,0.9640000000000128,1.5010000000000048,True,0.5090000000000003,4,
2023:Alfa Romeo:BOT-ZHO,2023,Alfa Romeo,Hungarian Grand Prix,BOT,ZHO,True,dry,"['Q1', 'Q2', 'Q3']","['Q1', 'Q2', 'Q3']","['Q3', 'Q2']",4,0.036999999999999034,Q3,-0.06300000000000239,-0.06300000000000239,True,0.036999999999999,4,
2023:AlphaTauri:DEV-TSU,2023,AlphaTauri,Hungarian Grand Prix,DEV,TSU,False,dry,[],[],[],0,,,,,False,,0,
2023:AlphaTauri:LAW-TSU,2023,AlphaTauri,Hungarian Grand Prix,LAW,TSU,False,dry,[],[],[],0,,,,,False,,0,
2023:AlphaTauri:RIC-TSU,2023,AlphaTauri,Hungarian Grand Prix,RIC,TSU,True,dry,['Q1'],['Q1'],['Q1'],3,-0.11800000000000921,Q1,0.012999999999991019,0.9170000000000016,True,-0.1180000000000092,3,
2023:Alpine:GAS-OCO,2023,Alpine,Hungarian Grand Prix,GAS,OCO,True,dry,"['Q1', 'Q2']","['Q1', 'Q2']","['Q2', 'Q1']",5,-0.1419999999999959,Q2,-0.20400000000000773,-0.20400000000000773,True,-0.1419999999999959,5,
2023:Aston Martin:ALO-STR,2023,Aston Martin,Hungarian Grand Prix,ALO,STR,True,dry,"['Q1', 'Q2']","['Q1', 'Q2']","['Q2', 'Q1']",5,0.20199999999999818,Q2,0.1600000000000108,0.8260000000000076,True,0.2019999999999981,5,
2023:Ferrari:LEC-SAI,2023,Ferrari,Hungarian Grand Prix,LEC,SAI,True,dry,"['Q1', 'Q2']","['Q1', 'Q2']","['Q2', 'Q1']",5,0.028000000000005798,Q2,0.12300000000000466,0.7109999999999985,True,0.0280000000000057,5,
2023:Haas F1 Team:HUL-MAG,2023,Haas F1 Team,Hungarian Grand Prix,HUL,MAG,True,dry,['Q1'],['Q1'],['Q1'],3,0.4930000000000092,Q1,0.5110000000000099,2.019999999999996,True,0.4930000000000092,3,
2023:McLaren:NOR-PIA,2023,McLaren,Hungarian Grand Prix,NOR,PIA,True,dry,"['Q1', 'Q2', 'Q3']","['Q1', 'Q2', 'Q3']","['Q3', 'Q2']",3,0.242999999999995,Q3,0.21099999999999852,0.21099999999999852,True,0.242999999999995,3,
2023:Mercedes:HAM-RUS,2023,Mercedes,Hungarian Grand Prix,HAM,RUS,True,dry,['Q1'],['Q1'],['Q1'],2,,Q1,0.45000000000000284,2.4180000000000064,False,,0,
2023:Red Bull Racing:PER-VER,2023,Red Bull Racing,Hungarian Grand Prix,PER,VER,True,dry,"['Q1', 'Q2', 'Q3']","['Q1', 'Q2', 'Q3']","['Q3', 'Q2']",4,-0.4714999999999989,Q3,-0.43300000000000693,-0.43300000000000693,True,-0.4714999999999989,4,
2023:Williams:ALB-SAR,2023,Williams,Hungarian Grand Prix,ALB,SAR,True,dry,['Q1'],['Q1'],['Q1'],3,0.33100000000000307,Q1,0.33100000000000307,0.33100000000000307,True,0.331000000000003,3,
2023:Alfa Romeo:BOT-ZHO,2023,Alfa Romeo,Belgian Grand Prix,BOT,ZHO,True,dry,['Q1'],['Q1'],['Q1'],3,1.3289999999999935,Q1,1.347999999999999,6.137999999999991,True,1.3289999999999935,3,
2023:AlphaTauri:DEV-TSU,2023,AlphaTauri,Belgian Grand Prix,DEV,TSU,False,dry,[],[],[],0,,,,,False,,0,
2023:AlphaTauri:LAW-TSU,2023,AlphaTauri,Belgian Grand Prix,LAW,TSU,False,dry,[],[],[],0,,,,,False,,0,
2023:AlphaTauri:RIC-TSU,2023,AlphaTauri,Belgian Grand Prix,RIC,TSU,True,dry,['Q1'],['Q1'],['Q1'],3,-0.43900000000000716,Q1,-0.43900000000000716,-6.335000000000008,True,-0.4390000000000071,3,
2023:Alpine:GAS-OCO,2023,Alpine,Belgian Grand Prix,GAS,OCO,True,dry,"['Q1', 'Q2']","['Q1', 'Q2']","['Q2', 'Q1']",3,-0.49500000000000455,Q2,2.7009999999999934,2.7009999999999934,True,-0.4950000000000045,3,
2023:Aston Martin:ALO-STR,2023,Aston Martin,Belgian Grand Prix,ALO,STR,True,dry,"['Q1', 'Q2', 'Q3']","['Q1', 'Q2', 'Q3']","['Q3', 'Q2']",5,0.9979999999999905,Q3,0.9979999999999905,0.9979999999999905,True,0.9979999999999905,5,
2023:Ferrari:LEC-SAI,2023,Ferrari,Belgian Grand Prix,LEC,SAI,True,dry,"['Q1', 'Q2', 'Q3']","['Q1', 'Q2', 'Q3']","['Q3', 'Q2']",5,0.16400000000000148,Q3,0.16400000000000148,0.16400000000000148,True,0.1640000000000014,5,
2023:Haas F1 Team:HUL-MAG,2023,Haas F1 Team,Belgian Grand Prix,HUL,MAG,True,dry,['Q1'],['Q1'],['Q1'],1,,Q1,-3.9080000000000013,-9.768,False,,0,
2023:McLaren:NOR-PIA,2023,McLaren,Belgian Grand Prix,NOR,PIA,True,dry,"['Q1', 'Q2', 'Q3']","['Q1', 'Q2', 'Q3']","['Q3', 'Q2']",3,-0.30400000000000205,Q3,-0.30400000000000205,-0.30400000000000205,True,-0.304000000000002,3,
2023:Mercedes:HAM-RUS,2023,Mercedes,Belgian Grand Prix,HAM,RUS,True,dry,"['Q1', 'Q2', 'Q3']","['Q1', 'Q2', 'Q3']",['Q3'],3,0.7180000000000035,Q3,0.7180000000000035,0.7180000000000035,True,0.7180000000000035,3,
2023:Red Bull Racing:PER-VER,2023,Red Bull Racing,Belgian Grand Prix,PER,VER,True,dry,"['Q1', 'Q2', 'Q3']","['Q1', 'Q2', 'Q3']","['Q3', 'Q2']",4,-1.0495000000000019,Q3,-0.8769999999999953,-0.8769999999999953,True,-1.049500000000002,4,
2023:Williams:ALB-SAR,2023,Williams,Belgian Grand Prix,ALB,SAR,True,dry,['Q1'],['Q1'],['Q1'],3,0.09300000000000352,Q1,1.2210000000000036,1.2210000000000036,True,0.0930000000000035,3,
2023:Alfa Romeo:BOT-ZHO,2023,Alfa Romeo,Dutch Grand Prix,BOT,ZHO,True,dry,['Q1'],['Q1'],['Q1'],4,-0.9930000000000021,Q1,-0.5049999999999955,-0.5049999999999955,True,-0.993000000000002,4,
2023:AlphaTauri:DEV-TSU,2023,AlphaTauri,Dutch Grand Prix,DEV,TSU,False,dry,[],[],[],0,,,,,False,,0,
2023:AlphaTauri:LAW-TSU,2023,AlphaTauri,Dutch Grand Prix,LAW,TSU,True,dry,['Q1'],['Q1'],['Q1'],5,-0.7929999999999922,Q1,-1.6389999999999958,-3.1899999999999977,True,-0.7929999999999922,5,
2023:AlphaTauri:RIC-TSU,2023,AlphaTauri,Dutch Grand Prix,RIC,TSU,False,dry,[],[],[],0,,,,,False,,0,
2023:Alpine:GAS-OCO,2023,Alpine,Dutch Grand Prix,GAS,OCO,True,dry,['Q1'],['Q1'],['Q1'],4,1.2360000000000042,Q1,0.375,1.9819999999999993,True,1.2360000000000042,4,
2023:Aston Martin:ALO-STR,2023,Aston Martin,Dutch Grand Prix,ALO,STR,True,dry,"['Q1', 'Q2']","['Q1', 'Q2']",['Q2'],4,0.1669999999999945,Q2,0.6919999999999931,8.614999999999995,True,0.1669999999999945,4,
2023:Ferrari:LEC-SAI,2023,Ferrari,Dutch Grand Prix,LEC,SAI,True,dry,"['Q1', 'Q2', 'Q3']","['Q1', 'Q2', 'Q3']","['Q3', 'Q2']",4,0.6084999999999994,Q3,-0.9110000000000014,-0.9110000000000014,True,0.6084999999999994,4,
2023:Haas F1 Team:HUL-MAG,2023,Haas F1 Team,Dutch Grand Prix,HUL,MAG,True,dry,['Q1'],['Q1'],['Q1'],4,0.8964999999999961,Q1,0.3009999999999877,1.941999999999993,True,0.8964999999999961,4,
2023:McLaren:NOR-PIA,2023,McLaren,Dutch Grand Prix,NOR,PIA,True,dry,"['Q1', 'Q2', 'Q3']","['Q1', 'Q2', 'Q3']","['Q3', 'Q2']",6,0.07949999999999591,Q3,0.8340000000000032,0.8340000000000032,True,0.0794999999999959,6,
2023:Mercedes:HAM-RUS,2023,Mercedes,Dutch Grand Prix,HAM,RUS,True,dry,"['Q1', 'Q2']","['Q1', 'Q2']",['Q2'],2,,Q2,-0.5309999999999917,-8.857,True,,2,insufficient_matched_pairs
2023:Red Bull Racing:PER-VER,2023,Red Bull Racing,Dutch Grand Prix,PER,VER,True,dry,"['Q1', 'Q2', 'Q3']","['Q1', 'Q2', 'Q3']","['Q3', 'Q2']",4,-1.1595000000000013,Q3,-1.3130000000000024,-1.3130000000000024,True,-1.1595000000000013,4,
2023:Williams:ALB-SAR,2023,Williams,Dutch Grand Prix,ALB,SAR,True,dry,"['Q1', 'Q2', 'Q3']","['Q1', 'Q2']",['Q2'],3,0.6920000000000073,Q2,0.6679999999999922,8.647999999999996,True,0.6920000000000073,3,
2023:Alfa Romeo:BOT-ZHO,2023,Alfa Romeo,Italian Grand Prix,BOT,ZHO,True,dry,['Q1'],['Q1'],['Q1'],3,0.18000000000000682,Q1,0.14100000000000534,0.45000000000000284,True,0.1800000000000068,3,
2023:AlphaTauri:DEV-TSU,2023,AlphaTauri,Italian Grand Prix,DEV,TSU,False,dry,[],[],[],0,,,,,False,,0,
2023:AlphaTauri:LAW-TSU,2023,AlphaTauri,Italian Grand Prix,LAW,TSU,True,dry,"['Q1', 'Q2']","['Q1', 'Q2']","['Q2', 'Q1']",5,-0.16400000000000148,Q2,-0.16400000000000148,-0.16400000000000148,True,-0.1640000000000014,5,
2023:AlphaTauri:RIC-TSU,2023,AlphaTauri,Italian Grand Prix,RIC,TSU,False,dry,[],[],[],0,,,,,False,,0,
2023:Alpine:GAS-OCO,2023,Alpine,Italian Grand Prix,GAS,OCO,True,dry,['Q1'],['Q1'],['Q1'],2,,Q1,0.0030000000000001137,0.0030000000000001137,False,,0,
2023:Aston Martin:ALO-STR,2023,Aston Martin,Italian Grand Prix,ALO,STR,True,dry,['Q1'],['Q1'],['Q1'],2,,Q1,0.8169999999999931,1.4429999999999978,False,,0,
2023:Ferrari:LEC-SAI,2023,Ferrari,Italian Grand Prix,LEC,SAI,True,dry,"['Q1', 'Q2', 'Q3']","['Q1', 'Q2', 'Q3']","['Q3', 'Q2']",3,-0.06700000000000728,Q3,-0.06700000000000728,-0.06700000000000728,True,-0.0670000000000072,3,
2023:Haas F1 Team:HUL-MAG,2023,Haas F1 Team,Italian Grand Prix,HUL,MAG,True,dry,['Q1'],['Q1'],['Q1'],2,,Q1,0.24899999999999523,0.8160000000000025,False,,0,
2023:McLaren:NOR-PIA,2023,McLaren,Italian Grand Prix,NOR,PIA,True,dry,"['Q1', 'Q2', 'Q3']","['Q1', 'Q2', 'Q3']","['Q3', 'Q2']",5,-0.1110000000000042,Q3,-0.19400000000000261,-0.19400000000000261,True,-0.1110000000000042,5,
2023:Mercedes:HAM-RUS,2023,Mercedes,Italian Grand Prix,HAM,RUS,True,dry,"['Q1', 'Q2', 'Q3']","['Q1', 'Q2', 'Q3']","['Q3', 'Q2']",4,-0.2674999999999912,Q3,-0.1489999999999867,-0.1489999999999867,True,-0.2674999999999912,4,
2023:Red Bull Racing:PER-VER,2023,Red Bull Racing,Italian Grand Prix,PER,VER,True,dry,"['Q1', 'Q2', 'Q3']","['Q1', 'Q2', 'Q3']","['Q3', 'Q2']",4,-0.3404999999999987,Q3,-0.3810000000000002,-0.3810000000000002,True,-0.3404999999999987,4,
2023:Williams:ALB-SAR,2023,Williams,Italian Grand Prix,ALB,SAR,True,dry,"['Q1', 'Q2']","['Q1', 'Q2']","['Q2', 'Q1']",5,0.671999999999997,Q2,0.671999999999997,1.1700000000000017,True,0.671999999999997,5,
2023:Alfa Romeo:BOT-ZHO,2023,Alfa Romeo,Singapore Grand Prix,BOT,ZHO,True,dry,['Q1'],['Q1'],['Q1'],3,0.44899999999999807,Q1,0.44899999999999807,0.44899999999999807,True,0.448999999999998,3,
2023:AlphaTauri:DEV-TSU,2023,AlphaTauri,Singapore Grand Prix,DEV,TSU,False,dry,[],[],[],0,,,,,False,,0,
2023:AlphaTauri:LAW-TSU,2023,AlphaTauri,Singapore Grand Prix,LAW,TSU,True,dry,"['Q1', 'Q2']",['Q1'],['Q1'],2,,Q1,-0.22400000000000375,-0.22400000000000375,False,,0,
2023:AlphaTauri:RIC-TSU,2023,AlphaTauri,Singapore Grand Prix,RIC,TSU,False,dry,[],[],[],0,,,,,False,,0,
2023:Alpine:GAS-OCO,2023,Alpine,Singapore Grand Prix,GAS,OCO,True,dry,"['Q1', 'Q2']","['Q1', 'Q2']","['Q2', 'Q1']",3,-0.000999999999990564,Q2,-0.000999999999990564,-0.6059999999999945,True,-0.0009999999999905,3,
2023:Aston Martin:ALO-STR,2023,Aston Martin,Singapore Grand Prix,ALO,STR,True,dry,['Q1'],['Q1'],['Q1'],1,,Q1,0.8130000000000024,1.7820000000000107,False,,0,
2023:Ferrari:LEC-SAI,2023,Ferrari,Singapore Grand Prix,LEC,SAI,True,dry,"['Q1', 'Q2', 'Q3']","['Q1', 'Q2', 'Q3']","['Q3', 'Q2']",3,-0.2510000000000048,Q3,-0.07900000000000773,-0.07900000000000773,True,-0.2510000000000048,3,
2023:Haas F1 Team:HUL-MAG,2023,Haas F1 Team,Singapore Grand Prix,HUL,MAG,True,dry,"['Q1', 'Q2', 'Q3']","['Q1', 'Q2', 'Q3']","['Q3', 'Q2']",3,-0.17799999999999727,Q3,-0.2330000000000041,-0.2330000000000041,True,-0.1779999999999972,3,
2023:McLaren:NOR-PIA,2023,McLaren,Singapore Grand Prix,NOR,PIA,True,dry,['Q1'],['Q1'],['Q1'],2,,Q1,0.41899999999999693,1.632000000000005,False,,0,
2023:Mercedes:HAM-RUS,2023,Mercedes,Singapore Grand Prix,HAM,RUS,True,dry,"['Q1', 'Q2', 'Q3']","['Q1', 'Q2', 'Q3']","['Q3', 'Q2']",3,-0.27600000000001046,Q3,-0.42900000000000205,-0.42900000000000205,True,-0.2760000000000104,3,
2023:Red Bull Racing:PER-VER,2023,Red Bull Racing,Singapore Grand Prix,PER,VER,True,dry,"['Q1', 'Q2']","['Q1', 'Q2']","['Q2', 'Q1']",3,0.2989999999999924,Q2,-0.0030000000000001137,0.2079999999999984,True,0.2989999999999924,3,
2023:Williams:ALB-SAR,2023,Williams,Singapore Grand Prix,ALB,SAR,True,dry,['Q1'],['Q1'],['Q1'],2,,Q1,0.583999999999989,0.583999999999989,False,,0,
2023:Alfa Romeo:BOT-ZHO,2023,Alfa Romeo,Japanese Grand Prix,BOT,ZHO,True,dry,['Q1'],['Q1'],['Q1'],1,,Q1,0.3299999999999983,0.3299999999999983,False,,0,
2023:AlphaTauri:DEV-TSU,2023,AlphaTauri,Japanese Grand Prix,DEV,TSU,False,dry,[],[],[],0,,,,,False,,0,
2023:AlphaTauri:LAW-TSU,2023,AlphaTauri,Japanese Grand Prix,LAW,TSU,True,dry,"['Q1', 'Q2', 'Q3']","['Q1', 'Q2']","['Q2', 'Q1']",4,-0.41100000000000136,Q2,-0.30400000000000205,-0.22100000000000364,True,-0.4110000000000013,4,
2023:AlphaTauri:RIC-TSU,2023,AlphaTauri,Japanese Grand Prix,RIC,TSU,False,dry,[],[],[],0,,,,,False,,0,
2023:Alpine:GAS-OCO,2023,Alpine,Japanese Grand Prix,GAS,OCO,True,dry,"['Q1', 'Q2', 'Q3']","['Q1', 'Q2']","['Q2', 'Q1']",4,0.016999999999995907,Q2,0.07699999999999818,0.07699999999999818,True,0.0169999999999959,4,
2023:Aston Martin:ALO-STR,2023,Aston Martin,Japanese Grand Prix,ALO,STR,True,dry,"['Q1', 'Q2']",['Q1'],['Q1'],2,,Q1,0.20999999999999375,0.715999999999994,False,,0,
2023:Ferrari:LEC-SAI,2023,Ferrari,Japanese Grand Prix,LEC,SAI,True,dry,"['Q1', 'Q2', 'Q3']","['Q1', 'Q2', 'Q3']","['Q3', 'Q2']",3,0.3079999999999927,Q3,0.3079999999999927,0.3079999999999927,True,0.3079999999999927,3,
2023:Haas F1 Team:HUL-MAG,2023,Haas F1 Team,Japanese Grand Prix,HUL,MAG,True,dry,['Q1'],['Q1'],['Q1'],2,,Q1,-0.3230000000000075,-0.6340000000000003,False,,0,
2023:McLaren:NOR-PIA,2023,McLaren,Japanese Grand Prix,NOR,PIA,True,dry,"['Q1', 'Q2', 'Q3']","['Q1', 'Q2', 'Q3']","['Q3', 'Q2']",3,-0.08199999999999363,Q3,-0.03499999999999659,-0.03499999999999659,True,-0.0819999999999936,3,
2023:Mercedes:HAM-RUS,2023,Mercedes,Japanese Grand Prix,HAM,RUS,True,dry,"['Q1', 'Q2', 'Q3']","['Q1', 'Q2', 'Q3']","['Q3', 'Q2']",3,-0.06399999999999295,Q3,0.31099999999999284,0.31099999999999284,True,-0.0639999999999929,3,
2023:Red Bull Racing:PER-VER,2023,Red Bull Racing,Japanese Grand Prix,PER,VER,True,dry,"['Q1', 'Q2', 'Q3']","['Q1', 'Q2', 'Q3']","['Q3', 'Q2']",3,-0.7730000000000103,Q3,-0.7730000000000103,-0.7730000000000103,True,-0.7730000000000103,3,
2023:Williams:ALB-SAR,2023,Williams,Japanese Grand Prix,ALB,SAR,True,dry,['Q1'],[],[],0,,,,,False,,0,
2023:Alfa Romeo:BOT-ZHO,2023,Alfa Romeo,Qatar Grand Prix,BOT,ZHO,True,dry,['Q1'],['Q1'],['Q1'],3,1.4939999999999998,Q1,1.3940000000000055,2.3739999999999952,True,1.4939999999999998,3,
2023:AlphaTauri:DEV-TSU,2023,AlphaTauri,Qatar Grand Prix,DEV,TSU,False,dry,[],[],[],0,,,,,False,,0,
2023:AlphaTauri:LAW-TSU,2023,AlphaTauri,Qatar Grand Prix,LAW,TSU,True,dry,['Q1'],['Q1'],['Q1'],4,-0.7439999999999998,Q1,-0.5769999999999982,-1.3340000000000032,True,-0.7439999999999998,4,
2023:AlphaTauri:RIC-TSU,2023,AlphaTauri,Qatar Grand Prix,RIC,TSU,False,dry,[],[],[],0,,,,,False,,0,
2023:Alpine:GAS-OCO,2023,Alpine,Qatar Grand Prix,GAS,OCO,True,dry,"['Q1', 'Q2', 'Q3']","['Q1', 'Q2', 'Q3']","['Q3', 'Q2']",4,0.46000000000000085,Q3,0.21000000000000796,0.21000000000000796,True,0.4600000000000008,4,
2023:Aston Martin:ALO-STR,2023,Aston Martin,Qatar Grand Prix,ALO,STR,True,dry,['Q1'],['Q1'],['Q1'],3,1.2129999999999939,Q1,1.1219999999999999,1.975999999999999,True,1.212999999999994,3,
2023:Ferrari:LEC-SAI,2023,Ferrari,Qatar Grand Prix,LEC,SAI,True,dry,"['Q1', 'Q2']","['Q1', 'Q2']","['Q2', 'Q1']",5,0.45000000000000284,Q2,0.24900000000000944,0.9039999999999964,True,0.4500000000000028,5,
2023:Haas F1 Team:HUL-MAG,2023,Haas F1 Team,Qatar Grand Prix,HUL,MAG,True,dry,['Q1'],['Q1'],['Q1'],2,,Q1,1.1420000000000101,1.4990000000000094,False,,0,
2023:McLaren:NOR-PIA,2023,McLaren,Qatar Grand Prix,NOR,PIA,True,dry,"['Q1', 'Q2', 'Q3']","['Q1', 'Q2', 'Q3']","['Q3', 'Q2']",4,0.3030000000000044,Q3,0.15399999999999636,0.15399999999999636,True,0.3030000000000044,4,
2023:Mercedes:HAM-RUS,2023,Mercedes,Qatar Grand Prix,HAM,RUS,True,dry,"['Q1', 'Q2', 'Q3']","['Q1', 'Q2', 'Q3']","['Q3', 'Q2']",3,0.10899999999999466,Q3,-0.08600000000001273,-0.08600000000001273,True,0.1089999999999946,3,
2023:Red Bull Racing:PER-VER,2023,Red Bull Racing,Qatar Grand Prix,PER,VER,True,dry,"['Q1', 'Q2']","['Q1', 'Q2']","['Q2', 'Q1']",5,-0.7920000000000016,Q2,-0.7920000000000016,-1.4969999999999999,True,-0.7920000000000016,5,
2023:Williams:ALB-SAR,2023,Williams,Qatar Grand Prix,ALB,SAR,True,dry,['Q1'],['Q1'],['Q1'],4,0.07150000000000034,Q1,0.09199999999999875,0.5030000000000001,True,0.0715000000000003,4,
2023:Alfa Romeo:BOT-ZHO,2023,Alfa Romeo,United States Grand Prix,BOT,ZHO,True,dry,"['Q1', 'Q2']","['Q1', 'Q2']","['Q2', 'Q1']",5,0.16899999999999693,Q2,-0.1600000000000108,-0.1600000000000108,True,0.1689999999999969,5,
2023:AlphaTauri:DEV-TSU,2023,AlphaTauri,United States Grand Prix,DEV,TSU,False,dry,[],[],[],0,,,,,False,,0,
2023:AlphaTauri:LAW-TSU,2023,AlphaTauri,United States Grand Prix,LAW,TSU,False,dry,[],[],[],0,,,,,False,,0,
2023:AlphaTauri:RIC-TSU,2023,AlphaTauri,United States Grand Prix,RIC,TSU,True,dry,"['Q1', 'Q2']","['Q1', 'Q2']","['Q2', 'Q1']",4,-0.30349999999999255,Q2,-0.277000000000001,-0.277000000000001,True,-0.3034999999999925,4,
2023:Alpine:GAS-OCO,2023,Alpine,United States Grand Prix,GAS,OCO,True,dry,"['Q1', 'Q2', 'Q3']","['Q1', 'Q2', 'Q3']","['Q3', 'Q2']",4,0.021999999999998465,Q3,0.06499999999999773,0.06499999999999773,True,0.0219999999999984,4,
2023:Aston Martin:ALO-STR,2023,Aston Martin,United States Grand Prix,ALO,STR,True,dry,['Q1'],['Q1'],['Q1'],3,0.32099999999999795,Q1,0.32099999999999795,0.32099999999999795,True,0.3209999999999979,3,
2023:Ferrari:LEC-SAI,2023,Ferrari,United States Grand Prix,LEC,SAI,True,dry,"['Q1', 'Q2', 'Q3']","['Q1', 'Q2', 'Q3']","['Q3', 'Q2']",4,0.32150000000000745,Q3,0.2219999999999942,0.2219999999999942,True,0.3215000000000074,4,
2023:Haas F1 Team:HUL-MAG,2023,Haas F1 Team,United States Grand Prix,HUL,MAG,True,dry,['Q1'],['Q1'],['Q1'],2,,Q1,-0.2259999999999991,-0.355000000000004,False,,0,
2023:McLaren:NOR-PIA,2023,McLaren,United States Grand Prix,NOR,PIA,True,dry,"['Q1', 'Q2', 'Q3']","['Q1', 'Q2', 'Q3']","['Q3', 'Q2']",3,0.055999999999997385,Q3,0.6140000000000043,0.6140000000000043,True,0.0559999999999973,3,
2023:Mercedes:HAM-RUS,2023,Mercedes,United States Grand Prix,HAM,RUS,True,dry,"['Q1', 'Q2', 'Q3']","['Q1', 'Q2', 'Q3']","['Q3', 'Q2']",4,0.2914999999999992,Q3,0.21699999999999875,0.21699999999999875,True,0.2914999999999992,4,
2023:Red Bull Racing:PER-VER,2023,Red Bull Racing,United States Grand Prix,PER,VER,True,dry,"['Q1', 'Q2', 'Q3']","['Q1', 'Q2', 'Q3']","['Q3', 'Q2']",3,-0.44299999999999784,Q3,-0.4549999999999983,-0.4549999999999983,True,-0.4429999999999978,3,
2023:Williams:ALB-SAR,2023,Williams,United States Grand Prix,ALB,SAR,True,dry,['Q1'],['Q1'],['Q1'],2,,Q1,0.5120000000000005,0.5120000000000005,False,,0,
2023:Alfa Romeo:BOT-ZHO,2023,Alfa Romeo,Mexico City Grand Prix,BOT,ZHO,True,dry,"['Q1', 'Q2', 'Q3']","['Q1', 'Q2', 'Q3']","['Q3', 'Q2']",3,0.4239999999999924,Q3,0.018000000000000682,0.033999999999991815,True,0.4239999999999924,3,
2023:AlphaTauri:DEV-TSU,2023,AlphaTauri,Mexico City Grand Prix,DEV,TSU,False,dry,[],[],[],0,,,,,False,,0,
2023:AlphaTauri:LAW-TSU,2023,AlphaTauri,Mexico City Grand Prix,LAW,TSU,False,dry,[],[],[],0,,,,,False,,0,
2023:AlphaTauri:RIC-TSU,2023,AlphaTauri,Mexico City Grand Prix,RIC,TSU,True,dry,"['Q1', 'Q2']",['Q1'],['Q1'],1,,Q1,0.5490000000000066,1.5079999999999956,False,,0,
2023:Alpine:GAS-OCO,2023,Alpine,Mexico City Grand Prix,GAS,OCO,True,dry,['Q1'],['Q1'],['Q1'],1,,Q1,0.13500000000000512,0.5589999999999975,False,,0,
2023:Aston Martin:ALO-STR,2023,Aston Martin,Mexico City Grand Prix,ALO,STR,True,dry,['Q1'],['Q1'],['Q1'],2,,Q1,0.3790000000000049,0.4890000000000043,False,,0,
2023:Ferrari:LEC-SAI,2023,Ferrari,Mexico City Grand Prix,LEC,SAI,True,dry,"['Q1', 'Q2', 'Q3']","['Q1', 'Q2', 'Q3']","['Q3', 'Q2']",4,-0.012499999999995737,Q3,0.06700000000000728,0.06700000000000728,True,-0.0124999999999957,4,
2023:Haas F1 Team:HUL-MAG,2023,Haas F1 Team,Mexico City Grand Prix,HUL,MAG,True,dry,['Q1'],['Q1'],['Q1'],1,,Q1,0.19400000000000261,0.6389999999999958,False,,0,
2023:McLaren:NOR-PIA,2023,McLaren,Mexico City Grand Prix,NOR,PIA,True,dry,['Q1'],['Q1'],['Q1'],1,,Q1,-3.3130000000000024,-3.9309999999999974,False,,0,
2023:Mercedes:HAM-RUS,2023,Mercedes,Mexico City Grand Prix,HAM,RUS,True,dry,"['Q1', 'Q2', 'Q3']","['Q1', 'Q2', 'Q3']","['Q3', 'Q2']",4,0.045000000000001705,Q3,0.22000000000001307,0.2190000000000083,True,0.0450000000000017,4,
2023:Red Bull Racing:PER-VER,2023,Red Bull Racing,Mexico City Grand Prix,PER,VER,True,dry,"['Q1', 'Q2', 'Q3']","['Q1', 'Q2', 'Q3']","['Q3', 'Q2']",3,-0.4989999999999952,Q3,-0.1599999999999966,-0.1599999999999966,True,-0.4989999999999952,3,
2023:Williams:ALB-SAR,2023,Williams,Mexico City Grand Prix,ALB,SAR,True,dry,['Q1'],['Q1'],['Q1'],1,,Q1,1.61099999999999,2.1369999999999862,False,,0,
2023:Alfa Romeo:BOT-ZHO,2023,Alfa Romeo,São Paulo Grand Prix,BOT,ZHO,True,dry,['Q1'],['Q1'],['Q1'],3,0.3860000000000099,Q1,0.3200000000000074,0.3200000000000074,True,0.3860000000000099,3,
2023:AlphaTauri:DEV-TSU,2023,AlphaTauri,São Paulo Grand Prix,DEV,TSU,False,dry,[],[],[],0,,,,,False,,0,
2023:AlphaTauri:LAW-TSU,2023,AlphaTauri,São Paulo Grand Prix,LAW,TSU,False,dry,[],[],[],0,,,,,False,,0,
2023:AlphaTauri:RIC-TSU,2023,AlphaTauri,São Paulo Grand Prix,RIC,TSU,True,dry,['Q1'],['Q1'],['Q1'],2,,Q1,-0.006000000000000227,-0.006000000000000227,False,,0,
2023:Alpine:GAS-OCO,2023,Alpine,São Paulo Grand Prix,GAS,OCO,True,dry,"['Q1', 'Q2']","['Q1', 'Q2']","['Q2', 'Q1']",4,0.1905000000000001,Q2,-0.0049999999999954525,-0.0049999999999954525,True,0.1905000000000001,4,
2023:Aston Martin:ALO-STR,2023,Aston Martin,São Paulo Grand Prix,ALO,STR,True,dry,"['Q1', 'Q2']","['Q1', 'Q2']","['Q2', 'Q1']",4,-0.24900000000000233,Q2,0.13800000000000523,0.13800000000000523,True,-0.2490000000000023,4,
2023:Ferrari:LEC-SAI,2023,Ferrari,São Paulo Grand Prix,LEC,SAI,True,dry,"['Q1', 'Q2']","['Q1', 'Q2']","['Q2', 'Q1']",4,0.038499999999991985,Q2,-0.04899999999999238,-0.04899999999999238,True,0.0384999999999919,4,
2023:Haas F1 Team:HUL-MAG,2023,Haas F1 Team,São Paulo Grand Prix,HUL,MAG,True,dry,"['Q1', 'Q2']","['Q1', 'Q2']","['Q2', 'Q1']",5,0.09999999999999432,Q2,0.17600000000000193,0.12700000000000955,True,0.0999999999999943,5,
2023:McLaren:NOR-PIA,2023,McLaren,São Paulo Grand Prix,NOR,PIA,True,dry,"['Q1', 'Q2']","['Q1', 'Q2']","['Q2', 'Q1']",2,,Q2,0.3089999999999975,0.3089999999999975,False,,0,
2023:Mercedes:HAM-RUS,2023,Mercedes,São Paulo Grand Prix,HAM,RUS,True,dry,"['Q1', 'Q2']","['Q1', 'Q2']",['Q2'],3,0.0519999999999925,Q2,0.04999999999999716,0.04999999999999716,True,0.0519999999999925,3,
2023:Red Bull Racing:PER-VER,2023,Red Bull Racing,São Paulo Grand Prix,PER,VER,True,dry,"['Q1', 'Q2']","['Q1', 'Q2']","['Q2', 'Q1']",4,-0.11050000000000182,Q2,-0.05699999999998795,-0.05699999999998795,True,-0.1105000000000018,4,
2023:Williams:ALB-SAR,2023,Williams,São Paulo Grand Prix,ALB,SAR,True,dry,['Q1'],['Q1'],['Q1'],3,0.4140000000000015,Q1,0.4140000000000015,0.4140000000000015,True,0.4140000000000015,3,
2023:Alfa Romeo:BOT-ZHO,2023,Alfa Romeo,Las Vegas Grand Prix,BOT,ZHO,True,dry,['Q1'],['Q1'],['Q1'],3,0.5439999999999969,Q1,0.5439999999999969,1.323999999999998,True,0.5439999999999969,3,
2023:AlphaTauri:DEV-TSU,2023,AlphaTauri,Las Vegas Grand Prix,DEV,TSU,False,dry,[],[],[],0,,,,,False,,0,
2023:AlphaTauri:LAW-TSU,2023,AlphaTauri,Las Vegas Grand Prix,LAW,TSU,False,dry,[],[],[],0,,,,,False,,0,
2023:AlphaTauri:RIC-TSU,2023,AlphaTauri,Las Vegas Grand Prix,RIC,TSU,True,dry,['Q1'],['Q1'],['Q1'],2,,Q1,0.8610000000000042,2.138999999999996,False,,0,
2023:Alpine:GAS-OCO,2023,Alpine,Las Vegas Grand Prix,GAS,OCO,True,dry,['Q1'],['Q1'],['Q1'],2,,Q1,0.5619999999999976,1.5949999999999989,False,,0,
2023:Aston Martin:ALO-STR,2023,Aston Martin,Las Vegas Grand Prix,ALO,STR,True,dry,"['Q1', 'Q2']","['Q1', 'Q2']","['Q2', 'Q1']",4,0.786999999999999,Q2,0.5819999999999936,0.6439999999999912,True,0.786999999999999,4,
2023:Ferrari:LEC-SAI,2023,Ferrari,Las Vegas Grand Prix,LEC,SAI,True,dry,"['Q1', 'Q2', 'Q3']","['Q1', 'Q2', 'Q3']","['Q3', 'Q2']",4,0.11200000000000188,Q3,0.04399999999999693,0.04399999999999693,True,0.1120000000000018,4,
2023:Haas F1 Team:HUL-MAG,2023,Haas F1 Team,Las Vegas Grand Prix,HUL,MAG,True,dry,"['Q1', 'Q2']","['Q1', 'Q2']","['Q2', 'Q1']",5,-0.4230000000000018,Q2,-0.3149999999999977,-0.44199999999999307,True,-0.4230000000000018,5,
2023:McLaren:NOR-PIA,2023,McLaren,Las Vegas Grand Prix,NOR,PIA,True,dry,['Q1'],['Q1'],['Q1'],2,,Q1,0.14699999999999136,0.14699999999999136,False,,0,
2023:Mercedes:HAM-RUS,2023,Mercedes,Las Vegas Grand Prix,HAM,RUS,True,dry,"['Q1', 'Q2']","['Q1', 'Q2']","['Q2', 'Q1']",3,0.03300000000000125,Q2,-0.4860000000000042,-0.7250000000000085,True,0.0330000000000012,3,
2023:Red Bull Racing:PER-VER,2023,Red Bull Racing,Las Vegas Grand Prix,PER,VER,True,dry,"['Q1', 'Q2']","['Q1', 'Q2']","['Q2', 'Q1']",4,-0.3470000000000013,Q2,-0.28300000000000125,-0.7510000000000048,True,-0.3470000000000013,4,
2023:Williams:ALB-SAR,2023,Williams,Las Vegas Grand Prix,ALB,SAR,True,dry,"['Q1', 'Q2', 'Q3']","['Q1', 'Q2', 'Q3']","['Q3', 'Q2']",3,0.14500000000001023,Q3,0.19000000000001194,0.19000000000001194,True,0.1450000000000102,3,
2023:Alfa Romeo:BOT-ZHO,2023,Alfa Romeo,Abu Dhabi Grand Prix,BOT,ZHO,True,dry,['Q1'],['Q1'],['Q1'],2,,Q1,0.3260000000000076,0.3260000000000076,False,,0,
2023:AlphaTauri:DEV-TSU,2023,AlphaTauri,Abu Dhabi Grand Prix,DEV,TSU,False,dry,[],[],[],0,,,,,False,,0,
2023:AlphaTauri:LAW-TSU,2023,AlphaTauri,Abu Dhabi Grand Prix,LAW,TSU,False,dry,[],[],[],0,,,,,False,,0,
2023:AlphaTauri:RIC-TSU,2023,AlphaTauri,Abu Dhabi Grand Prix,RIC,TSU,True,dry,"['Q1', 'Q2']","['Q1', 'Q2']","['Q2', 'Q1']",4,-0.2049999999999983,Q2,-0.23499999999999943,-0.47399999999998954,True,-0.2049999999999983,4,
2023:Alpine:GAS-OCO,2023,Alpine,Abu Dhabi Grand Prix,GAS,OCO,True,dry,"['Q1', 'Q2']","['Q1', 'Q2']","['Q2', 'Q1']",4,0.03250000000000597,Q2,0.3130000000000024,0.3130000000000024,True,0.0325000000000059,4,
2023:Aston Martin:ALO-STR,2023,Aston Martin,Abu Dhabi Grand Prix,ALO,STR,True,dry,"['Q1', 'Q2']","['Q1', 'Q2']","['Q2', 'Q1']",4,0.05649999999999977,Q2,0.2909999999999968,0.32099999999999795,True,0.0564999999999997,4,
2023:Ferrari:LEC-SAI,2023,Ferrari,Abu Dhabi Grand Prix,LEC,SAI,True,dry,['Q1'],['Q1'],['Q1'],2,,Q1,0.27899999999999636,1.1539999999999964,False,,0,
2023:Haas F1 Team:HUL-MAG,2023,Haas F1 Team,Abu Dhabi Grand Prix,HUL,MAG,True,dry,['Q1'],['Q1'],['Q1'],2,,Q1,0.33899999999999864,0.6559999999999917,False,,0,
2023:McLaren:NOR-PIA,2023,McLaren,Abu Dhabi Grand Prix,NOR,PIA,True,dry,"['Q1', 'Q2', 'Q3']","['Q1', 'Q2', 'Q3']","['Q3', 'Q2']",3,0.13299999999999557,Q3,-0.034000000000006025,-0.034000000000006025,True,0.1329999999999955,3,
2023:Mercedes:HAM-RUS,2023,Mercedes,Abu Dhabi Grand Prix,HAM,RUS,True,dry,"['Q1', 'Q2']","['Q1', 'Q2']","['Q2', 'Q1']",4,-0.2874999999999943,Q2,-0.3459999999999894,-0.570999999999998,True,-0.2874999999999943,4,
2023:Red Bull Racing:PER-VER,2023,Red Bull Racing,Abu Dhabi Grand Prix,PER,VER,True,dry,"['Q1', 'Q2', 'Q3']","['Q1', 'Q2', 'Q3']","['Q3', 'Q2']",3,-0.3760000000000048,Q3,-0.4230000000000018,-0.4230000000000018,True,-0.3760000000000048,3,
2023:Williams:ALB-SAR,2023,Williams,Abu Dhabi Grand Prix,ALB,SAR,True,dry,['Q1'],['Q1'],['Q1'],2,,Q1,0.23399999999999466,0.23399999999999466,False,,0,
2024:Alpine:DOO-GAS,2024,Alpine,Bahrain Grand Prix,DOO,GAS,False,dry,[],[],[],0,,,,,False,,0,
2024:Alpine:GAS-OCO,2024,Alpine,Bahrain Grand Prix,GAS,OCO,True,dry,['Q1'],['Q1'],['Q1'],3,-0.15499999999998693,Q1,-0.15499999999998693,-0.15499999999998693,True,-0.1549999999999869,3,
2024:Aston Martin:ALO-STR,2024,Aston Martin,Bahrain Grand Prix,ALO,STR,True,dry,"['Q1', 'Q2']","['Q1', 'Q2']","['Q2', 'Q1']",3,0.6850000000000023,Q2,0.3990000000000009,0.4230000000000018,True,0.6850000000000023,3,
2024:Ferrari:BEA-LEC,2024,Ferrari,Bahrain Grand Prix,BEA,LEC,False,dry,[],[],[],0,,,,,False,,0,
2024:Ferrari:LEC-SAI,2024,Ferrari,Bahrain Grand Prix,LEC,SAI,True,dry,"['Q1', 'Q2', 'Q3']","['Q1', 'Q2', 'Q3']","['Q3', 'Q2']",4,0.2295000000000016,Q3,0.10000000000000853,0.34199999999999875,True,0.2295000000000016,4,
2024:Haas F1 Team:BEA-HUL,2024,Haas F1 Team,Bahrain Grand Prix,BEA,HUL,False,dry,[],[],[],0,,,,,False,,0,
2024:Haas F1 Team:HUL-MAG,2024,Haas F1 Team,Bahrain Grand Prix,HUL,MAG,True,dry,"['Q1', 'Q2']","['Q1', 'Q2']","['Q2', 'Q1']",4,0.40099999999999625,Q2,0.6779999999999973,0.6779999999999973,True,0.4009999999999962,4,
2024:Kick Sauber:BOT-ZHO,2024,Kick Sauber,Bahrain Grand Prix,BOT,ZHO,True,dry,['Q1'],['Q1'],['Q1'],2,,Q1,0.0010000000000047748,0.0010000000000047748,False,,0,
2024:McLaren:NOR-PIA,2024,McLaren,Bahrain Grand Prix,NOR,PIA,True,dry,"['Q1', 'Q2', 'Q3']","['Q1', 'Q2', 'Q3']","['Q3', 'Q2']",3,0.6829999999999927,Q3,0.06900000000000261,0.06900000000000261,True,0.6829999999999927,3,
2024:Mercedes:HAM-RUS,2024,Mercedes,Bahrain Grand Prix,HAM,RUS,True,dry,"['Q1', 'Q2', 'Q3']","['Q1', 'Q2', 'Q3']","['Q3', 'Q2']",4,-0.010500000000000398,Q3,-0.22499999999999432,-0.22499999999999432,True,-0.0105000000000003,4,
2024:RB:LAW-TSU,2024,RB,Bahrain Grand Prix,LAW,TSU,False,dry,[],[],[],0,,,,,False,,0,
2024:RB:RIC-TSU,2024,RB,Bahrain Grand Prix,RIC,TSU,True,dry,"['Q1', 'Q2']","['Q1', 'Q2']","['Q2', 'Q1']",4,-0.11250000000000426,Q2,-0.1490000000000009,-0.1490000000000009,True,-0.1125000000000042,4,
2024:Red Bull Racing:PER-VER,2024,Red Bull Racing,Bahrain Grand Prix,PER,VER,True,dry,"['Q1', 'Q2', 'Q3']","['Q1', 'Q2', 'Q3']","['Q3', 'Q2']",3,-0.5580000000000069,Q3,-0.3580000000000041,-0.3580000000000041,True,-0.5580000000000069,3,
2024:Williams:ALB-COL,2024,Williams,Bahrain Grand Prix,ALB,COL,False,dry,[],[],[],0,,,,,False,,0,
2024:Williams:ALB-SAR,2024,Williams,Bahrain Grand Prix,ALB,SAR,True,dry,['Q1'],['Q1'],['Q1'],2,,Q1,0.37299999999999045,0.5489999999999924,False,,0,
2024:Alpine:DOO-GAS,2024,Alpine,Saudi Arabian Grand Prix,DOO,GAS,False,dry,[],[],[],0,,,,,False,,0,
2024:Alpine:GAS-OCO,2024,Alpine,Saudi Arabian Grand Prix,GAS,OCO,True,dry,['Q1'],['Q1'],['Q1'],2,,Q1,-0.0040000000000048885,-0.0040000000000048885,False,,0,
2024:Aston Martin:ALO-STR,2024,Aston Martin,Saudi Arabian Grand Prix,ALO,STR,True,dry,"['Q1', 'Q2', 'Q3']","['Q1', 'Q2', 'Q3']","['Q3', 'Q2']",3,0.7259999999999991,Q3,0.7259999999999991,0.40399999999999636,True,0.7259999999999991,3,
2024:Ferrari:BEA-LEC,2024,Ferrari,Saudi Arabian Grand Prix,BEA,LEC,True,dry,"['Q1', 'Q2', 'Q3']","['Q1', 'Q2']","['Q2', 'Q1']",5,-0.7360000000000042,Q2,-0.5300000000000011,-0.8509999999999991,True,-0.7360000000000042,5,
2024:Ferrari:LEC-SAI,2024,Ferrari,Saudi Arabian Grand Prix,LEC,SAI,False,dry,[],[],[],0,,,,,False,,0,
2024:Haas F1 Team:BEA-HUL,2024,Haas F1 Team,Saudi Arabian Grand Prix,BEA,HUL,False,dry,[],[],[],0,,,,,False,,0,
2024:Haas F1 Team:HUL-MAG,2024,Haas F1 Team,Saudi Arabian Grand Prix,HUL,MAG,True,dry,"['Q1', 'Q2']",['Q1'],['Q1'],3,0.0309999999999917,Q1,0.013999999999995794,-0.0350000000000108,True,0.0309999999999917,3,
2024:Kick Sauber:BOT-ZHO,2024,Kick Sauber,Saudi Arabian Grand Prix,BOT,ZHO,True,dry,['Q1'],[],[],0,,,,,False,,0,
2024:McLaren:NOR-PIA,2024,McLaren,Saudi Arabian Grand Prix,NOR,PIA,True,dry,"['Q1', 'Q2', 'Q3']","['Q1', 'Q2', 'Q3']","['Q3', 'Q2']",4,-0.14099999999999824,Q3,-0.043000000000006366,-0.043000000000006366,True,-0.1409999999999982,4,
2024:Mercedes:HAM-RUS,2024,Mercedes,Saudi Arabian Grand Prix,HAM,RUS,True,dry,"['Q1', 'Q2', 'Q3']","['Q1', 'Q2', 'Q3']","['Q3', 'Q2']",3,-0.49099999999999966,Q3,-0.14399999999999125,-0.14399999999999125,True,-0.4909999999999996,3,
2024:RB:LAW-TSU,2024,RB,Saudi Arabian Grand Prix,LAW,TSU,False,dry,[],[],[],0,,,,,False,,0,
2024:RB:RIC-TSU,2024,RB,Saudi Arabian Grand Prix,RIC,TSU,True,dry,"['Q1', 'Q2', 'Q3']","['Q1', 'Q2']","['Q2', 'Q1']",4,-0.22149999999999892,Q2,-0.46100000000001273,-0.47800000000000864,True,-0.2214999999999989,4,
2024:Red Bull Racing:PER-VER,2024,Red Bull Racing,Saudi Arabian Grand Prix,PER,VER,True,dry,"['Q1', 'Q2', 'Q3']","['Q1', 'Q2', 'Q3']","['Q3', 'Q2']",4,-0.38450000000000273,Q3,-0.33500000000000796,-0.33500000000000796,True,-0.3845000000000027,4,
2024:Williams:ALB-COL,2024,Williams,Saudi Arabian Grand Prix,ALB,COL,False,dry,[],[],[],0,,,,,False,,0,
2024:Williams:ALB-SAR,2024,Williams,Saudi Arabian Grand Prix,ALB,SAR,True,dry,['Q1'],['Q1'],['Q1'],2,,Q1,0.41899999999999693,0.5459999999999923,False,,0,
2024:Alpine:DOO-GAS,2024,Alpine,Australian Grand Prix,DOO,GAS,False,dry,[],[],[],0,,,,,False,,0,
2024:Alpine:GAS-OCO,2024,Alpine,Australian Grand Prix,GAS,OCO,True,dry,['Q1'],['Q1'],['Q1'],3,0.10500000000000398,Q1,-0.3649999999999949,-0.3649999999999949,True,0.1050000000000039,3,
2024:Aston Martin:ALO-STR,2024,Aston Martin,Australian Grand Prix,ALO,STR,True,dry,"['Q1', 'Q2', 'Q3']","['Q1', 'Q2', 'Q3']","['Q3', 'Q2']",4,0.03200000000000358,Q3,-0.480000000000004,0.07000000000000739,True,0.0320000000000035,4,
2024:Ferrari:BEA-LEC,2024,Ferrari,Australian Grand Prix,BEA,LEC,False,dry,[],[],[],0,,,,,False,,0,
2024:Ferrari:LEC-SAI,2024,Ferrari,Australian Grand Prix,LEC,SAI,True,dry,"['Q1', 'Q2', 'Q3']","['Q1', 'Q2', 'Q3']","['Q3', 'Q2']",3,-0.1039999999999992,Q3,-0.25,-0.11899999999999977,True,-0.1039999999999992,3,
2024:Haas F1 Team:BEA-HUL,2024,Haas F1 Team,Australian Grand Prix,BEA,HUL,False,dry,[],[],[],0,,,,,False,,0,
2024:Haas F1 Team:HUL-MAG,2024,Haas F1 Team,Australian Grand Prix,HUL,MAG,True,dry,['Q1'],['Q1'],['Q1'],2,,Q1,-0.2669999999999959,-0.5489999999999924,False,,0,
2024:Kick Sauber:BOT-ZHO,2024,Kick Sauber,Australian Grand Prix,BOT,ZHO,True,dry,['Q1'],['Q1'],['Q1'],3,0.6209999999999951,Q1,0.644999999999996,0.847999999999999,True,0.6209999999999951,3,
2024:McLaren:NOR-PIA,2024,McLaren,Australian Grand Prix,NOR,PIA,True,dry,"['Q1', 'Q2', 'Q3']","['Q1', 'Q2', 'Q3']","['Q3', 'Q2']",3,0.257000000000005,Q3,0.257000000000005,0.257000000000005,True,0.257000000000005,3,
2024:Mercedes:HAM-RUS,2024,Mercedes,Australian Grand Prix,HAM,RUS,True,dry,"['Q1', 'Q2']","['Q1', 'Q2']","['Q2', 'Q1']",4,-0.0449999999999946,Q2,-0.0589999999999975,-0.23599999999999,True,-0.0449999999999946,4,
2024:RB:LAW-TSU,2024,RB,Australian Grand Prix,LAW,TSU,False,dry,[],[],[],0,,,,,False,,0,
2024:RB:RIC-TSU,2024,RB,Australian Grand Prix,RIC,TSU,True,dry,['Q1'],['Q1'],['Q1'],2,,Q1,-0.10999999999999943,-0.6779999999999973,False,,0,
2024:Red Bull Racing:PER-VER,2024,Red Bull Racing,Australian Grand Prix,PER,VER,True,dry,"['Q1', 'Q2', 'Q3']","['Q1', 'Q2', 'Q3']","['Q3', 'Q2']",4,-0.36249999999999716,Q3,-0.35899999999999466,-0.35899999999999466,True,-0.3624999999999971,4,
2024:Williams:ALB-COL,2024,Williams,Australian Grand Prix,ALB,COL,False,dry,[],[],[],0,,,,,False,,0,
2024:Williams:ALB-SAR,2024,Williams,Australian Grand Prix,ALB,SAR,False,dry,[],[],[],0,,,,,False,,0,
2024:Alpine:DOO-GAS,2024,Alpine,Japanese Grand Prix,DOO,GAS,False,dry,[],[],[],0,,,,,False,,0,
2024:Alpine:GAS-OCO,2024,Alpine,Japanese Grand Prix,GAS,OCO,True,dry,['Q1'],['Q1'],['Q1'],2,,Q1,-0.3079999999999927,-0.3079999999999927,False,,0,
2024:Aston Martin:ALO-STR,2024,Aston Martin,Japanese Grand Prix,ALO,STR,True,dry,['Q1'],['Q1'],['Q1'],1,,Q1,0.769999999999996,1.3379999999999939,False,,0,
2024:Ferrari:BEA-LEC,2024,Ferrari,Japanese Grand Prix,BEA,LEC,False,dry,[],[],[],0,,,,,False,,0,
2024:Ferrari:LEC-SAI,2024,Ferrari,Japanese Grand Prix,LEC,SAI,True,dry,"['Q1', 'Q2', 'Q3']","['Q1', 'Q2', 'Q3']","['Q3', 'Q2', 'Q1']",3,-0.1039999999999992,Q3,-0.1039999999999992,-0.1039999999999992,True,-0.1039999999999992,3,
2024:Haas F1 Team:BEA-HUL,2024,Haas F1 Team,Japanese Grand Prix,BEA,HUL,False,dry,[],[],[],0,,,,,False,,0,
2024:Haas F1 Team:HUL-MAG,2024,Haas F1 Team,Japanese Grand Prix,HUL,MAG,True,dry,['Q1'],['Q1'],['Q1'],2,,Q1,0.3100000000000023,0.6370000000000005,False,,0,
2024:Kick Sauber:BOT-ZHO,2024,Kick Sauber,Japanese Grand Prix,BOT,ZHO,True,dry,['Q1'],['Q1'],['Q1'],2,,Q1,0.5409999999999968,0.5499999999999972,False,,0,
2024:McLaren:NOR-PIA,2024,McLaren,Japanese Grand Prix,NOR,PIA,True,dry,"['Q1', 'Q2', 'Q3']","['Q1', 'Q2', 'Q3']","['Q3', 'Q2']",3,0.2710000000000008,Q3,0.2710000000000008,0.2710000000000008,True,0.2710000000000008,3,
2024:Mercedes:HAM-RUS,2024,Mercedes,Japanese Grand Prix,HAM,RUS,True,dry,"['Q1', 'Q2', 'Q3']","['Q1', 'Q2', 'Q3']","['Q3', 'Q2']",4,0.19299999999999073,Q3,0.24199999999999022,0.24199999999999022,True,0.1929999999999907,4,
2024:RB:LAW-TSU,2024,RB,Japanese Grand Prix,LAW,TSU,False,dry,[],[],[],0,,,,,False,,0,
2024:RB:RIC-TSU,2024,RB,Japanese Grand Prix,RIC,TSU,True,dry,"['Q1', 'Q2']","['Q1', 'Q2']","['Q2', 'Q1']",4,-0.16949999999999932,Q2,-0.05499999999999261,-0.0589999999999975,True,-0.1694999999999993,4,
2024:Red Bull Racing:PER-VER,2024,Red Bull Racing,Japanese Grand Prix,PER,VER,True,dry,"['Q1', 'Q2', 'Q3']","['Q1', 'Q2', 'Q3']","['Q3', 'Q2']",3,-0.0660000000000025,Q3,-0.0660000000000025,-0.0660000000000025,True,-0.0660000000000025,3,
2024:Williams:ALB-COL,2024,Williams,Japanese Grand Prix,ALB,COL,False,dry,[],[],[],0,,,,,False,,0,
2024:Williams:ALB-SAR,2024,Williams,Japanese Grand Prix,ALB,SAR,True,dry,['Q1'],['Q1'],['Q1'],2,,Q1,0.17600000000000193,0.42499999999999716,False,,0,
2024:Alpine:DOO-GAS,2024,Alpine,Chinese Grand Prix,DOO,GAS,False,dry,[],[],[],0,,,,,False,,0,
2024:Alpine:GAS-OCO,2024,Alpine,Chinese Grand Prix,GAS,OCO,True,dry,"['Q1', 'Q2']","['Q1', 'Q2']","['Q2', 'Q1']",5,-0.11299999999999955,Q2,-0.23999999999999488,-0.06400000000000716,True,-0.1129999999999995,5,
2024:Aston Martin:ALO-STR,2024,Aston Martin,Chinese Grand Prix,ALO,STR,True,dry,"['Q1', 'Q2']","['Q1', 'Q2']","['Q2', 'Q1']",3,0.2909999999999968,Q2,0.18599999999999284,0.6899999999999977,True,0.2909999999999968,3,
2024:Ferrari:BEA-LEC,2024,Ferrari,Chinese Grand Prix,BEA,LEC,False,dry,[],[],[],0,,,,,False,,0,
2024:Ferrari:LEC-SAI,2024,Ferrari,Chinese Grand Prix,LEC,SAI,True,dry,"['Q1', 'Q2', 'Q3']","['Q1', 'Q2', 'Q3']","['Q3', 'Q2']",3,-0.0030000000000001137,Q3,0.007999999999995566,0.007999999999995566,True,-0.0030000000000001,3,
2024:Haas F1 Team:BEA-HUL,2024,Haas F1 Team,Chinese Grand Prix,BEA,HUL,False,dry,[],[],[],0,,,,,False,,0,
2024:Haas F1 Team:HUL-MAG,2024,Haas F1 Team,Chinese Grand Prix,HUL,MAG,True,dry,['Q1'],['Q1'],['Q1'],1,,Q1,0.4270000000000067,2.0220000000000056,False,,0,
2024:Kick Sauber:BOT-ZHO,2024,Kick Sauber,Chinese Grand Prix,BOT,ZHO,True,dry,['Q1'],['Q1'],['Q1'],1,,Q1,1.13900000000001,1.6430000000000007,False,,0,
2024:McLaren:NOR-PIA,2024,McLaren,Chinese Grand Prix,NOR,PIA,True,dry,"['Q1', 'Q2', 'Q3']","['Q1', 'Q2', 'Q3']","['Q3', 'Q2']",3,0.10799999999998988,Q3,0.10799999999998988,0.10799999999998988,True,0.1079999999999898,3,
2024:Mercedes:HAM-RUS,2024,Mercedes,Chinese Grand Prix,HAM,RUS,True,dry,['Q1'],['Q1'],['Q1'],1,,Q1,-0.8739999999999952,-2.1739999999999924,False,,0,
2024:RB:LAW-TSU,2024,RB,Chinese Grand Prix,LAW,TSU,False,dry,[],[],[],0,,,,,False,,0,
2024:RB:RIC-TSU,2024,RB,Chinese Grand Prix,RIC,TSU,True,dry,['Q1'],['Q1'],['Q1'],1,,Q1,-0.6189999999999998,0.8119999999999976,False,,0,
2024:Red Bull Racing:PER-VER,2024,Red Bull Racing,Chinese Grand Prix,PER,VER,True,dry,"['Q1', 'Q2', 'Q3']","['Q1', 'Q2', 'Q3']","['Q3', 'Q2']",4,-0.40749999999999886,Q3,-0.32200000000000273,-0.32200000000000273,True,-0.4074999999999988,4,
2024:Williams:ALB-COL,2024,Williams,Chinese Grand Prix,ALB,COL,False,dry,[],[],[],0,,,,,False,,0,
2024:Williams:ALB-SAR,2024,Williams,Chinese Grand Prix,ALB,SAR,True,dry,['Q1'],['Q1'],['Q1'],1,,Q1,0.6290000000000049,1.1170000000000044,False,,0,
2024:Alpine:DOO-GAS,2024,Alpine,Miami Grand Prix,DOO,GAS,False,dry,[],[],[],0,,,,,False,,0,
2024:Alpine:GAS-OCO,2024,Alpine,Miami Grand Prix,GAS,OCO,True,dry,"['Q1', 'Q2']","['Q1', 'Q2']","['Q2', 'Q1']",5,-0.14300000000000068,Q2,0.046999999999997044,0.2330000000000041,True,-0.1430000000000006,5,
2024:Aston Martin:ALO-STR,2024,Aston Martin,Miami Grand Prix,ALO,STR,True,dry,"['Q1', 'Q2']","['Q1', 'Q2']","['Q2', 'Q1']",5,-0.2050000000000125,Q2,-0.2050000000000125,-0.25,True,-0.2050000000000125,5,
2024:Ferrari:BEA-LEC,2024,Ferrari,Miami Grand Prix,BEA,LEC,False,dry,[],[],[],0,,,,,False,,0,
2024:Ferrari:LEC-SAI,2024,Ferrari,Miami Grand Prix,LEC,SAI,True,dry,"['Q1', 'Q2', 'Q3']","['Q1', 'Q2', 'Q3']","['Q3', 'Q2']",4,0.24049999999999727,Q3,0.07299999999999329,0.07299999999999329,True,0.2404999999999972,4,
2024:Haas F1 Team:BEA-HUL,2024,Haas F1 Team,Miami Grand Prix,BEA,HUL,False,dry,[],[],[],0,,,,,False,,0,
2024:Haas F1 Team:HUL-MAG,2024,Haas F1 Team,Miami Grand Prix,HUL,MAG,True,dry,['Q1'],['Q1'],['Q1'],3,0.07000000000000739,Q1,0.2360000000000042,0.472999999999999,True,0.0700000000000073,3,
2024:Kick Sauber:BOT-ZHO,2024,Kick Sauber,Miami Grand Prix,BOT,ZHO,True,dry,['Q1'],['Q1'],['Q1'],2,,Q1,0.3610000000000042,0.3610000000000042,False,,0,
2024:McLaren:NOR-PIA,2024,McLaren,Miami Grand Prix,NOR,PIA,True,dry,"['Q1', 'Q2', 'Q3']","['Q1', 'Q2', 'Q3']","['Q3', 'Q2', 'Q1']",4,-0.01999999999999602,Q3,0.08100000000000307,0.08100000000000307,True,-0.019999999999996,4,
2024:Mercedes:HAM-RUS,2024,Mercedes,Miami Grand Prix,HAM,RUS,True,dry,"['Q1', 'Q2', 'Q3']","['Q1', 'Q2', 'Q3']","['Q3', 'Q2']",4,-0.0694999999999979,Q3,-0.04000000000000625,0.36999999999999034,True,-0.0694999999999979,4,
2024:RB:LAW-TSU,2024,RB,Miami Grand Prix,LAW,TSU,False,dry,[],[],[],0,,,,,False,,0,
2024:RB:RIC-TSU,2024,RB,Miami Grand Prix,RIC,TSU,True,dry,['Q1'],['Q1'],['Q1'],3,-0.09100000000000819,Q1,-0.29300000000000637,-0.45000000000000284,True,-0.0910000000000081,3,
2024:Red Bull Racing:PER-VER,2024,Red Bull Racing,Miami Grand Prix,PER,VER,True,dry,"['Q1', 'Q2', 'Q3']","['Q1', 'Q2', 'Q3']","['Q3', 'Q2']",4,-0.2700000000000031,Q3,-0.2189999999999941,-0.2189999999999941,True,-0.2700000000000031,4,
2024:Williams:ALB-COL,2024,Williams,Miami Grand Prix,ALB,COL,False,dry,[],[],[],0,,,,,False,,0,
2024:Williams:ALB-SAR,2024,Williams,Miami Grand Prix,ALB,SAR,True,dry,['Q1'],['Q1'],['Q1'],2,,Q1,0.14399999999999125,0.14399999999999125,False,,0,
2024:Alpine:DOO-GAS,2024,Alpine,Emilia Romagna Grand Prix,DOO,GAS,False,dry,[],[],[],0,,,,,False,,0,
2024:Alpine:GAS-OCO,2024,Alpine,Emilia Romagna Grand Prix,GAS,OCO,True,dry,"['Q1', 'Q2']","['Q1', 'Q2']","['Q2', 'Q1']",3,-0.37699999999999534,Q2,-0.37699999999999534,-0.37699999999999534,True,-0.3769999999999953,3,
2024:Aston Martin:ALO-STR,2024,Aston Martin,Emilia Romagna Grand Prix,ALO,STR,True,dry,['Q1'],['Q1'],['Q1'],1,,Q1,-0.4590000000000032,-0.9249999999999972,False,,0,
2024:Ferrari:BEA-LEC,2024,Ferrari,Emilia Romagna Grand Prix,BEA,LEC,False,dry,[],[],[],0,,,,,False,,0,
2024:Ferrari:LEC-SAI,2024,Ferrari,Emilia Romagna Grand Prix,LEC,SAI,True,dry,"['Q1', 'Q2', 'Q3']","['Q1', 'Q2', 'Q3']","['Q3', 'Q2']",4,0.3149999999999977,Q3,0.26300000000000523,0.26300000000000523,True,0.3149999999999977,4,
2024:Haas F1 Team:BEA-HUL,2024,Haas F1 Team,Emilia Romagna Grand Prix,BEA,HUL,False,dry,[],[],[],0,,,,,False,,0,
2024:Haas F1 Team:HUL-MAG,2024,Haas F1 Team,Emilia Romagna Grand Prix,HUL,MAG,True,dry,['Q1'],['Q1'],['Q1'],2,,Q1,1.0130000000000052,1.2849999999999966,False,,0,
2024:Kick Sauber:BOT-ZHO,2024,Kick Sauber,Emilia Romagna Grand Prix,BOT,ZHO,True,dry,['Q1'],['Q1'],['Q1'],1,,Q1,0.2079999999999984,0.2079999999999984,False,,0,
2024:McLaren:NOR-PIA,2024,McLaren,Emilia Romagna Grand Prix,NOR,PIA,True,dry,"['Q1', 'Q2', 'Q3']","['Q1', 'Q2', 'Q3']","['Q3', 'Q2']",3,-0.017000000000010118,Q3,-0.017000000000010118,-0.017000000000010118,True,-0.0170000000000101,3,
2024:Mercedes:HAM-RUS,2024,Mercedes,Emilia Romagna Grand Prix,HAM,RUS,True,dry,"['Q1', 'Q2', 'Q3']","['Q1', 'Q2', 'Q3']","['Q3', 'Q2']",4,-0.13800000000000523,Q3,-0.27000000000001023,-0.27000000000001023,True,-0.1380000000000052,4,
2024:RB:LAW-TSU,2024,RB,Emilia Romagna Grand Prix,LAW,TSU,False,dry,[],[],[],0,,,,,False,,0,
2024:RB:RIC-TSU,2024,RB,Emilia Romagna Grand Prix,RIC,TSU,True,dry,"['Q1', 'Q2', 'Q3']","['Q1', 'Q2', 'Q3']","['Q3', 'Q2', 'Q1']",3,-0.20900000000000318,Q3,-0.20900000000000318,-0.3160000000000025,True,-0.2090000000000031,3,
2024:Red Bull Racing:PER-VER,2024,Red Bull Racing,Emilia Romagna Grand Prix,PER,VER,True,dry,"['Q1', 'Q2']","['Q1', 'Q2']","['Q2', 'Q1']",3,-0.46699999999999875,Q2,-0.5300000000000011,-0.960000000000008,True,-0.4669999999999987,3,
2024:Williams:ALB-COL,2024,Williams,Emilia Romagna Grand Prix,ALB,COL,False,dry,[],[],[],0,,,,,False,,0,
2024:Williams:ALB-SAR,2024,Williams,Emilia Romagna Grand Prix,ALB,SAR,True,dry,['Q1'],['Q1'],['Q1'],2,,Q1,0.20699999999999363,0.5309999999999917,False,,0,
2024:Alpine:DOO-GAS,2024,Alpine,Monaco Grand Prix,DOO,GAS,False,dry,[],[],[],0,,,,,False,,0,
2024:Alpine:GAS-OCO,2024,Alpine,Monaco Grand Prix,GAS,OCO,True,dry,"['Q1', 'Q2']","['Q1', 'Q2']","['Q2', 'Q1']",6,-0.3014999999999972,Q2,0.3889999999999958,0.3889999999999958,True,-0.3014999999999972,6,
2024:Aston Martin:ALO-STR,2024,Aston Martin,Monaco Grand Prix,ALO,STR,True,dry,['Q1'],['Q1'],['Q1'],3,-0.06100000000000705,Q1,-0.06100000000000705,-0.5240000000000009,True,-0.061000000000007,3,
2024:Ferrari:BEA-LEC,2024,Ferrari,Monaco Grand Prix,BEA,LEC,False,dry,[],[],[],0,,,,,False,,0,
2024:Ferrari:LEC-SAI,2024,Ferrari,Monaco Grand Prix,LEC,SAI,True,dry,"['Q1', 'Q2', 'Q3']","['Q1', 'Q2', 'Q3']","['Q3', 'Q2']",5,0.24800000000000466,Q3,0.24800000000000466,0.24800000000000466,True,0.2480000000000046,5,
2024:Haas F1 Team:BEA-HUL,2024,Haas F1 Team,Monaco Grand Prix,BEA,HUL,False,dry,[],[],[],0,,,,,False,,0,
2024:Haas F1 Team:HUL-MAG,2024,Haas F1 Team,Monaco Grand Prix,HUL,MAG,True,dry,"['Q1', 'Q2']","['Q1', 'Q2']","['Q2', 'Q1']",5,-0.11400000000000432,Q2,0.2849999999999966,0.2849999999999966,True,-0.1140000000000043,5,
2024:Kick Sauber:BOT-ZHO,2024,Kick Sauber,Monaco Grand Prix,BOT,ZHO,True,dry,['Q1'],['Q1'],['Q1'],4,0.5110000000000028,Q1,0.5160000000000053,0.5160000000000053,True,0.5110000000000028,4,
2024:McLaren:NOR-PIA,2024,McLaren,Monaco Grand Prix,NOR,PIA,True,dry,"['Q1', 'Q2', 'Q3']","['Q1', 'Q2', 'Q3']","['Q3', 'Q2']",4,-0.30699999999999505,Q3,-0.117999999999995,-0.117999999999995,True,-0.306999999999995,4,
2024:Mercedes:HAM-RUS,2024,Mercedes,Monaco Grand Prix,HAM,RUS,True,dry,"['Q1', 'Q2', 'Q3']","['Q1', 'Q2', 'Q3']","['Q3', 'Q2']",4,-0.06749999999998835,Q3,-0.07799999999998875,-0.07799999999998875,True,-0.0674999999999883,4,
2024:RB:LAW-TSU,2024,RB,Monaco Grand Prix,LAW,TSU,False,dry,[],[],[],0,,,,,False,,0,
2024:RB:RIC-TSU,2024,RB,Monaco Grand Prix,RIC,TSU,True,dry,"['Q1', 'Q2']","['Q1', 'Q2']",['Q2'],3,-0.380999999999986,Q2,-0.3760000000000048,-0.6239999999999952,True,-0.380999999999986,3,
2024:Red Bull Racing:PER-VER,2024,Red Bull Racing,Monaco Grand Prix,PER,VER,True,dry,['Q1'],['Q1'],['Q1'],5,-0.7279999999999944,Q1,-0.34900000000000375,-1.4930000000000092,True,-0.7279999999999944,5,
2024:Williams:ALB-COL,2024,Williams,Monaco Grand Prix,ALB,COL,False,dry,[],[],[],0,,,,,False,,0,
2024:Williams:ALB-SAR,2024,Williams,Monaco Grand Prix,ALB,SAR,True,dry,['Q1'],['Q1'],['Q1'],4,-0.018499999999995964,Q1,0.39699999999999136,1.0720000000000027,True,-0.0184999999999959,4,
2024:Alpine:DOO-GAS,2024,Alpine,Canadian Grand Prix,DOO,GAS,False,dry,[],[],[],0,,,,,False,,0,
2024:Alpine:GAS-OCO,2024,Alpine,Canadian Grand Prix,GAS,OCO,True,dry,['Q1'],['Q1'],['Q1'],2,,Q1,0.1460000000000008,0.49500000000000455,False,,0,
2024:Aston Martin:ALO-STR,2024,Aston Martin,Canadian Grand Prix,ALO,STR,True,dry,"['Q1', 'Q2', 'Q3']","['Q1', 'Q2', 'Q3']","['Q3', 'Q2']",3,0.37299999999999045,Q3,0.9260000000000019,0.4310000000000116,True,0.3729999999999904,3,
2024:Ferrari:BEA-LEC,2024,Ferrari,Canadian Grand Prix,BEA,LEC,False,dry,[],[],[],0,,,,,False,,0,
2024:Ferrari:LEC-SAI,2024,Ferrari,Canadian Grand Prix,LEC,SAI,True,dry,"['Q1', 'Q2']","['Q1', 'Q2']",['Q2'],3,0.03699999999999193,Q2,0.03699999999999193,0.03699999999999193,True,0.0369999999999919,3,
2024:Haas F1 Team:BEA-HUL,2024,Haas F1 Team,Canadian Grand Prix,BEA,HUL,False,dry,[],[],[],0,,,,,False,,0,
2024:Haas F1 Team:HUL-MAG,2024,Haas F1 Team,Canadian Grand Prix,HUL,MAG,True,dry,['Q1'],['Q1'],['Q1'],3,-0.5420000000000016,Q1,-0.7609999999999957,-0.7759999999999962,True,-0.5420000000000016,3,
2024:Kick Sauber:BOT-ZHO,2024,Kick Sauber,Canadian Grand Prix,BOT,ZHO,True,dry,['Q1'],['Q1'],['Q1'],2,,Q1,0.9260000000000019,0.9260000000000019,False,,0,
2024:McLaren:NOR-PIA,2024,McLaren,Canadian Grand Prix,NOR,PIA,True,dry,"['Q1', 'Q2', 'Q3']","['Q1', 'Q2', 'Q3']","['Q3', 'Q2']",4,-0.44350000000000733,Q3,-0.23000000000000398,-0.09799999999999898,True,-0.4435000000000073,4,
2024:Mercedes:HAM-RUS,2024,Mercedes,Canadian Grand Prix,HAM,RUS,True,dry,"['Q1', 'Q2', 'Q3']","['Q1', 'Q2', 'Q3']","['Q3', 'Q2']",4,-0.2560000000000002,Q3,-0.28000000000000114,-0.23699999999999477,True,-0.2560000000000002,4,
2024:RB:LAW-TSU,2024,RB,Canadian Grand Prix,LAW,TSU,False,dry,[],[],[],0,,,,,False,,0,
2024:RB:RIC-TSU,2024,RB,Canadian Grand Prix,RIC,TSU,True,dry,"['Q1', 'Q2', 'Q3']","['Q1', 'Q2', 'Q3']","['Q3', 'Q2']",4,-0.11550000000000438,Q3,0.2360000000000042,0.125,True,-0.1155000000000043,4,
2024:Red Bull Racing:PER-VER,2024,Red Bull Racing,Canadian Grand Prix,PER,VER,True,dry,['Q1'],['Q1'],['Q1'],2,,Q1,-0.965999999999994,-1.3259999999999934,False,,0,
2024:Williams:ALB-COL,2024,Williams,Canadian Grand Prix,ALB,COL,False,dry,[],[],[],0,,,,,False,,0,
2024:Williams:ALB-SAR,2024,Williams,Canadian Grand Prix,ALB,SAR,True,dry,"['Q1', 'Q2']","['Q1', 'Q2']",['Q2'],3,0.2510000000000048,Q2,0.2510000000000048,0.2510000000000048,True,0.2510000000000048,3,
2024:Alpine:DOO-GAS,2024,Alpine,Spanish Grand Prix,DOO,GAS,False,dry,[],[],[],0,,,,,False,,0,
2024:Alpine:GAS-OCO,2024,Alpine,Spanish Grand Prix,GAS,OCO,True,dry,"['Q1', 'Q2', 'Q3']","['Q1', 'Q2', 'Q3']","['Q3', 'Q2']",3,0.19200000000000728,Q3,1.1880000000000024,0.25199999999999534,True,0.1920000000000072,3,
2024:Aston Martin:ALO-STR,2024,Aston Martin,Spanish Grand Prix,ALO,STR,True,dry,"['Q1', 'Q2']","['Q1', 'Q2']","['Q2', 'Q1']",4,0.8029999999999973,Q2,0.24399999999999977,0.24399999999999977,True,0.8029999999999973,4,
2024:Ferrari:BEA-LEC,2024,Ferrari,Spanish Grand Prix,BEA,LEC,False,dry,[],[],[],0,,,,,False,,0,
2024:Ferrari:LEC-SAI,2024,Ferrari,Spanish Grand Prix,LEC,SAI,True,dry,"['Q1', 'Q2', 'Q3']","['Q1', 'Q2', 'Q3']","['Q3', 'Q2', 'Q1']",3,-0.033999999999991815,Q3,-0.033999999999991815,-0.07500000000000284,True,-0.0339999999999918,3,
2024:Haas F1 Team:BEA-HUL,2024,Haas F1 Team,Spanish Grand Prix,BEA,HUL,False,dry,[],[],[],0,,,,,False,,0,
2024:Haas F1 Team:HUL-MAG,2024,Haas F1 Team,Spanish Grand Prix,HUL,MAG,True,dry,['Q1'],['Q1'],['Q1'],2,,Q1,0.2289999999999992,0.6269999999999953,False,,0,
2024:Kick Sauber:BOT-ZHO,2024,Kick Sauber,Spanish Grand Prix,BOT,ZHO,True,dry,"['Q1', 'Q2']","['Q1', 'Q2']","['Q2', 'Q1']",4,0.9205000000000041,Q2,0.5109999999999957,0.5109999999999957,True,0.920500000000004,4,
2024:McLaren:NOR-PIA,2024,McLaren,Spanish Grand Prix,NOR,PIA,True,dry,"['Q1', 'Q2', 'Q3']","['Q1', 'Q2', 'Q3']","['Q3', 'Q2', 'Q1']",3,0.6540000000000106,Q3,1.159000000000006,0.6280000000000001,True,0.6540000000000106,3,
2024:Mercedes:HAM-RUS,2024,Mercedes,Spanish Grand Prix,HAM,RUS,True,dry,"['Q1', 'Q2', 'Q3']","['Q1', 'Q2', 'Q3']","['Q3', 'Q2']",4,0.011000000000002785,Q3,0.0020000000000095497,0.0020000000000095497,True,0.0110000000000027,4,
2024:RB:LAW-TSU,2024,RB,Spanish Grand Prix,LAW,TSU,False,dry,[],[],[],0,,,,,False,,0,
2024:RB:RIC-TSU,2024,RB,Spanish Grand Prix,RIC,TSU,True,dry,['Q1'],['Q1'],['Q1'],3,0.12999999999999545,Q1,-0.09000000000000341,-0.09000000000000341,True,0.1299999999999954,3,
2024:Red Bull Racing:PER-VER,2024,Red Bull Racing,Spanish Grand Prix,PER,VER,True,dry,"['Q1', 'Q2', 'Q3']","['Q1', 'Q2', 'Q3']","['Q3', 'Q2', 'Q1']",3,-0.784000000000006,Q3,-0.38800000000000523,-0.40099999999999625,True,-0.784000000000006,3,
2024:Williams:ALB-COL,2024,Williams,Spanish Grand Prix,ALB,COL,False,dry,[],[],[],0,,,,,False,,0,
2024:Williams:ALB-SAR,2024,Williams,Spanish Grand Prix,ALB,SAR,True,dry,['Q1'],['Q1'],['Q1'],2,,Q1,0.35599999999999454,0.35599999999999454,False,,0,
2024:Alpine:DOO-GAS,2024,Alpine,Austrian Grand Prix,DOO,GAS,False,dry,[],[],[],0,,,,,False,,0,
2024:Alpine:GAS-OCO,2024,Alpine,Austrian Grand Prix,GAS,OCO,True,dry,"['Q1', 'Q2']","['Q1', 'Q2']",['Q2'],3,-0.06099999999999284,Q2,-0.06099999999999284,-0.06099999999999284,True,-0.0609999999999928,3,
2024:Aston Martin:ALO-STR,2024,Aston Martin,Austrian Grand Prix,ALO,STR,True,dry,['Q1'],['Q1'],['Q1'],3,0.1629999999999967,Q1,0.1629999999999967,0.18000000000000682,True,0.1629999999999967,3,
2024:Ferrari:BEA-LEC,2024,Ferrari,Austrian Grand Prix,BEA,LEC,False,dry,[],[],[],0,,,,,False,,0,
2024:Ferrari:LEC-SAI,2024,Ferrari,Austrian Grand Prix,LEC,SAI,True,dry,"['Q1', 'Q2', 'Q3']","['Q1', 'Q2', 'Q3']","['Q3', 'Q2']",3,0.1910000000000025,Q3,-0.19299999999999784,-0.19299999999999784,True,0.1910000000000025,3,
2024:Haas F1 Team:BEA-HUL,2024,Haas F1 Team,Austrian Grand Prix,BEA,HUL,False,dry,[],[],[],0,,,,,False,,0,
2024:Haas F1 Team:HUL-MAG,2024,Haas F1 Team,Austrian Grand Prix,HUL,MAG,True,dry,"['Q1', 'Q2']","['Q1', 'Q2']","['Q2', 'Q1']",5,-0.08800000000000807,Q2,0.08499999999999375,0.08499999999999375,True,-0.088000000000008,5,
2024:Kick Sauber:BOT-ZHO,2024,Kick Sauber,Austrian Grand Prix,BOT,ZHO,True,dry,['Q1'],['Q1'],['Q1'],3,0.1670000000000016,Q1,0.21400000000001285,0.21400000000001285,True,0.1670000000000016,3,
2024:McLaren:NOR-PIA,2024,McLaren,Austrian Grand Prix,NOR,PIA,True,dry,"['Q1', 'Q2', 'Q3']","['Q1', 'Q2', 'Q3']","['Q3', 'Q2']",3,0.06799999999999784,Q3,0.06799999999999784,0.06799999999999784,True,0.0679999999999978,3,
2024:Mercedes:HAM-RUS,2024,Mercedes,Austrian Grand Prix,HAM,RUS,True,dry,"['Q1', 'Q2', 'Q3']","['Q1', 'Q2', 'Q3']","['Q3', 'Q2']",4,-0.1110000000000042,Q3,-0.06300000000000239,-0.06300000000000239,True,-0.1110000000000042,4,
2024:RB:LAW-TSU,2024,RB,Austrian Grand Prix,LAW,TSU,False,dry,[],[],[],0,,,,,False,,0,
2024:RB:RIC-TSU,2024,RB,Austrian Grand Prix,RIC,TSU,True,dry,"['Q1', 'Q2']","['Q1', 'Q2']","['Q2', 'Q1']",5,0.042999999999992156,Q2,0.12300000000000466,0.12300000000000466,True,0.0429999999999921,5,
2024:Red Bull Racing:PER-VER,2024,Red Bull Racing,Austrian Grand Prix,PER,VER,True,dry,"['Q1', 'Q2', 'Q3']","['Q1', 'Q2', 'Q3']","['Q3', 'Q2']",4,-0.7815000000000083,Q3,-0.8880000000000052,-0.8300000000000125,True,-0.7815000000000083,4,
2024:Williams:ALB-COL,2024,Williams,Austrian Grand Prix,ALB,COL,False,dry,[],[],[],0,,,,,False,,0,
2024:Williams:ALB-SAR,2024,Williams,Austrian Grand Prix,ALB,SAR,True,dry,['Q1'],['Q1'],['Q1'],3,0.28300000000000125,Q1,0.11999999999999034,0.11999999999999034,True,0.2830000000000012,3,
2024:Alpine:DOO-GAS,2024,Alpine,British Grand Prix,DOO,GAS,False,dry,[],[],[],0,,,,,False,,0,
2024:Alpine:GAS-OCO,2024,Alpine,British Grand Prix,GAS,OCO,True,dry,['Q1'],['Q1'],['Q1'],2,,Q1,-5.247,-5.247,False,,0,
2024:Aston Martin:ALO-STR,2024,Aston Martin,British Grand Prix,ALO,STR,True,dry,"['Q1', 'Q2', 'Q3']","['Q1', 'Q2', 'Q3']","['Q3', 'Q2']",4,0.24249999999999972,Q3,-0.33200000000000784,-0.14500000000001023,True,0.2424999999999997,4,
2024:Ferrari:BEA-LEC,2024,Ferrari,British Grand Prix,BEA,LEC,False,dry,[],[],[],0,,,,,False,,0,
2024:Ferrari:LEC-SAI,2024,Ferrari,British Grand Prix,LEC,SAI,True,dry,"['Q1', 'Q2', 'Q3']","['Q1', 'Q2']",['Q2'],3,-0.5180000000000007,Q2,-0.2539999999999907,-0.5879999999999939,True,-0.5180000000000007,3,
2024:Haas F1 Team:BEA-HUL,2024,Haas F1 Team,British Grand Prix,BEA,HUL,False,dry,[],[],[],0,,,,,False,,0,
2024:Haas F1 Team:HUL-MAG,2024,Haas F1 Team,British Grand Prix,HUL,MAG,True,dry,['Q1'],['Q1'],['Q1'],1,,Q1,0.9759999999999991,6.567000000000007,False,,0,
2024:Kick Sauber:BOT-ZHO,2024,Kick Sauber,British Grand Prix,BOT,ZHO,True,dry,['Q1'],['Q1'],['Q1'],1,,Q1,0.5679999999999978,-4.563999999999993,False,,0,
2024:McLaren:NOR-PIA,2024,McLaren,British Grand Prix,NOR,PIA,True,dry,"['Q1', 'Q2', 'Q3']","['Q1', 'Q2', 'Q3']","['Q3', 'Q2']",3,0.20699999999999363,Q3,0.20699999999999363,0.20699999999999363,True,0.2069999999999936,3,
2024:Mercedes:HAM-RUS,2024,Mercedes,British Grand Prix,HAM,RUS,True,dry,"['Q1', 'Q2', 'Q3']","['Q1', 'Q2', 'Q3']","['Q3', 'Q2']",5,-0.003999999999990678,Q3,-0.17099999999999227,-0.17099999999999227,True,-0.0039999999999906,5,
2024:RB:LAW-TSU,2024,RB,British Grand Prix,LAW,TSU,False,dry,[],[],[],0,,,,,False,,0,
2024:RB:RIC-TSU,2024,RB,British Grand Prix,RIC,TSU,True,dry,"['Q1', 'Q2', 'Q3']","['Q1', 'Q2']",['Q2'],3,-0.25500000000000966,Q2,-0.6799999999999926,-0.6799999999999926,True,-0.2550000000000096,3,
2024:Red Bull Racing:PER-VER,2024,Red Bull Racing,British Grand Prix,PER,VER,True,dry,['Q1'],[],[],0,,,,,False,,0,
2024:Williams:ALB-COL,2024,Williams,British Grand Prix,ALB,COL,False,dry,[],[],[],0,,,,,False,,0,
2024:Williams:ALB-SAR,2024,Williams,British Grand Prix,ALB,SAR,True,dry,"['Q1', 'Q2', 'Q3']","['Q1', 'Q2']",['Q2'],3,0.409000000000006,Q2,0.24199999999999022,0.5349999999999966,True,0.409000000000006,3,
2024:Alpine:DOO-GAS,2024,Alpine,Hungarian Grand Prix,DOO,GAS,False,dry,[],[],[],0,,,,,False,,0,
2024:Alpine:GAS-OCO,2024,Alpine,Hungarian Grand Prix,GAS,OCO,True,dry,['Q1'],[],['Q1'],0,,,,,False,,0,
2024:Aston Martin:ALO-STR,2024,Aston Martin,Hungarian Grand Prix,ALO,STR,True,dry,"['Q1', 'Q2', 'Q3']",[],"['Q2', 'Q1']",0,,,,0.031999999999996476,False,,0,
2024:Ferrari:BEA-LEC,2024,Ferrari,Hungarian Grand Prix,BEA,LEC,False,dry,[],[],[],0,,,,,False,,0,
2024:Ferrari:LEC-SAI,2024,Ferrari,Hungarian Grand Prix,LEC,SAI,True,dry,"['Q1', 'Q2', 'Q3']",['Q3'],"['Q3', 'Q2', 'Q1']",1,,Q3,0.2989999999999924,-0.01999999999999602,True,,1,insufficient_matched_pairs
2024:Haas F1 Team:BEA-HUL,2024,Haas F1 Team,Hungarian Grand Prix,BEA,HUL,False,dry,[],[],[],0,,,,,False,,0,
2024:Haas F1 Team:HUL-MAG,2024,Haas F1 Team,Hungarian Grand Prix,HUL,MAG,True,dry,"['Q1', 'Q2', 'Q3']",[],"['Q2', 'Q1']",0,,,,,False,,0,
2024:Kick Sauber:BOT-ZHO,2024,Kick Sauber,Hungarian Grand Prix,BOT,ZHO,True,dry,"['Q1', 'Q2']",[],['Q1'],0,,,,,False,,0,
2024:McLaren:NOR-PIA,2024,McLaren,Hungarian Grand Prix,NOR,PIA,True,dry,"['Q1', 'Q2', 'Q3']",['Q3'],"['Q3', 'Q2', 'Q1']",1,,Q3,0.6359999999999957,0.6359999999999957,True,,1,insufficient_matched_pairs
2024:Mercedes:HAM-RUS,2024,Mercedes,Hungarian Grand Prix,HAM,RUS,True,dry,['Q1'],[],['Q1'],0,,,,,False,,0,
2024:RB:LAW-TSU,2024,RB,Hungarian Grand Prix,LAW,TSU,False,dry,[],[],[],0,,,,,False,,0,
2024:RB:RIC-TSU,2024,RB,Hungarian Grand Prix,RIC,TSU,True,dry,"['Q1', 'Q2', 'Q3']",['Q3'],"['Q3', 'Q1']",1,,Q3,-0.10999999999999943,-0.10999999999999943,True,,1,insufficient_matched_pairs
2024:Red Bull Racing:PER-VER,2024,Red Bull Racing,Hungarian Grand Prix,PER,VER,True,dry,['Q1'],[],['Q1'],0,,,,,False,,0,
2024:Williams:ALB-COL,2024,Williams,Hungarian Grand Prix,ALB,COL,False,dry,[],[],[],0,,,,,False,,0,
2024:Williams:ALB-SAR,2024,Williams,Hungarian Grand Prix,ALB,SAR,True,dry,"['Q1', 'Q2']",['Q2'],"['Q2', 'Q1']",1,,Q2,0.11400000000000432,0.11400000000000432,True,,1,insufficient_matched_pairs
2024:Alpine:DOO-GAS,2024,Alpine,Belgian Grand Prix,DOO,GAS,False,dry,[],[],[],0,,,,,False,,0,
2024:Alpine:GAS-OCO,2024,Alpine,Belgian Grand Prix,GAS,OCO,True,dry,"['Q1', 'Q2']","['Q1', 'Q2']",['Q2'],1,,Q2,-0.27300000000001035,-0.12600000000000477,True,,1,insufficient_matched_pairs
2024:Aston Martin:ALO-STR,2024,Aston Martin,Belgian Grand Prix,ALO,STR,True,dry,"['Q1', 'Q2']",['Q1'],"['Q2', 'Q1']",4,0.7550000000000026,Q1,0.5829999999999984,0.5829999999999984,True,0.7550000000000026,4,
2024:Ferrari:BEA-LEC,2024,Ferrari,Belgian Grand Prix,BEA,LEC,False,dry,[],[],[],0,,,,,False,,0,
2024:Ferrari:LEC-SAI,2024,Ferrari,Belgian Grand Prix,LEC,SAI,True,dry,"['Q1', 'Q2', 'Q3']",['Q1'],"['Q3', 'Q2']",0,,Q1,-0.18000000000000682,-0.18000000000000682,False,,0,
2024:Haas F1 Team:BEA-HUL,2024,Haas F1 Team,Belgian Grand Prix,BEA,HUL,False,dry,[],[],[],0,,,,,False,,0,
2024:Haas F1 Team:HUL-MAG,2024,Haas F1 Team,Belgian Grand Prix,HUL,MAG,True,dry,['Q1'],['Q1'],['Q1'],3,0.7449999999999903,Q1,0.19199999999999307,0.19199999999999307,True,0.7449999999999903,3,
2024:Kick Sauber:BOT-ZHO,2024,Kick Sauber,Belgian Grand Prix,BOT,ZHO,True,dry,['Q1'],['Q1'],['Q1'],3,1.63900000000001,Q1,2.2439999999999998,2.2439999999999998,True,1.63900000000001,3,
2024:McLaren:NOR-PIA,2024,McLaren,Belgian Grand Prix,NOR,PIA,True,dry,"['Q1', 'Q2', 'Q3']",['Q1'],"['Q3', 'Q2']",0,,Q1,-0.7469999999999999,-0.7469999999999999,False,,0,
2024:Mercedes:HAM-RUS,2024,Mercedes,Belgian Grand Prix,HAM,RUS,True,dry,"['Q1', 'Q2', 'Q3']",['Q1'],"['Q3', 'Q2']",0,,Q1,-0.33899999999999864,-0.7059999999999889,False,,0,
2024:RB:LAW-TSU,2024,RB,Belgian Grand Prix,LAW,TSU,False,dry,[],[],[],0,,,,,False,,0,
2024:RB:RIC-TSU,2024,RB,Belgian Grand Prix,RIC,TSU,True,dry,['Q1'],['Q1'],['Q1'],3,0.4480000000000075,Q1,1.1420000000000101,1.1420000000000101,True,0.4480000000000075,3,
2024:Red Bull Racing:PER-VER,2024,Red Bull Racing,Belgian Grand Prix,PER,VER,True,dry,"['Q1', 'Q2', 'Q3']",['Q1'],"['Q3', 'Q2', 'Q1']",2,,Q1,-0.2009999999999934,-0.2009999999999934,True,,2,insufficient_matched_pairs
2024:Williams:ALB-COL,2024,Williams,Belgian Grand Prix,ALB,COL,False,dry,[],[],[],0,,,,,False,,0,
2024:Williams:ALB-SAR,2024,Williams,Belgian Grand Prix,ALB,SAR,True,dry,['Q1'],['Q1'],['Q1'],3,1.0859999999999985,Q1,1.5080000000000098,2.5060000000000002,True,1.0859999999999983,3,
2024:Alpine:DOO-GAS,2024,Alpine,Dutch Grand Prix,DOO,GAS,False,dry,[],[],[],0,,,,,False,,0,
2024:Alpine:GAS-OCO,2024,Alpine,Dutch Grand Prix,GAS,OCO,True,dry,['Q1'],['Q1'],['Q1'],2,,Q1,0.277000000000001,1.1800000000000068,False,,0,
2024:Aston Martin:ALO-STR,2024,Aston Martin,Dutch Grand Prix,ALO,STR,True,dry,"['Q1', 'Q2', 'Q3']","['Q1', 'Q2', 'Q3']","['Q3', 'Q2']",3,-0.045000000000001705,Q3,0.22400000000000375,0.028000000000005798,True,-0.0450000000000017,3,
2024:Ferrari:BEA-LEC,2024,Ferrari,Dutch Grand Prix,BEA,LEC,False,dry,[],[],[],0,,,,,False,,0,
2024:Ferrari:LEC-SAI,2024,Ferrari,Dutch Grand Prix,LEC,SAI,True,dry,"['Q1', 'Q2', 'Q3']","['Q1', 'Q2']",['Q2'],3,0.1699999999999875,Q2,0.22500000000000853,0.33200000000000784,True,0.1699999999999875,3,
2024:Haas F1 Team:BEA-HUL,2024,Haas F1 Team,Dutch Grand Prix,BEA,HUL,False,dry,[],[],[],0,,,,,False,,0,
2024:Haas F1 Team:HUL-MAG,2024,Haas F1 Team,Dutch Grand Prix,HUL,MAG,True,dry,"['Q1', 'Q2']","['Q1', 'Q2']","['Q2', 'Q1']",5,-0.30100000000000193,Q2,0.0799999999999983,0.0799999999999983,True,-0.3010000000000019,5,
2024:Kick Sauber:BOT-ZHO,2024,Kick Sauber,Dutch Grand Prix,BOT,ZHO,True,dry,['Q1'],['Q1'],['Q1'],3,1.0929999999999893,Q1,1.0929999999999893,1.0929999999999893,True,1.092999999999989,3,
2024:McLaren:NOR-PIA,2024,McLaren,Dutch Grand Prix,NOR,PIA,True,dry,"['Q1', 'Q2', 'Q3']","['Q1', 'Q2', 'Q3']","['Q3', 'Q2']",3,0.11899999999999977,Q3,0.4989999999999952,0.4989999999999952,True,0.1189999999999997,3,
2024:Mercedes:HAM-RUS,2024,Mercedes,Dutch Grand Prix,HAM,RUS,True,dry,"['Q1', 'Q2', 'Q3']","['Q1', 'Q2']","['Q2', 'Q1']",3,0.23199999999999932,Q2,-0.3959999999999866,-0.7039999999999935,True,0.2319999999999993,3,
2024:RB:LAW-TSU,2024,RB,Dutch Grand Prix,LAW,TSU,False,dry,[],[],[],0,,,,,False,,0,
2024:RB:RIC-TSU,2024,RB,Dutch Grand Prix,RIC,TSU,True,dry,['Q1'],['Q1'],['Q1'],3,-0.030000000000001137,Q1,-0.3400000000000034,-0.9879999999999995,True,-0.0300000000000011,3,
2024:Red Bull Racing:PER-VER,2024,Red Bull Racing,Dutch Grand Prix,PER,VER,True,dry,"['Q1', 'Q2', 'Q3']","['Q1', 'Q2', 'Q3']","['Q3', 'Q2', 'Q1']",3,-0.28899999999998727,Q3,-0.38700000000000045,-0.38700000000000045,True,-0.2889999999999872,3,
2024:Williams:ALB-COL,2024,Williams,Dutch Grand Prix,ALB,COL,False,dry,[],[],[],0,,,,,False,,0,
2024:Williams:ALB-SAR,2024,Williams,Dutch Grand Prix,ALB,SAR,False,dry,[],[],[],0,,,,,False,,0,
2024:Alpine:DOO-GAS,2024,Alpine,Italian Grand Prix,DOO,GAS,False,dry,[],[],[],0,,,,,False,,0,
2024:Alpine:GAS-OCO,2024,Alpine,Italian Grand Prix,GAS,OCO,True,dry,"['Q1', 'Q2']","['Q1', 'Q2']","['Q2', 'Q1']",4,-0.11350000000000193,Q2,0.028000000000005798,0.02599999999999625,True,-0.1135000000000019,4,
2024:Aston Martin:ALO-STR,2024,Aston Martin,Italian Grand Prix,ALO,STR,True,dry,['Q1'],['Q1'],['Q1'],1,,Q1,0.3960000000000008,0.5919999999999987,False,,0,
2024:Ferrari:BEA-LEC,2024,Ferrari,Italian Grand Prix,BEA,LEC,False,dry,[],[],[],0,,,,,False,,0,
2024:Ferrari:LEC-SAI,2024,Ferrari,Italian Grand Prix,LEC,SAI,True,dry,"['Q1', 'Q2', 'Q3']","['Q1', 'Q2', 'Q3']","['Q3', 'Q2']",4,0.0015000000000000568,Q3,0.006000000000000227,0.006000000000000227,True,0.0015,4,
2024:Haas F1 Team:BEA-HUL,2024,Haas F1 Team,Italian Grand Prix,BEA,HUL,False,dry,[],[],[],0,,,,,False,,0,
2024:Haas F1 Team:HUL-MAG,2024,Haas F1 Team,Italian Grand Prix,HUL,MAG,True,dry,"['Q1', 'Q2']","['Q1', 'Q2']","['Q2', 'Q1']",3,0.2639999999999958,Q2,0.28699999999999193,0.35899999999999466,True,0.2639999999999958,3,
2024:Kick Sauber:BOT-ZHO,2024,Kick Sauber,Italian Grand Prix,BOT,ZHO,True,dry,['Q1'],['Q1'],['Q1'],1,,Q1,0.4129999999999967,0.4129999999999967,False,,0,
2024:McLaren:NOR-PIA,2024,McLaren,Italian Grand Prix,NOR,PIA,True,dry,"['Q1', 'Q2', 'Q3']","['Q1', 'Q2', 'Q3']","['Q3', 'Q2']",3,0.08100000000000307,Q3,0.10900000000000887,0.10900000000000887,True,0.081000000000003,3,
2024:Mercedes:HAM-RUS,2024,Mercedes,Italian Grand Prix,HAM,RUS,True,dry,"['Q1', 'Q2', 'Q3']","['Q1', 'Q2', 'Q3']","['Q3', 'Q2']",4,0.04299999999999926,Q3,-0.0730000000000075,-0.0730000000000075,True,0.0429999999999992,4,
2024:RB:LAW-TSU,2024,RB,Italian Grand Prix,LAW,TSU,False,dry,[],[],[],0,,,,,False,,0,
2024:RB:RIC-TSU,2024,RB,Italian Grand Prix,RIC,TSU,True,dry,['Q1'],['Q1'],['Q1'],1,,Q1,0.009000000000000341,0.5889999999999986,False,,0,
2024:Red Bull Racing:PER-VER,2024,Red Bull Racing,Italian Grand Prix,PER,VER,True,dry,"['Q1', 'Q2', 'Q3']","['Q1', 'Q2', 'Q3']","['Q3', 'Q2']",3,-0.5280000000000058,Q3,-0.03999999999999204,-0.3999999999999915,True,-0.5280000000000058,3,
2024:Williams:ALB-COL,2024,Williams,Italian Grand Prix,ALB,COL,True,dry,['Q1'],['Q1'],['Q1'],2,,Q1,0.5190000000000055,0.7620000000000005,False,,0,
2024:Williams:ALB-SAR,2024,Williams,Italian Grand Prix,ALB,SAR,False,dry,[],[],[],0,,,,,False,,0,
2024:Alpine:DOO-GAS,2024,Alpine,Azerbaijan Grand Prix,DOO,GAS,False,dry,[],[],[],0,,,,,False,,0,
2024:Alpine:GAS-OCO,2024,Alpine,Azerbaijan Grand Prix,GAS,OCO,True,dry,['Q1'],['Q1'],['Q1'],2,,Q1,0.4040000000000106,1.3250000000000028,False,,0,
2024:Aston Martin:ALO-STR,2024,Aston Martin,Azerbaijan Grand Prix,ALO,STR,True,dry,"['Q1', 'Q2']","['Q1', 'Q2']","['Q2', 'Q1']",3,0.2680000000000007,Q2,0.9779999999999944,1.0349999999999966,True,0.2680000000000007,3,
2024:Ferrari:BEA-LEC,2024,Ferrari,Azerbaijan Grand Prix,BEA,LEC,False,dry,[],[],[],0,,,,,False,,0,
2024:Ferrari:LEC-SAI,2024,Ferrari,Azerbaijan Grand Prix,LEC,SAI,True,dry,"['Q1', 'Q2', 'Q3']","['Q1', 'Q2', 'Q3']","['Q3', 'Q2']",4,0.3225000000000051,Q3,0.44000000000001194,0.44000000000001194,True,0.3225000000000051,4,
2024:Haas F1 Team:BEA-HUL,2024,Haas F1 Team,Azerbaijan Grand Prix,BEA,HUL,True,dry,"['Q1', 'Q2']","['Q1', 'Q2']","['Q2', 'Q1']",3,0.2989999999999924,Q2,0.22299999999999898,0.22299999999999898,True,0.2989999999999924,3,
2024:Haas F1 Team:HUL-MAG,2024,Haas F1 Team,Azerbaijan Grand Prix,HUL,MAG,False,dry,[],[],[],0,,,,,False,,0,
2024:Kick Sauber:BOT-ZHO,2024,Kick Sauber,Azerbaijan Grand Prix,BOT,ZHO,True,dry,['Q1'],['Q1'],['Q1'],2,,Q1,1.6480000000000103,1.6480000000000103,False,,0,
2024:McLaren:NOR-PIA,2024,McLaren,Azerbaijan Grand Prix,NOR,PIA,True,dry,['Q1'],['Q1'],['Q1'],2,,Q1,0.014000000000010004,-1.9229999999999876,False,,0,
2024:Mercedes:HAM-RUS,2024,Mercedes,Azerbaijan Grand Prix,HAM,RUS,True,dry,"['Q1', 'Q2', 'Q3']","['Q1', 'Q2', 'Q3']","['Q3', 'Q2']",4,-0.4864999999999995,Q3,-0.41500000000000625,-0.41500000000000625,True,-0.4864999999999995,4,
2024:RB:LAW-TSU,2024,RB,Azerbaijan Grand Prix,LAW,TSU,False,dry,[],[],[],0,,,,,False,,0,
2024:RB:RIC-TSU,2024,RB,Azerbaijan Grand Prix,RIC,TSU,True,dry,['Q1'],['Q1'],['Q1'],2,,Q1,-0.20999999999999375,-0.5120000000000005,False,,0,
2024:Red Bull Racing:PER-VER,2024,Red Bull Racing,Azerbaijan Grand Prix,PER,VER,True,dry,"['Q1', 'Q2', 'Q3']","['Q1', 'Q2', 'Q3']","['Q3', 'Q2']",3,0.20999999999999375,Q3,0.20999999999999375,0.20999999999999375,True,0.2099999999999937,3,
2024:Williams:ALB-COL,2024,Williams,Azerbaijan Grand Prix,ALB,COL,True,dry,"['Q1', 'Q2', 'Q3']","['Q1', 'Q2', 'Q3']","['Q3', 'Q2']",3,0.03100000000000591,Q3,-0.3289999999999935,-0.36700000000000443,True,0.0310000000000059,3,
2024:Williams:ALB-SAR,2024,Williams,Azerbaijan Grand Prix,ALB,SAR,False,dry,[],[],[],0,,,,,False,,0,
2024:Alpine:DOO-GAS,2024,Alpine,Singapore Grand Prix,DOO,GAS,False,dry,[],[],[],0,,,,,False,,0,
2024:Alpine:GAS-OCO,2024,Alpine,Singapore Grand Prix,GAS,OCO,True,dry,['Q1'],['Q1'],['Q1'],3,-0.3539999999999992,Q1,-0.3539999999999992,-0.5429999999999922,True,-0.3539999999999992,3,
2024:Aston Martin:ALO-STR,2024,Aston Martin,Singapore Grand Prix,ALO,STR,True,dry,['Q1'],['Q1'],['Q1'],2,,Q1,0.4099999999999966,0.8799999999999955,False,,0,
2024:Ferrari:BEA-LEC,2024,Ferrari,Singapore Grand Prix,BEA,LEC,False,dry,[],[],[],0,,,,,False,,0,
2024:Ferrari:LEC-SAI,2024,Ferrari,Singapore Grand Prix,LEC,SAI,True,dry,"['Q1', 'Q2', 'Q3']","['Q1', 'Q2']","['Q2', 'Q1']",4,0.3260000000000005,Q2,0.3610000000000042,0.3610000000000042,True,0.3260000000000005,4,
2024:Haas F1 Team:BEA-HUL,2024,Haas F1 Team,Singapore Grand Prix,BEA,HUL,False,dry,[],[],[],0,,,,,False,,0,
2024:Haas F1 Team:HUL-MAG,2024,Haas F1 Team,Singapore Grand Prix,HUL,MAG,True,dry,"['Q1', 'Q2']","['Q1', 'Q2']","['Q2', 'Q1']",4,0.3795000000000073,Q2,0.5030000000000001,0.5380000000000109,True,0.3795000000000073,4,
2024:Kick Sauber:BOT-ZHO,2024,Kick Sauber,Singapore Grand Prix,BOT,ZHO,True,dry,['Q1'],['Q1'],['Q1'],3,0.4819999999999993,Q1,0.4819999999999993,0.4819999999999993,True,0.4819999999999993,3,
2024:McLaren:NOR-PIA,2024,McLaren,Singapore Grand Prix,NOR,PIA,True,dry,"['Q1', 'Q2', 'Q3']","['Q1', 'Q2', 'Q3']","['Q3', 'Q2', 'Q1']",4,0.2879999999999967,Q3,0.42799999999999727,0.11499999999999488,True,0.2879999999999967,4,
2024:Mercedes:HAM-RUS,2024,Mercedes,Singapore Grand Prix,HAM,RUS,True,dry,"['Q1', 'Q2', 'Q3']","['Q1', 'Q2', 'Q3']","['Q3', 'Q2', 'Q1']",4,0.142000000000003,Q3,0.02600000000001046,0.02600000000001046,True,0.142000000000003,4,
2024:RB:LAW-TSU,2024,RB,Singapore Grand Prix,LAW,TSU,False,dry,[],[],[],0,,,,,False,,0,
2024:RB:RIC-TSU,2024,RB,Singapore Grand Prix,RIC,TSU,True,dry,['Q1'],['Q1'],['Q1'],2,,Q1,-0.3689999999999998,-0.7959999999999923,False,,0,
2024:Red Bull Racing:PER-VER,2024,Red Bull Racing,Singapore Grand Prix,PER,VER,True,dry,"['Q1', 'Q2']","['Q1', 'Q2']","['Q2', 'Q1']",4,-0.8219999999999956,Q2,-0.8989999999999867,-0.8989999999999867,True,-0.8219999999999956,4,
2024:Williams:ALB-COL,2024,Williams,Singapore Grand Prix,ALB,COL,True,dry,"['Q1', 'Q2']","['Q1', 'Q2']","['Q2', 'Q1']",4,0.2844999999999942,Q2,0.006999999999990791,0.006999999999990791,True,0.2844999999999942,4,
2024:Williams:ALB-SAR,2024,Williams,Singapore Grand Prix,ALB,SAR,False,dry,[],[],[],0,,,,,False,,0,
2024:Alpine:DOO-GAS,2024,Alpine,United States Grand Prix,DOO,GAS,False,dry,[],[],[],0,,,,,False,,0,
2024:Alpine:GAS-OCO,2024,Alpine,United States Grand Prix,GAS,OCO,True,dry,"['Q1', 'Q2']","['Q1', 'Q2']","['Q2', 'Q1']",5,0.257000000000005,Q2,0.43499999999998806,0.5789999999999935,True,0.257000000000005,5,
2024:Aston Martin:ALO-STR,2024,Aston Martin,United States Grand Prix,ALO,STR,True,dry,"['Q1', 'Q2']","['Q1', 'Q2']","['Q2', 'Q1']",4,-0.06649999999999778,Q2,0.3299999999999983,0.45000000000000284,True,-0.0664999999999977,4,
2024:Ferrari:BEA-LEC,2024,Ferrari,United States Grand Prix,BEA,LEC,False,dry,[],[],[],0,,,,,False,,0,
2024:Ferrari:LEC-SAI,2024,Ferrari,United States Grand Prix,LEC,SAI,True,dry,"['Q1', 'Q2', 'Q3']","['Q1', 'Q2', 'Q3']","['Q3', 'Q2']",3,-0.12600000000000477,Q3,-0.08799999999999386,-0.08799999999999386,True,-0.1260000000000047,3,
2024:Haas F1 Team:BEA-HUL,2024,Haas F1 Team,United States Grand Prix,BEA,HUL,False,dry,[],[],[],0,,,,,False,,0,
2024:Haas F1 Team:HUL-MAG,2024,Haas F1 Team,United States Grand Prix,HUL,MAG,True,dry,"['Q1', 'Q2']","['Q1', 'Q2']","['Q2', 'Q1']",4,0.012499999999995737,Q2,-0.06999999999999318,-0.06999999999999318,True,0.0124999999999957,4,
2024:Kick Sauber:BOT-ZHO,2024,Kick Sauber,United States Grand Prix,BOT,ZHO,True,dry,['Q1'],['Q1'],['Q1'],3,0.7650000000000006,Q1,0.0759999999999934,0.0759999999999934,True,0.7650000000000006,3,
2024:McLaren:NOR-PIA,2024,McLaren,United States Grand Prix,NOR,PIA,True,dry,"['Q1', 'Q2', 'Q3']","['Q1', 'Q2', 'Q3']","['Q3', 'Q2', 'Q1']",4,0.28999999999999915,Q3,0.6200000000000045,0.6200000000000045,True,0.2899999999999991,4,
2024:Mercedes:HAM-RUS,2024,Mercedes,United States Grand Prix,HAM,RUS,True,dry,['Q1'],['Q1'],['Q1'],2,,Q1,-0.617999999999995,-1.1799999999999926,False,,0,
2024:RB:LAW-TSU,2024,RB,United States Grand Prix,LAW,TSU,True,dry,"['Q1', 'Q2']",['Q1'],['Q1'],2,,Q1,0.45600000000000307,0.1670000000000016,False,,0,
2024:RB:RIC-TSU,2024,RB,United States Grand Prix,RIC,TSU,False,dry,[],[],[],0,,,,,False,,0,
2024:Red Bull Racing:PER-VER,2024,Red Bull Racing,United States Grand Prix,PER,VER,True,dry,"['Q1', 'Q2', 'Q3']","['Q1', 'Q2', 'Q3']","['Q3', 'Q2']",3,-0.43599999999999284,Q3,-0.8990000000000009,-0.6589999999999918,True,-0.4359999999999928,3,
2024:Williams:ALB-COL,2024,Williams,United States Grand Prix,ALB,COL,True,dry,['Q1'],['Q1'],['Q1'],1,,Q1,0.01099999999999568,0.01099999999999568,False,,0,
2024:Williams:ALB-SAR,2024,Williams,United States Grand Prix,ALB,SAR,False,dry,[],[],[],0,,,,,False,,0,
2024:Alpine:DOO-GAS,2024,Alpine,Mexico City Grand Prix,DOO,GAS,False,dry,[],[],[],0,,,,,False,,0,
2024:Alpine:GAS-OCO,2024,Alpine,Mexico City Grand Prix,GAS,OCO,True,dry,['Q1'],['Q1'],['Q1'],2,,Q1,0.4680000000000035,0.7250000000000085,False,,0,
2024:Aston Martin:ALO-STR,2024,Aston Martin,Mexico City Grand Prix,ALO,STR,True,dry,"['Q1', 'Q2']","['Q1', 'Q2']","['Q2', 'Q1']",3,0.12599999999999056,Q2,0.12599999999999056,0.12599999999999056,True,0.1259999999999905,3,
2024:Ferrari:BEA-LEC,2024,Ferrari,Mexico City Grand Prix,BEA,LEC,False,dry,[],[],[],0,,,,,False,,0,
2024:Ferrari:LEC-SAI,2024,Ferrari,Mexico City Grand Prix,LEC,SAI,True,dry,"['Q1', 'Q2', 'Q3']","['Q1', 'Q2', 'Q3']","['Q3', 'Q2']",4,-0.339500000000001,Q3,-0.3190000000000026,-0.3190000000000026,True,-0.339500000000001,4,
2024:Haas F1 Team:BEA-HUL,2024,Haas F1 Team,Mexico City Grand Prix,BEA,HUL,False,dry,[],[],[],0,,,,,False,,0,
2024:Haas F1 Team:HUL-MAG,2024,Haas F1 Team,Mexico City Grand Prix,HUL,MAG,True,dry,"['Q1', 'Q2', 'Q3']","['Q1', 'Q2', 'Q3']","['Q3', 'Q2']",3,-0.30400000000000205,Q3,-0.4789999999999992,-0.30000000000001137,True,-0.304000000000002,3,
2024:Kick Sauber:BOT-ZHO,2024,Kick Sauber,Mexico City Grand Prix,BOT,ZHO,True,dry,['Q1'],['Q1'],['Q1'],3,0.679000000000002,Q1,0.679000000000002,0.679000000000002,True,0.679000000000002,3,
2024:McLaren:NOR-PIA,2024,McLaren,Mexico City Grand Prix,NOR,PIA,True,dry,['Q1'],['Q1'],['Q1'],2,,Q1,1.0919999999999987,1.336999999999989,False,,0,
2024:Mercedes:HAM-RUS,2024,Mercedes,Mexico City Grand Prix,HAM,RUS,True,dry,"['Q1', 'Q2', 'Q3']","['Q1', 'Q2', 'Q3']","['Q3', 'Q2']",3,-0.1419999999999959,Q3,-0.2950000000000017,-0.2950000000000017,True,-0.1419999999999959,3,
2024:RB:LAW-TSU,2024,RB,Mexico City Grand Prix,LAW,TSU,True,dry,"['Q1', 'Q2']","['Q1', 'Q2']","['Q2', 'Q1']",3,-0.1979999999999933,Q2,-0.03300000000000125,-0.03300000000000125,True,-0.1979999999999933,3,
2024:RB:RIC-TSU,2024,RB,Mexico City Grand Prix,RIC,TSU,False,dry,[],[],[],0,,,,,False,,0,
2024:Red Bull Racing:PER-VER,2024,Red Bull Racing,Mexico City Grand Prix,PER,VER,True,dry,['Q1'],['Q1'],['Q1'],2,,Q1,-0.8080000000000069,-1.4399999999999977,False,,0,
2024:Williams:ALB-COL,2024,Williams,Mexico City Grand Prix,ALB,COL,True,dry,['Q1'],['Q1'],['Q1'],2,,Q1,0.369000000000014,0.5700000000000074,False,,0,
2024:Williams:ALB-SAR,2024,Williams,Mexico City Grand Prix,ALB,SAR,False,dry,[],[],[],0,,,,,False,,0,
2024:Alpine:DOO-GAS,2024,Alpine,São Paulo Grand Prix,DOO,GAS,False,dry,[],[],[],0,,,,,False,,0,
2024:Alpine:GAS-OCO,2024,Alpine,São Paulo Grand Prix,GAS,OCO,True,dry,"['Q1', 'Q2']",['Q2'],"['Q2', 'Q1']",1,,Q2,2.396000000000001,2.396000000000001,True,,1,insufficient_matched_pairs
2024:Aston Martin:ALO-STR,2024,Aston Martin,São Paulo Grand Prix,ALO,STR,True,dry,"['Q1', 'Q2']",['Q2'],"['Q2', 'Q1']",1,,Q2,0.6010000000000133,0.6010000000000133,True,,1,insufficient_matched_pairs
2024:Ferrari:BEA-LEC,2024,Ferrari,São Paulo Grand Prix,BEA,LEC,False,dry,[],[],[],0,,,,,False,,0,
2024:Ferrari:LEC-SAI,2024,Ferrari,São Paulo Grand Prix,LEC,SAI,True,dry,"['Q1', 'Q2']",['Q2'],"['Q2', 'Q1']",1,,Q2,0.07400000000001228,0.07400000000001228,True,,1,insufficient_matched_pairs
2024:Haas F1 Team:BEA-HUL,2024,Haas F1 Team,São Paulo Grand Prix,BEA,HUL,True,dry,"['Q1', 'Q2']",[],['Q1'],0,,,,,False,,0,
2024:Haas F1 Team:HUL-MAG,2024,Haas F1 Team,São Paulo Grand Prix,HUL,MAG,False,dry,[],[],[],0,,,,,False,,0,
2024:Kick Sauber:BOT-ZHO,2024,Kick Sauber,São Paulo Grand Prix,BOT,ZHO,True,dry,"['Q1', 'Q2']",[],['Q1'],0,,,,,False,,0,
2024:McLaren:NOR-PIA,2024,McLaren,São Paulo Grand Prix,NOR,PIA,True,dry,"['Q1', 'Q2', 'Q3']",['Q2'],['Q3'],0,,Q2,-2.441999999999993,-2.441999999999993,False,,0,
2024:Mercedes:HAM-RUS,2024,Mercedes,São Paulo Grand Prix,HAM,RUS,True,dry,"['Q1', 'Q2']",[],['Q1'],0,,,,,False,,0,
2024:RB:LAW-TSU,2024,RB,São Paulo Grand Prix,LAW,TSU,True,dry,"['Q1', 'Q2', 'Q3']",['Q2'],"['Q3', 'Q2']",0,,Q2,2.3870000000000005,2.3870000000000005,False,,0,
2024:RB:RIC-TSU,2024,RB,São Paulo Grand Prix,RIC,TSU,False,dry,[],[],[],0,,,,,False,,0,
2024:Red Bull Racing:PER-VER,2024,Red Bull Racing,São Paulo Grand Prix,PER,VER,True,dry,"['Q1', 'Q2']",['Q2'],"['Q2', 'Q1']",1,,Q2,-0.38700000000000045,-0.38700000000000045,True,,1,insufficient_matched_pairs
2024:Williams:ALB-COL,2024,Williams,São Paulo Grand Prix,ALB,COL,True,dry,['Q1'],[],[],0,,,,,False,,0,
2024:Williams:ALB-SAR,2024,Williams,São Paulo Grand Prix,ALB,SAR,False,dry,[],[],[],0,,,,,False,,0,
2024:Alpine:DOO-GAS,2024,Alpine,Las Vegas Grand Prix,DOO,GAS,False,dry,[],[],[],0,,,,,False,,0,
2024:Alpine:GAS-OCO,2024,Alpine,Las Vegas Grand Prix,GAS,OCO,True,dry,"['Q1', 'Q2']","['Q1', 'Q2']","['Q2', 'Q1']",4,0.4414999999999978,Q2,0.34199999999999875,0.5570000000000022,True,0.4414999999999978,4,
2024:Aston Martin:ALO-STR,2024,Aston Martin,Las Vegas Grand Prix,ALO,STR,True,dry,['Q1'],['Q1'],['Q1'],1,,Q1,0.2259999999999991,0.2259999999999991,False,,0,
2024:Ferrari:BEA-LEC,2024,Ferrari,Las Vegas Grand Prix,BEA,LEC,False,dry,[],[],[],0,,,,,False,,0,
2024:Ferrari:LEC-SAI,2024,Ferrari,Las Vegas Grand Prix,LEC,SAI,True,dry,"['Q1', 'Q2', 'Q3']","['Q1', 'Q2', 'Q3']","['Q3', 'Q2']",3,-0.37300000000000466,Q3,-0.37300000000000466,-0.37300000000000466,True,-0.3730000000000046,3,
2024:Haas F1 Team:BEA-HUL,2024,Haas F1 Team,Las Vegas Grand Prix,BEA,HUL,False,dry,[],[],[],0,,,,,False,,0,
2024:Haas F1 Team:HUL-MAG,2024,Haas F1 Team,Las Vegas Grand Prix,HUL,MAG,True,dry,"['Q1', 'Q2']","['Q1', 'Q2']","['Q2', 'Q1']",3,0.18299999999999272,Q2,0.18299999999999272,0.23499999999999943,True,0.1829999999999927,3,
2024:Kick Sauber:BOT-ZHO,2024,Kick Sauber,Las Vegas Grand Prix,BOT,ZHO,True,dry,['Q1'],['Q1'],['Q1'],3,-0.042999999999992156,Q1,-0.3510000000000133,-0.8640000000000043,True,-0.0429999999999921,3,
2024:McLaren:NOR-PIA,2024,McLaren,Las Vegas Grand Prix,NOR,PIA,True,dry,"['Q1', 'Q2', 'Q3']","['Q1', 'Q2', 'Q3']","['Q3', 'Q2']",4,-0.02499999999999858,Q3,0.025000000000005684,0.016000000000005343,True,-0.0249999999999985,4,
2024:Mercedes:HAM-RUS,2024,Mercedes,Las Vegas Grand Prix,HAM,RUS,True,dry,"['Q1', 'Q2', 'Q3']","['Q1', 'Q2', 'Q3']","['Q3', 'Q2']",4,0.06400000000000006,Q3,-2.8689999999999998,-0.25499999999999545,True,0.064,4,
2024:RB:LAW-TSU,2024,RB,Las Vegas Grand Prix,LAW,TSU,True,dry,"['Q1', 'Q2']","['Q1', 'Q2']","['Q2', 'Q1']",3,-0.5900000000000034,Q2,-1.1680000000000064,-1.2280000000000086,True,-0.5900000000000034,3,
2024:RB:RIC-TSU,2024,RB,Las Vegas Grand Prix,RIC,TSU,False,dry,[],[],[],0,,,,,False,,0,
2024:Red Bull Racing:PER-VER,2024,Red Bull Racing,Las Vegas Grand Prix,PER,VER,True,dry,['Q1'],['Q1'],['Q1'],3,-0.8119999999999976,Q1,-0.8559999999999945,-1.358000000000004,True,-0.8119999999999976,3,
2024:Williams:ALB-COL,2024,Williams,Las Vegas Grand Prix,ALB,COL,True,dry,['Q1'],['Q1'],['Q1'],2,,Q1,0.08400000000000318,-0.6760000000000019,False,,0,
2024:Williams:ALB-SAR,2024,Williams,Las Vegas Grand Prix,ALB,SAR,False,dry,[],[],[],0,,,,,False,,0,
2024:Alpine:DOO-GAS,2024,Alpine,Qatar Grand Prix,DOO,GAS,False,dry,[],[],[],0,,,,,False,,0,
2024:Alpine:GAS-OCO,2024,Alpine,Qatar Grand Prix,GAS,OCO,True,dry,['Q1'],['Q1'],['Q1'],2,,Q1,0.8709999999999951,1.277000000000001,False,,0,
2024:Aston Martin:ALO-STR,2024,Aston Martin,Qatar Grand Prix,ALO,STR,True,dry,"['Q1', 'Q2']","['Q1', 'Q2']","['Q2', 'Q1']",3,0.4029999999999916,Q2,0.703000000000003,0.703000000000003,True,0.4029999999999916,3,
2024:Ferrari:BEA-LEC,2024,Ferrari,Qatar Grand Prix,BEA,LEC,False,dry,[],[],[],0,,,,,False,,0,
2024:Ferrari:LEC-SAI,2024,Ferrari,Qatar Grand Prix,LEC,SAI,True,dry,"['Q1', 'Q2', 'Q3']","['Q1', 'Q2', 'Q3']","['Q3', 'Q2']",5,0.18899999999999295,Q3,0.18899999999999295,0.18899999999999295,True,0.1889999999999929,5,
2024:Haas F1 Team:BEA-HUL,2024,Haas F1 Team,Qatar Grand Prix,BEA,HUL,False,dry,[],[],[],0,,,,,False,,0,
2024:Haas F1 Team:HUL-MAG,2024,Haas F1 Team,Qatar Grand Prix,HUL,MAG,True,dry,['Q1'],['Q1'],['Q1'],3,0.15000000000000568,Q1,-0.5509999999999877,-1.0549999999999926,True,0.1500000000000056,3,
2024:Kick Sauber:BOT-ZHO,2024,Kick Sauber,Qatar Grand Prix,BOT,ZHO,True,dry,"['Q1', 'Q2']","['Q1', 'Q2']","['Q2', 'Q1']",6,0.08849999999999625,Q2,-0.22999999999998977,-0.22999999999998977,True,0.0884999999999962,6,
2024:McLaren:NOR-PIA,2024,McLaren,Qatar Grand Prix,NOR,PIA,True,dry,"['Q1', 'Q2', 'Q3']","['Q1', 'Q2', 'Q3']","['Q3', 'Q2']",3,0.13799999999999102,Q3,0.05699999999998795,0.05699999999998795,True,0.137999999999991,3,
2024:Mercedes:HAM-RUS,2024,Mercedes,Qatar Grand Prix,HAM,RUS,True,dry,"['Q1', 'Q2', 'Q3']","['Q1', 'Q2', 'Q3']","['Q3', 'Q2']",5,-0.3639999999999901,Q3,-0.43599999999999284,-0.43599999999999284,True,-0.3639999999999901,5,
2024:RB:LAW-TSU,2024,RB,Qatar Grand Prix,LAW,TSU,True,dry,['Q1'],['Q1'],['Q1'],3,-0.0519999999999925,Q1,-0.046999999999997044,-0.6400000000000006,True,-0.0519999999999925,3,
2024:RB:RIC-TSU,2024,RB,Qatar Grand Prix,RIC,TSU,False,dry,[],[],[],0,,,,,False,,0,
2024:Red Bull Racing:PER-VER,2024,Red Bull Racing,Qatar Grand Prix,PER,VER,True,dry,"['Q1', 'Q2', 'Q3']","['Q1', 'Q2', 'Q3']","['Q3', 'Q2']",3,-0.9050000000000011,Q3,-0.9050000000000011,-0.9050000000000011,True,-0.9050000000000012,3,
2024:Williams:ALB-COL,2024,Williams,Qatar Grand Prix,ALB,COL,True,dry,['Q1'],['Q1'],['Q1'],3,0.39800000000001035,Q1,0.20399999999999352,0.20399999999999352,True,0.3980000000000103,3,
2024:Williams:ALB-SAR,2024,Williams,Qatar Grand Prix,ALB,SAR,False,dry,[],[],[],0,,,,,False,,0,
2024:Alpine:DOO-GAS,2024,Alpine,Abu Dhabi Grand Prix,DOO,GAS,True,dry,['Q1'],['Q1'],['Q1'],2,,Q1,-0.5570000000000022,-1.1210000000000093,False,,0,
2024:Alpine:GAS-OCO,2024,Alpine,Abu Dhabi Grand Prix,GAS,OCO,False,dry,[],[],[],0,,,,,False,,0,
2024:Aston Martin:ALO-STR,2024,Aston Martin,Abu Dhabi Grand Prix,ALO,STR,True,dry,"['Q1', 'Q2']","['Q1', 'Q2']","['Q2', 'Q1']",4,0.2984999999999971,Q2,0.5160000000000053,0.5330000000000013,True,0.2984999999999971,4,
2024:Ferrari:BEA-LEC,2024,Ferrari,Abu Dhabi Grand Prix,BEA,LEC,False,dry,[],[],[],0,,,,,False,,0,
2024:Ferrari:LEC-SAI,2024,Ferrari,Abu Dhabi Grand Prix,LEC,SAI,True,dry,"['Q1', 'Q2']","['Q1', 'Q2']","['Q2', 'Q1']",3,-0.2220000000000084,Q2,0.0049999999999954525,-0.1560000000000059,True,-0.2220000000000084,3,
2024:Haas F1 Team:BEA-HUL,2024,Haas F1 Team,Abu Dhabi Grand Prix,BEA,HUL,False,dry,[],[],[],0,,,,,False,,0,
2024:Haas F1 Team:HUL-MAG,2024,Haas F1 Team,Abu Dhabi Grand Prix,HUL,MAG,True,dry,"['Q1', 'Q2']","['Q1', 'Q2']","['Q2', 'Q1']",3,0.6599999999999966,Q2,0.8369999999999891,0.7460000000000093,True,0.6599999999999966,3,
2024:Kick Sauber:BOT-ZHO,2024,Kick Sauber,Abu Dhabi Grand Prix,BOT,ZHO,True,dry,['Q1'],['Q1'],['Q1'],2,,Q1,0.3990000000000009,0.6760000000000019,False,,0,
2024:McLaren:NOR-PIA,2024,McLaren,Abu Dhabi Grand Prix,NOR,PIA,True,dry,"['Q1', 'Q2', 'Q3']","['Q1', 'Q2', 'Q3']","['Q3', 'Q2']",3,0.10099999999999909,Q3,0.20900000000000318,0.20900000000000318,True,0.100999999999999,3,
2024:Mercedes:HAM-RUS,2024,Mercedes,Abu Dhabi Grand Prix,HAM,RUS,True,dry,['Q1'],['Q1'],['Q1'],2,,Q1,-0.20900000000000318,-0.7549999999999955,False,,0,
2024:RB:LAW-TSU,2024,RB,Abu Dhabi Grand Prix,LAW,TSU,True,dry,"['Q1', 'Q2']","['Q1', 'Q2']","['Q2', 'Q1']",4,-0.09249999999999403,Q2,-0.05299999999999727,-0.05299999999999727,True,-0.092499999999994,4,
2024:RB:RIC-TSU,2024,RB,Abu Dhabi Grand Prix,RIC,TSU,False,dry,[],[],[],0,,,,,False,,0,
2024:Red Bull Racing:PER-VER,2024,Red Bull Racing,Abu Dhabi Grand Prix,PER,VER,True,dry,"['Q1', 'Q2', 'Q3']","['Q1', 'Q2', 'Q3']","['Q3', 'Q2']",3,-0.7340000000000089,Q3,-0.3190000000000026,-0.3190000000000026,True,-0.7340000000000089,3,
2024:Williams:ALB-COL,2024,Williams,Abu Dhabi Grand Prix,ALB,COL,True,dry,['Q1'],['Q1'],['Q1'],2,,Q1,0.09100000000000819,0.09100000000000819,False,,0,
2024:Williams:ALB-SAR,2024,Williams,Abu Dhabi Grand Prix,ALB,SAR,False,dry,[],[],[],0,,,,,False,,0,
2025:Alpine:COL-GAS,2025,Alpine,Australian Grand Prix,COL,GAS,False,dry,[],[],[],0,,,,,False,,0,
2025:Alpine:DOO-GAS,2025,Alpine,Australian Grand Prix,DOO,GAS,True,dry,"['Q1', 'Q2']","['Q1', 'Q2']","['Q2', 'Q1']",4,-0.07349999999999568,Q2,-0.8830000000000098,-0.33499999999999375,True,-0.0734999999999956,4,
2025:Aston Martin:ALO-STR,2025,Aston Martin,Australian Grand Prix,ALO,STR,True,dry,"['Q1', 'Q2']","['Q1', 'Q2']","['Q2', 'Q1']",3,0.40399999999999636,Q2,0.6169999999999902,0.08100000000000307,True,0.4039999999999963,3,
2025:Ferrari:HAM-LEC,2025,Ferrari,Australian Grand Prix,HAM,LEC,True,dry,"['Q1', 'Q2', 'Q3']","['Q1', 'Q2', 'Q3']","['Q3', 'Q2']",3,-0.23499999999999943,Q3,-0.21800000000000352,-0.16400000000000148,True,-0.2349999999999994,3,
2025:Haas F1 Team:BEA-OCO,2025,Haas F1 Team,Australian Grand Prix,BEA,OCO,True,dry,['Q1'],[],[],0,,,,,False,,0,
2025:Kick Sauber:BOR-HUL,2025,Kick Sauber,Australian Grand Prix,BOR,HUL,True,dry,['Q1'],['Q1'],['Q1'],2,,Q1,0.06299999999998818,0.06299999999998818,False,,0,
2025:McLaren:NOR-PIA,2025,McLaren,Australian Grand Prix,NOR,PIA,True,dry,"['Q1', 'Q2', 'Q3']","['Q1', 'Q2', 'Q3']","['Q3', 'Q2']",3,0.08400000000000318,Q3,0.08400000000000318,0.08400000000000318,True,0.0840000000000031,3,
2025:Mercedes:ANT-RUS,2025,Mercedes,Australian Grand Prix,ANT,RUS,True,dry,['Q1'],['Q1'],['Q1'],2,,Q1,-0.554000000000002,-0.9789999999999992,False,,0,
2025:Racing Bulls:HAD-LAW,2025,Racing Bulls,Australian Grand Prix,HAD,LAW,False,dry,[],[],[],0,,,,,False,,0,
2025:Racing Bulls:HAD-TSU,2025,Racing Bulls,Australian Grand Prix,HAD,TSU,True,dry,"['Q1', 'Q2']","['Q1', 'Q2']","['Q2', 'Q1']",3,-0.1290000000000049,Q2,-0.43599999999999284,-0.6839999999999975,True,-0.1290000000000049,3,
2025:Red Bull Racing:LAW-VER,2025,Red Bull Racing,Australian Grand Prix,LAW,VER,True,dry,['Q1'],['Q1'],['Q1'],1,,Q1,-1.0759999999999934,-1.6129999999999995,False,,0,
2025:Red Bull Racing:TSU-VER,2025,Red Bull Racing,Australian Grand Prix,TSU,VER,False,dry,[],[],[],0,,,,,False,,0,
2025:Williams:ALB-SAI,2025,Williams,Australian Grand Prix,ALB,SAI,True,dry,"['Q1', 'Q2', 'Q3']","['Q1', 'Q2', 'Q3']","['Q3', 'Q2']",3,0.32500000000000284,Q3,0.32500000000000284,0.32500000000000284,True,0.3250000000000028,3,
2025:Alpine:COL-GAS,2025,Alpine,Chinese Grand Prix,COL,GAS,False,dry,[],[],[],0,,,,,False,,0,
2025:Alpine:DOO-GAS,2025,Alpine,Chinese Grand Prix,DOO,GAS,True,dry,['Q1'],['Q1'],['Q1'],2,,Q1,-0.09999999999999432,-0.09999999999999432,False,,0,
2025:Aston Martin:ALO-STR,2025,Aston Martin,Chinese Grand Prix,ALO,STR,True,dry,"['Q1', 'Q2']","['Q1', 'Q2']","['Q2', 'Q1']",5,0.10699999999999932,Q2,0.08499999999999375,0.08499999999999375,True,0.1069999999999993,5,
2025:Ferrari:HAM-LEC,2025,Ferrari,Chinese Grand Prix,HAM,LEC,True,dry,"['Q1', 'Q2', 'Q3']","['Q1', 'Q2', 'Q3']","['Q3', 'Q2']",4,-0.014500000000005286,Q3,0.09399999999999409,0.09399999999999409,True,-0.0145000000000052,4,
2025:Haas F1 Team:BEA-OCO,2025,Haas F1 Team,Chinese Grand Prix,BEA,OCO,True,dry,['Q1'],['Q1'],['Q1'],1,,Q1,-0.1419999999999959,-0.3930000000000007,False,,0,
2025:Kick Sauber:BOR-HUL,2025,Kick Sauber,Chinese Grand Prix,BOR,HUL,True,dry,['Q1'],['Q1'],['Q1'],3,-0.23599999999999,Q1,-0.21999999999999886,-0.5090000000000003,True,-0.23599999999999,3,
2025:McLaren:NOR-PIA,2025,McLaren,Chinese Grand Prix,NOR,PIA,True,dry,"['Q1', 'Q2', 'Q3']","['Q1', 'Q2', 'Q3']","['Q3', 'Q2', 'Q1']",3,-0.006000000000000227,Q3,-0.15200000000000102,-0.1460000000000008,True,-0.0060000000000002,3,
2025:Mercedes:ANT-RUS,2025,Mercedes,Chinese Grand Prix,ANT,RUS,True,dry,"['Q1', 'Q2', 'Q3']","['Q1', 'Q2', 'Q3']","['Q3', 'Q2']",4,-0.33149999999999835,Q3,-0.37999999999999545,-0.37999999999999545,True,-0.3314999999999983,4,
2025:Racing Bulls:HAD-LAW,2025,Racing Bulls,Chinese Grand Prix,HAD,LAW,False,dry,[],[],[],0,,,,,False,,0,
2025:Racing Bulls:HAD-TSU,2025,Racing Bulls,Chinese Grand Prix,HAD,TSU,True,dry,"['Q1', 'Q2', 'Q3']","['Q1', 'Q2', 'Q3']","['Q3', 'Q2']",3,0.007000000000005002,Q3,0.5590000000000117,0.15900000000000603,True,0.007000000000005,3,
2025:Red Bull Racing:LAW-VER,2025,Red Bull Racing,Chinese Grand Prix,LAW,VER,True,dry,['Q1'],['Q1'],['Q1'],1,,Q1,-0.75,-1.3570000000000135,False,,0,
2025:Red Bull Racing:TSU-VER,2025,Red Bull Racing,Chinese Grand Prix,TSU,VER,False,dry,[],[],[],0,,,,,False,,0,
2025:Williams:ALB-SAI,2025,Williams,Chinese Grand Prix,ALB,SAI,True,dry,"['Q1', 'Q2']","['Q1', 'Q2']","['Q2', 'Q1']",4,0.5414999999999992,Q2,0.24500000000000455,0.125,True,0.5414999999999992,4,
2025:Alpine:COL-GAS,2025,Alpine,Japanese Grand Prix,COL,GAS,False,dry,[],[],[],0,,,,,False,,0,
2025:Alpine:DOO-GAS,2025,Alpine,Japanese Grand Prix,DOO,GAS,True,dry,['Q1'],['Q1'],['Q1'],2,,Q1,-0.6909999999999883,-1.0549999999999926,False,,0,
2025:Aston Martin:ALO-STR,2025,Aston Martin,Japanese Grand Prix,ALO,STR,True,dry,['Q1'],['Q1'],['Q1'],1,,Q1,0.9339999999999975,1.3739999999999952,False,,0,
2025:Ferrari:HAM-LEC,2025,Ferrari,Japanese Grand Prix,HAM,LEC,True,dry,"['Q1', 'Q2', 'Q3']","['Q1', 'Q2', 'Q3']","['Q3', 'Q2']",4,-0.07400000000000517,Q3,-0.31099999999999284,-0.31099999999999284,True,-0.0740000000000051,4,
2025:Haas F1 Team:BEA-OCO,2025,Haas F1 Team,Japanese Grand Prix,BEA,OCO,True,dry,['Q1'],['Q1'],['Q1'],3,0.4680000000000035,Q1,0.4680000000000035,0.9849999999999994,True,0.4680000000000035,3,
2025:Kick Sauber:BOR-HUL,2025,Kick Sauber,Japanese Grand Prix,BOR,HUL,True,dry,['Q1'],['Q1'],['Q1'],3,0.08899999999999864,Q1,-0.05200000000000671,-0.05200000000000671,True,0.0889999999999986,3,
2025:McLaren:NOR-PIA,2025,McLaren,Japanese Grand Prix,NOR,PIA,True,dry,"['Q1', 'Q2', 'Q3']","['Q1', 'Q2', 'Q3']","['Q3', 'Q2']",3,0.031999999999996476,Q3,0.031999999999996476,0.031999999999996476,True,0.0319999999999964,3,
2025:Mercedes:ANT-RUS,2025,Mercedes,Japanese Grand Prix,ANT,RUS,True,dry,"['Q1', 'Q2', 'Q3']","['Q1', 'Q2', 'Q3']","['Q3', 'Q2']",3,-0.5019999999999953,Q3,-0.23700000000000898,-0.23700000000000898,True,-0.5019999999999953,3,
2025:Racing Bulls:HAD-LAW,2025,Racing Bulls,Japanese Grand Prix,HAD,LAW,True,dry,"['Q1', 'Q2']","['Q1', 'Q2']","['Q2', 'Q1']",4,0.20349999999999824,Q2,0.13100000000000023,0.3370000000000033,True,0.2034999999999982,4,
2025:Racing Bulls:HAD-TSU,2025,Racing Bulls,Japanese Grand Prix,HAD,TSU,False,dry,[],[],[],0,,,,,False,,0,
2025:Red Bull Racing:LAW-VER,2025,Red Bull Racing,Japanese Grand Prix,LAW,VER,False,dry,[],[],[],0,,,,,False,,0,
2025:Red Bull Racing:TSU-VER,2025,Red Bull Racing,Japanese Grand Prix,TSU,VER,True,dry,"['Q1', 'Q2']","['Q1', 'Q2']","['Q2', 'Q1']",3,-0.29399999999999693,Q2,-0.49800000000000466,-0.9839999999999947,True,-0.2939999999999969,3,
2025:Williams:ALB-SAI,2025,Williams,Japanese Grand Prix,ALB,SAI,True,dry,"['Q1', 'Q2']","['Q1', 'Q2']","['Q2', 'Q1']",4,0.30799999999999983,Q2,0.05299999999999727,0.22100000000000364,True,0.3079999999999998,4,
2025:Alpine:COL-GAS,2025,Alpine,Bahrain Grand Prix,COL,GAS,False,dry,[],[],[],0,,,,,False,,0,
2025:Alpine:DOO-GAS,2025,Alpine,Bahrain Grand Prix,DOO,GAS,True,dry,"['Q1', 'Q2', 'Q3']","['Q1', 'Q2']","['Q2', 'Q1']",4,0.10400000000000631,Q2,-0.6020000000000039,-1.0290000000000106,True,0.1040000000000063,4,
2025:Aston Martin:ALO-STR,2025,Aston Martin,Bahrain Grand Prix,ALO,STR,True,dry,['Q1'],['Q1'],['Q1'],3,0.7879999999999967,Q1,0.6490000000000009,0.6490000000000009,True,0.7879999999999967,3,
2025:Ferrari:HAM-LEC,2025,Ferrari,Bahrain Grand Prix,HAM,LEC,True,dry,"['Q1', 'Q2', 'Q3']","['Q1', 'Q2', 'Q3']","['Q3', 'Q2']",3,-0.05499999999999261,Q3,-0.5970000000000084,-0.5970000000000084,True,-0.0549999999999926,3,
2025:Haas F1 Team:BEA-OCO,2025,Haas F1 Team,Bahrain Grand Prix,BEA,OCO,True,dry,['Q1'],['Q1'],['Q1'],2,,Q1,-0.7790000000000106,-0.7790000000000106,False,,0,
2025:Kick Sauber:BOR-HUL,2025,Kick Sauber,Bahrain Grand Prix,BOR,HUL,True,dry,['Q1'],['Q1'],['Q1'],2,,Q1,-0.1880000000000024,-0.4930000000000092,False,,0,
2025:McLaren:NOR-PIA,2025,McLaren,Bahrain Grand Prix,NOR,PIA,True,dry,"['Q1', 'Q2', 'Q3']","['Q1', 'Q2', 'Q3']","['Q3', 'Q2']",3,-0.1629999999999967,Q3,-0.42600000000000193,-0.42600000000000193,True,-0.1629999999999967,3,
2025:Mercedes:ANT-RUS,2025,Mercedes,Bahrain Grand Prix,ANT,RUS,True,dry,"['Q1', 'Q2', 'Q3']","['Q1', 'Q2', 'Q3']","['Q3', 'Q2']",4,-0.127999999999993,Q3,-0.20399999999999352,-0.20399999999999352,True,-0.127999999999993,4,
2025:Racing Bulls:HAD-LAW,2025,Racing Bulls,Bahrain Grand Prix,HAD,LAW,True,dry,['Q1'],['Q1'],['Q1'],2,,Q1,0.5740000000000123,0.8940000000000055,False,,0,
2025:Racing Bulls:HAD-TSU,2025,Racing Bulls,Bahrain Grand Prix,HAD,TSU,False,dry,[],[],[],0,,,,,False,,0,
2025:Red Bull Racing:LAW-VER,2025,Red Bull Racing,Bahrain Grand Prix,LAW,VER,False,dry,[],[],[],0,,,,,False,,0,
2025:Red Bull Racing:TSU-VER,2025,Red Bull Racing,Bahrain Grand Prix,TSU,VER,True,dry,"['Q1', 'Q2', 'Q3']","['Q1', 'Q2', 'Q3']","['Q3', 'Q2']",3,-0.20899999999998897,Q3,-0.8799999999999955,-0.8049999999999926,True,-0.2089999999999889,3,
2025:Williams:ALB-SAI,2025,Williams,Bahrain Grand Prix,ALB,SAI,True,dry,['Q1'],['Q1'],['Q1'],2,,Q1,-0.4490000000000123,-1.3599999999999994,False,,0,
2025:Alpine:COL-GAS,2025,Alpine,Saudi Arabian Grand Prix,COL,GAS,False,dry,[],[],[],0,,,,,False,,0,
2025:Alpine:DOO-GAS,2025,Alpine,Saudi Arabian Grand Prix,DOO,GAS,True,dry,['Q1'],['Q1'],['Q1'],2,,Q1,0.1529999999999916,-0.7139999999999986,False,,0,
2025:Aston Martin:ALO-STR,2025,Aston Martin,Saudi Arabian Grand Prix,ALO,STR,True,dry,['Q1'],['Q1'],['Q1'],2,,Q1,0.0969999999999942,0.34199999999999875,False,,0,
2025:Ferrari:HAM-LEC,2025,Ferrari,Saudi Arabian Grand Prix,HAM,LEC,True,dry,"['Q1', 'Q2', 'Q3']","['Q1', 'Q2', 'Q3']","['Q3', 'Q2']",3,-0.2360000000000042,Q3,-0.5309999999999917,-0.43200000000000216,True,-0.2360000000000042,3,
2025:Haas F1 Team:BEA-OCO,2025,Haas F1 Team,Saudi Arabian Grand Prix,BEA,OCO,True,dry,['Q1'],['Q1'],['Q1'],2,,Q1,0.5480000000000018,0.75,False,,0,
2025:Kick Sauber:BOR-HUL,2025,Kick Sauber,Saudi Arabian Grand Prix,BOR,HUL,True,dry,['Q1'],['Q1'],['Q1'],2,,Q1,-0.6800000000000068,-0.6800000000000068,False,,0,
2025:McLaren:NOR-PIA,2025,McLaren,Saudi Arabian Grand Prix,NOR,PIA,True,dry,"['Q1', 'Q2']","['Q1', 'Q2']","['Q2', 'Q1']",3,0.09599999999998943,Q2,0.06400000000000716,-0.1769999999999925,True,0.0959999999999894,3,
2025:Mercedes:ANT-RUS,2025,Mercedes,Saudi Arabian Grand Prix,ANT,RUS,True,dry,"['Q1', 'Q2', 'Q3']","['Q1', 'Q2', 'Q3']","['Q3', 'Q2']",3,-0.34199999999999875,Q3,-0.4590000000000032,-0.39100000000000534,True,-0.3419999999999987,3,
2025:Racing Bulls:HAD-LAW,2025,Racing Bulls,Saudi Arabian Grand Prix,HAD,LAW,True,dry,"['Q1', 'Q2']","['Q1', 'Q2']","['Q2', 'Q1']",2,,Q2,-0.22700000000000387,-0.22700000000000387,False,,0,
2025:Racing Bulls:HAD-TSU,2025,Racing Bulls,Saudi Arabian Grand Prix,HAD,TSU,False,dry,[],[],[],0,,,,,False,,0,
2025:Red Bull Racing:LAW-VER,2025,Red Bull Racing,Saudi Arabian Grand Prix,LAW,VER,False,dry,[],[],[],0,,,,,False,,0,
2025:Red Bull Racing:TSU-VER,2025,Red Bull Racing,Saudi Arabian Grand Prix,TSU,VER,True,dry,"['Q1', 'Q2', 'Q3']","['Q1', 'Q2', 'Q3']","['Q3', 'Q2']",3,-0.6360000000000099,Q3,-0.9099999999999966,-0.695999999999998,True,-0.6360000000000099,3,
2025:Williams:ALB-SAI,2025,Williams,Saudi Arabian Grand Prix,ALB,SAI,True,dry,"['Q1', 'Q2']","['Q1', 'Q2']","['Q2', 'Q1']",5,0.07500000000000284,Q2,-0.08499999999999375,-0.08499999999999375,True,0.0750000000000028,5,
2025:Alpine:COL-GAS,2025,Alpine,Miami Grand Prix,COL,GAS,False,dry,[],[],[],0,,,,,False,,0,
2025:Alpine:DOO-GAS,2025,Alpine,Miami Grand Prix,DOO,GAS,True,dry,['Q1'],['Q1'],['Q1'],3,0.2879999999999967,Q1,0.2879999999999967,0.5239999999999867,True,0.2879999999999967,3,
2025:Aston Martin:ALO-STR,2025,Aston Martin,Miami Grand Prix,ALO,STR,True,dry,['Q1'],['Q1'],['Q1'],3,0.38400000000000034,Q1,0.2259999999999991,0.2259999999999991,True,0.3840000000000003,3,
2025:Ferrari:HAM-LEC,2025,Ferrari,Miami Grand Prix,HAM,LEC,True,dry,"['Q1', 'Q2']","['Q1', 'Q2']","['Q2', 'Q1']",5,-0.058000000000006935,Q2,-0.058000000000006935,-0.25199999999999534,True,-0.0580000000000069,5,
2025:Haas F1 Team:BEA-OCO,2025,Haas F1 Team,Miami Grand Prix,BEA,OCO,True,dry,['Q1'],['Q1'],['Q1'],3,-0.5489999999999924,Q1,-0.5489999999999924,-1.1749999999999972,True,-0.5489999999999924,3,
2025:Kick Sauber:BOR-HUL,2025,Kick Sauber,Miami Grand Prix,BOR,HUL,True,dry,['Q1'],['Q1'],['Q1'],3,0.10599999999999454,Q1,0.12999999999999545,0.32200000000000273,True,0.1059999999999945,3,
2025:McLaren:NOR-PIA,2025,McLaren,Miami Grand Prix,NOR,PIA,True,dry,"['Q1', 'Q2', 'Q3']","['Q1', 'Q2', 'Q3']","['Q3', 'Q2']",3,0.013999999999995794,Q3,0.10599999999999454,0.0,True,0.0139999999999957,3,
2025:Mercedes:ANT-RUS,2025,Mercedes,Miami Grand Prix,ANT,RUS,True,dry,"['Q1', 'Q2', 'Q3']","['Q1', 'Q2', 'Q3']","['Q3', 'Q2']",4,0.27600000000000335,Q3,0.11400000000000432,0.11400000000000432,True,0.2760000000000033,4,
2025:Racing Bulls:HAD-LAW,2025,Racing Bulls,Miami Grand Prix,HAD,LAW,True,dry,"['Q1', 'Q2']","['Q1', 'Q2']","['Q2', 'Q1']",3,0.2049999999999983,Q2,0.3760000000000048,0.3760000000000048,True,0.2049999999999983,3,
2025:Racing Bulls:HAD-TSU,2025,Racing Bulls,Miami Grand Prix,HAD,TSU,False,dry,[],[],[],0,,,,,False,,0,
2025:Red Bull Racing:LAW-VER,2025,Red Bull Racing,Miami Grand Prix,LAW,VER,False,dry,[],[],[],0,,,,,False,,0,
2025:Red Bull Racing:TSU-VER,2025,Red Bull Racing,Miami Grand Prix,TSU,VER,True,dry,"['Q1', 'Q2', 'Q3']","['Q1', 'Q2', 'Q3']","['Q3', 'Q2']",4,-0.6225000000000023,Q3,-0.7390000000000043,-0.7390000000000043,True,-0.6225000000000023,4,
2025:Williams:ALB-SAI,2025,Williams,Miami Grand Prix,ALB,SAI,True,dry,"['Q1', 'Q2', 'Q3']","['Q1', 'Q2', 'Q3']","['Q3', 'Q2']",3,0.05100000000000193,Q3,-0.11299999999999955,-0.11299999999999955,True,0.0510000000000019,3,
2025:Alpine:COL-GAS,2025,Alpine,Emilia Romagna Grand Prix,COL,GAS,True,dry,['Q1'],['Q1'],['Q1'],1,,Q1,-0.3190000000000026,-0.7510000000000048,False,,0,
2025:Alpine:DOO-GAS,2025,Alpine,Emilia Romagna Grand Prix,DOO,GAS,False,dry,[],[],[],0,,,,,False,,0,
2025:Aston Martin:ALO-STR,2025,Aston Martin,Emilia Romagna Grand Prix,ALO,STR,True,dry,"['Q1', 'Q2', 'Q3']","['Q1', 'Q2', 'Q3']","['Q3', 'Q2']",4,0.10250000000000625,Q3,0.15000000000000568,0.0660000000000025,True,0.1025000000000062,4,
2025:Ferrari:HAM-LEC,2025,Ferrari,Emilia Romagna Grand Prix,HAM,LEC,True,dry,"['Q1', 'Q2']","['Q1', 'Q2']","['Q2', 'Q1']",4,-0.10799999999999699,Q2,-0.16100000000000136,-0.16100000000000136,True,-0.1079999999999969,4,
2025:Haas F1 Team:BEA-OCO,2025,Haas F1 Team,Emilia Romagna Grand Prix,BEA,OCO,True,dry,['Q1'],['Q1'],['Q1'],2,,Q1,0.16199999999999193,0.16199999999999193,False,,0,
2025:Kick Sauber:BOR-HUL,2025,Kick Sauber,Emilia Romagna Grand Prix,BOR,HUL,True,dry,['Q1'],['Q1'],['Q1'],3,0.3240000000000123,Q1,0.17799999999999727,0.25799999999999557,True,0.3240000000000123,3,
2025:McLaren:NOR-PIA,2025,McLaren,Emilia Romagna Grand Prix,NOR,PIA,True,dry,"['Q1', 'Q2', 'Q3']","['Q1', 'Q2', 'Q3']","['Q3', 'Q2']",4,-0.1980000000000004,Q3,-0.2920000000000016,-0.2920000000000016,True,-0.1980000000000004,4,
2025:Mercedes:ANT-RUS,2025,Mercedes,Emilia Romagna Grand Prix,ANT,RUS,True,dry,"['Q1', 'Q2']","['Q1', 'Q2']","['Q2', 'Q1']",3,-0.4380000000000024,Q2,-0.4380000000000024,-0.9650000000000034,True,-0.4380000000000024,3,
2025:Racing Bulls:HAD-LAW,2025,Racing Bulls,Emilia Romagna Grand Prix,HAD,LAW,True,dry,['Q1'],['Q1'],['Q1'],1,,Q1,0.12600000000000477,0.8689999999999998,False,,0,
2025:Racing Bulls:HAD-TSU,2025,Racing Bulls,Emilia Romagna Grand Prix,HAD,TSU,False,dry,[],[],[],0,,,,,False,,0,
2025:Red Bull Racing:LAW-VER,2025,Red Bull Racing,Emilia Romagna Grand Prix,LAW,VER,False,dry,[],[],[],0,,,,,False,,0,
2025:Red Bull Racing:TSU-VER,2025,Red Bull Racing,Emilia Romagna Grand Prix,TSU,VER,True,dry,['Q1'],[],[],0,,,,,False,,0,
2025:Williams:ALB-SAI,2025,Williams,Emilia Romagna Grand Prix,ALB,SAI,True,dry,"['Q1', 'Q2', 'Q3']","['Q1', 'Q2', 'Q3']","['Q3', 'Q2']",4,-0.2884999999999991,Q3,-0.04099999999999682,-0.2750000000000057,True,-0.2884999999999991,4,
2025:Alpine:COL-GAS,2025,Alpine,Monaco Grand Prix,COL,GAS,True,dry,['Q1'],['Q1'],['Q1'],3,-0.6029999999999944,Q1,-0.6029999999999944,-0.6029999999999944,True,-0.6029999999999944,3,
2025:Alpine:DOO-GAS,2025,Alpine,Monaco Grand Prix,DOO,GAS,False,dry,[],[],[],0,,,,,False,,0,
2025:Aston Martin:ALO-STR,2025,Aston Martin,Monaco Grand Prix,ALO,STR,True,dry,['Q1'],['Q1'],['Q1'],3,0.24500000000000455,Q1,0.8889999999999958,1.6389999999999958,True,0.2450000000000045,3,
2025:Ferrari:HAM-LEC,2025,Ferrari,Monaco Grand Prix,HAM,LEC,True,dry,"['Q1', 'Q2', 'Q3']","['Q1', 'Q2', 'Q3']","['Q3', 'Q2']",5,-0.3190000000000026,Q3,-0.3190000000000026,-0.3190000000000026,True,-0.3190000000000026,5,
2025:Haas F1 Team:BEA-OCO,2025,Haas F1 Team,Monaco Grand Prix,BEA,OCO,True,dry,['Q1'],['Q1'],['Q1'],4,0.2079999999999984,Q1,-0.14000000000000057,-1.0370000000000061,True,0.2079999999999984,4,
2025:Kick Sauber:BOR-HUL,2025,Kick Sauber,Monaco Grand Prix,BOR,HUL,True,dry,['Q1'],['Q1'],['Q1'],5,-0.14000000000000057,Q1,-0.03100000000000591,-0.3059999999999974,True,-0.1400000000000005,5,
2025:McLaren:NOR-PIA,2025,McLaren,Monaco Grand Prix,NOR,PIA,True,dry,"['Q1', 'Q2', 'Q3']","['Q1', 'Q2', 'Q3']",['Q3'],3,0.06700000000000728,Q3,0.17500000000001137,0.17500000000001137,True,0.0670000000000072,3,
2025:Mercedes:ANT-RUS,2025,Mercedes,Monaco Grand Prix,ANT,RUS,True,dry,['Q1'],['Q1'],['Q1'],2,,Q1,-0.12199999999999989,-0.12199999999999989,False,,0,
2025:Racing Bulls:HAD-LAW,2025,Racing Bulls,Monaco Grand Prix,HAD,LAW,True,dry,"['Q1', 'Q2', 'Q3']","['Q1', 'Q2', 'Q3']","['Q3', 'Q2']",5,-0.01999999999999602,Q3,0.20600000000000307,0.20600000000000307,True,-0.019999999999996,5,
2025:Racing Bulls:HAD-TSU,2025,Racing Bulls,Monaco Grand Prix,HAD,TSU,False,dry,[],[],[],0,,,,,False,,0,
2025:Red Bull Racing:LAW-VER,2025,Red Bull Racing,Monaco Grand Prix,LAW,VER,False,dry,[],[],[],0,,,,,False,,0,
2025:Red Bull Racing:TSU-VER,2025,Red Bull Racing,Monaco Grand Prix,TSU,VER,True,dry,"['Q1', 'Q2', 'Q3']","['Q1', 'Q2']","['Q2', 'Q1']",5,-0.5830000000000126,Q2,-0.5400000000000063,-0.7460000000000093,True,-0.5830000000000126,5,
2025:Williams:ALB-SAI,2025,Williams,Monaco Grand Prix,ALB,SAI,True,dry,"['Q1', 'Q2', 'Q3']","['Q1', 'Q2']",['Q2'],3,0.6650000000000063,Q2,0.6299999999999955,0.6299999999999955,True,0.6650000000000063,3,
2025:Alpine:COL-GAS,2025,Alpine,Spanish Grand Prix,COL,GAS,True,dry,['Q1'],['Q1'],['Q1'],2,,Q1,-0.2530000000000001,-1.1350000000000051,False,,0,
2025:Alpine:DOO-GAS,2025,Alpine,Spanish Grand Prix,DOO,GAS,False,dry,[],[],[],0,,,,,False,,0,
2025:Aston Martin:ALO-STR,2025,Aston Martin,Spanish Grand Prix,ALO,STR,True,dry,"['Q1', 'Q2']","['Q1', 'Q2']","['Q2', 'Q1']",2,,Q2,0.5350000000000108,0.7539999999999907,False,,0,
2025:Ferrari:HAM-LEC,2025,Ferrari,Spanish Grand Prix,HAM,LEC,True,dry,"['Q1', 'Q2', 'Q3']","['Q1', 'Q2', 'Q3']","['Q3', 'Q2', 'Q1']",3,-0.21699999999999875,Q3,0.08599999999999852,0.08599999999999852,True,-0.2169999999999987,3,
2025:Haas F1 Team:BEA-OCO,2025,Haas F1 Team,Spanish Grand Prix,BEA,OCO,True,dry,['Q1'],['Q1'],['Q1'],3,0.12699999999999534,Q1,0.12699999999999534,0.12699999999999534,True,0.1269999999999953,3,
2025:Kick Sauber:BOR-HUL,2025,Kick Sauber,Spanish Grand Prix,BOR,HUL,True,dry,['Q1'],['Q1'],['Q1'],2,,Q1,0.14499999999999602,0.4339999999999975,False,,0,
2025:McLaren:NOR-PIA,2025,McLaren,Spanish Grand Prix,NOR,PIA,True,dry,"['Q1', 'Q2', 'Q3']","['Q1', 'Q2', 'Q3']","['Q3', 'Q2']",3,-0.057999999999992724,Q3,-0.20899999999998897,-0.20899999999998897,True,-0.0579999999999927,3,
2025:Mercedes:ANT-RUS,2025,Mercedes,Spanish Grand Prix,ANT,RUS,True,dry,"['Q1', 'Q2', 'Q3']","['Q1', 'Q2', 'Q3']","['Q3', 'Q2']",3,-0.34499999999999886,Q3,-0.26300000000000523,-0.26300000000000523,True,-0.3449999999999988,3,
2025:Racing Bulls:HAD-LAW,2025,Racing Bulls,Spanish Grand Prix,HAD,LAW,True,dry,"['Q1', 'Q2']","['Q1', 'Q2']","['Q2', 'Q1']",4,0.1629999999999967,Q2,0.3020000000000067,0.5110000000000099,True,0.1629999999999967,4,
2025:Racing Bulls:HAD-TSU,2025,Racing Bulls,Spanish Grand Prix,HAD,TSU,False,dry,[],[],[],0,,,,,False,,0,
2025:Red Bull Racing:LAW-VER,2025,Red Bull Racing,Spanish Grand Prix,LAW,VER,False,dry,[],[],[],0,,,,,False,,0,
2025:Red Bull Racing:TSU-VER,2025,Red Bull Racing,Spanish Grand Prix,TSU,VER,True,dry,['Q1'],['Q1'],['Q1'],1,,Q1,-0.5870000000000033,-1.5370000000000061,False,,0,
2025:Williams:ALB-SAI,2025,Williams,Spanish Grand Prix,ALB,SAI,True,dry,['Q1'],['Q1'],['Q1'],2,,Q1,0.15900000000000603,0.5619999999999976,False,,0,
2025:Alpine:COL-GAS,2025,Alpine,Canadian Grand Prix,COL,GAS,True,dry,"['Q1', 'Q2']",['Q1'],['Q1'],3,0.13900000000001,Q1,0.43300000000000693,0.5250000000000057,True,0.13900000000001,3,
2025:Alpine:DOO-GAS,2025,Alpine,Canadian Grand Prix,DOO,GAS,False,dry,[],[],[],0,,,,,False,,0,
2025:Aston Martin:ALO-STR,2025,Aston Martin,Canadian Grand Prix,ALO,STR,True,dry,['Q1'],['Q1'],['Q1'],1,,Q1,0.4440000000000026,0.9309999999999974,False,,0,
2025:Ferrari:HAM-LEC,2025,Ferrari,Canadian Grand Prix,HAM,LEC,True,dry,"['Q1', 'Q2', 'Q3']","['Q1', 'Q2', 'Q3']","['Q3', 'Q2']",4,-0.05799999999999983,Q3,0.1560000000000059,0.10000000000000853,True,-0.0579999999999998,4,
2025:Haas F1 Team:BEA-OCO,2025,Haas F1 Team,Canadian Grand Prix,BEA,OCO,True,dry,"['Q1', 'Q2']","['Q1', 'Q2']","['Q2', 'Q1']",4,0.43849999999999767,Q2,0.29399999999999693,0.07200000000000273,True,0.4384999999999976,4,
2025:Kick Sauber:BOR-HUL,2025,Kick Sauber,Canadian Grand Prix,BOR,HUL,True,dry,"['Q1', 'Q2']",['Q1'],['Q1'],2,,Q1,-0.06200000000001182,-0.20199999999999818,False,,0,
2025:McLaren:NOR-PIA,2025,McLaren,Canadian Grand Prix,NOR,PIA,True,dry,"['Q1', 'Q2', 'Q3']","['Q1', 'Q2', 'Q3']",['Q3'],3,-0.8029999999999973,Q3,-0.5049999999999955,-0.4789999999999992,True,-0.8029999999999973,3,
2025:Mercedes:ANT-RUS,2025,Mercedes,Canadian Grand Prix,ANT,RUS,True,dry,"['Q1', 'Q2', 'Q3']","['Q1', 'Q2', 'Q3']","['Q3', 'Q2']",4,-0.2750000000000057,Q3,-0.49200000000000443,-0.49200000000000443,True,-0.2750000000000057,4,
2025:Racing Bulls:HAD-LAW,2025,Racing Bulls,Canadian Grand Prix,HAD,LAW,True,dry,['Q1'],['Q1'],['Q1'],3,0.02400000000000091,Q1,0.31400000000000716,0.6580000000000013,True,0.0240000000000009,3,
2025:Racing Bulls:HAD-TSU,2025,Racing Bulls,Canadian Grand Prix,HAD,TSU,False,dry,[],[],[],0,,,,,False,,0,
2025:Red Bull Racing:LAW-VER,2025,Red Bull Racing,Canadian Grand Prix,LAW,VER,False,dry,[],[],[],0,,,,,False,,0,
2025:Red Bull Racing:TSU-VER,2025,Red Bull Racing,Canadian Grand Prix,TSU,VER,True,dry,"['Q1', 'Q2']","['Q1', 'Q2']","['Q2', 'Q1']",3,-0.5549999999999926,Q2,-0.46399999999999864,-1.0430000000000064,True,-0.5549999999999926,3,
2025:Williams:ALB-SAI,2025,Williams,Canadian Grand Prix,ALB,SAI,True,dry,"['Q1', 'Q2']",['Q1'],['Q1'],3,-0.1110000000000042,Q1,0.3079999999999927,0.5060000000000002,True,-0.1110000000000042,3,
2025:Alpine:COL-GAS,2025,Alpine,Austrian Grand Prix,COL,GAS,True,dry,"['Q1', 'Q2', 'Q3']","['Q1', 'Q2']","['Q2', 'Q1']",4,-0.6355000000000004,Q2,-0.44199999999999307,-0.43200000000000216,True,-0.6355000000000004,4,
2025:Alpine:DOO-GAS,2025,Alpine,Austrian Grand Prix,DOO,GAS,False,dry,[],[],[],0,,,,,False,,0,
2025:Aston Martin:ALO-STR,2025,Aston Martin,Austrian Grand Prix,ALO,STR,True,dry,['Q1'],['Q1'],['Q1'],1,,Q1,0.1319999999999908,0.2009999999999934,False,,0,
2025:Ferrari:HAM-LEC,2025,Ferrari,Austrian Grand Prix,HAM,LEC,True,dry,"['Q1', 'Q2', 'Q3']","['Q1', 'Q2', 'Q3']","['Q3', 'Q2']",4,-0.16599999999999682,Q3,-0.12699999999999534,-0.12699999999999534,True,-0.1659999999999968,4,
2025:Haas F1 Team:BEA-OCO,2025,Haas F1 Team,Austrian Grand Prix,BEA,OCO,True,dry,['Q1'],['Q1'],['Q1'],3,-0.03900000000000148,Q1,0.1460000000000008,0.1460000000000008,True,-0.0390000000000014,3,
2025:Kick Sauber:BOR-HUL,2025,Kick Sauber,Austrian Grand Prix,BOR,HUL,True,dry,['Q1'],['Q1'],['Q1'],2,,Q1,0.4829999999999899,0.7599999999999909,False,,0,
2025:McLaren:NOR-PIA,2025,McLaren,Austrian Grand Prix,NOR,PIA,True,dry,"['Q1', 'Q2', 'Q3']","['Q1', 'Q2', 'Q3']","['Q3', 'Q2']",3,0.1460000000000008,Q3,0.28600000000000136,0.28600000000000136,True,0.1460000000000008,3,
2025:Mercedes:ANT-RUS,2025,Mercedes,Austrian Grand Prix,ANT,RUS,True,dry,"['Q1', 'Q2', 'Q3']","['Q1', 'Q2', 'Q3']","['Q3', 'Q2']",3,-0.3059999999999974,Q3,-0.43200000000000216,-0.20800000000001262,True,-0.3059999999999974,3,
2025:Racing Bulls:HAD-LAW,2025,Racing Bulls,Austrian Grand Prix,HAD,LAW,True,dry,"['Q1', 'Q2']","['Q1', 'Q2']","['Q2', 'Q1']",3,-0.18500000000000227,Q2,-0.18500000000000227,-0.04600000000000648,True,-0.1850000000000022,3,
2025:Racing Bulls:HAD-TSU,2025,Racing Bulls,Austrian Grand Prix,HAD,TSU,False,dry,[],[],[],0,,,,,False,,0,
2025:Red Bull Racing:LAW-VER,2025,Red Bull Racing,Austrian Grand Prix,LAW,VER,False,dry,[],[],[],0,,,,,False,,0,
2025:Red Bull Racing:TSU-VER,2025,Red Bull Racing,Austrian Grand Prix,TSU,VER,True,dry,['Q1'],['Q1'],['Q1'],1,,Q1,-0.26300000000000523,-0.5330000000000013,False,,0,
2025:Williams:ALB-SAI,2025,Williams,Austrian Grand Prix,ALB,SAI,True,dry,['Q1'],['Q1'],['Q1'],2,,Q1,0.43899999999999295,0.43899999999999295,False,,0,
2025:Alpine:COL-GAS,2025,Alpine,British Grand Prix,COL,GAS,True,dry,['Q1'],['Q1'],['Q1'],1,,Q1,-0.7319999999999993,-1.3490000000000038,False,,0,
2025:Alpine:DOO-GAS,2025,Alpine,British Grand Prix,DOO,GAS,False,dry,[],[],[],0,,,,,False,,0,
2025:Aston Martin:ALO-STR,2025,Aston Martin,British Grand Prix,ALO,STR,True,dry,['Q1'],['Q1'],['Q1'],1,,Q1,0.4380000000000024,0.953000000000003,False,,0,
2025:Ferrari:HAM-LEC,2025,Ferrari,British Grand Prix,HAM,LEC,True,dry,"['Q1', 'Q2', 'Q3']","['Q1', 'Q2', 'Q3']","['Q3', 'Q2']",4,0.10549999999999926,Q3,0.02599999999999625,0.03699999999999193,True,0.1054999999999992,4,
2025:Haas F1 Team:BEA-OCO,2025,Haas F1 Team,British Grand Prix,BEA,OCO,True,dry,"['Q1', 'Q2', 'Q3']","['Q1', 'Q2']","['Q2', 'Q1']",4,0.28949999999999676,Q2,0.4159999999999968,0.4789999999999992,True,0.2894999999999967,4,
2025:Kick Sauber:BOR-HUL,2025,Kick Sauber,British Grand Prix,BOR,HUL,True,dry,['Q1'],['Q1'],['Q1'],2,,Q1,0.1280000000000001,0.1280000000000001,False,,0,
2025:McLaren:NOR-PIA,2025,McLaren,British Grand Prix,NOR,PIA,True,dry,"['Q1', 'Q2', 'Q3']","['Q1', 'Q2', 'Q3']","['Q3', 'Q2']",4,-0.045000000000001705,Q3,-0.015000000000000568,-0.015000000000000568,True,-0.0450000000000017,4,
2025:Mercedes:ANT-RUS,2025,Mercedes,British Grand Prix,ANT,RUS,True,dry,"['Q1', 'Q2', 'Q3']","['Q1', 'Q2', 'Q3']","['Q3', 'Q2']",3,-0.5739999999999981,Q3,-0.34499999999999886,-0.34499999999999886,True,-0.5739999999999981,3,
2025:Racing Bulls:HAD-LAW,2025,Racing Bulls,British Grand Prix,HAD,LAW,True,dry,['Q1'],['Q1'],['Q1'],2,,Q1,0.262999999999991,0.5759999999999934,False,,0,
2025:Racing Bulls:HAD-TSU,2025,Racing Bulls,British Grand Prix,HAD,TSU,False,dry,[],[],[],0,,,,,False,,0,
2025:Red Bull Racing:LAW-VER,2025,Red Bull Racing,British Grand Prix,LAW,VER,False,dry,[],[],[],0,,,,,False,,0,
2025:Red Bull Racing:TSU-VER,2025,Red Bull Racing,British Grand Prix,TSU,VER,True,dry,"['Q1', 'Q2']","['Q1', 'Q2']","['Q2', 'Q1']",4,-0.519999999999996,Q2,-0.5099999999999909,-0.9339999999999975,True,-0.519999999999996,4,
2025:Williams:ALB-SAI,2025,Williams,British Grand Prix,ALB,SAI,True,dry,"['Q1', 'Q2']","['Q1', 'Q2']","['Q2', 'Q1']",4,0.027000000000001023,Q2,-0.14300000000000068,-0.14300000000000068,True,0.027000000000001,4,
2025:Alpine:COL-GAS,2025,Alpine,Belgian Grand Prix,COL,GAS,True,dry,['Q1'],['Q1'],['Q1'],2,,Q1,-0.2220000000000084,-0.38900000000001,False,,0,
2025:Alpine:DOO-GAS,2025,Alpine,Belgian Grand Prix,DOO,GAS,False,dry,[],[],[],0,,,,,False,,0,
2025:Aston Martin:ALO-STR,2025,Aston Martin,Belgian Grand Prix,ALO,STR,True,dry,['Q1'],['Q1'],['Q1'],2,,Q1,0.11699999999999022,0.11699999999999022,False,,0,
2025:Ferrari:HAM-LEC,2025,Ferrari,Belgian Grand Prix,HAM,LEC,True,dry,['Q1'],['Q1'],['Q1'],1,,Q1,-0.028999999999996362,-0.7639999999999958,False,,0,
2025:Haas F1 Team:BEA-OCO,2025,Haas F1 Team,Belgian Grand Prix,BEA,OCO,True,dry,"['Q1', 'Q2']","['Q1', 'Q2']","['Q2', 'Q1']",3,0.2669999999999959,Q2,-0.09199999999999875,-0.09199999999999875,True,0.2669999999999959,3,
2025:Kick Sauber:BOR-HUL,2025,Kick Sauber,Belgian Grand Prix,BOR,HUL,True,dry,"['Q1', 'Q2']","['Q1', 'Q2']","['Q2', 'Q1']",4,-0.04100000000000392,Q2,0.3709999999999951,0.3709999999999951,True,-0.0410000000000039,4,
2025:McLaren:NOR-PIA,2025,McLaren,Belgian Grand Prix,NOR,PIA,True,dry,"['Q1', 'Q2', 'Q3']","['Q1', 'Q2', 'Q3']","['Q3', 'Q2']",4,0.07950000000000301,Q3,0.08500000000000796,0.06400000000000716,True,0.079500000000003,4,
2025:Mercedes:ANT-RUS,2025,Mercedes,Belgian Grand Prix,ANT,RUS,True,dry,['Q1'],['Q1'],['Q1'],2,,Q1,-0.35499999999998977,-0.8849999999999909,False,,0,
2025:Racing Bulls:HAD-LAW,2025,Racing Bulls,Belgian Grand Prix,HAD,LAW,True,dry,"['Q1', 'Q2', 'Q3']","['Q1', 'Q2', 'Q3']","['Q3', 'Q2']",4,0.016999999999995907,Q3,0.018000000000000682,0.015999999999991132,True,0.0169999999999959,4,
2025:Racing Bulls:HAD-TSU,2025,Racing Bulls,Belgian Grand Prix,HAD,TSU,False,dry,[],[],[],0,,,,,False,,0,
2025:Red Bull Racing:LAW-VER,2025,Red Bull Racing,Belgian Grand Prix,LAW,VER,False,dry,[],[],[],0,,,,,False,,0,
2025:Red Bull Racing:TSU-VER,2025,Red Bull Racing,Belgian Grand Prix,TSU,VER,True,dry,"['Q1', 'Q2', 'Q3']","['Q1', 'Q2', 'Q3']","['Q3', 'Q2']",3,-0.3810000000000002,Q3,-0.3810000000000002,-0.34199999999999875,True,-0.3810000000000002,3,
2025:Williams:ALB-SAI,2025,Williams,Belgian Grand Prix,ALB,SAI,True,dry,"['Q1', 'Q2']","['Q1', 'Q2']","['Q2', 'Q1']",3,0.19899999999999807,Q2,0.2530000000000001,0.4900000000000091,True,0.198999999999998,3,
2025:Alpine:COL-GAS,2025,Alpine,Hungarian Grand Prix,COL,GAS,True,dry,['Q1'],['Q1'],['Q1'],2,,Q1,0.09099999999999397,0.09099999999999397,False,,0,
2025:Alpine:DOO-GAS,2025,Alpine,Hungarian Grand Prix,DOO,GAS,False,dry,[],[],[],0,,,,,False,,0,
2025:Aston Martin:ALO-STR,2025,Aston Martin,Hungarian Grand Prix,ALO,STR,True,dry,"['Q1', 'Q2', 'Q3']","['Q1', 'Q2', 'Q3']","['Q3', 'Q2']",3,0.2850000000000108,Q3,0.017000000000010118,-0.15200000000000102,True,0.2850000000000108,3,
2025:Ferrari:HAM-LEC,2025,Ferrari,Hungarian Grand Prix,HAM,LEC,True,dry,"['Q1', 'Q2']","['Q1', 'Q2']","['Q2', 'Q1']",4,-0.0835000000000008,Q2,-0.2469999999999999,-0.3299999999999983,True,-0.0835000000000008,4,
2025:Haas F1 Team:BEA-OCO,2025,Haas F1 Team,Hungarian Grand Prix,BEA,OCO,True,dry,['Q1'],['Q1'],['Q1'],2,,Q1,0.27299999999999613,0.3289999999999935,False,,0,
2025:Kick Sauber:BOR-HUL,2025,Kick Sauber,Hungarian Grand Prix,BOR,HUL,True,dry,['Q1'],['Q1'],['Q1'],2,,Q1,0.49500000000000455,0.49500000000000455,False,,0,
2025:McLaren:NOR-PIA,2025,McLaren,Hungarian Grand Prix,NOR,PIA,True,dry,"['Q1', 'Q2', 'Q3']","['Q1', 'Q2', 'Q3']","['Q3', 'Q2']",4,0.0730000000000004,Q3,-0.015000000000000568,0.05100000000000193,True,0.0730000000000004,4,
2025:Mercedes:ANT-RUS,2025,Mercedes,Hungarian Grand Prix,ANT,RUS,True,dry,"['Q1', 'Q2']","['Q1', 'Q2']","['Q2', 'Q1']",3,-0.3289999999999935,Q2,-0.49200000000000443,-0.49200000000000443,True,-0.3289999999999935,3,
2025:Racing Bulls:HAD-LAW,2025,Racing Bulls,Hungarian Grand Prix,HAD,LAW,True,dry,"['Q1', 'Q2', 'Q3']","['Q1', 'Q2', 'Q3']","['Q3', 'Q2']",3,0.375,Q3,-0.0940000000000083,0.16100000000000136,True,0.375,3,
2025:Racing Bulls:HAD-TSU,2025,Racing Bulls,Hungarian Grand Prix,HAD,TSU,False,dry,[],[],[],0,,,,,False,,0,
2025:Red Bull Racing:LAW-VER,2025,Red Bull Racing,Hungarian Grand Prix,LAW,VER,False,dry,[],[],[],0,,,,,False,,0,
2025:Red Bull Racing:TSU-VER,2025,Red Bull Racing,Hungarian Grand Prix,TSU,VER,True,dry,['Q1'],['Q1'],['Q1'],2,,Q1,-0.1629999999999967,-0.35200000000000387,False,,0,
2025:Williams:ALB-SAI,2025,Williams,Hungarian Grand Prix,ALB,SAI,True,dry,['Q1'],['Q1'],['Q1'],3,0.021000000000000796,Q1,-0.570999999999998,-0.570999999999998,True,0.0210000000000007,3,
2025:Alpine:COL-GAS,2025,Alpine,Dutch Grand Prix,COL,GAS,True,dry,['Q1'],['Q1'],['Q1'],3,-0.20999999999999375,Q1,-0.20999999999999375,-0.46699999999999875,True,-0.2099999999999937,3,
2025:Alpine:DOO-GAS,2025,Alpine,Dutch Grand Prix,DOO,GAS,False,dry,[],[],[],0,,,,,False,,0,
2025:Aston Martin:ALO-STR,2025,Aston Martin,Dutch Grand Prix,ALO,STR,True,dry,['Q1'],[],[],0,,,,,False,,0,
2025:Ferrari:HAM-LEC,2025,Ferrari,Dutch Grand Prix,HAM,LEC,True,dry,"['Q1', 'Q2', 'Q3']","['Q1', 'Q2', 'Q3']","['Q3', 'Q2']",4,-0.01999999999999602,Q3,-0.04999999999999716,0.043000000000006366,True,-0.019999999999996,4,
2025:Haas F1 Team:BEA-OCO,2025,Haas F1 Team,Dutch Grand Prix,BEA,OCO,True,dry,['Q1'],['Q1'],['Q1'],3,0.2189999999999941,Q1,-0.06499999999999773,-0.06499999999999773,True,0.2189999999999941,3,
2025:Kick Sauber:BOR-HUL,2025,Kick Sauber,Dutch Grand Prix,BOR,HUL,True,dry,['Q1'],['Q1'],['Q1'],2,,Q1,0.15799999999998704,0.5729999999999933,False,,0,
2025:McLaren:NOR-PIA,2025,McLaren,Dutch Grand Prix,NOR,PIA,True,dry,"['Q1', 'Q2', 'Q3']","['Q1', 'Q2', 'Q3']","['Q3', 'Q2']",4,0.03350000000000364,Q3,-0.012000000000000455,-0.012000000000000455,True,0.0335000000000036,4,
2025:Mercedes:ANT-RUS,2025,Mercedes,Dutch Grand Prix,ANT,RUS,True,dry,"['Q1', 'Q2']","['Q1', 'Q2']","['Q2', 'Q1']",4,-0.06700000000000017,Q2,-0.1799999999999926,-0.23799999999999955,True,-0.0670000000000001,4,
2025:Racing Bulls:HAD-LAW,2025,Racing Bulls,Dutch Grand Prix,HAD,LAW,True,dry,"['Q1', 'Q2', 'Q3']","['Q1', 'Q2', 'Q3']","['Q3', 'Q2']",4,0.25150000000000006,Q3,0.2920000000000016,0.17499999999999716,True,0.2515,4,
2025:Racing Bulls:HAD-TSU,2025,Racing Bulls,Dutch Grand Prix,HAD,TSU,False,dry,[],[],[],0,,,,,False,,0,
2025:Red Bull Racing:LAW-VER,2025,Red Bull Racing,Dutch Grand Prix,LAW,VER,False,dry,[],[],[],0,,,,,False,,0,
2025:Red Bull Racing:TSU-VER,2025,Red Bull Racing,Dutch Grand Prix,TSU,VER,True,dry,"['Q1', 'Q2']","['Q1', 'Q2']","['Q2', 'Q1']",4,-0.6265000000000001,Q2,-0.5,-0.6970000000000027,True,-0.6265000000000001,4,
2025:Williams:ALB-SAI,2025,Williams,Dutch Grand Prix,ALB,SAI,True,dry,"['Q1', 'Q2']","['Q1', 'Q2']","['Q2', 'Q1']",4,0.022500000000000853,Q2,-0.18000000000000682,-0.18000000000000682,True,0.0225000000000008,4,
2025:Alpine:COL-GAS,2025,Alpine,Italian Grand Prix,COL,GAS,True,dry,['Q1'],['Q1'],['Q1'],3,0.03999999999999204,Q1,0.11099999999999,0.11099999999999,True,0.039999999999992,3,
2025:Alpine:DOO-GAS,2025,Alpine,Italian Grand Prix,DOO,GAS,False,dry,[],[],[],0,,,,,False,,0,
2025:Aston Martin:ALO-STR,2025,Aston Martin,Italian Grand Prix,ALO,STR,True,dry,['Q1'],['Q1'],['Q1'],2,,Q1,0.28999999999999204,0.5859999999999985,False,,0,
2025:Ferrari:HAM-LEC,2025,Ferrari,Italian Grand Prix,HAM,LEC,True,dry,"['Q1', 'Q2', 'Q3']","['Q1', 'Q2', 'Q3']","['Q3', 'Q2']",4,-0.08899999999999153,Q3,-0.11699999999999022,-0.11699999999999022,True,-0.0889999999999915,4,
2025:Haas F1 Team:BEA-OCO,2025,Haas F1 Team,Italian Grand Prix,BEA,OCO,True,dry,"['Q1', 'Q2']","['Q1', 'Q2']","['Q2', 'Q1']",5,0.2560000000000002,Q2,0.2609999999999957,0.2609999999999957,True,0.2560000000000002,5,
2025:Kick Sauber:BOR-HUL,2025,Kick Sauber,Italian Grand Prix,BOR,HUL,True,dry,"['Q1', 'Q2']","['Q1', 'Q2']","['Q2', 'Q1']",5,-0.0030000000000001137,Q2,0.17500000000001137,0.17500000000001137,True,-0.0030000000000001,5,
2025:McLaren:NOR-PIA,2025,McLaren,Italian Grand Prix,NOR,PIA,True,dry,"['Q1', 'Q2', 'Q3']","['Q1', 'Q2', 'Q3']","['Q3', 'Q2']",4,-0.0835000000000008,Q3,0.11299999999999955,0.11299999999999955,True,-0.0835000000000008,4,
2025:Mercedes:ANT-RUS,2025,Mercedes,Italian Grand Prix,ANT,RUS,True,dry,"['Q1', 'Q2', 'Q3']","['Q1', 'Q2', 'Q3']","['Q3', 'Q2']",4,-0.03900000000000148,Q3,-0.043000000000006366,-0.043000000000006366,True,-0.0390000000000014,4,
2025:Racing Bulls:HAD-LAW,2025,Racing Bulls,Italian Grand Prix,HAD,LAW,True,dry,['Q1'],['Q1'],['Q1'],1,,Q1,0.36199999999999477,0.36199999999999477,False,,0,
2025:Racing Bulls:HAD-TSU,2025,Racing Bulls,Italian Grand Prix,HAD,TSU,False,dry,[],[],[],0,,,,,False,,0,
2025:Red Bull Racing:LAW-VER,2025,Red Bull Racing,Italian Grand Prix,LAW,VER,False,dry,[],[],[],0,,,,,False,,0,
2025:Red Bull Racing:TSU-VER,2025,Red Bull Racing,Italian Grand Prix,TSU,VER,True,dry,"['Q1', 'Q2', 'Q3']","['Q1', 'Q2', 'Q3']","['Q3', 'Q2']",4,-0.5100000000000051,Q3,-0.7270000000000039,-0.6410000000000053,True,-0.5100000000000051,4,
2025:Williams:ALB-SAI,2025,Williams,Italian Grand Prix,ALB,SAI,True,dry,"['Q1', 'Q2']","['Q1', 'Q2']",['Q2'],3,-0.5649999999999977,Q2,-0.05499999999999261,-0.05499999999999261,True,-0.5649999999999977,3,
2025:Alpine:COL-GAS,2025,Alpine,Azerbaijan Grand Prix,COL,GAS,True,dry,['Q1'],['Q1'],['Q1'],1,,Q1,-0.9180000000000064,-0.9180000000000064,False,,0,
2025:Alpine:DOO-GAS,2025,Alpine,Azerbaijan Grand Prix,DOO,GAS,False,dry,[],[],[],0,,,,,False,,0,
2025:Aston Martin:ALO-STR,2025,Aston Martin,Azerbaijan Grand Prix,ALO,STR,True,dry,"['Q1', 'Q2']","['Q1', 'Q2']",['Q1'],1,,Q2,1.2040000000000077,1.2040000000000077,False,,0,
2025:Ferrari:HAM-LEC,2025,Ferrari,Azerbaijan Grand Prix,HAM,LEC,True,dry,"['Q1', 'Q2']","['Q1', 'Q2']",['Q1'],1,,Q2,-0.6640000000000015,-0.36299999999999955,False,,0,
2025:Haas F1 Team:BEA-OCO,2025,Haas F1 Team,Azerbaijan Grand Prix,BEA,OCO,True,dry,['Q1'],['Q1'],['Q1'],2,,Q1,0.33800000000000807,0.33800000000000807,False,,0,
2025:Kick Sauber:BOR-HUL,2025,Kick Sauber,Azerbaijan Grand Prix,BOR,HUL,True,dry,['Q1'],['Q1'],['Q1'],1,,Q1,0.40500000000000114,0.40500000000000114,False,,0,
2025:McLaren:NOR-PIA,2025,McLaren,Azerbaijan Grand Prix,NOR,PIA,True,dry,"['Q1', 'Q2', 'Q3']",['Q2'],['Q2'],1,,Q2,0.23999999999999488,0.31399999999999295,False,,0,
2025:Mercedes:ANT-RUS,2025,Mercedes,Azerbaijan Grand Prix,ANT,RUS,True,dry,"['Q1', 'Q2', 'Q3']",['Q1'],['Q1'],1,,Q1,-0.6009999999999991,-0.6009999999999991,False,,0,
2025:Racing Bulls:HAD-LAW,2025,Racing Bulls,Azerbaijan Grand Prix,HAD,LAW,True,dry,"['Q1', 'Q2', 'Q3']","['Q1', 'Q2']","['Q2', 'Q1']",2,,Q2,-0.13299999999999557,0.15099999999999625,False,,0,
2025:Racing Bulls:HAD-TSU,2025,Racing Bulls,Azerbaijan Grand Prix,HAD,TSU,False,dry,[],[],[],0,,,,,False,,0,
2025:Red Bull Racing:LAW-VER,2025,Red Bull Racing,Azerbaijan Grand Prix,LAW,VER,False,dry,[],[],[],0,,,,,False,,0,
2025:Red Bull Racing:TSU-VER,2025,Red Bull Racing,Azerbaijan Grand Prix,TSU,VER,True,dry,"['Q1', 'Q2', 'Q3']","['Q1', 'Q2']","['Q2', 'Q1']",3,-0.5330000000000013,Q2,-0.5330000000000013,-0.5330000000000013,True,-0.5330000000000013,3,
2025:Williams:ALB-SAI,2025,Williams,Azerbaijan Grand Prix,ALB,SAI,True,dry,['Q1'],['Q1'],['Q1'],1,,Q1,-1.1430000000000007,-2.1030000000000086,False,,0,
2025:Alpine:COL-GAS,2025,Alpine,Singapore Grand Prix,COL,GAS,True,dry,['Q1'],['Q1'],['Q1'],2,,Q1,0.25900000000000034,0.25900000000000034,False,,0,
2025:Alpine:DOO-GAS,2025,Alpine,Singapore Grand Prix,DOO,GAS,False,dry,[],[],[],0,,,,,False,,0,
2025:Aston Martin:ALO-STR,2025,Aston Martin,Singapore Grand Prix,ALO,STR,True,dry,['Q1'],['Q1'],['Q1'],2,,Q1,0.20399999999999352,0.9939999999999998,False,,0,
2025:Ferrari:HAM-LEC,2025,Ferrari,Singapore Grand Prix,HAM,LEC,True,dry,"['Q1', 'Q2', 'Q3']","['Q1', 'Q2', 'Q3']","['Q3', 'Q2']",3,0.1700000000000017,Q3,0.09600000000000364,0.09600000000000364,True,0.1700000000000017,3,
2025:Haas F1 Team:BEA-OCO,2025,Haas F1 Team,Singapore Grand Prix,BEA,OCO,True,dry,['Q1'],['Q1'],['Q1'],1,,Q1,0.8269999999999982,1.3790000000000049,False,,0,
2025:Kick Sauber:BOR-HUL,2025,Kick Sauber,Singapore Grand Prix,BOR,HUL,True,dry,['Q1'],[],[],0,,,,,False,,0,
2025:McLaren:NOR-PIA,2025,McLaren,Singapore Grand Prix,NOR,PIA,True,dry,"['Q1', 'Q2', 'Q3']","['Q1', 'Q2', 'Q3']","['Q3', 'Q2']",4,-0.03949999999999676,Q3,-0.06199999999999761,-0.06199999999999761,True,-0.0394999999999967,4,
2025:Mercedes:ANT-RUS,2025,Mercedes,Singapore Grand Prix,ANT,RUS,True,dry,"['Q1', 'Q2', 'Q3']","['Q1', 'Q2', 'Q3']","['Q3', 'Q2']",4,-0.2295000000000016,Q3,-0.3790000000000049,-0.3790000000000049,True,-0.2295000000000016,4,
2025:Racing Bulls:HAD-LAW,2025,Racing Bulls,Singapore Grand Prix,HAD,LAW,True,dry,"['Q1', 'Q2']","['Q1', 'Q2']","['Q2', 'Q1']",3,0.46699999999999875,Q2,0.30399999999998784,0.47399999999998954,True,0.4669999999999987,3,
2025:Racing Bulls:HAD-TSU,2025,Racing Bulls,Singapore Grand Prix,HAD,TSU,False,dry,[],[],[],0,,,,,False,,0,
2025:Red Bull Racing:LAW-VER,2025,Red Bull Racing,Singapore Grand Prix,LAW,VER,False,dry,[],[],[],0,,,,,False,,0,
2025:Red Bull Racing:TSU-VER,2025,Red Bull Racing,Singapore Grand Prix,TSU,VER,True,dry,"['Q1', 'Q2']","['Q1', 'Q2']","['Q2', 'Q1']",3,-0.8599999999999994,Q2,-0.7809999999999917,-1.012999999999991,True,-0.8599999999999994,3,
2025:Williams:ALB-SAI,2025,Williams,Singapore Grand Prix,ALB,SAI,True,dry,"['Q1', 'Q2']","['Q1', 'Q2']","['Q2', 'Q1']",3,-0.24099999999999966,Q2,0.03300000000000125,0.03300000000000125,True,-0.2409999999999996,3,
2025:Alpine:COL-GAS,2025,Alpine,United States Grand Prix,COL,GAS,True,dry,"['Q1', 'Q2', 'Q3']","['Q1', 'Q2']","['Q2', 'Q1']",3,-0.4399999999999977,Q2,-0.3930000000000007,-0.4399999999999977,True,-0.4399999999999977,3,
2025:Alpine:DOO-GAS,2025,Alpine,United States Grand Prix,DOO,GAS,False,dry,[],[],[],0,,,,,False,,0,
2025:Aston Martin:ALO-STR,2025,Aston Martin,United States Grand Prix,ALO,STR,True,dry,['Q1'],['Q1'],['Q1'],1,,Q1,0.13700000000000045,0.7180000000000035,False,,0,
2025:Ferrari:HAM-LEC,2025,Ferrari,United States Grand Prix,HAM,LEC,True,dry,"['Q1', 'Q2', 'Q3']","['Q1', 'Q2', 'Q3']","['Q3', 'Q2']",3,-0.045000000000001705,Q3,-0.10500000000000398,-0.10500000000000398,True,-0.0450000000000017,3,
2025:Haas F1 Team:BEA-OCO,2025,Haas F1 Team,United States Grand Prix,BEA,OCO,True,dry,['Q1'],['Q1'],['Q1'],2,,Q1,0.2149999999999892,0.9969999999999999,False,,0,
2025:Kick Sauber:BOR-HUL,2025,Kick Sauber,United States Grand Prix,BOR,HUL,True,dry,['Q1'],['Q1'],['Q1'],2,,Q1,-0.5739999999999981,-0.7909999999999968,False,,0,
2025:McLaren:NOR-PIA,2025,McLaren,United States Grand Prix,NOR,PIA,True,dry,"['Q1', 'Q2', 'Q3']","['Q1', 'Q2', 'Q3']","['Q3', 'Q2']",3,0.35199999999998965,Q3,0.28300000000000125,0.28300000000000125,True,0.3519999999999896,3,
2025:Mercedes:ANT-RUS,2025,Mercedes,United States Grand Prix,ANT,RUS,True,dry,"['Q1', 'Q2', 'Q3']","['Q1', 'Q2', 'Q3']","['Q3', 'Q2']",4,-0.10499999999999687,Q3,-0.2880000000000109,-0.21800000000000352,True,-0.1049999999999968,4,
2025:Racing Bulls:HAD-LAW,2025,Racing Bulls,United States Grand Prix,HAD,LAW,True,dry,['Q1'],[],[],0,,,,,False,,0,
2025:Racing Bulls:HAD-TSU,2025,Racing Bulls,United States Grand Prix,HAD,TSU,False,dry,[],[],[],0,,,,,False,,0,
2025:Red Bull Racing:LAW-VER,2025,Red Bull Racing,United States Grand Prix,LAW,VER,False,dry,[],[],[],0,,,,,False,,0,
2025:Red Bull Racing:TSU-VER,2025,Red Bull Racing,United States Grand Prix,TSU,VER,True,dry,"['Q1', 'Q2']","['Q1', 'Q2']","['Q2', 'Q1']",3,-0.7280000000000086,Q2,-0.7650000000000006,-0.9559999999999889,True,-0.7280000000000086,3,
2025:Williams:ALB-SAI,2025,Williams,United States Grand Prix,ALB,SAI,True,dry,"['Q1', 'Q2']",['Q1'],['Q1'],1,,Q1,0.06900000000000261,-0.5460000000000065,False,,0,
2025:Alpine:COL-GAS,2025,Alpine,Mexico City Grand Prix,COL,GAS,True,dry,['Q1'],['Q1'],['Q1'],2,,Q1,-0.12399999999999523,-0.12399999999999523,False,,0,
2025:Alpine:DOO-GAS,2025,Alpine,Mexico City Grand Prix,DOO,GAS,False,dry,[],[],[],0,,,,,False,,0,
2025:Aston Martin:ALO-STR,2025,Aston Martin,Mexico City Grand Prix,ALO,STR,True,dry,['Q1'],['Q1'],['Q1'],3,0.4549999999999983,Q1,0.3739999999999952,0.5030000000000001,True,0.4549999999999983,3,
2025:Ferrari:HAM-LEC,2025,Ferrari,Mexico City Grand Prix,HAM,LEC,True,dry,"['Q1', 'Q2', 'Q3']","['Q1', 'Q2', 'Q3']","['Q3', 'Q2']",4,-0.2364999999999995,Q3,-0.09000000000000341,-0.09000000000000341,True,-0.2364999999999995,4,
2025:Haas F1 Team:BEA-OCO,2025,Haas F1 Team,Mexico City Grand Prix,BEA,OCO,True,dry,"['Q1', 'Q2']","['Q1', 'Q2']","['Q2', 'Q1']",5,0.12399999999999523,Q2,0.04999999999999716,0.37700000000000955,True,0.1239999999999952,5,
2025:Kick Sauber:BOR-HUL,2025,Kick Sauber,Mexico City Grand Prix,BOR,HUL,True,dry,['Q1'],['Q1'],['Q1'],3,-0.16100000000000136,Q1,-0.16100000000000136,-0.3960000000000008,True,-0.1610000000000013,3,
2025:McLaren:NOR-PIA,2025,McLaren,Mexico City Grand Prix,NOR,PIA,True,dry,"['Q1', 'Q2', 'Q3']","['Q1', 'Q2', 'Q3']","['Q3', 'Q2']",4,0.4435000000000002,Q3,0.5880000000000081,0.5880000000000081,True,0.4435000000000002,4,
2025:Mercedes:ANT-RUS,2025,Mercedes,Mexico City Grand Prix,ANT,RUS,True,dry,"['Q1', 'Q2', 'Q3']","['Q1', 'Q2', 'Q3']","['Q3', 'Q2']",4,-0.2644999999999982,Q3,-0.08399999999998897,-0.08399999999998897,True,-0.2644999999999982,4,
2025:Racing Bulls:HAD-LAW,2025,Racing Bulls,Mexico City Grand Prix,HAD,LAW,True,dry,"['Q1', 'Q2']","['Q1', 'Q2']","['Q2', 'Q1']",3,0.22799999999999443,Q2,1.2680000000000007,0.7090000000000032,True,0.2279999999999944,3,
2025:Racing Bulls:HAD-TSU,2025,Racing Bulls,Mexico City Grand Prix,HAD,TSU,False,dry,[],[],[],0,,,,,False,,0,
2025:Red Bull Racing:LAW-VER,2025,Red Bull Racing,Mexico City Grand Prix,LAW,VER,False,dry,[],[],[],0,,,,,False,,0,
2025:Red Bull Racing:TSU-VER,2025,Red Bull Racing,Mexico City Grand Prix,TSU,VER,True,dry,"['Q1', 'Q2']","['Q1', 'Q2']","['Q2', 'Q1']",4,-0.20300000000000296,Q2,-0.21099999999999852,-0.7460000000000093,True,-0.2030000000000029,4,
2025:Williams:ALB-SAI,2025,Williams,Mexico City Grand Prix,ALB,SAI,True,dry,['Q1'],['Q1'],['Q1'],2,,Q1,-0.3189999999999884,-1.3179999999999978,False,,0,
2025:Alpine:COL-GAS,2025,Alpine,São Paulo Grand Prix,COL,GAS,True,dry,['Q1'],['Q1'],['Q1'],2,,Q1,-0.7469999999999999,-0.7750000000000057,False,,0,
2025:Alpine:DOO-GAS,2025,Alpine,São Paulo Grand Prix,DOO,GAS,False,dry,[],[],[],0,,,,,False,,0,
2025:Aston Martin:ALO-STR,2025,Aston Martin,São Paulo Grand Prix,ALO,STR,True,dry,"['Q1', 'Q2']","['Q1', 'Q2']","['Q2', 'Q1']",5,-0.0049999999999954525,Q2,0.1599999999999966,0.03999999999999204,True,-0.0049999999999954,5,
2025:Ferrari:HAM-LEC,2025,Ferrari,São Paulo Grand Prix,HAM,LEC,True,dry,"['Q1', 'Q2']","['Q1', 'Q2']","['Q2', 'Q1']",3,-0.2989999999999924,Q2,-0.2989999999999924,-0.2150000000000034,True,-0.2989999999999924,3,
2025:Haas F1 Team:BEA-OCO,2025,Haas F1 Team,São Paulo Grand Prix,BEA,OCO,True,dry,['Q1'],['Q1'],['Q1'],2,,Q1,0.546999999999997,0.6830000000000069,False,,0,
2025:Kick Sauber:BOR-HUL,2025,Kick Sauber,São Paulo Grand Prix,BOR,HUL,False,dry,[],[],[],0,,,,,False,,0,
2025:McLaren:NOR-PIA,2025,McLaren,São Paulo Grand Prix,NOR,PIA,True,dry,"['Q1', 'Q2', 'Q3']","['Q1', 'Q2', 'Q3']","['Q3', 'Q2']",3,-0.09500000000001307,Q3,0.375,0.32399999999999807,True,-0.095000000000013,3,
2025:Mercedes:ANT-RUS,2025,Mercedes,São Paulo Grand Prix,ANT,RUS,True,dry,"['Q1', 'Q2', 'Q3']","['Q1', 'Q2', 'Q3']","['Q3', 'Q2', 'Q1']",3,0.10599999999999454,Q3,0.2569999999999908,0.19499999999999318,True,0.1059999999999945,3,
2025:Racing Bulls:HAD-LAW,2025,Racing Bulls,São Paulo Grand Prix,HAD,LAW,True,dry,"['Q1', 'Q2', 'Q3']","['Q1', 'Q2', 'Q3']","['Q3', 'Q2']",4,-0.054000000000002046,Q3,0.03100000000000591,0.019000000000005457,True,-0.054000000000002,4,
2025:Racing Bulls:HAD-TSU,2025,Racing Bulls,São Paulo Grand Prix,HAD,TSU,False,dry,[],[],[],0,,,,,False,,0,
2025:Red Bull Racing:LAW-VER,2025,Red Bull Racing,São Paulo Grand Prix,LAW,VER,False,dry,[],[],[],0,,,,,False,,0,
2025:Red Bull Racing:TSU-VER,2025,Red Bull Racing,São Paulo Grand Prix,TSU,VER,True,dry,['Q1'],['Q1'],['Q1'],3,-0.3079999999999927,Q1,-0.3079999999999927,-0.3079999999999927,True,-0.3079999999999927,3,
2025:Williams:ALB-SAI,2025,Williams,São Paulo Grand Prix,ALB,SAI,True,dry,"['Q1', 'Q2']","['Q1', 'Q2']","['Q2', 'Q1']",3,0.4350000000000023,Q2,0.41899999999999693,0.13100000000000023,True,0.4350000000000023,3,
2025:Alpine:COL-GAS,2025,Alpine,Las Vegas Grand Prix,COL,GAS,True,dry,"['Q1', 'Q2']",['Q2'],"['Q2', 'Q1']",2,,Q2,-3.0760000000000076,-4.341999999999999,True,,2,insufficient_matched_pairs
2025:Alpine:DOO-GAS,2025,Alpine,Las Vegas Grand Prix,DOO,GAS,False,dry,[],[],[],0,,,,,False,,0,
2025:Aston Martin:ALO-STR,2025,Aston Martin,Las Vegas Grand Prix,ALO,STR,True,dry,"['Q1', 'Q2']",['Q2'],['Q2'],1,,Q2,1.3520000000000039,3.7510000000000048,False,,0,
2025:Ferrari:HAM-LEC,2025,Ferrari,Las Vegas Grand Prix,HAM,LEC,True,dry,['Q1'],[],[],0,,,,,False,,0,
2025:Haas F1 Team:BEA-OCO,2025,Haas F1 Team,Las Vegas Grand Prix,BEA,OCO,True,dry,"['Q1', 'Q2']",['Q2'],['Q2'],3,1.3569999999999993,Q2,0.43200000000000216,0.43200000000000216,True,1.356999999999999,3,
2025:Kick Sauber:BOR-HUL,2025,Kick Sauber,Las Vegas Grand Prix,BOR,HUL,True,dry,['Q1'],[],['Q1'],0,,,,,False,,0,
2025:McLaren:NOR-PIA,2025,McLaren,Las Vegas Grand Prix,NOR,PIA,True,dry,"['Q1', 'Q2', 'Q3']","['Q2', 'Q3']",['Q3'],3,-0.46999999999999886,Q3,0.5769999999999982,0.5769999999999982,True,-0.4699999999999988,3,
2025:Mercedes:ANT-RUS,2025,Mercedes,Las Vegas Grand Prix,ANT,RUS,True,dry,['Q1'],[],['Q1'],0,,,,,False,,0,
2025:Racing Bulls:HAD-LAW,2025,Racing Bulls,Las Vegas Grand Prix,HAD,LAW,True,dry,"['Q1', 'Q2', 'Q3']","['Q2', 'Q3']",['Q3'],3,-0.49200000000000443,Q3,-0.49200000000000443,-0.49200000000000443,True,-0.4920000000000044,3,
2025:Racing Bulls:HAD-TSU,2025,Racing Bulls,Las Vegas Grand Prix,HAD,TSU,False,dry,[],[],[],0,,,,,False,,0,
2025:Red Bull Racing:LAW-VER,2025,Red Bull Racing,Las Vegas Grand Prix,LAW,VER,False,dry,[],[],[],0,,,,,False,,0,
2025:Red Bull Racing:TSU-VER,2025,Red Bull Racing,Las Vegas Grand Prix,TSU,VER,True,dry,['Q1'],[],[],0,,,,,False,,0,
2025:Williams:ALB-SAI,2025,Williams,Las Vegas Grand Prix,ALB,SAI,True,dry,['Q1'],[],['Q1'],0,,,,,False,,0,
2025:Alpine:COL-GAS,2025,Alpine,Qatar Grand Prix,COL,GAS,True,dry,['Q1'],['Q1'],['Q1'],3,-0.6239999999999952,Q1,-0.6239999999999952,-0.8130000000000024,True,-0.6239999999999952,3,
2025:Alpine:DOO-GAS,2025,Alpine,Qatar Grand Prix,DOO,GAS,False,dry,[],[],[],0,,,,,False,,0,
2025:Aston Martin:ALO-STR,2025,Aston Martin,Qatar Grand Prix,ALO,STR,True,dry,['Q1'],['Q1'],['Q1'],3,0.6509999999999962,Q1,0.46000000000000796,0.8390000000000128,True,0.6509999999999962,3,
2025:Ferrari:HAM-LEC,2025,Ferrari,Qatar Grand Prix,HAM,LEC,True,dry,['Q1'],['Q1'],['Q1'],3,-0.32399999999999807,Q1,-0.3430000000000035,-0.563999999999993,True,-0.323999999999998,3,
2025:Haas F1 Team:BEA-OCO,2025,Haas F1 Team,Qatar Grand Prix,BEA,OCO,True,dry,['Q1'],['Q1'],['Q1'],4,0.4579999999999913,Q1,0.3160000000000025,0.42600000000000193,True,0.4579999999999913,4,
2025:Kick Sauber:BOR-HUL,2025,Kick Sauber,Qatar Grand Prix,BOR,HUL,True,dry,"['Q1', 'Q2']","['Q1', 'Q2']",['Q2'],3,-0.22700000000000387,Q2,-0.1810000000000116,-0.1810000000000116,True,-0.2270000000000038,3,
2025:McLaren:NOR-PIA,2025,McLaren,Qatar Grand Prix,NOR,PIA,True,dry,"['Q1', 'Q2', 'Q3']","['Q1', 'Q2', 'Q3']","['Q3', 'Q2']",3,0.006999999999990791,Q3,-0.10800000000000409,-0.10800000000000409,True,0.0069999999999907,3,
2025:Mercedes:ANT-RUS,2025,Mercedes,Qatar Grand Prix,ANT,RUS,True,dry,"['Q1', 'Q2', 'Q3']","['Q1', 'Q2', 'Q3']","['Q3', 'Q2']",4,-0.22399999999999665,Q3,-0.1839999999999975,-0.1839999999999975,True,-0.2239999999999966,4,
2025:Racing Bulls:HAD-LAW,2025,Racing Bulls,Qatar Grand Prix,HAD,LAW,True,dry,"['Q1', 'Q2']","['Q1', 'Q2']","['Q2', 'Q1']",5,0.23400000000000887,Q2,0.08300000000001262,0.3190000000000026,True,0.2340000000000088,5,
2025:Racing Bulls:HAD-TSU,2025,Racing Bulls,Qatar Grand Prix,HAD,TSU,False,dry,[],[],[],0,,,,,False,,0,
2025:Red Bull Racing:LAW-VER,2025,Red Bull Racing,Qatar Grand Prix,LAW,VER,False,dry,[],[],[],0,,,,,False,,0,
2025:Red Bull Racing:TSU-VER,2025,Red Bull Racing,Qatar Grand Prix,TSU,VER,True,dry,['Q1'],['Q1'],['Q1'],3,-0.36599999999999966,Q1,-0.2890000000000015,-1.1099999999999994,True,-0.3659999999999996,3,
2025:Williams:ALB-SAI,2025,Williams,Qatar Grand Prix,ALB,SAI,True,dry,"['Q1', 'Q2']","['Q1', 'Q2']","['Q2', 'Q1']",6,-0.15050000000000807,Q2,-0.3780000000000001,-0.3780000000000001,True,-0.150500000000008,6,
2025:Alpine:COL-GAS,2025,Alpine,Abu Dhabi Grand Prix,COL,GAS,True,dry,['Q1'],['Q1'],['Q1'],2,,Q1,-0.42199999999999704,-0.42199999999999704,False,,0,
2025:Alpine:DOO-GAS,2025,Alpine,Abu Dhabi Grand Prix,DOO,GAS,False,dry,[],[],[],0,,,,,False,,0,
2025:Aston Martin:ALO-STR,2025,Aston Martin,Abu Dhabi Grand Prix,ALO,STR,True,dry,"['Q1', 'Q2']","['Q1', 'Q2']","['Q2', 'Q1']",4,0.295499999999997,Q2,0.23599999999999,0.23599999999999,True,0.295499999999997,4,
2025:Ferrari:HAM-LEC,2025,Ferrari,Abu Dhabi Grand Prix,HAM,LEC,True,dry,['Q1'],['Q1'],['Q1'],2,,Q1,-0.23100000000000875,-0.6640000000000015,False,,0,
2025:Haas F1 Team:BEA-OCO,2025,Haas F1 Team,Abu Dhabi Grand Prix,BEA,OCO,True,dry,"['Q1', 'Q2']","['Q1', 'Q2']","['Q2', 'Q1']",3,-0.018000000000000682,Q2,-0.018000000000000682,-0.1280000000000001,True,-0.0180000000000006,3,
2025:Kick Sauber:BOR-HUL,2025,Kick Sauber,Abu Dhabi Grand Prix,BOR,HUL,True,dry,['Q1'],['Q1'],['Q1'],3,-0.1910000000000025,Q1,0.07600000000000762,0.5760000000000076,True,-0.1910000000000025,3,
2025:McLaren:NOR-PIA,2025,McLaren,Abu Dhabi Grand Prix,NOR,PIA,True,dry,"['Q1', 'Q2', 'Q3']","['Q1', 'Q2', 'Q3']","['Q3', 'Q2']",3,0.028999999999996362,Q3,0.028999999999996362,0.028999999999996362,True,0.0289999999999963,3,
2025:Mercedes:ANT-RUS,2025,Mercedes,Abu Dhabi Grand Prix,ANT,RUS,True,dry,"['Q1', 'Q2']","['Q1', 'Q2']","['Q2', 'Q1']",4,-0.10349999999999682,Q2,-0.3499999999999943,-0.24900000000000944,True,-0.1034999999999968,4,
2025:Racing Bulls:HAD-LAW,2025,Racing Bulls,Abu Dhabi Grand Prix,HAD,LAW,True,dry,"['Q1', 'Q2']","['Q1', 'Q2']","['Q2', 'Q1']",4,-0.014000000000002899,Q2,0.0799999999999983,0.0799999999999983,True,-0.0140000000000028,4,
2025:Racing Bulls:HAD-TSU,2025,Racing Bulls,Abu Dhabi Grand Prix,HAD,TSU,False,dry,[],[],[],0,,,,,False,,0,
2025:Red Bull Racing:LAW-VER,2025,Red Bull Racing,Abu Dhabi Grand Prix,LAW,VER,False,dry,[],[],[],0,,,,,False,,0,
2025:Red Bull Racing:TSU-VER,2025,Red Bull Racing,Abu Dhabi Grand Prix,TSU,VER,True,dry,"['Q1', 'Q2', 'Q3']","['Q1', 'Q2', 'Q3']","['Q3', 'Q2']",3,-0.4159999999999968,Q3,-0.8760000000000048,-0.8270000000000124,True,-0.4159999999999968,3,
2025:Williams:ALB-SAI,2025,Williams,Abu Dhabi Grand Prix,ALB,SAI,True,dry,['Q1'],['Q1'],['Q1'],2,,Q1,-0.2289999999999992,-0.3739999999999952,False,,0,
