row_type,year,race_name,session_name,session_kind,team,reference_driver_code,comparison_driver_code,reference_lap_number,comparison_lap_number,reference_lap_time_s,comparison_lap_time_s,matched_gap_s,compound,reference_stint,comparison_stint,stint_lap_index,weather_bucket,track_status_bucket,reference_position_start,reference_position_end,comparison_position_start,comparison_position_end,skip_reason
matched_pair,2026,Australian Grand Prix,Race,race,Alpine,COL,GAS,3.0,14.0,86.935,85.748,-1.1869999999999976,HARD,1.0,2.0,3,dry,green,16.0,16.0,11.0,11.0,
matched_pair,2026,Australian Grand Prix,Race,race,Alpine,COL,GAS,4.0,15.0,86.812,84.823,-1.9890000000000043,HARD,1.0,2.0,4,dry,green,16.0,16.0,11.0,11.0,
matched_pair,2026,Australian Grand Prix,Race,race,Alpine,COL,GAS,5.0,16.0,87.512,84.69,-2.8220000000000027,HARD,1.0,2.0,5,dry,green,16.0,16.0,11.0,11.0,
matched_pair,2026,Australian Grand Prix,Race,race,Alpine,COL,GAS,6.0,17.0,87.513,85.203,-2.3100000000000023,HARD,1.0,2.0,6,dry,green,16.0,15.0,11.0,11.0,
matched_pair,2026,Australian Grand Prix,Race,race,Alpine,COL,GAS,20.0,22.0,85.331,84.586,-0.7450000000000045,HARD,2.0,2.0,11,dry,green,15.0,15.0,10.0,10.0,
matched_pair,2026,Australian Grand Prix,Race,race,Alpine,COL,GAS,21.0,23.0,84.932,84.499,-0.43300000000000693,HARD,2.0,2.0,12,dry,green,15.0,15.0,10.0,10.0,
matched_pair,2026,Australian Grand Prix,Race,race,Alpine,COL,GAS,22.0,24.0,85.011,84.852,-0.15899999999999181,HARD,2.0,2.0,13,dry,green,15.0,15.0,10.0,10.0,
matched_pair,2026,Australian Grand Prix,Race,race,Alpine,COL,GAS,23.0,25.0,85.136,84.54,-0.5959999999999894,HARD,2.0,2.0,14,dry,green,15.0,15.0,10.0,10.0,
matched_pair,2026,Australian Grand Prix,Race,race,Alpine,COL,GAS,24.0,26.0,85.449,84.771,-0.6779999999999973,HARD,2.0,2.0,15,dry,green,15.0,15.0,10.0,10.0,
matched_pair,2026,Australian Grand Prix,Race,race,Alpine,COL,GAS,25.0,27.0,85.225,84.661,-0.563999999999993,HARD,2.0,2.0,16,dry,green,15.0,15.0,10.0,10.0,
matched_pair,2026,Australian Grand Prix,Race,race,Alpine,COL,GAS,26.0,28.0,85.174,84.795,-0.3790000000000049,HARD,2.0,2.0,17,dry,green,15.0,15.0,10.0,10.0,
matched_pair,2026,Australian Grand Prix,Race,race,Alpine,COL,GAS,27.0,29.0,85.626,85.096,-0.5300000000000011,HARD,2.0,2.0,18,dry,green,15.0,15.0,10.0,10.0,
matched_pair,2026,Australian Grand Prix,Race,race,Alpine,COL,GAS,28.0,30.0,86.172,85.242,-0.9299999999999926,HARD,2.0,2.0,19,dry,green,15.0,15.0,10.0,10.0,
matched_pair,2026,Australian Grand Prix,Race,race,Alpine,COL,GAS,29.0,31.0,86.483,85.271,-1.2120000000000033,HARD,2.0,2.0,20,dry,green,15.0,15.0,10.0,10.0,
matched_pair,2026,Australian Grand Prix,Race,race,Alpine,COL,GAS,30.0,32.0,85.566,85.202,-0.3640000000000043,HARD,2.0,2.0,21,dry,green,15.0,15.0,10.0,10.0,
matched_pair,2026,Australian Grand Prix,Race,race,Alpine,COL,GAS,34.0,36.0,86.067,85.177,-0.8899999999999864,HARD,2.0,2.0,25,dry,green,15.0,13.0,9.0,9.0,
matched_pair,2026,Australian Grand Prix,Race,race,Alpine,COL,GAS,40.0,42.0,86.665,84.879,-1.7860000000000014,HARD,2.0,2.0,31,dry,green,14.0,14.0,10.0,10.0,
matched_pair,2026,Australian Grand Prix,Race,race,Alpine,COL,GAS,41.0,43.0,86.469,84.977,-1.4919999999999902,HARD,2.0,2.0,32,dry,green,14.0,14.0,10.0,10.0,
matched_pair,2026,Australian Grand Prix,Race,race,Alpine,COL,GAS,42.0,44.0,85.275,85.028,-0.2469999999999999,HARD,2.0,2.0,33,dry,green,14.0,14.0,10.0,10.0,
matched_pair,2026,Australian Grand Prix,Race,race,Alpine,COL,GAS,44.0,46.0,85.24,85.353,0.11299999999999955,HARD,2.0,2.0,35,dry,green,14.0,14.0,10.0,10.0,
skipped_pair,2026,Australian Grand Prix,Race,race,Aston Martin,ALO,STR,,,,,,,,,,,,,,,,insufficient_matched_pairs
skipped_pair,2026,Australian Grand Prix,Race,race,Audi,BOR,HUL,,,,,,,,,,,,,,,,missing_lap_time_data
matched_pair,2026,Australian Grand Prix,Race,race,Cadillac,BOT,PER,14.0,20.0,91.389,86.49,-4.899000000000001,HARD,2.0,2.0,2,dry,green,18.0,18.0,16.0,16.0,
matched_pair,2026,Australian Grand Prix,Race,race,Cadillac,BOT,PER,15.0,21.0,91.33,87.262,-4.067999999999998,HARD,2.0,2.0,3,dry,green,18.0,18.0,16.0,16.0,
matched_pair,2026,Australian Grand Prix,Race,race,Cadillac,BOT,PER,4.0,22.0,88.057,89.083,1.0259999999999962,HARD,1.0,2.0,4,dry,green,19.0,19.0,16.0,16.0,
matched_pair,2026,Australian Grand Prix,Race,race,Cadillac,BOT,PER,5.0,23.0,87.738,87.457,-0.2810000000000059,HARD,1.0,2.0,5,dry,green,19.0,19.0,16.0,16.0,
matched_pair,2026,Australian Grand Prix,Race,race,Cadillac,BOT,PER,6.0,24.0,87.804,89.284,1.480000000000004,HARD,1.0,2.0,6,dry,green,19.0,19.0,16.0,16.0,
matched_pair,2026,Australian Grand Prix,Race,race,Cadillac,BOT,PER,7.0,25.0,87.457,87.093,-0.3639999999999901,HARD,1.0,2.0,7,dry,green,19.0,19.0,16.0,16.0,
matched_pair,2026,Australian Grand Prix,Race,race,Cadillac,BOT,PER,8.0,26.0,87.364,88.588,1.2239999999999895,HARD,1.0,2.0,8,dry,green,19.0,19.0,16.0,16.0,
matched_pair,2026,Australian Grand Prix,Race,race,Cadillac,BOT,PER,9.0,27.0,87.679,88.352,0.6730000000000018,HARD,1.0,2.0,9,dry,green,19.0,18.0,16.0,16.0,
matched_pair,2026,Australian Grand Prix,Race,race,Cadillac,BOT,PER,10.0,28.0,87.661,89.249,1.5879999999999939,HARD,1.0,2.0,10,dry,green,18.0,18.0,16.0,16.0,
matched_pair,2026,Australian Grand Prix,Race,race,Ferrari,HAM,LEC,31.0,28.0,83.129,83.089,-0.04000000000000625,HARD,2.0,2.0,3,dry,green,4.0,4.0,4.0,3.0,
matched_pair,2026,Australian Grand Prix,Race,race,Ferrari,HAM,LEC,32.0,29.0,83.185,82.987,-0.1980000000000075,HARD,2.0,2.0,4,dry,green,4.0,4.0,3.0,3.0,
matched_pair,2026,Australian Grand Prix,Race,race,Ferrari,HAM,LEC,40.0,37.0,82.55,83.236,0.686000000000007,HARD,2.0,2.0,12,dry,green,4.0,4.0,3.0,3.0,
matched_pair,2026,Australian Grand Prix,Race,race,Ferrari,HAM,LEC,41.0,38.0,82.648,82.579,-0.06900000000000261,HARD,2.0,2.0,13,dry,green,4.0,4.0,3.0,3.0,
matched_pair,2026,Australian Grand Prix,Race,race,Ferrari,HAM,LEC,42.0,39.0,82.636,82.728,0.09199999999999875,HARD,2.0,2.0,14,dry,green,4.0,4.0,3.0,3.0,
matched_pair,2026,Australian Grand Prix,Race,race,Ferrari,HAM,LEC,43.0,40.0,82.559,82.93,0.3710000000000093,HARD,2.0,2.0,15,dry,green,4.0,4.0,3.0,3.0,
matched_pair,2026,Australian Grand Prix,Race,race,Ferrari,HAM,LEC,44.0,41.0,82.837,82.995,0.15800000000000125,HARD,2.0,2.0,16,dry,green,4.0,4.0,3.0,3.0,
matched_pair,2026,Australian Grand Prix,Race,race,Ferrari,HAM,LEC,45.0,42.0,82.529,82.846,0.3170000000000073,HARD,2.0,2.0,17,dry,green,4.0,4.0,3.0,3.0,
matched_pair,2026,Australian Grand Prix,Race,race,Ferrari,HAM,LEC,46.0,43.0,82.945,82.75,-0.19499999999999318,HARD,2.0,2.0,18,dry,green,4.0,4.0,3.0,3.0,
matched_pair,2026,Australian Grand Prix,Race,race,Ferrari,HAM,LEC,47.0,44.0,82.677,83.094,0.4169999999999874,HARD,2.0,2.0,19,dry,green,4.0,4.0,3.0,3.0,
matched_pair,2026,Australian Grand Prix,Race,race,Ferrari,HAM,LEC,48.0,45.0,82.764,83.16,0.3960000000000008,HARD,2.0,2.0,20,dry,green,4.0,4.0,3.0,3.0,
matched_pair,2026,Australian Grand Prix,Race,race,Ferrari,HAM,LEC,49.0,46.0,82.835,82.894,0.05900000000001171,HARD,2.0,2.0,21,dry,green,4.0,4.0,3.0,3.0,
matched_pair,2026,Australian Grand Prix,Race,race,Ferrari,HAM,LEC,51.0,48.0,82.683,82.899,0.21599999999999397,HARD,2.0,2.0,23,dry,green,4.0,4.0,3.0,3.0,
matched_pair,2026,Australian Grand Prix,Race,race,Ferrari,HAM,LEC,52.0,49.0,83.008,83.364,0.35600000000000875,HARD,2.0,2.0,24,dry,green,4.0,4.0,3.0,3.0,
matched_pair,2026,Australian Grand Prix,Race,race,Ferrari,HAM,LEC,53.0,50.0,83.165,83.2,0.03499999999999659,HARD,2.0,2.0,25,dry,green,4.0,4.0,3.0,3.0,
matched_pair,2026,Australian Grand Prix,Race,race,Ferrari,HAM,LEC,54.0,51.0,82.554,82.989,0.4350000000000023,HARD,2.0,2.0,26,dry,green,4.0,4.0,3.0,3.0,
matched_pair,2026,Australian Grand Prix,Race,race,Ferrari,HAM,LEC,55.0,52.0,82.423,83.049,0.6260000000000048,HARD,2.0,2.0,27,dry,green,4.0,4.0,3.0,3.0,
matched_pair,2026,Australian Grand Prix,Race,race,Ferrari,HAM,LEC,56.0,53.0,82.5,83.014,0.5139999999999958,HARD,2.0,2.0,28,dry,green,4.0,4.0,3.0,3.0,
matched_pair,2026,Australian Grand Prix,Race,race,Ferrari,HAM,LEC,57.0,54.0,82.716,83.045,0.32900000000000773,HARD,2.0,2.0,29,dry,green,4.0,4.0,3.0,3.0,
matched_pair,2026,Australian Grand Prix,Race,race,Ferrari,HAM,LEC,4.0,4.0,85.066,84.553,-0.5130000000000052,MEDIUM,1.0,1.0,4,dry,green,3.0,3.0,1.0,1.0,
matched_pair,2026,Australian Grand Prix,Race,race,Ferrari,HAM,LEC,5.0,5.0,84.502,83.981,-0.5210000000000008,MEDIUM,1.0,1.0,5,dry,green,3.0,3.0,1.0,1.0,
matched_pair,2026,Australian Grand Prix,Race,race,Ferrari,HAM,LEC,6.0,6.0,84.703,84.822,0.11899999999999977,MEDIUM,1.0,1.0,6,dry,green,3.0,3.0,1.0,1.0,
matched_pair,2026,Australian Grand Prix,Race,race,Ferrari,HAM,LEC,7.0,7.0,84.365,84.034,-0.33099999999998886,MEDIUM,1.0,1.0,7,dry,green,3.0,3.0,1.0,1.0,
matched_pair,2026,Australian Grand Prix,Race,race,Ferrari,HAM,LEC,10.0,10.0,84.255,83.977,-0.2779999999999916,MEDIUM,1.0,1.0,10,dry,green,3.0,3.0,1.0,1.0,
matched_pair,2026,Australian Grand Prix,Race,race,Ferrari,HAM,LEC,11.0,11.0,84.073,83.798,-0.2749999999999915,MEDIUM,1.0,1.0,11,dry,green,3.0,3.0,1.0,1.0,
matched_pair,2026,Australian Grand Prix,Race,race,Ferrari,HAM,LEC,15.0,15.0,83.703,83.765,0.06199999999999761,MEDIUM,1.0,1.0,15,dry,green,2.0,2.0,1.0,1.0,
matched_pair,2026,Australian Grand Prix,Race,race,Ferrari,HAM,LEC,16.0,16.0,83.412,83.511,0.09899999999998954,MEDIUM,1.0,1.0,16,dry,green,2.0,2.0,1.0,1.0,
matched_pair,2026,Australian Grand Prix,Race,race,Ferrari,HAM,LEC,17.0,17.0,84.045,84.356,0.31099999999999284,MEDIUM,1.0,1.0,17,dry,green,2.0,2.0,1.0,1.0,
matched_pair,2026,Australian Grand Prix,Race,race,Ferrari,HAM,LEC,21.0,21.0,83.617,83.322,-0.2950000000000017,MEDIUM,1.0,1.0,21,dry,green,2.0,2.0,1.0,1.0,
matched_pair,2026,Australian Grand Prix,Race,race,Ferrari,HAM,LEC,22.0,22.0,83.509,83.416,-0.09300000000000352,MEDIUM,1.0,1.0,22,dry,green,2.0,2.0,1.0,1.0,
matched_pair,2026,Australian Grand Prix,Race,race,Ferrari,HAM,LEC,23.0,23.0,83.382,83.476,0.09399999999999409,MEDIUM,1.0,1.0,23,dry,green,2.0,2.0,1.0,1.0,
matched_pair,2026,Australian Grand Prix,Race,race,Ferrari,HAM,LEC,24.0,24.0,84.329,83.66,-0.6689999999999969,MEDIUM,1.0,1.0,24,dry,green,2.0,2.0,1.0,1.0,
matched_pair,2026,Australian Grand Prix,Race,race,Haas F1 Team,BEA,OCO,21.0,14.0,84.203,85.303,1.0999999999999943,HARD,2.0,2.0,3,dry,green,8.0,8.0,10.0,10.0,
matched_pair,2026,Australian Grand Prix,Race,race,Haas F1 Team,BEA,OCO,22.0,15.0,84.02,85.36,1.3400000000000034,HARD,2.0,2.0,4,dry,green,8.0,8.0,10.0,10.0,
matched_pair,2026,Australian Grand Prix,Race,race,Haas F1 Team,BEA,OCO,23.0,16.0,84.968,85.43,0.4620000000000033,HARD,2.0,2.0,5,dry,green,8.0,8.0,10.0,10.0,
matched_pair,2026,Australian Grand Prix,Race,race,Haas F1 Team,BEA,OCO,24.0,17.0,84.692,85.716,1.024000000000001,HARD,2.0,2.0,6,dry,green,8.0,8.0,10.0,10.0,
matched_pair,2026,Australian Grand Prix,Race,race,Haas F1 Team,BEA,OCO,29.0,22.0,85.315,84.821,-0.4939999999999998,HARD,2.0,2.0,11,dry,green,8.0,8.0,11.0,11.0,
matched_pair,2026,Australian Grand Prix,Race,race,Haas F1 Team,BEA,OCO,30.0,23.0,84.509,84.65,0.14100000000000534,HARD,2.0,2.0,12,dry,green,8.0,8.0,11.0,11.0,
matched_pair,2026,Australian Grand Prix,Race,race,Haas F1 Team,BEA,OCO,31.0,24.0,84.627,85.255,0.6280000000000001,HARD,2.0,2.0,13,dry,green,8.0,8.0,11.0,11.0,
matched_pair,2026,Australian Grand Prix,Race,race,Haas F1 Team,BEA,OCO,32.0,25.0,85.006,84.424,-0.5819999999999936,HARD,2.0,2.0,14,dry,green,8.0,8.0,11.0,11.0,
matched_pair,2026,Australian Grand Prix,Race,race,Haas F1 Team,BEA,OCO,35.0,28.0,84.914,84.737,-0.1770000000000067,HARD,2.0,2.0,17,dry,green,8.0,7.0,11.0,11.0,
matched_pair,2026,Australian Grand Prix,Race,race,Haas F1 Team,BEA,OCO,36.0,29.0,84.598,84.769,0.17100000000000648,HARD,2.0,2.0,18,dry,green,7.0,7.0,11.0,11.0,
matched_pair,2026,Australian Grand Prix,Race,race,Haas F1 Team,BEA,OCO,37.0,30.0,84.5,84.966,0.465999999999994,HARD,2.0,2.0,19,dry,green,7.0,7.0,11.0,11.0,
matched_pair,2026,Australian Grand Prix,Race,race,Haas F1 Team,BEA,OCO,38.0,31.0,85.093,85.307,0.21399999999999864,HARD,2.0,2.0,20,dry,green,7.0,8.0,11.0,11.0,
matched_pair,2026,Australian Grand Prix,Race,race,Haas F1 Team,BEA,OCO,39.0,32.0,84.756,85.045,0.2890000000000015,HARD,2.0,2.0,21,dry,green,8.0,8.0,11.0,11.0,
matched_pair,2026,Australian Grand Prix,Race,race,Haas F1 Team,BEA,OCO,42.0,35.0,84.503,85.199,0.695999999999998,HARD,2.0,2.0,24,dry,green,7.0,7.0,10.0,10.0,
matched_pair,2026,Australian Grand Prix,Race,race,Haas F1 Team,BEA,OCO,43.0,36.0,84.549,85.018,0.4689999999999941,HARD,2.0,2.0,25,dry,green,7.0,7.0,10.0,10.0,
matched_pair,2026,Australian Grand Prix,Race,race,Haas F1 Team,BEA,OCO,44.0,37.0,84.612,85.462,0.8500000000000085,HARD,2.0,2.0,26,dry,green,7.0,7.0,10.0,9.0,
matched_pair,2026,Australian Grand Prix,Race,race,Haas F1 Team,BEA,OCO,46.0,39.0,84.55,85.913,1.3629999999999995,HARD,2.0,2.0,28,dry,green,7.0,7.0,10.0,11.0,
matched_pair,2026,Australian Grand Prix,Race,race,Haas F1 Team,BEA,OCO,47.0,40.0,84.76,85.433,0.6730000000000018,HARD,2.0,2.0,29,dry,green,7.0,7.0,11.0,11.0,
matched_pair,2026,Australian Grand Prix,Race,race,Haas F1 Team,BEA,OCO,48.0,41.0,84.404,85.164,0.7600000000000051,HARD,2.0,2.0,30,dry,green,7.0,7.0,11.0,11.0,
matched_pair,2026,Australian Grand Prix,Race,race,Haas F1 Team,BEA,OCO,49.0,42.0,84.281,85.249,0.9679999999999893,HARD,2.0,2.0,31,dry,green,7.0,7.0,11.0,11.0,
matched_pair,2026,Australian Grand Prix,Race,race,Haas F1 Team,BEA,OCO,50.0,43.0,84.467,85.106,0.6389999999999958,HARD,2.0,2.0,32,dry,green,7.0,7.0,11.0,11.0,
matched_pair,2026,Australian Grand Prix,Race,race,Haas F1 Team,BEA,OCO,52.0,45.0,84.264,85.228,0.9639999999999986,HARD,2.0,2.0,34,dry,green,7.0,7.0,11.0,11.0,
matched_pair,2026,Australian Grand Prix,Race,race,Haas F1 Team,BEA,OCO,53.0,46.0,84.615,86.221,1.6060000000000088,HARD,2.0,2.0,35,dry,green,7.0,7.0,11.0,11.0,
matched_pair,2026,Australian Grand Prix,Race,race,Haas F1 Team,BEA,OCO,55.0,48.0,84.5,85.019,0.5190000000000055,HARD,2.0,2.0,37,dry,green,7.0,7.0,11.0,11.0,
matched_pair,2026,Australian Grand Prix,Race,race,Haas F1 Team,BEA,OCO,3.0,3.0,86.384,86.567,0.18299999999999272,MEDIUM,1.0,1.0,3,dry,green,12.0,11.0,8.0,8.0,
matched_pair,2026,Australian Grand Prix,Race,race,Haas F1 Team,BEA,OCO,4.0,4.0,85.92,86.186,0.26600000000000534,MEDIUM,1.0,1.0,4,dry,green,11.0,11.0,8.0,8.0,
matched_pair,2026,Australian Grand Prix,Race,race,Haas F1 Team,BEA,OCO,6.0,6.0,85.969,85.569,-0.3999999999999915,MEDIUM,1.0,1.0,6,dry,green,11.0,10.0,8.0,8.0,
matched_pair,2026,Australian Grand Prix,Race,race,Haas F1 Team,BEA,OCO,7.0,7.0,85.195,85.087,-0.10799999999998988,MEDIUM,1.0,1.0,7,dry,green,10.0,10.0,8.0,8.0,
matched_pair,2026,Australian Grand Prix,Race,race,Haas F1 Team,BEA,OCO,8.0,8.0,86.046,85.029,-1.0170000000000101,MEDIUM,1.0,1.0,8,dry,green,10.0,11.0,8.0,8.0,
matched_pair,2026,Australian Grand Prix,Race,race,Haas F1 Team,BEA,OCO,9.0,9.0,85.397,85.552,0.15500000000000114,MEDIUM,1.0,1.0,9,dry,green,11.0,11.0,8.0,8.0,
matched_pair,2026,Australian Grand Prix,Race,race,Haas F1 Team,BEA,OCO,10.0,10.0,85.668,85.632,-0.036000000000001364,MEDIUM,1.0,1.0,10,dry,green,11.0,11.0,8.0,8.0,
skipped_pair,2026,Australian Grand Prix,Race,race,McLaren,NOR,PIA,,,,,,,,,,,,,,,,missing_lap_time_data
matched_pair,2026,Australian Grand Prix,Race,race,Mercedes,ANT,RUS,15.0,15.0,83.287,82.825,-0.4620000000000033,HARD,2.0,2.0,3,dry,green,5.0,5.0,3.0,3.0,
matched_pair,2026,Australian Grand Prix,Race,race,Mercedes,ANT,RUS,17.0,17.0,83.26,82.765,-0.49500000000000455,HARD,2.0,2.0,5,dry,green,4.0,4.0,3.0,3.0,
matched_pair,2026,Australian Grand Prix,Race,race,Mercedes,ANT,RUS,21.0,21.0,82.781,82.67,-0.1110000000000042,HARD,2.0,2.0,9,dry,green,4.0,4.0,3.0,3.0,
matched_pair,2026,Australian Grand Prix,Race,race,Mercedes,ANT,RUS,22.0,22.0,82.862,82.892,0.030000000000001137,HARD,2.0,2.0,10,dry,green,4.0,4.0,3.0,3.0,
matched_pair,2026,Australian Grand Prix,Race,race,Mercedes,ANT,RUS,23.0,23.0,82.582,82.828,0.24600000000000932,HARD,2.0,2.0,11,dry,green,4.0,4.0,3.0,3.0,
matched_pair,2026,Australian Grand Prix,Race,race,Mercedes,ANT,RUS,26.0,26.0,83.138,83.093,-0.045000000000001705,HARD,2.0,2.0,14,dry,green,3.0,3.0,2.0,2.0,
matched_pair,2026,Australian Grand Prix,Race,race,Mercedes,ANT,RUS,27.0,27.0,83.103,83.188,0.08500000000000796,HARD,2.0,2.0,15,dry,green,3.0,3.0,2.0,2.0,
matched_pair,2026,Australian Grand Prix,Race,race,Mercedes,ANT,RUS,28.0,28.0,83.03,83.39,0.35999999999999943,HARD,2.0,2.0,16,dry,green,3.0,2.0,2.0,1.0,
matched_pair,2026,Australian Grand Prix,Race,race,Mercedes,ANT,RUS,30.0,30.0,82.889,83.272,0.3830000000000098,HARD,2.0,2.0,18,dry,green,2.0,2.0,1.0,1.0,
matched_pair,2026,Australian Grand Prix,Race,race,Mercedes,ANT,RUS,31.0,31.0,82.88,83.147,0.2670000000000101,HARD,2.0,2.0,19,dry,green,2.0,2.0,1.0,1.0,
matched_pair,2026,Australian Grand Prix,Race,race,Mercedes,ANT,RUS,35.0,35.0,83.292,83.017,-0.2750000000000057,HARD,2.0,2.0,23,dry,green,2.0,2.0,1.0,1.0,
matched_pair,2026,Australian Grand Prix,Race,race,Mercedes,ANT,RUS,36.0,36.0,82.865,82.729,-0.13599999999999568,HARD,2.0,2.0,24,dry,green,2.0,2.0,1.0,1.0,
matched_pair,2026,Australian Grand Prix,Race,race,Mercedes,ANT,RUS,37.0,37.0,82.966,82.839,-0.12699999999999534,HARD,2.0,2.0,25,dry,green,2.0,2.0,1.0,1.0,
matched_pair,2026,Australian Grand Prix,Race,race,Mercedes,ANT,RUS,38.0,38.0,82.989,82.863,-0.12600000000000477,HARD,2.0,2.0,26,dry,green,2.0,2.0,1.0,1.0,
matched_pair,2026,Australian Grand Prix,Race,race,Mercedes,ANT,RUS,39.0,39.0,82.921,82.738,-0.18300000000000693,HARD,2.0,2.0,27,dry,green,2.0,2.0,1.0,1.0,
matched_pair,2026,Australian Grand Prix,Race,race,Mercedes,ANT,RUS,40.0,40.0,82.672,82.915,0.2430000000000092,HARD,2.0,2.0,28,dry,green,2.0,2.0,1.0,1.0,
matched_pair,2026,Australian Grand Prix,Race,race,Mercedes,ANT,RUS,41.0,41.0,82.928,83.073,0.14499999999999602,HARD,2.0,2.0,29,dry,green,2.0,2.0,1.0,1.0,
matched_pair,2026,Australian Grand Prix,Race,race,Mercedes,ANT,RUS,42.0,42.0,82.942,83.054,0.11200000000000898,HARD,2.0,2.0,30,dry,green,2.0,2.0,1.0,1.0,
matched_pair,2026,Australian Grand Prix,Race,race,Mercedes,ANT,RUS,43.0,43.0,83.015,82.893,-0.12199999999999989,HARD,2.0,2.0,31,dry,green,2.0,2.0,1.0,1.0,
matched_pair,2026,Australian Grand Prix,Race,race,Mercedes,ANT,RUS,44.0,44.0,83.079,82.856,-0.22299999999999898,HARD,2.0,2.0,32,dry,green,2.0,2.0,1.0,1.0,
matched_pair,2026,Australian Grand Prix,Race,race,Mercedes,ANT,RUS,47.0,47.0,83.066,83.033,-0.03300000000000125,HARD,2.0,2.0,35,dry,green,2.0,2.0,1.0,1.0,
matched_pair,2026,Australian Grand Prix,Race,race,Mercedes,ANT,RUS,48.0,48.0,82.992,83.034,0.04200000000000159,HARD,2.0,2.0,36,dry,green,2.0,2.0,1.0,1.0,
matched_pair,2026,Australian Grand Prix,Race,race,Mercedes,ANT,RUS,49.0,49.0,83.245,82.844,-0.40100000000001046,HARD,2.0,2.0,37,dry,green,2.0,2.0,1.0,1.0,
matched_pair,2026,Australian Grand Prix,Race,race,Mercedes,ANT,RUS,50.0,50.0,82.903,83.087,0.1839999999999975,HARD,2.0,2.0,38,dry,green,2.0,2.0,1.0,1.0,
matched_pair,2026,Australian Grand Prix,Race,race,Mercedes,ANT,RUS,51.0,51.0,82.625,82.762,0.13700000000000045,HARD,2.0,2.0,39,dry,green,2.0,2.0,1.0,1.0,
matched_pair,2026,Australian Grand Prix,Race,race,Mercedes,ANT,RUS,52.0,52.0,82.558,83.106,0.5479999999999876,HARD,2.0,2.0,40,dry,green,2.0,2.0,1.0,1.0,
matched_pair,2026,Australian Grand Prix,Race,race,Mercedes,ANT,RUS,53.0,53.0,82.613,83.069,0.45600000000000307,HARD,2.0,2.0,41,dry,green,2.0,2.0,1.0,1.0,
matched_pair,2026,Australian Grand Prix,Race,race,Mercedes,ANT,RUS,54.0,54.0,82.842,83.1,0.25799999999999557,HARD,2.0,2.0,42,dry,green,2.0,2.0,1.0,1.0,
matched_pair,2026,Australian Grand Prix,Race,race,Mercedes,ANT,RUS,55.0,55.0,82.928,82.67,-0.25799999999999557,HARD,2.0,2.0,43,dry,green,2.0,2.0,1.0,1.0,
matched_pair,2026,Australian Grand Prix,Race,race,Mercedes,ANT,RUS,56.0,56.0,82.603,82.757,0.15400000000001057,HARD,2.0,2.0,44,dry,green,2.0,2.0,1.0,1.0,
matched_pair,2026,Australian Grand Prix,Race,race,Mercedes,ANT,RUS,57.0,57.0,82.417,83.188,0.7710000000000008,HARD,2.0,2.0,45,dry,green,2.0,2.0,1.0,1.0,
matched_pair,2026,Australian Grand Prix,Race,race,Mercedes,ANT,RUS,4.0,4.0,85.411,84.789,-0.6219999999999999,MEDIUM,1.0,1.0,4,dry,green,6.0,6.0,2.0,2.0,
matched_pair,2026,Australian Grand Prix,Race,race,Mercedes,ANT,RUS,5.0,5.0,84.499,84.017,-0.4819999999999993,MEDIUM,1.0,1.0,5,dry,green,6.0,5.0,2.0,2.0,
matched_pair,2026,Australian Grand Prix,Race,race,Mercedes,ANT,RUS,6.0,6.0,84.024,84.639,0.6149999999999949,MEDIUM,1.0,1.0,6,dry,green,5.0,4.0,2.0,2.0,
matched_pair,2026,Australian Grand Prix,Race,race,Mercedes,ANT,RUS,7.0,7.0,83.835,84.099,0.26400000000001,MEDIUM,1.0,1.0,7,dry,green,4.0,4.0,2.0,2.0,
matched_pair,2026,Australian Grand Prix,Race,race,Mercedes,ANT,RUS,8.0,8.0,83.683,85.19,1.5069999999999908,MEDIUM,1.0,1.0,8,dry,green,4.0,4.0,2.0,2.0,
matched_pair,2026,Australian Grand Prix,Race,race,Mercedes,ANT,RUS,10.0,10.0,84.037,84.112,0.07499999999998863,MEDIUM,1.0,1.0,10,dry,green,4.0,4.0,2.0,2.0,
matched_pair,2026,Australian Grand Prix,Race,race,Racing Bulls,LAW,LIN,14.0,21.0,85.233,84.182,-1.051000000000002,HARD,2.0,2.0,3,dry,green,15.0,15.0,7.0,7.0,
matched_pair,2026,Australian Grand Prix,Race,race,Racing Bulls,LAW,LIN,15.0,22.0,86.791,84.29,-2.5009999999999906,HARD,2.0,2.0,4,dry,green,15.0,15.0,7.0,7.0,
matched_pair,2026,Australian Grand Prix,Race,race,Racing Bulls,LAW,LIN,17.0,24.0,85.839,84.554,-1.2849999999999966,HARD,2.0,2.0,6,dry,green,14.0,14.0,7.0,7.0,
matched_pair,2026,Australian Grand Prix,Race,race,Racing Bulls,LAW,LIN,20.0,27.0,85.068,84.361,-0.7069999999999936,HARD,2.0,2.0,9,dry,green,14.0,14.0,7.0,7.0,
matched_pair,2026,Australian Grand Prix,Race,race,Racing Bulls,LAW,LIN,21.0,28.0,84.91,84.475,-0.4350000000000023,HARD,2.0,2.0,10,dry,green,14.0,14.0,7.0,7.0,
matched_pair,2026,Australian Grand Prix,Race,race,Racing Bulls,LAW,LIN,22.0,29.0,85.041,84.916,-0.125,HARD,2.0,2.0,11,dry,green,14.0,14.0,7.0,7.0,
matched_pair,2026,Australian Grand Prix,Race,race,Racing Bulls,LAW,LIN,23.0,30.0,85.074,84.282,-0.7920000000000016,HARD,2.0,2.0,12,dry,green,14.0,14.0,7.0,7.0,
matched_pair,2026,Australian Grand Prix,Race,race,Racing Bulls,LAW,LIN,24.0,31.0,86.526,84.876,-1.6499999999999915,HARD,2.0,2.0,13,dry,green,14.0,14.0,7.0,7.0,
matched_pair,2026,Australian Grand Prix,Race,race,Racing Bulls,LAW,LIN,25.0,32.0,85.255,84.671,-0.583999999999989,HARD,2.0,2.0,14,dry,green,14.0,14.0,7.0,7.0,
matched_pair,2026,Australian Grand Prix,Race,race,Racing Bulls,LAW,LIN,28.0,35.0,85.377,84.536,-0.840999999999994,HARD,2.0,2.0,17,dry,green,14.0,14.0,7.0,6.0,
matched_pair,2026,Australian Grand Prix,Race,race,Racing Bulls,LAW,LIN,29.0,36.0,85.253,84.698,-0.5550000000000068,HARD,2.0,2.0,18,dry,green,14.0,14.0,6.0,6.0,
matched_pair,2026,Australian Grand Prix,Race,race,Racing Bulls,LAW,LIN,30.0,37.0,85.65,84.523,-1.1270000000000095,HARD,2.0,2.0,19,dry,green,14.0,14.0,6.0,6.0,
matched_pair,2026,Australian Grand Prix,Race,race,Racing Bulls,LAW,LIN,31.0,38.0,85.792,84.797,-0.9950000000000045,HARD,2.0,2.0,20,dry,green,14.0,14.0,6.0,6.0,
matched_pair,2026,Australian Grand Prix,Race,race,Racing Bulls,LAW,LIN,32.0,39.0,85.867,85.955,0.08799999999999386,HARD,2.0,2.0,21,dry,green,14.0,14.0,6.0,7.0,
matched_pair,2026,Australian Grand Prix,Race,race,Racing Bulls,LAW,LIN,3.0,3.0,86.869,85.497,-1.3719999999999999,MEDIUM,1.0,1.0,3,dry,green,17.0,17.0,5.0,5.0,
matched_pair,2026,Australian Grand Prix,Race,race,Racing Bulls,LAW,LIN,4.0,4.0,86.661,86.072,-0.5889999999999986,MEDIUM,1.0,1.0,4,dry,green,17.0,17.0,5.0,5.0,
matched_pair,2026,Australian Grand Prix,Race,race,Racing Bulls,LAW,LIN,5.0,5.0,87.142,86.235,-0.9069999999999965,MEDIUM,1.0,1.0,5,dry,green,17.0,17.0,5.0,6.0,
matched_pair,2026,Australian Grand Prix,Race,race,Racing Bulls,LAW,LIN,6.0,6.0,87.96,85.392,-2.567999999999998,MEDIUM,1.0,1.0,6,dry,green,17.0,17.0,6.0,6.0,
matched_pair,2026,Australian Grand Prix,Race,race,Racing Bulls,LAW,LIN,7.0,7.0,86.644,85.194,-1.4500000000000028,MEDIUM,1.0,1.0,7,dry,green,17.0,16.0,6.0,6.0,
matched_pair,2026,Australian Grand Prix,Race,race,Racing Bulls,LAW,LIN,8.0,8.0,85.888,85.26,-0.6280000000000001,MEDIUM,1.0,1.0,8,dry,green,16.0,16.0,6.0,6.0,
matched_pair,2026,Australian Grand Prix,Race,race,Racing Bulls,LAW,LIN,9.0,9.0,86.025,85.337,-0.6880000000000024,MEDIUM,1.0,1.0,9,dry,green,16.0,15.0,6.0,6.0,
matched_pair,2026,Australian Grand Prix,Race,race,Racing Bulls,LAW,LIN,10.0,10.0,85.751,85.565,-0.18600000000000705,MEDIUM,1.0,1.0,10,dry,green,15.0,15.0,6.0,6.0,
skipped_pair,2026,Australian Grand Prix,Race,race,Red Bull Racing,HAD,VER,,,,,,,,,,,,,,,,insufficient_matched_pairs
matched_pair,2026,Australian Grand Prix,Race,race,Williams,ALB,SAI,15.0,14.0,85.035,84.927,-0.10799999999998988,HARD,2.0,2.0,3,dry,green,12.0,12.0,13.0,13.0,
matched_pair,2026,Australian Grand Prix,Race,race,Williams,ALB,SAI,17.0,16.0,85.662,84.94,-0.7220000000000084,HARD,2.0,2.0,5,dry,green,13.0,13.0,13.0,12.0,
matched_pair,2026,Australian Grand Prix,Race,race,Williams,ALB,SAI,21.0,20.0,85.065,85.394,0.32900000000000773,HARD,2.0,2.0,9,dry,green,13.0,13.0,12.0,12.0,
matched_pair,2026,Australian Grand Prix,Race,race,Williams,ALB,SAI,22.0,21.0,85.297,85.409,0.11200000000000898,HARD,2.0,2.0,10,dry,green,13.0,13.0,12.0,12.0,
matched_pair,2026,Australian Grand Prix,Race,race,Williams,ALB,SAI,23.0,22.0,85.258,85.37,0.11200000000000898,HARD,2.0,2.0,11,dry,green,13.0,13.0,12.0,12.0,
matched_pair,2026,Australian Grand Prix,Race,race,Williams,ALB,SAI,24.0,23.0,85.334,85.6,0.26599999999999113,HARD,2.0,2.0,12,dry,green,13.0,13.0,12.0,12.0,
matched_pair,2026,Australian Grand Prix,Race,race,Williams,ALB,SAI,25.0,24.0,85.569,85.704,0.1349999999999909,HARD,2.0,2.0,13,dry,green,13.0,13.0,12.0,12.0,
matched_pair,2026,Australian Grand Prix,Race,race,Williams,ALB,SAI,26.0,25.0,85.782,86.122,0.3400000000000034,HARD,2.0,2.0,14,dry,green,13.0,13.0,12.0,12.0,
matched_pair,2026,Australian Grand Prix,Race,race,Williams,ALB,SAI,27.0,26.0,85.734,86.141,0.4070000000000107,HARD,2.0,2.0,15,dry,green,13.0,13.0,12.0,12.0,
matched_pair,2026,Australian Grand Prix,Race,race,Williams,ALB,SAI,28.0,27.0,86.642,86.124,-0.5180000000000007,HARD,2.0,2.0,16,dry,green,13.0,13.0,12.0,12.0,
matched_pair,2026,Australian Grand Prix,Race,race,Williams,ALB,SAI,29.0,28.0,86.614,86.796,0.18200000000000216,HARD,2.0,2.0,17,dry,green,13.0,12.0,12.0,12.0,
matched_pair,2026,Australian Grand Prix,Race,race,Williams,ALB,SAI,32.0,31.0,86.459,86.639,0.1799999999999926,HARD,2.0,2.0,20,dry,green,12.0,12.0,13.0,13.0,
matched_pair,2026,Australian Grand Prix,Race,race,Williams,ALB,SAI,2.0,35.0,87.78,84.881,-2.899000000000001,MEDIUM,1.0,3.0,2,dry,green,12.0,13.0,15.0,15.0,
matched_pair,2026,Australian Grand Prix,Race,race,Williams,ALB,SAI,3.0,36.0,87.512,84.804,-2.7079999999999984,MEDIUM,1.0,3.0,3,dry,green,13.0,13.0,15.0,15.0,
matched_pair,2026,Australian Grand Prix,Race,race,Williams,ALB,SAI,7.0,40.0,85.688,86.222,0.5339999999999918,MEDIUM,1.0,3.0,7,dry,green,13.0,13.0,15.0,15.0,
matched_pair,2026,Australian Grand Prix,Race,race,Williams,ALB,SAI,8.0,41.0,85.558,86.717,1.1589999999999918,MEDIUM,1.0,3.0,8,dry,green,13.0,13.0,15.0,15.0,
matched_pair,2026,Australian Grand Prix,Race,race,Williams,ALB,SAI,9.0,42.0,85.728,85.361,-0.3669999999999902,MEDIUM,1.0,3.0,9,dry,green,13.0,13.0,15.0,15.0,
matched_pair,2026,Australian Grand Prix,Race,race,Williams,ALB,SAI,10.0,43.0,86.03,85.287,-0.742999999999995,MEDIUM,1.0,3.0,10,dry,green,13.0,13.0,15.0,15.0,
matched_pair,2026,Australian Grand Prix,Race,race,Williams,ALB,SAI,35.0,2.0,84.446,87.98,3.534000000000006,SOFT,3.0,1.0,2,dry,green,12.0,12.0,13.0,14.0,
matched_pair,2026,Australian Grand Prix,Race,race,Williams,ALB,SAI,36.0,3.0,84.375,88.093,3.7180000000000035,SOFT,3.0,1.0,3,dry,green,12.0,12.0,14.0,15.0,
matched_pair,2026,Australian Grand Prix,Race,race,Williams,ALB,SAI,37.0,4.0,85.052,87.216,2.1639999999999873,SOFT,3.0,1.0,4,dry,green,12.0,12.0,15.0,15.0,
matched_pair,2026,Australian Grand Prix,Race,race,Williams,ALB,SAI,39.0,6.0,84.858,86.872,2.013999999999996,SOFT,3.0,1.0,6,dry,green,12.0,12.0,15.0,14.0,
matched_pair,2026,Australian Grand Prix,Race,race,Williams,ALB,SAI,41.0,8.0,84.876,85.433,0.5570000000000022,SOFT,3.0,1.0,8,dry,green,12.0,12.0,14.0,14.0,
matched_pair,2026,Australian Grand Prix,Race,race,Williams,ALB,SAI,42.0,9.0,84.858,85.826,0.9679999999999893,SOFT,3.0,1.0,9,dry,green,12.0,12.0,14.0,14.0,
matched_pair,2026,Australian Grand Prix,Race,race,Williams,ALB,SAI,43.0,10.0,84.956,86.202,1.2459999999999951,SOFT,3.0,1.0,10,dry,green,12.0,12.0,14.0,14.0,
matched_pair,2026,Australian Grand Prix,Qualifying,qualifying,Alpine,COL,GAS,13.0,13.0,81.852,80.501,-1.350999999999999,SOFT,3.0,3.0,3,dry,green,,,,,
matched_pair,2026,Australian Grand Prix,Qualifying,qualifying,Alpine,COL,GAS,17.0,17.0,81.27,80.826,-0.4440000000000026,SOFT,4.0,4.0,3,dry,green,,,,,
matched_pair,2026,Australian Grand Prix,Qualifying,qualifying,Alpine,COL,GAS,2.0,2.0,83.393,82.674,-0.7189999999999941,SOFT,1.0,1.0,2,dry,green,,,,,
matched_pair,2026,Australian Grand Prix,Qualifying,qualifying,Alpine,COL,GAS,5.0,5.0,82.247,81.431,-0.8160000000000025,SOFT,1.0,1.0,5,dry,green,,,,,
matched_pair,2026,Australian Grand Prix,Qualifying,qualifying,Alpine,COL,GAS,9.0,9.0,81.2,81.138,-0.06199999999999761,SOFT,2.0,2.0,3,dry,green,,,,,
skipped_pair,2026,Australian Grand Prix,Qualifying,qualifying,Aston Martin,ALO,STR,,,,,,,,,,,,,,,,missing_lap_time_data
matched_pair,2026,Australian Grand Prix,Qualifying,qualifying,Audi,BOR,HUL,9.0,12.0,80.374,81.191,0.8170000000000073,SOFT,2.0,3.0,3,dry,green,,,,,
matched_pair,2026,Australian Grand Prix,Qualifying,qualifying,Audi,BOR,HUL,13.0,15.0,80.221,80.303,0.08199999999999363,SOFT,3.0,4.0,3,dry,green,,,,,
matched_pair,2026,Australian Grand Prix,Qualifying,qualifying,Audi,BOR,HUL,3.0,3.0,80.495,81.232,0.7369999999999948,SOFT,1.0,1.0,3,dry,green,,,,,
matched_pair,2026,Australian Grand Prix,Qualifying,qualifying,Audi,BOR,HUL,5.0,5.0,80.747,81.088,0.340999999999994,SOFT,1.0,1.0,5,dry,green,,,,,
skipped_pair,2026,Australian Grand Prix,Qualifying,qualifying,Cadillac,BOT,PER,,,,,,,,,,,,,,,,insufficient_matched_pairs
matched_pair,2026,Australian Grand Prix,Qualifying,qualifying,Ferrari,HAM,LEC,21.0,20.0,80.423,80.244,-0.17900000000000205,SOFT,6.0,6.0,2,dry,green,,,,,
matched_pair,2026,Australian Grand Prix,Qualifying,qualifying,Ferrari,HAM,LEC,24.0,23.0,79.478,79.327,-0.15099999999999625,SOFT,7.0,7.0,2,dry,green,,,,,
matched_pair,2026,Australian Grand Prix,Qualifying,qualifying,Ferrari,HAM,LEC,15.0,9.0,79.921,80.088,0.16699999999998738,SOFT,4.0,3.0,2,dry,green,,,,,
matched_pair,2026,Australian Grand Prix,Qualifying,qualifying,Haas F1 Team,BEA,OCO,13.0,13.0,80.655,80.491,-0.16400000000000148,SOFT,3.0,3.0,3,dry,green,,,,,
matched_pair,2026,Australian Grand Prix,Qualifying,qualifying,Haas F1 Team,BEA,OCO,17.0,17.0,80.311,81.069,0.7579999999999956,SOFT,4.0,4.0,3,dry,green,,,,,
matched_pair,2026,Australian Grand Prix,Qualifying,qualifying,Haas F1 Team,BEA,OCO,2.0,2.0,81.408,81.818,0.4099999999999966,SOFT,1.0,1.0,2,dry,green,,,,,
matched_pair,2026,Australian Grand Prix,Qualifying,qualifying,Haas F1 Team,BEA,OCO,4.0,4.0,81.247,81.264,0.016999999999995907,SOFT,1.0,1.0,4,dry,green,,,,,
matched_pair,2026,Australian Grand Prix,Qualifying,qualifying,Haas F1 Team,BEA,OCO,7.0,7.0,81.44,80.759,-0.6809999999999974,SOFT,2.0,2.0,2,dry,green,,,,,
matched_pair,2026,Australian Grand Prix,Qualifying,qualifying,Haas F1 Team,BEA,OCO,9.0,9.0,81.389,80.868,-0.5210000000000008,SOFT,2.0,2.0,4,dry,green,,,,,
matched_pair,2026,Australian Grand Prix,Qualifying,qualifying,McLaren,NOR,PIA,22.0,22.0,79.605,80.322,0.7169999999999987,SOFT,6.0,6.0,2,dry,green,,,,,
matched_pair,2026,Australian Grand Prix,Qualifying,qualifying,McLaren,NOR,PIA,25.0,25.0,79.475,79.38,-0.09499999999999886,SOFT,7.0,7.0,2,dry,green,,,,,
matched_pair,2026,Australian Grand Prix,Qualifying,qualifying,McLaren,NOR,PIA,14.0,13.0,79.882,79.582,-0.30000000000001137,SOFT,3.0,3.0,3,dry,green,,,,,
matched_pair,2026,Australian Grand Prix,Qualifying,qualifying,McLaren,NOR,PIA,17.0,16.0,79.909,79.525,-0.38400000000000034,SOFT,4.0,4.0,2,dry,green,,,,,
matched_pair,2026,Australian Grand Prix,Qualifying,qualifying,Mercedes,ANT,RUS,17.0,18.0,78.811,79.084,0.27299999999999613,SOFT,6.0,7.0,2,dry,green,,,,,
matched_pair,2026,Australian Grand Prix,Qualifying,qualifying,Mercedes,ANT,RUS,7.0,10.0,79.604,78.934,-0.6700000000000017,SOFT,2.0,4.0,2,dry,green,,,,,
matched_pair,2026,Australian Grand Prix,Qualifying,qualifying,Mercedes,ANT,RUS,10.0,13.0,79.435,78.987,-0.4480000000000075,SOFT,3.0,5.0,2,dry,green,,,,,
matched_pair,2026,Australian Grand Prix,Qualifying,qualifying,Racing Bulls,LAW,LIN,23.0,24.0,79.994,81.247,1.2530000000000001,SOFT,6.0,6.0,3,dry,green,,,,,
matched_pair,2026,Australian Grand Prix,Qualifying,qualifying,Racing Bulls,LAW,LIN,13.0,14.0,80.144,79.971,-0.17300000000000182,SOFT,3.0,3.0,3,dry,green,,,,,
matched_pair,2026,Australian Grand Prix,Qualifying,qualifying,Racing Bulls,LAW,LIN,17.0,18.0,80.211,81.3,1.0889999999999986,SOFT,4.0,4.0,3,dry,green,,,,,
skipped_pair,2026,Australian Grand Prix,Qualifying,qualifying,Red Bull Racing,HAD,VER,,,,,,,,,,,,,,,,insufficient_matched_pairs
skipped_pair,2026,Australian Grand Prix,Qualifying,qualifying,Williams,ALB,SAI,,,,,,,,,,,,,,,,missing_lap_time_data
matched_pair,2026,Chinese Grand Prix,Race,race,Alpine,COL,GAS,6.0,16.0,98.734,98.644,-0.0899999999999892,HARD,1.0,2.0,6,dry,green,6.0,6.0,10.0,9.0,
matched_pair,2026,Chinese Grand Prix,Race,race,Alpine,COL,GAS,7.0,17.0,98.805,98.238,-0.5670000000000073,HARD,1.0,2.0,7,dry,green,6.0,6.0,9.0,8.0,
matched_pair,2026,Chinese Grand Prix,Race,race,Alpine,COL,GAS,14.0,24.0,99.465,98.373,-1.0919999999999987,HARD,1.0,2.0,14,dry,green,2.0,2.0,9.0,9.0,
matched_pair,2026,Chinese Grand Prix,Race,race,Alpine,COL,GAS,15.0,25.0,98.829,98.568,-0.2609999999999957,HARD,1.0,2.0,15,dry,green,2.0,3.0,9.0,9.0,
matched_pair,2026,Chinese Grand Prix,Race,race,Alpine,COL,GAS,19.0,29.0,99.566,97.566,-2.0,HARD,1.0,2.0,19,dry,green,5.0,5.0,8.0,7.0,
matched_pair,2026,Chinese Grand Prix,Race,race,Alpine,COL,GAS,20.0,30.0,98.955,98.132,-0.8229999999999933,HARD,1.0,2.0,20,dry,green,5.0,6.0,7.0,7.0,
matched_pair,2026,Chinese Grand Prix,Race,race,Alpine,COL,GAS,21.0,31.0,99.324,97.634,-1.6899999999999977,HARD,1.0,2.0,21,dry,green,6.0,6.0,7.0,7.0,
matched_pair,2026,Chinese Grand Prix,Race,race,Alpine,COL,GAS,22.0,32.0,99.182,97.253,-1.929000000000002,HARD,1.0,2.0,22,dry,green,6.0,7.0,7.0,7.0,
matched_pair,2026,Chinese Grand Prix,Race,race,Alpine,COL,GAS,24.0,34.0,98.447,97.193,-1.2540000000000049,HARD,1.0,2.0,24,dry,green,7.0,7.0,7.0,7.0,
matched_pair,2026,Chinese Grand Prix,Race,race,Alpine,COL,GAS,25.0,35.0,98.384,97.293,-1.090999999999994,HARD,1.0,2.0,25,dry,green,7.0,7.0,7.0,7.0,
matched_pair,2026,Chinese Grand Prix,Race,race,Alpine,COL,GAS,26.0,36.0,98.07,97.103,-0.9669999999999987,HARD,1.0,2.0,26,dry,green,7.0,7.0,7.0,7.0,
matched_pair,2026,Chinese Grand Prix,Race,race,Alpine,COL,GAS,29.0,39.0,98.724,96.754,-1.9699999999999989,HARD,1.0,2.0,29,dry,green,9.0,8.0,7.0,7.0,
matched_pair,2026,Chinese Grand Prix,Race,race,Alpine,COL,GAS,30.0,40.0,98.235,96.865,-1.3700000000000045,HARD,1.0,2.0,30,dry,green,8.0,8.0,7.0,7.0,
matched_pair,2026,Chinese Grand Prix,Race,race,Alpine,COL,GAS,31.0,41.0,97.802,97.214,-0.5880000000000081,HARD,1.0,2.0,31,dry,green,8.0,8.0,7.0,7.0,
matched_pair,2026,Chinese Grand Prix,Race,race,Alpine,COL,GAS,34.0,2.0,97.233,98.917,1.6839999999999975,MEDIUM,2.0,1.0,2,dry,green,13.0,13.0,5.0,5.0,
matched_pair,2026,Chinese Grand Prix,Race,race,Alpine,COL,GAS,35.0,3.0,96.783,98.923,2.1400000000000006,MEDIUM,2.0,1.0,3,dry,green,13.0,13.0,5.0,5.0,
matched_pair,2026,Chinese Grand Prix,Race,race,Alpine,COL,GAS,36.0,4.0,97.023,98.717,1.6940000000000026,MEDIUM,2.0,1.0,4,dry,green,13.0,12.0,5.0,5.0,
matched_pair,2026,Chinese Grand Prix,Race,race,Alpine,COL,GAS,37.0,5.0,96.958,98.474,1.5160000000000053,MEDIUM,2.0,1.0,5,dry,green,12.0,12.0,5.0,5.0,
matched_pair,2026,Chinese Grand Prix,Race,race,Alpine,COL,GAS,38.0,6.0,96.819,98.298,1.4789999999999992,MEDIUM,2.0,1.0,6,dry,green,12.0,12.0,5.0,5.0,
matched_pair,2026,Chinese Grand Prix,Race,race,Alpine,COL,GAS,39.0,7.0,97.217,98.635,1.4180000000000064,MEDIUM,2.0,1.0,7,dry,green,12.0,12.0,5.0,5.0,
matched_pair,2026,Chinese Grand Prix,Race,race,Alpine,COL,GAS,40.0,8.0,96.841,98.427,1.5860000000000127,MEDIUM,2.0,1.0,8,dry,green,12.0,12.0,5.0,5.0,
matched_pair,2026,Chinese Grand Prix,Race,race,Alpine,COL,GAS,41.0,9.0,97.448,98.609,1.1610000000000014,MEDIUM,2.0,1.0,9,dry,green,12.0,11.0,5.0,5.0,
skipped_pair,2026,Chinese Grand Prix,Race,race,Aston Martin,ALO,STR,,,,,,,,,,,,,,,,insufficient_matched_pairs
skipped_pair,2026,Chinese Grand Prix,Race,race,Audi,BOR,HUL,,,,,,,,,,,,,,,,missing_lap_time_data
matched_pair,2026,Chinese Grand Prix,Race,race,Cadillac,BOT,PER,15.0,16.0,100.006,99.621,-0.3850000000000051,HARD,2.0,2.0,5,dry,green,15.0,15.0,16.0,16.0,
matched_pair,2026,Chinese Grand Prix,Race,race,Cadillac,BOT,PER,19.0,20.0,100.164,100.134,-0.030000000000001137,HARD,2.0,2.0,9,dry,green,15.0,15.0,16.0,16.0,
matched_pair,2026,Chinese Grand Prix,Race,race,Cadillac,BOT,PER,20.0,21.0,99.976,99.682,-0.29399999999999693,HARD,2.0,2.0,10,dry,green,15.0,15.0,16.0,16.0,
matched_pair,2026,Chinese Grand Prix,Race,race,Cadillac,BOT,PER,21.0,22.0,100.045,99.622,-0.4230000000000018,HARD,2.0,2.0,11,dry,green,15.0,15.0,16.0,16.0,
matched_pair,2026,Chinese Grand Prix,Race,race,Cadillac,BOT,PER,22.0,23.0,99.813,99.75,-0.06300000000000239,HARD,2.0,2.0,12,dry,green,15.0,15.0,16.0,16.0,
matched_pair,2026,Chinese Grand Prix,Race,race,Cadillac,BOT,PER,23.0,24.0,99.967,99.736,-0.23099999999999454,HARD,2.0,2.0,13,dry,green,15.0,15.0,16.0,16.0,
matched_pair,2026,Chinese Grand Prix,Race,race,Cadillac,BOT,PER,24.0,25.0,99.846,100.542,0.695999999999998,HARD,2.0,2.0,14,dry,green,15.0,15.0,16.0,16.0,
matched_pair,2026,Chinese Grand Prix,Race,race,Cadillac,BOT,PER,25.0,26.0,99.813,100.01,0.19700000000000273,HARD,2.0,2.0,15,dry,green,15.0,15.0,16.0,16.0,
matched_pair,2026,Chinese Grand Prix,Race,race,Cadillac,BOT,PER,28.0,29.0,99.636,100.437,0.8010000000000019,HARD,2.0,2.0,18,dry,green,15.0,15.0,16.0,16.0,
matched_pair,2026,Chinese Grand Prix,Race,race,Cadillac,BOT,PER,29.0,30.0,99.566,100.016,0.45000000000000284,HARD,2.0,2.0,19,dry,green,15.0,15.0,16.0,16.0,
matched_pair,2026,Chinese Grand Prix,Race,race,Cadillac,BOT,PER,30.0,31.0,99.692,99.977,0.2850000000000108,HARD,2.0,2.0,20,dry,green,15.0,14.0,16.0,16.0,
matched_pair,2026,Chinese Grand Prix,Race,race,Cadillac,BOT,PER,31.0,32.0,99.768,99.799,0.03100000000000591,HARD,2.0,2.0,21,dry,green,14.0,15.0,16.0,16.0,
matched_pair,2026,Chinese Grand Prix,Race,race,Cadillac,BOT,PER,34.0,35.0,99.695,99.48,-0.2149999999999892,HARD,2.0,2.0,24,dry,green,14.0,14.0,16.0,16.0,
matched_pair,2026,Chinese Grand Prix,Race,race,Cadillac,BOT,PER,35.0,36.0,99.539,99.551,0.012000000000000455,HARD,2.0,2.0,25,dry,green,14.0,14.0,16.0,15.0,
matched_pair,2026,Chinese Grand Prix,Race,race,Cadillac,BOT,PER,36.0,37.0,100.552,99.606,-0.9460000000000122,HARD,2.0,2.0,26,dry,green,14.0,14.0,15.0,15.0,
matched_pair,2026,Chinese Grand Prix,Race,race,Cadillac,BOT,PER,37.0,38.0,99.444,100.111,0.6670000000000016,HARD,2.0,2.0,27,dry,green,14.0,14.0,15.0,16.0,
matched_pair,2026,Chinese Grand Prix,Race,race,Cadillac,BOT,PER,38.0,39.0,100.047,99.616,-0.4309999999999974,HARD,2.0,2.0,28,dry,green,14.0,15.0,16.0,16.0,
matched_pair,2026,Chinese Grand Prix,Race,race,Cadillac,BOT,PER,39.0,40.0,99.734,99.591,-0.14300000000000068,HARD,2.0,2.0,29,dry,green,15.0,15.0,16.0,16.0,
matched_pair,2026,Chinese Grand Prix,Race,race,Cadillac,BOT,PER,40.0,41.0,100.571,100.557,-0.013999999999995794,HARD,2.0,2.0,30,dry,green,15.0,15.0,16.0,16.0,
matched_pair,2026,Chinese Grand Prix,Race,race,Cadillac,BOT,PER,41.0,42.0,100.077,99.127,-0.9500000000000028,HARD,2.0,2.0,31,dry,green,15.0,15.0,16.0,16.0,
matched_pair,2026,Chinese Grand Prix,Race,race,Cadillac,BOT,PER,42.0,43.0,99.02,101.151,2.1310000000000002,HARD,2.0,2.0,32,dry,green,15.0,15.0,16.0,16.0,
matched_pair,2026,Chinese Grand Prix,Race,race,Cadillac,BOT,PER,45.0,46.0,100.379,100.983,0.6039999999999992,HARD,2.0,2.0,35,dry,green,15.0,15.0,16.0,15.0,
matched_pair,2026,Chinese Grand Prix,Race,race,Cadillac,BOT,PER,46.0,47.0,99.658,99.88,0.2219999999999942,HARD,2.0,2.0,36,dry,green,15.0,14.0,15.0,14.0,
matched_pair,2026,Chinese Grand Prix,Race,race,Cadillac,BOT,PER,47.0,48.0,98.93,100.227,1.296999999999997,HARD,2.0,2.0,37,dry,green,14.0,13.0,14.0,14.0,
matched_pair,2026,Chinese Grand Prix,Race,race,Cadillac,BOT,PER,48.0,49.0,99.135,99.462,0.3269999999999982,HARD,2.0,2.0,38,dry,green,13.0,13.0,14.0,14.0,
matched_pair,2026,Chinese Grand Prix,Race,race,Cadillac,BOT,PER,49.0,50.0,99.212,98.523,-0.6890000000000072,HARD,2.0,2.0,39,dry,green,13.0,13.0,14.0,14.0,
matched_pair,2026,Chinese Grand Prix,Race,race,Cadillac,BOT,PER,50.0,51.0,99.327,99.014,-0.3130000000000024,HARD,2.0,2.0,40,dry,green,13.0,13.0,14.0,14.0,
matched_pair,2026,Chinese Grand Prix,Race,race,Cadillac,BOT,PER,53.0,54.0,99.353,99.076,-0.277000000000001,HARD,2.0,2.0,43,dry,green,13.0,13.0,15.0,15.0,
matched_pair,2026,Chinese Grand Prix,Race,race,Cadillac,BOT,PER,2.0,2.0,101.601,101.066,-0.5349999999999966,MEDIUM,1.0,1.0,2,dry,green,14.0,14.0,17.0,17.0,
matched_pair,2026,Chinese Grand Prix,Race,race,Cadillac,BOT,PER,3.0,3.0,101.829,101.224,-0.6049999999999898,MEDIUM,1.0,1.0,3,dry,green,14.0,15.0,17.0,17.0,
matched_pair,2026,Chinese Grand Prix,Race,race,Cadillac,BOT,PER,4.0,4.0,100.904,100.934,0.030000000000001137,MEDIUM,1.0,1.0,4,dry,green,15.0,15.0,17.0,17.0,
matched_pair,2026,Chinese Grand Prix,Race,race,Cadillac,BOT,PER,5.0,5.0,101.396,100.978,-0.41800000000000637,MEDIUM,1.0,1.0,5,dry,green,15.0,15.0,17.0,17.0,
matched_pair,2026,Chinese Grand Prix,Race,race,Cadillac,BOT,PER,6.0,6.0,100.278,100.557,0.27899999999999636,MEDIUM,1.0,1.0,6,dry,green,15.0,14.0,17.0,17.0,
matched_pair,2026,Chinese Grand Prix,Race,race,Cadillac,BOT,PER,7.0,7.0,100.875,100.918,0.043000000000006366,MEDIUM,1.0,1.0,7,dry,green,14.0,14.0,17.0,17.0,
matched_pair,2026,Chinese Grand Prix,Race,race,Cadillac,BOT,PER,8.0,8.0,101.258,101.103,-0.15500000000000114,MEDIUM,1.0,1.0,8,dry,green,14.0,14.0,17.0,17.0,
matched_pair,2026,Chinese Grand Prix,Race,race,Ferrari,HAM,LEC,15.0,15.0,97.073,97.205,0.132000000000005,HARD,2.0,2.0,5,dry,green,3.0,2.0,6.0,4.0,
matched_pair,2026,Chinese Grand Prix,Race,race,Ferrari,HAM,LEC,16.0,16.0,96.931,97.306,0.375,HARD,2.0,2.0,6,dry,green,2.0,2.0,4.0,3.0,
matched_pair,2026,Chinese Grand Prix,Race,race,Ferrari,HAM,LEC,17.0,17.0,96.697,96.877,0.1799999999999926,HARD,2.0,2.0,7,dry,green,2.0,2.0,3.0,3.0,
matched_pair,2026,Chinese Grand Prix,Race,race,Ferrari,HAM,LEC,19.0,19.0,97.103,96.861,-0.24199999999999022,HARD,2.0,2.0,9,dry,green,2.0,2.0,3.0,3.0,
matched_pair,2026,Chinese Grand Prix,Race,race,Ferrari,HAM,LEC,20.0,20.0,96.915,96.833,-0.08200000000000784,HARD,2.0,2.0,10,dry,green,2.0,2.0,3.0,3.0,
matched_pair,2026,Chinese Grand Prix,Race,race,Ferrari,HAM,LEC,21.0,21.0,96.972,96.705,-0.2669999999999959,HARD,2.0,2.0,11,dry,green,2.0,2.0,3.0,3.0,
matched_pair,2026,Chinese Grand Prix,Race,race,Ferrari,HAM,LEC,22.0,22.0,97.006,96.643,-0.36299999999999955,HARD,2.0,2.0,12,dry,green,2.0,2.0,3.0,3.0,
matched_pair,2026,Chinese Grand Prix,Race,race,Ferrari,HAM,LEC,23.0,23.0,97.049,96.813,-0.2360000000000042,HARD,2.0,2.0,13,dry,green,2.0,2.0,3.0,3.0,
matched_pair,2026,Chinese Grand Prix,Race,race,Ferrari,HAM,LEC,26.0,26.0,96.739,97.574,0.8349999999999937,HARD,2.0,2.0,16,dry,green,3.0,2.0,2.0,3.0,
matched_pair,2026,Chinese Grand Prix,Race,race,Ferrari,HAM,LEC,29.0,29.0,96.771,97.107,0.3359999999999985,HARD,2.0,2.0,19,dry,green,4.0,4.0,2.0,3.0,
matched_pair,2026,Chinese Grand Prix,Race,race,Ferrari,HAM,LEC,30.0,30.0,96.685,96.797,0.11199999999999477,HARD,2.0,2.0,20,dry,green,4.0,4.0,3.0,3.0,
matched_pair,2026,Chinese Grand Prix,Race,race,Ferrari,HAM,LEC,31.0,31.0,96.496,96.409,-0.08699999999998909,HARD,2.0,2.0,21,dry,green,4.0,4.0,3.0,3.0,
matched_pair,2026,Chinese Grand Prix,Race,race,Ferrari,HAM,LEC,32.0,32.0,96.629,96.624,-0.005000000000009663,HARD,2.0,2.0,22,dry,green,4.0,4.0,3.0,3.0,
matched_pair,2026,Chinese Grand Prix,Race,race,Ferrari,HAM,LEC,34.0,34.0,96.752,96.729,-0.022999999999996135,HARD,2.0,2.0,24,dry,green,4.0,4.0,3.0,3.0,
matched_pair,2026,Chinese Grand Prix,Race,race,Ferrari,HAM,LEC,36.0,36.0,97.001,97.247,0.2459999999999951,HARD,2.0,2.0,26,dry,green,3.0,3.0,4.0,4.0,
matched_pair,2026,Chinese Grand Prix,Race,race,Ferrari,HAM,LEC,37.0,37.0,96.649,96.767,0.117999999999995,HARD,2.0,2.0,27,dry,green,3.0,3.0,4.0,4.0,
matched_pair,2026,Chinese Grand Prix,Race,race,Ferrari,HAM,LEC,38.0,38.0,96.876,96.759,-0.11700000000000443,HARD,2.0,2.0,28,dry,green,3.0,3.0,4.0,4.0,
matched_pair,2026,Chinese Grand Prix,Race,race,Ferrari,HAM,LEC,41.0,41.0,96.471,96.84,0.3689999999999998,HARD,2.0,2.0,31,dry,green,3.0,3.0,4.0,4.0,
matched_pair,2026,Chinese Grand Prix,Race,race,Ferrari,HAM,LEC,42.0,42.0,96.516,96.795,0.27899999999999636,HARD,2.0,2.0,32,dry,green,3.0,3.0,4.0,4.0,
matched_pair,2026,Chinese Grand Prix,Race,race,Ferrari,HAM,LEC,43.0,43.0,96.218,96.584,0.36599999999999966,HARD,2.0,2.0,33,dry,green,3.0,3.0,4.0,4.0,
matched_pair,2026,Chinese Grand Prix,Race,race,Ferrari,HAM,LEC,44.0,44.0,96.24,96.649,0.409000000000006,HARD,2.0,2.0,34,dry,green,3.0,3.0,4.0,4.0,
matched_pair,2026,Chinese Grand Prix,Race,race,Ferrari,HAM,LEC,45.0,45.0,96.396,97.224,0.828000000000003,HARD,2.0,2.0,35,dry,green,3.0,3.0,4.0,4.0,
matched_pair,2026,Chinese Grand Prix,Race,race,Ferrari,HAM,LEC,46.0,46.0,96.309,96.271,-0.0379999999999967,HARD,2.0,2.0,36,dry,green,3.0,3.0,4.0,4.0,
matched_pair,2026,Chinese Grand Prix,Race,race,Ferrari,HAM,LEC,47.0,47.0,96.204,96.204,0.0,HARD,2.0,2.0,37,dry,green,3.0,3.0,4.0,4.0,
matched_pair,2026,Chinese Grand Prix,Race,race,Ferrari,HAM,LEC,48.0,48.0,96.151,96.228,0.07699999999999818,HARD,2.0,2.0,38,dry,green,3.0,3.0,4.0,4.0,
matched_pair,2026,Chinese Grand Prix,Race,race,Ferrari,HAM,LEC,49.0,49.0,96.385,96.331,-0.054000000000002046,HARD,2.0,2.0,39,dry,green,3.0,3.0,4.0,4.0,
matched_pair,2026,Chinese Grand Prix,Race,race,Ferrari,HAM,LEC,50.0,50.0,96.237,96.387,0.15000000000000568,HARD,2.0,2.0,40,dry,green,3.0,3.0,4.0,4.0,
matched_pair,2026,Chinese Grand Prix,Race,race,Ferrari,HAM,LEC,51.0,51.0,96.134,96.744,0.6099999999999994,HARD,2.0,2.0,41,dry,green,3.0,3.0,4.0,4.0,
matched_pair,2026,Chinese Grand Prix,Race,race,Ferrari,HAM,LEC,52.0,52.0,96.296,96.324,0.027999999999991587,HARD,2.0,2.0,42,dry,green,3.0,3.0,4.0,4.0,
matched_pair,2026,Chinese Grand Prix,Race,race,Ferrari,HAM,LEC,54.0,54.0,96.44,96.213,-0.22700000000000387,HARD,2.0,2.0,44,dry,green,3.0,3.0,4.0,4.0,
matched_pair,2026,Chinese Grand Prix,Race,race,Ferrari,HAM,LEC,55.0,55.0,96.092,96.134,0.04200000000000159,HARD,2.0,2.0,45,dry,green,3.0,3.0,4.0,4.0,
matched_pair,2026,Chinese Grand Prix,Race,race,Ferrari,HAM,LEC,4.0,4.0,98.234,97.835,-0.3990000000000009,MEDIUM,1.0,1.0,4,dry,green,2.0,3.0,4.0,4.0,
matched_pair,2026,Chinese Grand Prix,Race,race,Ferrari,HAM,LEC,5.0,5.0,97.636,97.863,0.22700000000000387,MEDIUM,1.0,1.0,5,dry,green,3.0,3.0,4.0,4.0,
matched_pair,2026,Chinese Grand Prix,Race,race,Ferrari,HAM,LEC,6.0,6.0,97.962,98.136,0.17399999999999238,MEDIUM,1.0,1.0,6,dry,green,3.0,3.0,4.0,4.0,
matched_pair,2026,Chinese Grand Prix,Race,race,Ferrari,HAM,LEC,7.0,7.0,98.221,97.994,-0.22700000000000387,MEDIUM,1.0,1.0,7,dry,green,3.0,3.0,4.0,4.0,
matched_pair,2026,Chinese Grand Prix,Race,race,Ferrari,HAM,LEC,8.0,8.0,97.929,97.794,-0.13500000000000512,MEDIUM,1.0,1.0,8,dry,green,3.0,3.0,4.0,4.0,
matched_pair,2026,Chinese Grand Prix,Race,race,Ferrari,HAM,LEC,9.0,9.0,98.371,98.13,-0.24099999999999966,MEDIUM,1.0,1.0,9,dry,green,3.0,3.0,4.0,4.0,
matched_pair,2026,Chinese Grand Prix,Race,race,Haas F1 Team,BEA,OCO,16.0,6.0,98.269,98.758,0.4889999999999901,HARD,2.0,1.0,6,dry,green,8.0,7.0,7.0,7.0,
matched_pair,2026,Chinese Grand Prix,Race,race,Haas F1 Team,BEA,OCO,17.0,7.0,98.343,99.086,0.742999999999995,HARD,2.0,1.0,7,dry,green,7.0,7.0,7.0,7.0,
matched_pair,2026,Chinese Grand Prix,Race,race,Haas F1 Team,BEA,OCO,25.0,15.0,97.68,99.043,1.3629999999999995,HARD,2.0,1.0,15,dry,green,5.0,5.0,4.0,5.0,
matched_pair,2026,Chinese Grand Prix,Race,race,Haas F1 Team,BEA,OCO,26.0,16.0,97.392,99.417,2.0250000000000057,HARD,2.0,1.0,16,dry,green,5.0,5.0,5.0,6.0,
matched_pair,2026,Chinese Grand Prix,Race,race,Haas F1 Team,BEA,OCO,27.0,17.0,97.405,98.357,0.9519999999999982,HARD,2.0,1.0,17,dry,green,5.0,5.0,6.0,6.0,
matched_pair,2026,Chinese Grand Prix,Race,race,Haas F1 Team,BEA,OCO,30.0,20.0,97.276,98.991,1.7150000000000034,HARD,2.0,1.0,20,dry,green,5.0,5.0,7.0,7.0,
matched_pair,2026,Chinese Grand Prix,Race,race,Haas F1 Team,BEA,OCO,31.0,21.0,97.583,99.822,2.2390000000000043,HARD,2.0,1.0,21,dry,green,5.0,5.0,7.0,8.0,
matched_pair,2026,Chinese Grand Prix,Race,race,Haas F1 Team,BEA,OCO,32.0,22.0,97.496,98.7,1.2040000000000077,HARD,2.0,1.0,22,dry,green,5.0,5.0,8.0,8.0,
matched_pair,2026,Chinese Grand Prix,Race,race,Haas F1 Team,BEA,OCO,34.0,24.0,97.395,98.85,1.4549999999999983,HARD,2.0,1.0,24,dry,green,5.0,5.0,8.0,8.0,
matched_pair,2026,Chinese Grand Prix,Race,race,Haas F1 Team,BEA,OCO,35.0,25.0,97.42,98.331,0.9110000000000014,HARD,2.0,1.0,25,dry,green,5.0,5.0,8.0,8.0,
matched_pair,2026,Chinese Grand Prix,Race,race,Haas F1 Team,BEA,OCO,36.0,26.0,97.48,97.825,0.34499999999999886,HARD,2.0,1.0,26,dry,green,5.0,5.0,8.0,8.0,
matched_pair,2026,Chinese Grand Prix,Race,race,Haas F1 Team,BEA,OCO,3.0,32.0,99.715,97.104,-2.611000000000004,MEDIUM,1.0,2.0,3,dry,green,12.0,12.0,14.0,14.0,
matched_pair,2026,Chinese Grand Prix,Race,race,Haas F1 Team,BEA,OCO,5.0,34.0,99.504,98.474,-1.0300000000000011,MEDIUM,1.0,2.0,5,dry,green,12.0,12.0,16.0,15.0,
matched_pair,2026,Chinese Grand Prix,Race,race,Haas F1 Team,BEA,OCO,6.0,35.0,98.61,98.037,-0.5729999999999933,MEDIUM,1.0,2.0,6,dry,green,12.0,11.0,15.0,15.0,
matched_pair,2026,Chinese Grand Prix,Race,race,Haas F1 Team,BEA,OCO,7.0,36.0,99.323,98.817,-0.5060000000000002,MEDIUM,1.0,2.0,7,dry,green,11.0,11.0,15.0,13.0,
matched_pair,2026,Chinese Grand Prix,Race,race,Haas F1 Team,BEA,OCO,8.0,37.0,99.436,97.83,-1.6060000000000088,MEDIUM,1.0,2.0,8,dry,green,11.0,11.0,13.0,13.0,
matched_pair,2026,Chinese Grand Prix,Race,race,Haas F1 Team,BEA,OCO,9.0,38.0,99.71,97.694,-2.015999999999991,MEDIUM,1.0,2.0,9,dry,green,11.0,9.0,13.0,13.0,
skipped_pair,2026,Chinese Grand Prix,Race,race,McLaren,NOR,PIA,,,,,,,,,,,,,,,,missing_lap_time_data
matched_pair,2026,Chinese Grand Prix,Race,race,Mercedes,ANT,RUS,16.0,16.0,96.604,97.532,0.9279999999999973,HARD,2.0,2.0,6,dry,green,1.0,1.0,6.0,4.0,
matched_pair,2026,Chinese Grand Prix,Race,race,Mercedes,ANT,RUS,17.0,17.0,96.555,96.42,-0.13500000000000512,HARD,2.0,2.0,7,dry,green,1.0,1.0,4.0,4.0,
matched_pair,2026,Chinese Grand Prix,Race,race,Mercedes,ANT,RUS,19.0,19.0,96.816,96.668,-0.14799999999999613,HARD,2.0,2.0,9,dry,green,1.0,1.0,4.0,4.0,
matched_pair,2026,Chinese Grand Prix,Race,race,Mercedes,ANT,RUS,20.0,20.0,96.762,96.617,-0.14499999999999602,HARD,2.0,2.0,10,dry,green,1.0,1.0,4.0,4.0,
matched_pair,2026,Chinese Grand Prix,Race,race,Mercedes,ANT,RUS,21.0,21.0,96.929,96.663,-0.26600000000000534,HARD,2.0,2.0,11,dry,green,1.0,1.0,4.0,4.0,
matched_pair,2026,Chinese Grand Prix,Race,race,Mercedes,ANT,RUS,22.0,22.0,96.612,96.894,0.2820000000000107,HARD,2.0,2.0,12,dry,green,1.0,1.0,4.0,4.0,
matched_pair,2026,Chinese Grand Prix,Race,race,Mercedes,ANT,RUS,23.0,23.0,96.806,96.561,-0.24499999999999034,HARD,2.0,2.0,13,dry,green,1.0,1.0,4.0,4.0,
matched_pair,2026,Chinese Grand Prix,Race,race,Mercedes,ANT,RUS,24.0,24.0,96.513,97.445,0.931999999999988,HARD,2.0,2.0,14,dry,green,1.0,1.0,4.0,4.0,
matched_pair,2026,Chinese Grand Prix,Race,race,Mercedes,ANT,RUS,26.0,26.0,96.588,97.187,0.5990000000000038,HARD,2.0,2.0,16,dry,green,1.0,1.0,4.0,4.0,
matched_pair,2026,Chinese Grand Prix,Race,race,Mercedes,ANT,RUS,29.0,29.0,96.381,96.158,-0.22299999999999898,HARD,2.0,2.0,19,dry,green,1.0,1.0,3.0,2.0,
matched_pair,2026,Chinese Grand Prix,Race,race,Mercedes,ANT,RUS,30.0,30.0,96.166,96.438,0.27200000000000557,HARD,2.0,2.0,20,dry,green,1.0,1.0,2.0,2.0,
matched_pair,2026,Chinese Grand Prix,Race,race,Mercedes,ANT,RUS,31.0,31.0,96.108,96.207,0.09899999999998954,HARD,2.0,2.0,21,dry,green,1.0,1.0,2.0,2.0,
matched_pair,2026,Chinese Grand Prix,Race,race,Mercedes,ANT,RUS,32.0,32.0,95.983,95.977,-0.006000000000000227,HARD,2.0,2.0,22,dry,green,1.0,1.0,2.0,2.0,
matched_pair,2026,Chinese Grand Prix,Race,race,Mercedes,ANT,RUS,34.0,34.0,96.021,95.852,-0.16899999999999693,HARD,2.0,2.0,24,dry,green,1.0,1.0,2.0,2.0,
matched_pair,2026,Chinese Grand Prix,Race,race,Mercedes,ANT,RUS,35.0,35.0,96.037,96.162,0.125,HARD,2.0,2.0,25,dry,green,1.0,1.0,2.0,2.0,
matched_pair,2026,Chinese Grand Prix,Race,race,Mercedes,ANT,RUS,36.0,36.0,96.014,95.914,-0.09999999999999432,HARD,2.0,2.0,26,dry,green,1.0,1.0,2.0,2.0,
matched_pair,2026,Chinese Grand Prix,Race,race,Mercedes,ANT,RUS,37.0,37.0,96.159,95.531,-0.6280000000000001,HARD,2.0,2.0,27,dry,green,1.0,1.0,2.0,2.0,
matched_pair,2026,Chinese Grand Prix,Race,race,Mercedes,ANT,RUS,38.0,38.0,95.526,95.529,0.0030000000000001137,HARD,2.0,2.0,28,dry,green,1.0,1.0,2.0,2.0,
matched_pair,2026,Chinese Grand Prix,Race,race,Mercedes,ANT,RUS,39.0,39.0,95.494,95.497,0.0030000000000001137,HARD,2.0,2.0,29,dry,green,1.0,1.0,2.0,2.0,
matched_pair,2026,Chinese Grand Prix,Race,race,Mercedes,ANT,RUS,40.0,40.0,96.15,95.636,-0.51400000000001,HARD,2.0,2.0,30,dry,green,1.0,1.0,2.0,2.0,
matched_pair,2026,Chinese Grand Prix,Race,race,Mercedes,ANT,RUS,41.0,41.0,95.343,95.641,0.2980000000000018,HARD,2.0,2.0,31,dry,green,1.0,1.0,2.0,2.0,
matched_pair,2026,Chinese Grand Prix,Race,race,Mercedes,ANT,RUS,42.0,42.0,95.93,96.661,0.7309999999999945,HARD,2.0,2.0,32,dry,green,1.0,1.0,2.0,2.0,
matched_pair,2026,Chinese Grand Prix,Race,race,Mercedes,ANT,RUS,43.0,43.0,95.936,95.644,-0.2920000000000016,HARD,2.0,2.0,33,dry,green,1.0,1.0,2.0,2.0,
matched_pair,2026,Chinese Grand Prix,Race,race,Mercedes,ANT,RUS,44.0,44.0,95.332,95.542,0.21000000000000796,HARD,2.0,2.0,34,dry,green,1.0,1.0,2.0,2.0,
matched_pair,2026,Chinese Grand Prix,Race,race,Mercedes,ANT,RUS,45.0,45.0,95.528,95.677,0.1490000000000009,HARD,2.0,2.0,35,dry,green,1.0,1.0,2.0,2.0,
matched_pair,2026,Chinese Grand Prix,Race,race,Mercedes,ANT,RUS,46.0,46.0,95.282,96.407,1.125,HARD,2.0,2.0,36,dry,green,1.0,1.0,2.0,2.0,
matched_pair,2026,Chinese Grand Prix,Race,race,Mercedes,ANT,RUS,47.0,47.0,95.501,95.668,0.1670000000000016,HARD,2.0,2.0,37,dry,green,1.0,1.0,2.0,2.0,
matched_pair,2026,Chinese Grand Prix,Race,race,Mercedes,ANT,RUS,48.0,48.0,95.706,96.095,0.3889999999999958,HARD,2.0,2.0,38,dry,green,1.0,1.0,2.0,2.0,
matched_pair,2026,Chinese Grand Prix,Race,race,Mercedes,ANT,RUS,49.0,49.0,95.523,95.87,0.3470000000000084,HARD,2.0,2.0,39,dry,green,1.0,1.0,2.0,2.0,
matched_pair,2026,Chinese Grand Prix,Race,race,Mercedes,ANT,RUS,50.0,50.0,95.659,95.681,0.02199999999999136,HARD,2.0,2.0,40,dry,green,1.0,1.0,2.0,2.0,
matched_pair,2026,Chinese Grand Prix,Race,race,Mercedes,ANT,RUS,51.0,51.0,96.011,95.531,-0.47999999999998977,HARD,2.0,2.0,41,dry,green,1.0,1.0,2.0,2.0,
matched_pair,2026,Chinese Grand Prix,Race,race,Mercedes,ANT,RUS,52.0,52.0,95.275,95.547,0.27199999999999136,HARD,2.0,2.0,42,dry,green,1.0,1.0,2.0,2.0,
matched_pair,2026,Chinese Grand Prix,Race,race,Mercedes,ANT,RUS,54.0,54.0,96.176,96.457,0.2809999999999917,HARD,2.0,2.0,44,dry,green,1.0,1.0,2.0,2.0,
matched_pair,2026,Chinese Grand Prix,Race,race,Mercedes,ANT,RUS,55.0,55.0,96.378,95.695,-0.6830000000000069,HARD,2.0,2.0,45,dry,green,1.0,1.0,2.0,2.0,
matched_pair,2026,Chinese Grand Prix,Race,race,Mercedes,ANT,RUS,4.0,4.0,97.394,97.093,-0.30100000000000193,MEDIUM,1.0,1.0,4,dry,green,1.0,1.0,3.0,2.0,
matched_pair,2026,Chinese Grand Prix,Race,race,Mercedes,ANT,RUS,5.0,5.0,97.535,97.462,-0.07299999999999329,MEDIUM,1.0,1.0,5,dry,green,1.0,1.0,2.0,2.0,
matched_pair,2026,Chinese Grand Prix,Race,race,Mercedes,ANT,RUS,6.0,6.0,97.172,97.375,0.20300000000000296,MEDIUM,1.0,1.0,6,dry,green,1.0,1.0,2.0,2.0,
matched_pair,2026,Chinese Grand Prix,Race,race,Mercedes,ANT,RUS,7.0,7.0,97.412,97.383,-0.029000000000010573,MEDIUM,1.0,1.0,7,dry,green,1.0,1.0,2.0,2.0,
matched_pair,2026,Chinese Grand Prix,Race,race,Mercedes,ANT,RUS,8.0,8.0,97.322,97.266,-0.055999999999997385,MEDIUM,1.0,1.0,8,dry,green,1.0,1.0,2.0,2.0,
matched_pair,2026,Chinese Grand Prix,Race,race,Mercedes,ANT,RUS,9.0,9.0,97.356,97.261,-0.09499999999999886,MEDIUM,1.0,1.0,9,dry,green,1.0,1.0,2.0,2.0,
matched_pair,2026,Chinese Grand Prix,Race,race,Racing Bulls,LAW,LIN,15.0,6.0,99.02,99.363,0.3430000000000035,HARD,2.0,1.0,6,dry,green,12.0,12.0,9.0,9.0,
matched_pair,2026,Chinese Grand Prix,Race,race,Racing Bulls,LAW,LIN,23.0,14.0,98.552,100.873,2.320999999999998,HARD,2.0,1.0,14,dry,green,11.0,11.0,6.0,7.0,
matched_pair,2026,Chinese Grand Prix,Race,race,Racing Bulls,LAW,LIN,24.0,15.0,98.546,99.084,0.5379999999999967,HARD,2.0,1.0,15,dry,green,11.0,11.0,7.0,7.0,
matched_pair,2026,Chinese Grand Prix,Race,race,Racing Bulls,LAW,LIN,25.0,16.0,98.599,99.328,0.7289999999999992,HARD,2.0,1.0,16,dry,green,11.0,11.0,7.0,8.0,
matched_pair,2026,Chinese Grand Prix,Race,race,Racing Bulls,LAW,LIN,29.0,20.0,98.308,99.466,1.157999999999987,HARD,2.0,1.0,20,dry,green,11.0,10.0,11.0,11.0,
matched_pair,2026,Chinese Grand Prix,Race,race,Racing Bulls,LAW,LIN,30.0,21.0,97.894,99.78,1.8859999999999957,HARD,2.0,1.0,21,dry,green,10.0,10.0,11.0,12.0,
matched_pair,2026,Chinese Grand Prix,Race,race,Racing Bulls,LAW,LIN,31.0,22.0,98.084,99.306,1.2219999999999942,HARD,2.0,1.0,22,dry,green,10.0,10.0,12.0,12.0,
matched_pair,2026,Chinese Grand Prix,Race,race,Racing Bulls,LAW,LIN,32.0,23.0,97.959,98.456,0.4969999999999999,HARD,2.0,1.0,23,dry,green,10.0,9.0,12.0,12.0,
matched_pair,2026,Chinese Grand Prix,Race,race,Racing Bulls,LAW,LIN,34.0,25.0,98.224,99.529,1.3049999999999926,HARD,2.0,1.0,25,dry,green,9.0,9.0,12.0,13.0,
matched_pair,2026,Chinese Grand Prix,Race,race,Racing Bulls,LAW,LIN,35.0,26.0,98.009,99.139,1.1299999999999955,HARD,2.0,1.0,26,dry,green,9.0,8.0,13.0,13.0,
matched_pair,2026,Chinese Grand Prix,Race,race,Racing Bulls,LAW,LIN,37.0,28.0,97.972,99.843,1.8710000000000093,HARD,2.0,1.0,28,dry,green,8.0,8.0,14.0,14.0,
matched_pair,2026,Chinese Grand Prix,Race,race,Racing Bulls,LAW,LIN,38.0,29.0,97.568,98.66,1.0919999999999987,HARD,2.0,1.0,29,dry,green,8.0,8.0,14.0,14.0,
matched_pair,2026,Chinese Grand Prix,Race,race,Racing Bulls,LAW,LIN,39.0,30.0,97.763,98.503,0.7399999999999949,HARD,2.0,1.0,30,dry,green,8.0,8.0,14.0,13.0,
matched_pair,2026,Chinese Grand Prix,Race,race,Racing Bulls,LAW,LIN,40.0,31.0,97.81,98.543,0.7330000000000041,HARD,2.0,1.0,31,dry,green,8.0,8.0,13.0,13.0,
matched_pair,2026,Chinese Grand Prix,Race,race,Racing Bulls,LAW,LIN,41.0,32.0,97.616,98.387,0.7710000000000008,HARD,2.0,1.0,32,dry,green,8.0,8.0,13.0,13.0,
matched_pair,2026,Chinese Grand Prix,Race,race,Racing Bulls,LAW,LIN,43.0,34.0,97.561,98.471,0.9099999999999966,HARD,2.0,1.0,34,dry,green,8.0,8.0,12.0,12.0,
matched_pair,2026,Chinese Grand Prix,Race,race,Racing Bulls,LAW,LIN,44.0,35.0,97.354,98.321,0.9669999999999987,HARD,2.0,1.0,35,dry,green,8.0,8.0,12.0,12.0,
matched_pair,2026,Chinese Grand Prix,Race,race,Racing Bulls,LAW,LIN,45.0,36.0,97.547,98.052,0.5050000000000097,HARD,2.0,1.0,36,dry,green,8.0,7.0,12.0,11.0,
matched_pair,2026,Chinese Grand Prix,Race,race,Racing Bulls,LAW,LIN,46.0,37.0,97.369,98.067,0.6979999999999933,HARD,2.0,1.0,37,dry,green,7.0,7.0,11.0,11.0,
matched_pair,2026,Chinese Grand Prix,Race,race,Racing Bulls,LAW,LIN,47.0,38.0,97.298,97.97,0.671999999999997,HARD,2.0,1.0,38,dry,green,7.0,7.0,11.0,11.0,
matched_pair,2026,Chinese Grand Prix,Race,race,Racing Bulls,LAW,LIN,48.0,39.0,97.443,98.031,0.5880000000000081,HARD,2.0,1.0,39,dry,green,7.0,7.0,11.0,11.0,
matched_pair,2026,Chinese Grand Prix,Race,race,Racing Bulls,LAW,LIN,49.0,40.0,97.457,98.037,0.5800000000000125,HARD,2.0,1.0,40,dry,green,7.0,7.0,11.0,11.0,
matched_pair,2026,Chinese Grand Prix,Race,race,Racing Bulls,LAW,LIN,50.0,41.0,97.201,100.061,2.8600000000000136,HARD,2.0,1.0,41,dry,green,7.0,7.0,11.0,12.0,
matched_pair,2026,Chinese Grand Prix,Race,race,Racing Bulls,LAW,LIN,2.0,44.0,99.798,96.338,-3.460000000000008,MEDIUM,1.0,2.0,2,dry,green,7.0,7.0,14.0,14.0,
matched_pair,2026,Chinese Grand Prix,Race,race,Racing Bulls,LAW,LIN,3.0,45.0,98.947,96.104,-2.8430000000000035,MEDIUM,1.0,2.0,3,dry,green,7.0,7.0,14.0,14.0,
matched_pair,2026,Chinese Grand Prix,Race,race,Racing Bulls,LAW,LIN,4.0,46.0,99.114,96.099,-3.0150000000000006,MEDIUM,1.0,2.0,4,dry,green,7.0,7.0,14.0,12.0,
matched_pair,2026,Chinese Grand Prix,Race,race,Racing Bulls,LAW,LIN,5.0,47.0,100.055,96.147,-3.9080000000000013,MEDIUM,1.0,2.0,5,dry,green,7.0,8.0,12.0,12.0,
matched_pair,2026,Chinese Grand Prix,Race,race,Racing Bulls,LAW,LIN,6.0,48.0,99.51,96.224,-3.2860000000000014,MEDIUM,1.0,2.0,6,dry,green,8.0,8.0,12.0,12.0,
matched_pair,2026,Chinese Grand Prix,Race,race,Racing Bulls,LAW,LIN,7.0,49.0,99.709,96.203,-3.5060000000000002,MEDIUM,1.0,2.0,7,dry,green,8.0,8.0,12.0,12.0,
matched_pair,2026,Chinese Grand Prix,Race,race,Racing Bulls,LAW,LIN,8.0,50.0,99.878,96.382,-3.495999999999995,MEDIUM,1.0,2.0,8,dry,green,8.0,8.0,12.0,12.0,
matched_pair,2026,Chinese Grand Prix,Race,race,Red Bull Racing,HAD,VER,23.0,22.0,98.437,98.147,-0.28999999999999204,HARD,3.0,2.0,13,dry,green,13.0,13.0,7.0,6.0,
matched_pair,2026,Chinese Grand Prix,Race,race,Red Bull Racing,HAD,VER,25.0,24.0,98.617,97.88,-0.737000000000009,HARD,3.0,2.0,15,dry,green,13.0,12.0,6.0,6.0,
matched_pair,2026,Chinese Grand Prix,Race,race,Red Bull Racing,HAD,VER,26.0,25.0,98.374,97.869,-0.5049999999999955,HARD,3.0,2.0,16,dry,green,12.0,12.0,6.0,6.0,
matched_pair,2026,Chinese Grand Prix,Race,race,Red Bull Racing,HAD,VER,28.0,27.0,98.359,97.645,-0.7139999999999986,HARD,3.0,2.0,18,dry,green,12.0,12.0,6.0,6.0,
matched_pair,2026,Chinese Grand Prix,Race,race,Red Bull Racing,HAD,VER,30.0,29.0,97.919,97.672,-0.2469999999999999,HARD,3.0,2.0,20,dry,green,11.0,11.0,6.0,6.0,
matched_pair,2026,Chinese Grand Prix,Race,race,Red Bull Racing,HAD,VER,31.0,30.0,97.868,97.587,-0.2809999999999917,HARD,3.0,2.0,21,dry,green,11.0,11.0,6.0,6.0,
matched_pair,2026,Chinese Grand Prix,Race,race,Red Bull Racing,HAD,VER,32.0,31.0,98.089,97.518,-0.570999999999998,HARD,3.0,2.0,22,dry,green,11.0,10.0,6.0,6.0,
matched_pair,2026,Chinese Grand Prix,Race,race,Red Bull Racing,HAD,VER,35.0,34.0,97.938,97.41,-0.5280000000000058,HARD,3.0,2.0,25,dry,green,10.0,9.0,6.0,6.0,
matched_pair,2026,Chinese Grand Prix,Race,race,Red Bull Racing,HAD,VER,36.0,35.0,97.754,97.49,-0.26400000000001,HARD,3.0,2.0,26,dry,green,9.0,9.0,6.0,6.0,
matched_pair,2026,Chinese Grand Prix,Race,race,Red Bull Racing,HAD,VER,37.0,36.0,97.842,97.229,-0.6129999999999995,HARD,3.0,2.0,27,dry,green,9.0,9.0,6.0,6.0,
matched_pair,2026,Chinese Grand Prix,Race,race,Red Bull Racing,HAD,VER,38.0,37.0,97.579,97.15,-0.42899999999998784,HARD,3.0,2.0,28,dry,green,9.0,9.0,6.0,6.0,
matched_pair,2026,Chinese Grand Prix,Race,race,Red Bull Racing,HAD,VER,39.0,38.0,97.653,97.063,-0.5900000000000034,HARD,3.0,2.0,29,dry,green,9.0,9.0,6.0,6.0,
matched_pair,2026,Chinese Grand Prix,Race,race,Red Bull Racing,HAD,VER,40.0,39.0,97.935,97.046,-0.8889999999999958,HARD,3.0,2.0,30,dry,green,9.0,9.0,6.0,6.0,
matched_pair,2026,Chinese Grand Prix,Race,race,Red Bull Racing,HAD,VER,41.0,40.0,97.923,97.255,-0.6680000000000064,HARD,3.0,2.0,31,dry,green,9.0,9.0,6.0,6.0,
matched_pair,2026,Chinese Grand Prix,Race,race,Red Bull Racing,HAD,VER,42.0,41.0,97.353,97.405,0.05200000000000671,HARD,3.0,2.0,32,dry,green,9.0,9.0,6.0,6.0,
matched_pair,2026,Chinese Grand Prix,Race,race,Red Bull Racing,HAD,VER,43.0,42.0,97.647,97.383,-0.26400000000001,HARD,3.0,2.0,33,dry,green,9.0,9.0,6.0,6.0,
matched_pair,2026,Chinese Grand Prix,Race,race,Red Bull Racing,HAD,VER,44.0,43.0,97.359,97.123,-0.23599999999999,HARD,3.0,2.0,34,dry,green,9.0,9.0,6.0,6.0,
matched_pair,2026,Chinese Grand Prix,Race,race,Red Bull Racing,HAD,VER,45.0,44.0,97.616,97.092,-0.5240000000000009,HARD,3.0,2.0,35,dry,green,9.0,8.0,6.0,6.0,
skipped_pair,2026,Chinese Grand Prix,Race,race,Williams,ALB,SAI,,,,,,,,,,,,,,,,missing_lap_time_data
matched_pair,2026,Chinese Grand Prix,Qualifying,qualifying,Alpine,COL,GAS,11.0,11.0,93.616,93.28,-0.3359999999999985,SOFT,4.0,3.0,2,dry,green,,,,,
matched_pair,2026,Chinese Grand Prix,Qualifying,qualifying,Alpine,COL,GAS,2.0,2.0,95.973,94.503,-1.4699999999999989,SOFT,1.0,1.0,2,dry,green,,,,,
matched_pair,2026,Chinese Grand Prix,Qualifying,qualifying,Alpine,COL,GAS,5.0,5.0,94.388,93.904,-0.48400000000000887,SOFT,2.0,2.0,2,dry,green,,,,,
matched_pair,2026,Chinese Grand Prix,Qualifying,qualifying,Alpine,COL,GAS,8.0,8.0,93.634,93.788,0.15399999999999636,SOFT,3.0,2.0,2,dry,green,,,,,
matched_pair,2026,Chinese Grand Prix,Qualifying,qualifying,Aston Martin,ALO,STR,2.0,2.0,96.338,97.069,0.7310000000000088,SOFT,1.0,1.0,2,dry,green,,,,,
matched_pair,2026,Chinese Grand Prix,Qualifying,qualifying,Aston Martin,ALO,STR,5.0,5.0,95.446,96.412,0.9660000000000082,SOFT,2.0,2.0,2,dry,green,,,,,
matched_pair,2026,Chinese Grand Prix,Qualifying,qualifying,Aston Martin,ALO,STR,8.0,8.0,95.203,95.995,0.7920000000000016,SOFT,3.0,3.0,2,dry,green,,,,,
matched_pair,2026,Chinese Grand Prix,Qualifying,qualifying,Audi,BOR,HUL,11.0,8.0,93.965,93.368,-0.5970000000000084,SOFT,4.0,3.0,2,dry,green,,,,,
matched_pair,2026,Chinese Grand Prix,Qualifying,qualifying,Audi,BOR,HUL,3.0,3.0,94.349,94.116,-0.2330000000000041,SOFT,2.0,2.0,2,dry,green,,,,,
matched_pair,2026,Chinese Grand Prix,Qualifying,qualifying,Audi,BOR,HUL,5.0,5.0,94.484,94.158,-0.3259999999999934,SOFT,2.0,2.0,4,dry,green,,,,,
skipped_pair,2026,Chinese Grand Prix,Qualifying,qualifying,Cadillac,BOT,PER,,,,,,,,,,,,,,,,insufficient_matched_pairs
matched_pair,2026,Chinese Grand Prix,Qualifying,qualifying,Ferrari,HAM,LEC,15.0,16.0,93.02,92.623,-0.39699999999999136,SOFT,5.0,5.0,2,dry,green,,,,,
matched_pair,2026,Chinese Grand Prix,Qualifying,qualifying,Ferrari,HAM,LEC,18.0,19.0,92.415,92.428,0.012999999999991019,SOFT,6.0,6.0,2,dry,green,,,,,
matched_pair,2026,Chinese Grand Prix,Qualifying,qualifying,Ferrari,HAM,LEC,8.0,9.0,92.834,92.902,0.06799999999999784,SOFT,3.0,3.0,2,dry,green,,,,,
matched_pair,2026,Chinese Grand Prix,Qualifying,qualifying,Ferrari,HAM,LEC,11.0,12.0,92.567,92.486,-0.08099999999998886,SOFT,4.0,4.0,2,dry,green,,,,,
matched_pair,2026,Chinese Grand Prix,Qualifying,qualifying,Haas F1 Team,BEA,OCO,10.0,10.0,93.197,93.538,0.340999999999994,SOFT,3.0,3.0,2,dry,green,,,,,
matched_pair,2026,Chinese Grand Prix,Qualifying,qualifying,Haas F1 Team,BEA,OCO,2.0,2.0,94.804,94.904,0.09999999999999432,SOFT,1.0,1.0,2,dry,green,,,,,
matched_pair,2026,Chinese Grand Prix,Qualifying,qualifying,Haas F1 Team,BEA,OCO,5.0,5.0,93.756,94.068,0.3119999999999976,SOFT,2.0,2.0,2,dry,green,,,,,
matched_pair,2026,Chinese Grand Prix,Qualifying,qualifying,Haas F1 Team,BEA,OCO,7.0,7.0,93.687,93.974,0.28700000000000614,SOFT,2.0,2.0,4,dry,green,,,,,
matched_pair,2026,Chinese Grand Prix,Qualifying,qualifying,McLaren,NOR,PIA,16.0,16.0,92.608,92.55,-0.058000000000006935,SOFT,5.0,5.0,2,dry,green,,,,,
matched_pair,2026,Chinese Grand Prix,Qualifying,qualifying,McLaren,NOR,PIA,19.0,19.0,92.631,92.568,-0.06300000000000239,SOFT,6.0,6.0,2,dry,green,,,,,
matched_pair,2026,Chinese Grand Prix,Qualifying,qualifying,McLaren,NOR,PIA,8.0,8.0,93.271,93.364,0.09300000000000352,SOFT,3.0,3.0,2,dry,green,,,,,
matched_pair,2026,Chinese Grand Prix,Qualifying,qualifying,McLaren,NOR,PIA,11.0,11.0,93.024,93.13,0.10599999999999454,SOFT,4.0,4.0,2,dry,green,,,,,
matched_pair,2026,Chinese Grand Prix,Qualifying,qualifying,Mercedes,ANT,RUS,11.0,12.0,92.322,92.286,-0.036000000000001364,SOFT,4.0,5.0,2,dry,green,,,,,
matched_pair,2026,Chinese Grand Prix,Qualifying,qualifying,Mercedes,ANT,RUS,5.0,5.0,92.95,92.523,-0.4270000000000067,SOFT,2.0,2.0,2,dry,green,,,,,
matched_pair,2026,Chinese Grand Prix,Qualifying,qualifying,Mercedes,ANT,RUS,2.0,2.0,93.305,93.262,-0.043000000000006366,SOFT,1.0,1.0,2,dry,green,,,,,
matched_pair,2026,Chinese Grand Prix,Qualifying,qualifying,Racing Bulls,LAW,LIN,11.0,11.0,93.765,93.784,0.019000000000005457,SOFT,3.0,3.0,2,dry,green,,,,,
matched_pair,2026,Chinese Grand Prix,Qualifying,qualifying,Racing Bulls,LAW,LIN,2.0,3.0,94.731,95.035,0.30400000000000205,SOFT,1.0,1.0,2,dry,green,,,,,
matched_pair,2026,Chinese Grand Prix,Qualifying,qualifying,Racing Bulls,LAW,LIN,5.0,5.0,94.209,95.961,1.7519999999999953,SOFT,2.0,1.0,2,dry,green,,,,,
matched_pair,2026,Chinese Grand Prix,Qualifying,qualifying,Racing Bulls,LAW,LIN,8.0,8.0,94.139,93.906,-0.23299999999998988,SOFT,2.0,2.0,5,dry,green,,,,,
matched_pair,2026,Chinese Grand Prix,Qualifying,qualifying,Red Bull Racing,HAD,VER,16.0,16.0,93.354,93.334,-0.01999999999999602,SOFT,5.0,5.0,2,dry,green,,,,,
matched_pair,2026,Chinese Grand Prix,Qualifying,qualifying,Red Bull Racing,HAD,VER,19.0,19.0,93.121,93.002,-0.11899999999999977,SOFT,6.0,6.0,2,dry,green,,,,,
matched_pair,2026,Chinese Grand Prix,Qualifying,qualifying,Red Bull Racing,HAD,VER,10.0,10.0,93.352,93.179,-0.17300000000000182,SOFT,3.0,3.0,2,dry,green,,,,,
matched_pair,2026,Chinese Grand Prix,Qualifying,qualifying,Red Bull Racing,HAD,VER,13.0,13.0,93.497,93.098,-0.3990000000000009,SOFT,4.0,4.0,2,dry,green,,,,,
matched_pair,2026,Chinese Grand Prix,Qualifying,qualifying,Williams,ALB,SAI,3.0,3.0,95.501,95.352,-0.1490000000000009,SOFT,1.0,1.0,3,dry,green,,,,,
matched_pair,2026,Chinese Grand Prix,Qualifying,qualifying,Williams,ALB,SAI,6.0,6.0,95.145,96.698,1.5529999999999973,SOFT,2.0,2.0,2,dry,green,,,,,
matched_pair,2026,Chinese Grand Prix,Qualifying,qualifying,Williams,ALB,SAI,9.0,9.0,94.772,94.317,-0.4550000000000125,SOFT,3.0,3.0,2,dry,green,,,,,
matched_pair,2026,Japanese Grand Prix,Race,race,Alpine,COL,GAS,31.0,36.0,95.922,94.029,-1.8930000000000007,HARD,2.0,2.0,14,dry,green,16.0,16.0,7.0,7.0,
matched_pair,2026,Japanese Grand Prix,Race,race,Alpine,COL,GAS,32.0,37.0,95.555,93.839,-1.7160000000000082,HARD,2.0,2.0,15,dry,green,16.0,16.0,7.0,7.0,
matched_pair,2026,Japanese Grand Prix,Race,race,Alpine,COL,GAS,33.0,38.0,95.672,94.051,-1.6209999999999951,HARD,2.0,2.0,16,dry,green,16.0,16.0,7.0,7.0,
matched_pair,2026,Japanese Grand Prix,Race,race,Alpine,COL,GAS,34.0,39.0,94.76,93.691,-1.0690000000000026,HARD,2.0,2.0,17,dry,green,16.0,16.0,7.0,7.0,
matched_pair,2026,Japanese Grand Prix,Race,race,Alpine,COL,GAS,35.0,40.0,95.158,93.776,-1.382000000000005,HARD,2.0,2.0,18,dry,green,16.0,16.0,7.0,7.0,
matched_pair,2026,Japanese Grand Prix,Race,race,Alpine,COL,GAS,36.0,41.0,95.128,93.693,-1.4350000000000023,HARD,2.0,2.0,19,dry,green,16.0,16.0,7.0,7.0,
matched_pair,2026,Japanese Grand Prix,Race,race,Alpine,COL,GAS,37.0,42.0,94.952,93.891,-1.0609999999999928,HARD,2.0,2.0,20,dry,green,16.0,16.0,7.0,7.0,
matched_pair,2026,Japanese Grand Prix,Race,race,Alpine,COL,GAS,38.0,43.0,95.25,94.329,-0.9210000000000065,HARD,2.0,2.0,21,dry,green,16.0,16.0,7.0,7.0,
matched_pair,2026,Japanese Grand Prix,Race,race,Alpine,COL,GAS,39.0,44.0,95.133,94.457,-0.6760000000000019,HARD,2.0,2.0,22,dry,green,16.0,16.0,7.0,7.0,
matched_pair,2026,Japanese Grand Prix,Race,race,Alpine,COL,GAS,40.0,45.0,95.333,94.071,-1.2620000000000005,HARD,2.0,2.0,23,dry,green,16.0,16.0,7.0,7.0,
matched_pair,2026,Japanese Grand Prix,Race,race,Alpine,COL,GAS,41.0,46.0,94.512,93.861,-0.6509999999999962,HARD,2.0,2.0,24,dry,green,16.0,16.0,7.0,7.0,
matched_pair,2026,Japanese Grand Prix,Race,race,Alpine,COL,GAS,42.0,47.0,95.365,94.063,-1.3019999999999925,HARD,2.0,2.0,25,dry,green,16.0,16.0,7.0,7.0,
matched_pair,2026,Japanese Grand Prix,Race,race,Alpine,COL,GAS,43.0,48.0,94.746,94.619,-0.12699999999999534,HARD,2.0,2.0,26,dry,green,16.0,16.0,7.0,8.0,
matched_pair,2026,Japanese Grand Prix,Race,race,Alpine,COL,GAS,44.0,49.0,95.055,93.824,-1.2310000000000088,HARD,2.0,2.0,27,dry,green,16.0,16.0,8.0,7.0,
matched_pair,2026,Japanese Grand Prix,Race,race,Alpine,COL,GAS,45.0,50.0,95.358,94.222,-1.13600000000001,HARD,2.0,2.0,28,dry,green,16.0,16.0,7.0,7.0,
matched_pair,2026,Japanese Grand Prix,Race,race,Alpine,COL,GAS,46.0,51.0,94.853,93.827,-1.0259999999999962,HARD,2.0,2.0,29,dry,green,16.0,16.0,7.0,7.0,
matched_pair,2026,Japanese Grand Prix,Race,race,Alpine,COL,GAS,47.0,52.0,94.8,94.097,-0.703000000000003,HARD,2.0,2.0,30,dry,green,16.0,16.0,7.0,7.0,
matched_pair,2026,Japanese Grand Prix,Race,race,Alpine,COL,GAS,4.0,4.0,96.549,95.899,-0.6500000000000057,MEDIUM,1.0,1.0,4,dry,green,13.0,13.0,7.0,7.0,
matched_pair,2026,Japanese Grand Prix,Race,race,Alpine,COL,GAS,5.0,5.0,96.568,95.872,-0.695999999999998,MEDIUM,1.0,1.0,5,dry,green,13.0,13.0,7.0,7.0,
matched_pair,2026,Japanese Grand Prix,Race,race,Alpine,COL,GAS,7.0,7.0,96.509,95.944,-0.5649999999999977,MEDIUM,1.0,1.0,7,dry,green,13.0,13.0,7.0,7.0,
matched_pair,2026,Japanese Grand Prix,Race,race,Alpine,COL,GAS,8.0,8.0,96.428,95.566,-0.8619999999999948,MEDIUM,1.0,1.0,8,dry,green,13.0,13.0,7.0,7.0,
matched_pair,2026,Japanese Grand Prix,Race,race,Alpine,COL,GAS,9.0,9.0,96.572,95.616,-0.9560000000000031,MEDIUM,1.0,1.0,9,dry,green,13.0,13.0,7.0,7.0,
matched_pair,2026,Japanese Grand Prix,Race,race,Alpine,COL,GAS,10.0,10.0,96.649,95.871,-0.7780000000000058,MEDIUM,1.0,1.0,10,dry,green,13.0,13.0,7.0,7.0,
matched_pair,2026,Japanese Grand Prix,Race,race,Alpine,COL,GAS,11.0,11.0,96.675,95.717,-0.9579999999999984,MEDIUM,1.0,1.0,11,dry,green,13.0,13.0,7.0,7.0,
matched_pair,2026,Japanese Grand Prix,Race,race,Alpine,COL,GAS,12.0,12.0,96.922,95.524,-1.3979999999999961,MEDIUM,1.0,1.0,12,dry,green,13.0,13.0,7.0,7.0,
matched_pair,2026,Japanese Grand Prix,Race,race,Alpine,COL,GAS,14.0,14.0,96.909,96.11,-0.7990000000000066,MEDIUM,1.0,1.0,14,dry,green,13.0,13.0,7.0,7.0,
matched_pair,2026,Japanese Grand Prix,Race,race,Alpine,COL,GAS,15.0,15.0,96.841,95.94,-0.9009999999999962,MEDIUM,1.0,1.0,15,dry,green,13.0,13.0,7.0,7.0,
matched_pair,2026,Japanese Grand Prix,Race,race,Alpine,COL,GAS,16.0,16.0,96.702,95.837,-0.8649999999999949,MEDIUM,1.0,1.0,16,dry,green,13.0,13.0,7.0,7.0,
matched_pair,2026,Japanese Grand Prix,Race,race,Aston Martin,ALO,STR,2.0,2.0,98.589,98.369,-0.21999999999999886,MEDIUM,1.0,1.0,2,dry,green,20.0,20.0,22.0,21.0,
matched_pair,2026,Japanese Grand Prix,Race,race,Aston Martin,ALO,STR,3.0,3.0,98.501,98.229,-0.27200000000000557,MEDIUM,1.0,1.0,3,dry,green,20.0,20.0,21.0,21.0,
matched_pair,2026,Japanese Grand Prix,Race,race,Aston Martin,ALO,STR,4.0,4.0,98.517,98.587,0.07000000000000739,MEDIUM,1.0,1.0,4,dry,green,20.0,20.0,21.0,21.0,
matched_pair,2026,Japanese Grand Prix,Race,race,Aston Martin,ALO,STR,5.0,5.0,98.528,98.426,-0.10200000000000387,MEDIUM,1.0,1.0,5,dry,green,20.0,20.0,21.0,21.0,
matched_pair,2026,Japanese Grand Prix,Race,race,Aston Martin,ALO,STR,28.0,29.0,97.909,97.217,-0.6920000000000073,MEDIUM,3.0,3.0,5,dry,green,20.0,20.0,19.0,19.0,
matched_pair,2026,Japanese Grand Prix,Race,race,Aston Martin,ALO,STR,6.0,6.0,98.652,98.617,-0.03499999999999659,MEDIUM,1.0,1.0,6,dry,green,20.0,20.0,21.0,21.0,
matched_pair,2026,Japanese Grand Prix,Race,race,Aston Martin,ALO,STR,7.0,7.0,98.592,98.462,-0.12999999999999545,MEDIUM,1.0,1.0,7,dry,green,20.0,20.0,21.0,21.0,
matched_pair,2026,Japanese Grand Prix,Race,race,Aston Martin,ALO,STR,31.0,8.0,97.864,97.683,-0.18099999999999739,MEDIUM,3.0,1.0,8,dry,green,19.0,19.0,21.0,20.0,
matched_pair,2026,Japanese Grand Prix,Race,race,Aston Martin,ALO,STR,9.0,9.0,98.296,98.199,-0.09700000000000841,MEDIUM,1.0,1.0,9,dry,green,21.0,21.0,20.0,20.0,
matched_pair,2026,Japanese Grand Prix,Race,race,Aston Martin,ALO,STR,10.0,10.0,98.487,98.293,-0.1939999999999884,MEDIUM,1.0,1.0,10,dry,green,21.0,21.0,20.0,20.0,
matched_pair,2026,Japanese Grand Prix,Race,race,Aston Martin,ALO,STR,11.0,11.0,97.866,98.051,0.18500000000000227,MEDIUM,1.0,1.0,11,dry,green,21.0,21.0,20.0,20.0,
matched_pair,2026,Japanese Grand Prix,Race,race,Aston Martin,ALO,STR,12.0,12.0,98.235,98.622,0.38700000000000045,MEDIUM,1.0,1.0,12,dry,green,21.0,21.0,20.0,20.0,
matched_pair,2026,Japanese Grand Prix,Race,race,Aston Martin,ALO,STR,13.0,13.0,98.591,98.454,-0.13700000000000045,MEDIUM,1.0,1.0,13,dry,green,21.0,21.0,20.0,20.0,
matched_pair,2026,Japanese Grand Prix,Race,race,Aston Martin,ALO,STR,14.0,14.0,98.222,98.187,-0.03499999999999659,MEDIUM,1.0,1.0,14,dry,green,21.0,21.0,20.0,20.0,
matched_pair,2026,Japanese Grand Prix,Race,race,Aston Martin,ALO,STR,16.0,16.0,98.731,98.427,-0.30399999999998784,MEDIUM,1.0,1.0,16,dry,green,21.0,21.0,20.0,20.0,
matched_pair,2026,Japanese Grand Prix,Race,race,Aston Martin,ALO,STR,17.0,17.0,98.303,98.576,0.27299999999999613,MEDIUM,1.0,1.0,17,dry,green,21.0,21.0,20.0,20.0,
matched_pair,2026,Japanese Grand Prix,Race,race,Aston Martin,ALO,STR,18.0,18.0,98.504,98.454,-0.05000000000001137,MEDIUM,1.0,1.0,18,dry,green,21.0,21.0,20.0,20.0,
matched_pair,2026,Japanese Grand Prix,Race,race,Aston Martin,ALO,STR,19.0,19.0,98.602,98.372,-0.23000000000000398,MEDIUM,1.0,1.0,19,dry,green,21.0,21.0,20.0,20.0,
matched_pair,2026,Japanese Grand Prix,Race,race,Aston Martin,ALO,STR,20.0,20.0,98.18,98.406,0.2259999999999991,MEDIUM,1.0,1.0,20,dry,green,21.0,21.0,20.0,20.0,
matched_pair,2026,Japanese Grand Prix,Race,race,Audi,BOR,HUL,30.0,31.0,95.524,94.637,-0.8870000000000005,HARD,2.0,2.0,8,dry,green,11.0,11.0,14.0,13.0,
matched_pair,2026,Japanese Grand Prix,Race,race,Audi,BOR,HUL,31.0,32.0,95.18,94.905,-0.2750000000000057,HARD,2.0,2.0,9,dry,green,11.0,11.0,13.0,13.0,
matched_pair,2026,Japanese Grand Prix,Race,race,Audi,BOR,HUL,32.0,33.0,94.993,94.82,-0.17300000000000182,HARD,2.0,2.0,10,dry,green,11.0,11.0,13.0,13.0,
matched_pair,2026,Japanese Grand Prix,Race,race,Audi,BOR,HUL,33.0,34.0,94.891,95.027,0.13599999999999568,HARD,2.0,2.0,11,dry,green,11.0,11.0,13.0,13.0,
matched_pair,2026,Japanese Grand Prix,Race,race,Audi,BOR,HUL,34.0,35.0,95.093,95.547,0.4539999999999935,HARD,2.0,2.0,12,dry,green,11.0,11.0,13.0,13.0,
matched_pair,2026,Japanese Grand Prix,Race,race,Audi,BOR,HUL,35.0,36.0,95.767,95.386,-0.3810000000000002,HARD,2.0,2.0,13,dry,green,11.0,11.0,13.0,13.0,
matched_pair,2026,Japanese Grand Prix,Race,race,Audi,BOR,HUL,36.0,37.0,95.476,95.018,-0.4579999999999984,HARD,2.0,2.0,14,dry,green,11.0,12.0,13.0,13.0,
matched_pair,2026,Japanese Grand Prix,Race,race,Audi,BOR,HUL,37.0,38.0,95.043,94.831,-0.2120000000000033,HARD,2.0,2.0,15,dry,green,12.0,12.0,13.0,12.0,
matched_pair,2026,Japanese Grand Prix,Race,race,Audi,BOR,HUL,38.0,39.0,95.887,94.222,-1.6650000000000063,HARD,2.0,2.0,16,dry,green,12.0,13.0,12.0,12.0,
matched_pair,2026,Japanese Grand Prix,Race,race,Audi,BOR,HUL,39.0,40.0,94.641,94.132,-0.5090000000000003,HARD,2.0,2.0,17,dry,green,13.0,13.0,12.0,12.0,
matched_pair,2026,Japanese Grand Prix,Race,race,Audi,BOR,HUL,40.0,41.0,94.164,94.011,-0.1530000000000058,HARD,2.0,2.0,18,dry,green,13.0,13.0,12.0,12.0,
matched_pair,2026,Japanese Grand Prix,Race,race,Audi,BOR,HUL,41.0,42.0,94.664,94.212,-0.4519999999999982,HARD,2.0,2.0,19,dry,green,13.0,13.0,12.0,12.0,
matched_pair,2026,Japanese Grand Prix,Race,race,Audi,BOR,HUL,42.0,43.0,95.021,94.168,-0.8529999999999944,HARD,2.0,2.0,20,dry,green,13.0,13.0,12.0,12.0,
matched_pair,2026,Japanese Grand Prix,Race,race,Audi,BOR,HUL,43.0,44.0,95.143,94.426,-0.7169999999999987,HARD,2.0,2.0,21,dry,green,13.0,13.0,12.0,12.0,
matched_pair,2026,Japanese Grand Prix,Race,race,Audi,BOR,HUL,44.0,45.0,95.013,95.678,0.664999999999992,HARD,2.0,2.0,22,dry,green,13.0,13.0,12.0,12.0,
matched_pair,2026,Japanese Grand Prix,Race,race,Audi,BOR,HUL,46.0,47.0,94.786,93.732,-1.054000000000002,HARD,2.0,2.0,24,dry,green,13.0,13.0,12.0,11.0,
matched_pair,2026,Japanese Grand Prix,Race,race,Audi,BOR,HUL,47.0,48.0,94.722,94.137,-0.5849999999999937,HARD,2.0,2.0,25,dry,green,13.0,13.0,11.0,11.0,
matched_pair,2026,Japanese Grand Prix,Race,race,Audi,BOR,HUL,48.0,49.0,94.278,94.171,-0.10699999999999932,HARD,2.0,2.0,26,dry,green,13.0,13.0,11.0,11.0,
matched_pair,2026,Japanese Grand Prix,Race,race,Audi,BOR,HUL,49.0,50.0,95.055,94.177,-0.8780000000000001,HARD,2.0,2.0,27,dry,green,13.0,13.0,11.0,11.0,
matched_pair,2026,Japanese Grand Prix,Race,race,Audi,BOR,HUL,50.0,51.0,94.586,94.101,-0.48499999999999943,HARD,2.0,2.0,28,dry,green,13.0,13.0,11.0,11.0,
matched_pair,2026,Japanese Grand Prix,Race,race,Audi,BOR,HUL,51.0,52.0,94.33,93.853,-0.47700000000000387,HARD,2.0,2.0,29,dry,green,13.0,13.0,11.0,11.0,
matched_pair,2026,Japanese Grand Prix,Race,race,Audi,BOR,HUL,4.0,4.0,97.014,96.632,-0.3819999999999908,MEDIUM,1.0,1.0,4,dry,green,15.0,15.0,18.0,17.0,
matched_pair,2026,Japanese Grand Prix,Race,race,Audi,BOR,HUL,5.0,5.0,96.613,96.858,0.24500000000000455,MEDIUM,1.0,1.0,5,dry,green,15.0,15.0,17.0,17.0,
matched_pair,2026,Japanese Grand Prix,Race,race,Audi,BOR,HUL,6.0,6.0,96.651,97.522,0.8710000000000093,MEDIUM,1.0,1.0,6,dry,green,15.0,15.0,17.0,17.0,
matched_pair,2026,Japanese Grand Prix,Race,race,Audi,BOR,HUL,7.0,7.0,96.146,97.424,1.2780000000000058,MEDIUM,1.0,1.0,7,dry,green,15.0,14.0,17.0,17.0,
matched_pair,2026,Japanese Grand Prix,Race,race,Audi,BOR,HUL,8.0,8.0,96.613,97.149,0.5360000000000014,MEDIUM,1.0,1.0,8,dry,green,14.0,14.0,17.0,17.0,
matched_pair,2026,Japanese Grand Prix,Race,race,Audi,BOR,HUL,9.0,9.0,96.233,96.695,0.4619999999999891,MEDIUM,1.0,1.0,9,dry,green,14.0,14.0,17.0,17.0,
matched_pair,2026,Japanese Grand Prix,Race,race,Audi,BOR,HUL,10.0,10.0,96.263,96.943,0.6799999999999926,MEDIUM,1.0,1.0,10,dry,green,14.0,14.0,17.0,17.0,
matched_pair,2026,Japanese Grand Prix,Race,race,Audi,BOR,HUL,11.0,11.0,96.814,96.387,-0.4269999999999925,MEDIUM,1.0,1.0,11,dry,green,14.0,14.0,17.0,17.0,
matched_pair,2026,Japanese Grand Prix,Race,race,Audi,BOR,HUL,12.0,12.0,96.742,97.397,0.6550000000000011,MEDIUM,1.0,1.0,12,dry,green,14.0,14.0,17.0,17.0,
matched_pair,2026,Japanese Grand Prix,Race,race,Audi,BOR,HUL,13.0,13.0,97.393,96.972,-0.4210000000000065,MEDIUM,1.0,1.0,13,dry,green,14.0,14.0,17.0,17.0,
matched_pair,2026,Japanese Grand Prix,Race,race,Audi,BOR,HUL,14.0,14.0,96.882,96.49,-0.3920000000000101,MEDIUM,1.0,1.0,14,dry,green,14.0,14.0,17.0,17.0,
matched_pair,2026,Japanese Grand Prix,Race,race,Audi,BOR,HUL,15.0,15.0,96.508,95.778,-0.7299999999999898,MEDIUM,1.0,1.0,15,dry,green,14.0,14.0,17.0,16.0,
matched_pair,2026,Japanese Grand Prix,Race,race,Audi,BOR,HUL,16.0,16.0,97.257,96.277,-0.980000000000004,MEDIUM,1.0,1.0,16,dry,green,14.0,14.0,16.0,15.0,
matched_pair,2026,Japanese Grand Prix,Race,race,Audi,BOR,HUL,17.0,17.0,96.844,96.171,-0.6729999999999876,MEDIUM,1.0,1.0,17,dry,green,14.0,13.0,15.0,15.0,
matched_pair,2026,Japanese Grand Prix,Race,race,Audi,BOR,HUL,18.0,18.0,96.582,96.037,-0.5449999999999875,MEDIUM,1.0,1.0,18,dry,green,13.0,13.0,15.0,14.0,
matched_pair,2026,Japanese Grand Prix,Race,race,Audi,BOR,HUL,19.0,19.0,96.561,95.575,-0.9860000000000042,MEDIUM,1.0,1.0,19,dry,green,13.0,12.0,14.0,13.0,
matched_pair,2026,Japanese Grand Prix,Race,race,Audi,BOR,HUL,20.0,20.0,96.022,95.655,-0.36700000000000443,MEDIUM,1.0,1.0,20,dry,green,12.0,10.0,13.0,11.0,
matched_pair,2026,Japanese Grand Prix,Race,race,Cadillac,BOT,PER,8.0,29.0,98.658,96.293,-2.364999999999995,HARD,1.0,2.0,8,dry,green,22.0,22.0,18.0,18.0,
matched_pair,2026,Japanese Grand Prix,Race,race,Cadillac,BOT,PER,10.0,31.0,98.835,96.192,-2.6430000000000007,HARD,1.0,2.0,10,dry,green,22.0,22.0,18.0,18.0,
matched_pair,2026,Japanese Grand Prix,Race,race,Cadillac,BOT,PER,11.0,32.0,98.869,96.564,-2.305000000000007,HARD,1.0,2.0,11,dry,green,22.0,22.0,18.0,18.0,
matched_pair,2026,Japanese Grand Prix,Race,race,Cadillac,BOT,PER,12.0,33.0,99.272,96.366,-2.906000000000006,HARD,1.0,2.0,12,dry,green,22.0,22.0,18.0,18.0,
matched_pair,2026,Japanese Grand Prix,Race,race,Cadillac,BOT,PER,13.0,34.0,98.714,96.37,-2.343999999999994,HARD,1.0,2.0,13,dry,green,22.0,22.0,18.0,18.0,
matched_pair,2026,Japanese Grand Prix,Race,race,Cadillac,BOT,PER,14.0,35.0,99.447,96.07,-3.3770000000000095,HARD,1.0,2.0,14,dry,green,22.0,22.0,18.0,18.0,
matched_pair,2026,Japanese Grand Prix,Race,race,Cadillac,BOT,PER,15.0,36.0,98.951,96.238,-2.712999999999994,HARD,1.0,2.0,15,dry,green,22.0,22.0,18.0,18.0,
matched_pair,2026,Japanese Grand Prix,Race,race,Cadillac,BOT,PER,16.0,37.0,98.42,96.249,-2.1710000000000065,HARD,1.0,2.0,16,dry,green,22.0,22.0,18.0,18.0,
matched_pair,2026,Japanese Grand Prix,Race,race,Cadillac,BOT,PER,17.0,38.0,99.127,96.365,-2.7620000000000005,HARD,1.0,2.0,17,dry,green,22.0,22.0,18.0,18.0,
matched_pair,2026,Japanese Grand Prix,Race,race,Cadillac,BOT,PER,28.0,9.0,97.163,97.999,0.8359999999999985,MEDIUM,2.0,1.0,9,dry,green,21.0,21.0,19.0,19.0,
matched_pair,2026,Japanese Grand Prix,Race,race,Cadillac,BOT,PER,29.0,10.0,97.203,98.258,1.0549999999999926,MEDIUM,2.0,1.0,10,dry,green,21.0,21.0,19.0,19.0,
matched_pair,2026,Japanese Grand Prix,Race,race,Cadillac,BOT,PER,30.0,11.0,97.369,97.864,0.49500000000000455,MEDIUM,2.0,1.0,11,dry,green,21.0,21.0,19.0,19.0,
matched_pair,2026,Japanese Grand Prix,Race,race,Cadillac,BOT,PER,31.0,12.0,97.112,97.952,0.8400000000000034,MEDIUM,2.0,1.0,12,dry,green,21.0,20.0,19.0,19.0,
matched_pair,2026,Japanese Grand Prix,Race,race,Cadillac,BOT,PER,32.0,13.0,97.142,97.942,0.7999999999999972,MEDIUM,2.0,1.0,13,dry,green,20.0,20.0,19.0,19.0,
matched_pair,2026,Japanese Grand Prix,Race,race,Cadillac,BOT,PER,33.0,14.0,97.072,97.902,0.8299999999999983,MEDIUM,2.0,1.0,14,dry,green,20.0,20.0,19.0,19.0,
matched_pair,2026,Japanese Grand Prix,Race,race,Cadillac,BOT,PER,34.0,15.0,97.059,98.076,1.016999999999996,MEDIUM,2.0,1.0,15,dry,green,20.0,20.0,19.0,19.0,
matched_pair,2026,Japanese Grand Prix,Race,race,Cadillac,BOT,PER,35.0,16.0,97.169,97.789,0.6200000000000045,MEDIUM,2.0,1.0,16,dry,green,20.0,20.0,19.0,19.0,
matched_pair,2026,Japanese Grand Prix,Race,race,Cadillac,BOT,PER,36.0,17.0,97.19,97.91,0.7199999999999989,MEDIUM,2.0,1.0,17,dry,green,20.0,20.0,19.0,18.0,
matched_pair,2026,Japanese Grand Prix,Race,race,Cadillac,BOT,PER,38.0,19.0,96.853,97.961,1.108000000000004,MEDIUM,2.0,1.0,19,dry,green,20.0,20.0,18.0,19.0,
matched_pair,2026,Japanese Grand Prix,Race,race,Ferrari,HAM,LEC,34.0,29.0,93.301,93.666,0.3649999999999949,HARD,2.0,2.0,12,dry,green,3.0,3.0,5.0,5.0,
matched_pair,2026,Japanese Grand Prix,Race,race,Ferrari,HAM,LEC,35.0,30.0,93.696,93.696,0.0,HARD,2.0,2.0,13,dry,green,3.0,3.0,5.0,5.0,
matched_pair,2026,Japanese Grand Prix,Race,race,Ferrari,HAM,LEC,36.0,31.0,93.658,93.915,0.257000000000005,HARD,2.0,2.0,14,dry,green,3.0,3.0,5.0,5.0,
matched_pair,2026,Japanese Grand Prix,Race,race,Ferrari,HAM,LEC,37.0,32.0,93.934,93.494,-0.4399999999999977,HARD,2.0,2.0,15,dry,green,3.0,3.0,5.0,5.0,
matched_pair,2026,Japanese Grand Prix,Race,race,Ferrari,HAM,LEC,38.0,33.0,93.436,93.444,0.007999999999995566,HARD,2.0,2.0,16,dry,green,3.0,3.0,5.0,5.0,
matched_pair,2026,Japanese Grand Prix,Race,race,Ferrari,HAM,LEC,39.0,34.0,93.576,93.508,-0.06799999999999784,HARD,2.0,2.0,17,dry,green,3.0,3.0,5.0,5.0,
matched_pair,2026,Japanese Grand Prix,Race,race,Ferrari,HAM,LEC,40.0,35.0,93.869,93.252,-0.6170000000000044,HARD,2.0,2.0,18,dry,green,3.0,3.0,5.0,5.0,
matched_pair,2026,Japanese Grand Prix,Race,race,Ferrari,HAM,LEC,41.0,36.0,94.177,93.663,-0.51400000000001,HARD,2.0,2.0,19,dry,green,3.0,3.0,5.0,5.0,
matched_pair,2026,Japanese Grand Prix,Race,race,Ferrari,HAM,LEC,43.0,38.0,94.359,93.128,-1.2309999999999945,HARD,2.0,2.0,21,dry,green,4.0,5.0,4.0,4.0,
matched_pair,2026,Japanese Grand Prix,Race,race,Ferrari,HAM,LEC,44.0,39.0,93.636,93.457,-0.17900000000000205,HARD,2.0,2.0,22,dry,green,5.0,5.0,4.0,4.0,
matched_pair,2026,Japanese Grand Prix,Race,race,Ferrari,HAM,LEC,45.0,40.0,93.495,93.705,0.20999999999999375,HARD,2.0,2.0,23,dry,green,5.0,5.0,4.0,4.0,
matched_pair,2026,Japanese Grand Prix,Race,race,Ferrari,HAM,LEC,46.0,41.0,93.442,94.154,0.7120000000000033,HARD,2.0,2.0,24,dry,green,5.0,5.0,4.0,4.0,
matched_pair,2026,Japanese Grand Prix,Race,race,Ferrari,HAM,LEC,48.0,43.0,92.777,93.205,0.42799999999999727,HARD,2.0,2.0,26,dry,green,6.0,5.0,3.0,3.0,
matched_pair,2026,Japanese Grand Prix,Race,race,Ferrari,HAM,LEC,49.0,44.0,93.867,93.304,-0.5630000000000024,HARD,2.0,2.0,27,dry,green,5.0,5.0,3.0,3.0,
matched_pair,2026,Japanese Grand Prix,Race,race,Ferrari,HAM,LEC,52.0,47.0,94.193,93.122,-1.070999999999998,HARD,2.0,2.0,30,dry,green,6.0,6.0,3.0,3.0,
matched_pair,2026,Japanese Grand Prix,Race,race,Ferrari,HAM,LEC,2.0,2.0,95.496,95.126,-0.36999999999999034,MEDIUM,1.0,1.0,2,dry,green,5.0,6.0,2.0,2.0,
matched_pair,2026,Japanese Grand Prix,Race,race,Ferrari,HAM,LEC,3.0,3.0,95.394,95.105,-0.2890000000000015,MEDIUM,1.0,1.0,3,dry,green,6.0,6.0,2.0,2.0,
matched_pair,2026,Japanese Grand Prix,Race,race,Ferrari,HAM,LEC,5.0,5.0,95.453,95.209,-0.24399999999999977,MEDIUM,1.0,1.0,5,dry,green,6.0,6.0,3.0,3.0,
matched_pair,2026,Japanese Grand Prix,Race,race,Ferrari,HAM,LEC,6.0,6.0,95.172,95.287,0.1150000000000091,MEDIUM,1.0,1.0,6,dry,green,6.0,6.0,3.0,3.0,
matched_pair,2026,Japanese Grand Prix,Race,race,Ferrari,HAM,LEC,7.0,7.0,95.448,94.955,-0.492999999999995,MEDIUM,1.0,1.0,7,dry,green,6.0,6.0,3.0,3.0,
matched_pair,2026,Japanese Grand Prix,Race,race,Ferrari,HAM,LEC,8.0,8.0,95.565,95.458,-0.10699999999999932,MEDIUM,1.0,1.0,8,dry,green,6.0,6.0,3.0,3.0,
matched_pair,2026,Japanese Grand Prix,Race,race,Ferrari,HAM,LEC,10.0,10.0,95.166,95.146,-0.01999999999999602,MEDIUM,1.0,1.0,10,dry,green,6.0,6.0,3.0,3.0,
matched_pair,2026,Japanese Grand Prix,Race,race,Ferrari,HAM,LEC,11.0,11.0,95.434,95.145,-0.2890000000000015,MEDIUM,1.0,1.0,11,dry,green,6.0,6.0,3.0,3.0,
matched_pair,2026,Japanese Grand Prix,Race,race,Ferrari,HAM,LEC,12.0,12.0,95.161,95.201,0.03999999999999204,MEDIUM,1.0,1.0,12,dry,green,6.0,6.0,3.0,3.0,
matched_pair,2026,Japanese Grand Prix,Race,race,Ferrari,HAM,LEC,13.0,13.0,95.397,95.408,0.01099999999999568,MEDIUM,1.0,1.0,13,dry,green,6.0,6.0,3.0,3.0,
matched_pair,2026,Japanese Grand Prix,Race,race,Ferrari,HAM,LEC,14.0,14.0,95.283,95.305,0.02200000000000557,MEDIUM,1.0,1.0,14,dry,green,6.0,6.0,3.0,3.0,
matched_pair,2026,Japanese Grand Prix,Race,race,Ferrari,HAM,LEC,16.0,16.0,95.355,95.307,-0.04800000000000182,MEDIUM,1.0,1.0,16,dry,green,6.0,5.0,4.0,3.0,
matched_pair,2026,Japanese Grand Prix,Race,race,Haas F1 Team,BEA,OCO,2.0,2.0,96.402,96.654,0.25199999999999534,MEDIUM,1.0,1.0,2,dry,green,16.0,15.0,11.0,11.0,
matched_pair,2026,Japanese Grand Prix,Race,race,Haas F1 Team,BEA,OCO,4.0,4.0,96.663,95.956,-0.7069999999999936,MEDIUM,1.0,1.0,4,dry,green,14.0,14.0,10.0,10.0,
matched_pair,2026,Japanese Grand Prix,Race,race,Haas F1 Team,BEA,OCO,5.0,5.0,96.847,96.746,-0.10099999999999909,MEDIUM,1.0,1.0,5,dry,green,14.0,14.0,10.0,10.0,
matched_pair,2026,Japanese Grand Prix,Race,race,Haas F1 Team,BEA,OCO,6.0,6.0,96.914,96.55,-0.3640000000000043,MEDIUM,1.0,1.0,6,dry,green,14.0,14.0,10.0,9.0,
matched_pair,2026,Japanese Grand Prix,Race,race,Haas F1 Team,BEA,OCO,7.0,7.0,97.42,96.288,-1.132000000000005,MEDIUM,1.0,1.0,7,dry,green,14.0,15.0,9.0,9.0,
matched_pair,2026,Japanese Grand Prix,Race,race,Haas F1 Team,BEA,OCO,8.0,8.0,96.291,95.822,-0.4689999999999941,MEDIUM,1.0,1.0,8,dry,green,15.0,15.0,9.0,9.0,
matched_pair,2026,Japanese Grand Prix,Race,race,Haas F1 Team,BEA,OCO,9.0,9.0,96.294,96.357,0.06300000000000239,MEDIUM,1.0,1.0,9,dry,green,15.0,15.0,9.0,9.0,
matched_pair,2026,Japanese Grand Prix,Race,race,Haas F1 Team,BEA,OCO,10.0,10.0,96.764,96.43,-0.333999999999989,MEDIUM,1.0,1.0,10,dry,green,15.0,15.0,9.0,9.0,
matched_pair,2026,Japanese Grand Prix,Race,race,Haas F1 Team,BEA,OCO,12.0,12.0,97.128,96.593,-0.5349999999999966,MEDIUM,1.0,1.0,12,dry,green,15.0,15.0,9.0,9.0,
matched_pair,2026,Japanese Grand Prix,Race,race,Haas F1 Team,BEA,OCO,13.0,13.0,96.764,96.759,-0.0049999999999954525,MEDIUM,1.0,1.0,13,dry,green,15.0,15.0,9.0,9.0,
matched_pair,2026,Japanese Grand Prix,Race,race,Haas F1 Team,BEA,OCO,14.0,14.0,96.645,96.706,0.06100000000000705,MEDIUM,1.0,1.0,14,dry,green,15.0,15.0,9.0,9.0,
matched_pair,2026,Japanese Grand Prix,Race,race,Haas F1 Team,BEA,OCO,15.0,15.0,96.624,96.608,-0.015999999999991132,MEDIUM,1.0,1.0,15,dry,green,15.0,15.0,9.0,9.0,
matched_pair,2026,Japanese Grand Prix,Race,race,McLaren,NOR,PIA,19.0,21.0,94.285,94.01,-0.2749999999999915,HARD,2.0,2.0,3,dry,green,8.0,8.0,6.0,5.0,
matched_pair,2026,Japanese Grand Prix,Race,race,McLaren,NOR,PIA,29.0,31.0,94.083,93.41,-0.6730000000000018,HARD,2.0,2.0,13,dry,green,6.0,6.0,2.0,2.0,
matched_pair,2026,Japanese Grand Prix,Race,race,McLaren,NOR,PIA,30.0,32.0,93.851,93.605,-0.2459999999999951,HARD,2.0,2.0,14,dry,green,6.0,6.0,2.0,2.0,
matched_pair,2026,Japanese Grand Prix,Race,race,McLaren,NOR,PIA,31.0,33.0,94.131,93.484,-0.6470000000000056,HARD,2.0,2.0,15,dry,green,6.0,6.0,2.0,2.0,
matched_pair,2026,Japanese Grand Prix,Race,race,McLaren,NOR,PIA,32.0,34.0,94.419,93.401,-1.0180000000000007,HARD,2.0,2.0,16,dry,green,6.0,6.0,2.0,2.0,
matched_pair,2026,Japanese Grand Prix,Race,race,McLaren,NOR,PIA,33.0,35.0,93.787,93.509,-0.2780000000000058,HARD,2.0,2.0,17,dry,green,6.0,6.0,2.0,2.0,
matched_pair,2026,Japanese Grand Prix,Race,race,McLaren,NOR,PIA,34.0,36.0,93.494,93.411,-0.08299999999999841,HARD,2.0,2.0,18,dry,green,6.0,6.0,2.0,2.0,
matched_pair,2026,Japanese Grand Prix,Race,race,McLaren,NOR,PIA,35.0,37.0,93.58,93.708,0.1280000000000001,HARD,2.0,2.0,19,dry,green,6.0,6.0,2.0,2.0,
matched_pair,2026,Japanese Grand Prix,Race,race,McLaren,NOR,PIA,36.0,38.0,93.359,93.712,0.35300000000000864,HARD,2.0,2.0,20,dry,green,6.0,6.0,2.0,2.0,
matched_pair,2026,Japanese Grand Prix,Race,race,McLaren,NOR,PIA,37.0,39.0,93.602,93.467,-0.13500000000000512,HARD,2.0,2.0,21,dry,green,6.0,6.0,2.0,2.0,
matched_pair,2026,Japanese Grand Prix,Race,race,McLaren,NOR,PIA,38.0,40.0,93.455,93.469,0.013999999999995794,HARD,2.0,2.0,22,dry,green,6.0,6.0,2.0,2.0,
matched_pair,2026,Japanese Grand Prix,Race,race,McLaren,NOR,PIA,39.0,41.0,93.679,93.764,0.08499999999999375,HARD,2.0,2.0,23,dry,green,6.0,6.0,2.0,2.0,
matched_pair,2026,Japanese Grand Prix,Race,race,McLaren,NOR,PIA,40.0,42.0,93.347,93.513,0.16600000000001103,HARD,2.0,2.0,24,dry,green,6.0,6.0,2.0,2.0,
matched_pair,2026,Japanese Grand Prix,Race,race,McLaren,NOR,PIA,41.0,43.0,93.398,93.518,0.12000000000000455,HARD,2.0,2.0,25,dry,green,6.0,6.0,2.0,2.0,
matched_pair,2026,Japanese Grand Prix,Race,race,McLaren,NOR,PIA,42.0,44.0,93.702,93.431,-0.2710000000000008,HARD,2.0,2.0,26,dry,green,6.0,6.0,2.0,2.0,
matched_pair,2026,Japanese Grand Prix,Race,race,McLaren,NOR,PIA,43.0,45.0,93.927,93.523,-0.4040000000000106,HARD,2.0,2.0,27,dry,green,6.0,6.0,2.0,2.0,
matched_pair,2026,Japanese Grand Prix,Race,race,McLaren,NOR,PIA,44.0,46.0,93.362,93.329,-0.03300000000000125,HARD,2.0,2.0,28,dry,green,6.0,6.0,2.0,2.0,
matched_pair,2026,Japanese Grand Prix,Race,race,McLaren,NOR,PIA,45.0,47.0,93.521,93.197,-0.32399999999999807,HARD,2.0,2.0,29,dry,green,6.0,6.0,2.0,2.0,
matched_pair,2026,Japanese Grand Prix,Race,race,McLaren,NOR,PIA,46.0,48.0,93.437,93.371,-0.0660000000000025,HARD,2.0,2.0,30,dry,green,6.0,6.0,2.0,2.0,
matched_pair,2026,Japanese Grand Prix,Race,race,McLaren,NOR,PIA,47.0,49.0,93.624,92.996,-0.6280000000000001,HARD,2.0,2.0,31,dry,green,6.0,5.0,2.0,2.0,
matched_pair,2026,Japanese Grand Prix,Race,race,McLaren,NOR,PIA,49.0,51.0,93.483,93.826,0.3429999999999893,HARD,2.0,2.0,33,dry,green,6.0,6.0,2.0,2.0,
matched_pair,2026,Japanese Grand Prix,Race,race,McLaren,NOR,PIA,50.0,52.0,94.087,93.012,-1.0750000000000028,HARD,2.0,2.0,34,dry,green,6.0,5.0,2.0,2.0,
matched_pair,2026,Japanese Grand Prix,Race,race,McLaren,NOR,PIA,2.0,2.0,94.905,94.949,0.04399999999999693,MEDIUM,1.0,1.0,2,dry,green,3.0,3.0,1.0,1.0,
matched_pair,2026,Japanese Grand Prix,Race,race,McLaren,NOR,PIA,4.0,4.0,95.451,95.136,-0.3149999999999977,MEDIUM,1.0,1.0,4,dry,green,4.0,4.0,1.0,1.0,
matched_pair,2026,Japanese Grand Prix,Race,race,McLaren,NOR,PIA,5.0,5.0,95.17,95.124,-0.04600000000000648,MEDIUM,1.0,1.0,5,dry,green,4.0,4.0,1.0,1.0,
matched_pair,2026,Japanese Grand Prix,Race,race,McLaren,NOR,PIA,6.0,6.0,95.051,95.109,0.057999999999992724,MEDIUM,1.0,1.0,6,dry,green,4.0,4.0,1.0,1.0,
matched_pair,2026,Japanese Grand Prix,Race,race,McLaren,NOR,PIA,7.0,7.0,95.045,95.078,0.03300000000000125,MEDIUM,1.0,1.0,7,dry,green,4.0,4.0,1.0,1.0,
matched_pair,2026,Japanese Grand Prix,Race,race,McLaren,NOR,PIA,9.0,9.0,95.672,94.793,-0.8789999999999907,MEDIUM,1.0,1.0,9,dry,green,4.0,4.0,2.0,1.0,
matched_pair,2026,Japanese Grand Prix,Race,race,McLaren,NOR,PIA,10.0,10.0,95.228,95.111,-0.11699999999999022,MEDIUM,1.0,1.0,10,dry,green,4.0,4.0,1.0,1.0,
matched_pair,2026,Japanese Grand Prix,Race,race,McLaren,NOR,PIA,12.0,12.0,95.457,95.108,-0.34899999999998954,MEDIUM,1.0,1.0,12,dry,green,5.0,5.0,1.0,1.0,
matched_pair,2026,Japanese Grand Prix,Race,race,McLaren,NOR,PIA,13.0,13.0,95.079,94.856,-0.22299999999999898,MEDIUM,1.0,1.0,13,dry,green,5.0,5.0,1.0,1.0,
matched_pair,2026,Japanese Grand Prix,Race,race,McLaren,NOR,PIA,14.0,14.0,95.339,95.095,-0.24399999999999977,MEDIUM,1.0,1.0,14,dry,green,5.0,5.0,1.0,1.0,
matched_pair,2026,Japanese Grand Prix,Race,race,McLaren,NOR,PIA,15.0,15.0,95.315,94.905,-0.4099999999999966,MEDIUM,1.0,1.0,15,dry,green,5.0,5.0,1.0,1.0,
matched_pair,2026,Japanese Grand Prix,Race,race,Mercedes,ANT,RUS,30.0,29.0,92.859,93.717,0.8580000000000041,HARD,2.0,2.0,8,dry,green,1.0,1.0,4.0,4.0,
matched_pair,2026,Japanese Grand Prix,Race,race,Mercedes,ANT,RUS,31.0,30.0,93.258,93.612,0.3539999999999992,HARD,2.0,2.0,9,dry,green,1.0,1.0,4.0,4.0,
matched_pair,2026,Japanese Grand Prix,Race,race,Mercedes,ANT,RUS,32.0,31.0,92.868,93.905,1.0370000000000061,HARD,2.0,2.0,10,dry,green,1.0,1.0,4.0,4.0,
matched_pair,2026,Japanese Grand Prix,Race,race,Mercedes,ANT,RUS,33.0,32.0,92.999,93.405,0.4060000000000059,HARD,2.0,2.0,11,dry,green,1.0,1.0,4.0,4.0,
matched_pair,2026,Japanese Grand Prix,Race,race,Mercedes,ANT,RUS,34.0,33.0,92.909,93.5,0.590999999999994,HARD,2.0,2.0,12,dry,green,1.0,1.0,4.0,4.0,
matched_pair,2026,Japanese Grand Prix,Race,race,Mercedes,ANT,RUS,35.0,34.0,92.912,93.485,0.5729999999999933,HARD,2.0,2.0,13,dry,green,1.0,1.0,4.0,4.0,
matched_pair,2026,Japanese Grand Prix,Race,race,Mercedes,ANT,RUS,36.0,35.0,92.933,93.336,0.4029999999999916,HARD,2.0,2.0,14,dry,green,1.0,1.0,4.0,4.0,
matched_pair,2026,Japanese Grand Prix,Race,race,Mercedes,ANT,RUS,37.0,36.0,92.984,93.673,0.6890000000000072,HARD,2.0,2.0,15,dry,green,1.0,1.0,4.0,4.0,
matched_pair,2026,Japanese Grand Prix,Race,race,Mercedes,ANT,RUS,39.0,38.0,92.731,93.527,0.7960000000000065,HARD,2.0,2.0,17,dry,green,1.0,1.0,5.0,5.0,
matched_pair,2026,Japanese Grand Prix,Race,race,Mercedes,ANT,RUS,40.0,39.0,92.993,93.454,0.4609999999999985,HARD,2.0,2.0,18,dry,green,1.0,1.0,5.0,5.0,
matched_pair,2026,Japanese Grand Prix,Race,race,Mercedes,ANT,RUS,41.0,40.0,92.736,93.661,0.9249999999999972,HARD,2.0,2.0,19,dry,green,1.0,1.0,5.0,5.0,
matched_pair,2026,Japanese Grand Prix,Race,race,Mercedes,ANT,RUS,42.0,41.0,92.826,94.191,1.365000000000009,HARD,2.0,2.0,20,dry,green,1.0,1.0,5.0,5.0,
matched_pair,2026,Japanese Grand Prix,Race,race,Mercedes,ANT,RUS,43.0,42.0,92.538,94.031,1.4930000000000092,HARD,2.0,2.0,21,dry,green,1.0,1.0,5.0,5.0,
matched_pair,2026,Japanese Grand Prix,Race,race,Mercedes,ANT,RUS,44.0,43.0,92.57,92.897,0.3270000000000124,HARD,2.0,2.0,22,dry,green,1.0,1.0,5.0,4.0,
matched_pair,2026,Japanese Grand Prix,Race,race,Mercedes,ANT,RUS,45.0,44.0,92.819,93.053,0.23399999999999466,HARD,2.0,2.0,23,dry,green,1.0,1.0,4.0,4.0,
matched_pair,2026,Japanese Grand Prix,Race,race,Mercedes,ANT,RUS,46.0,45.0,92.722,93.274,0.5520000000000067,HARD,2.0,2.0,24,dry,green,1.0,1.0,4.0,4.0,
matched_pair,2026,Japanese Grand Prix,Race,race,Mercedes,ANT,RUS,47.0,46.0,93.211,93.146,-0.06499999999999773,HARD,2.0,2.0,25,dry,green,1.0,1.0,4.0,4.0,
matched_pair,2026,Japanese Grand Prix,Race,race,Mercedes,ANT,RUS,49.0,48.0,92.432,93.046,0.6140000000000043,HARD,2.0,2.0,27,dry,green,1.0,1.0,4.0,4.0,
matched_pair,2026,Japanese Grand Prix,Race,race,Mercedes,ANT,RUS,50.0,49.0,93.352,93.354,0.001999999999995339,HARD,2.0,2.0,28,dry,green,1.0,1.0,4.0,4.0,
matched_pair,2026,Japanese Grand Prix,Race,race,Mercedes,ANT,RUS,51.0,50.0,92.889,93.217,0.32800000000000296,HARD,2.0,2.0,29,dry,green,1.0,1.0,4.0,3.0,
matched_pair,2026,Japanese Grand Prix,Race,race,Mercedes,ANT,RUS,52.0,51.0,92.925,94.088,1.1629999999999967,HARD,2.0,2.0,30,dry,green,1.0,1.0,3.0,4.0,
matched_pair,2026,Japanese Grand Prix,Race,race,Mercedes,ANT,RUS,2.0,2.0,94.475,94.87,0.39500000000001023,MEDIUM,1.0,1.0,2,dry,green,6.0,5.0,4.0,4.0,
matched_pair,2026,Japanese Grand Prix,Race,race,Mercedes,ANT,RUS,3.0,3.0,95.536,94.469,-1.0670000000000073,MEDIUM,1.0,1.0,3,dry,green,5.0,5.0,4.0,3.0,
matched_pair,2026,Japanese Grand Prix,Race,race,Mercedes,ANT,RUS,4.0,4.0,95.523,94.772,-0.7509999999999906,MEDIUM,1.0,1.0,4,dry,green,5.0,5.0,3.0,2.0,
matched_pair,2026,Japanese Grand Prix,Race,race,Mercedes,ANT,RUS,5.0,5.0,95.24,94.71,-0.5300000000000011,MEDIUM,1.0,1.0,5,dry,green,5.0,5.0,2.0,2.0,
matched_pair,2026,Japanese Grand Prix,Race,race,Mercedes,ANT,RUS,6.0,6.0,94.962,94.796,-0.16599999999999682,MEDIUM,1.0,1.0,6,dry,green,5.0,5.0,2.0,2.0,
matched_pair,2026,Japanese Grand Prix,Race,race,Mercedes,ANT,RUS,7.0,7.0,95.076,94.741,-0.33499999999999375,MEDIUM,1.0,1.0,7,dry,green,5.0,5.0,2.0,2.0,
matched_pair,2026,Japanese Grand Prix,Race,race,Mercedes,ANT,RUS,8.0,8.0,95.203,95.043,-0.1599999999999966,MEDIUM,1.0,1.0,8,dry,green,5.0,5.0,2.0,1.0,
matched_pair,2026,Japanese Grand Prix,Race,race,Mercedes,ANT,RUS,10.0,10.0,95.41,94.936,-0.47399999999998954,MEDIUM,1.0,1.0,10,dry,green,5.0,5.0,2.0,2.0,
matched_pair,2026,Japanese Grand Prix,Race,race,Mercedes,ANT,RUS,11.0,11.0,95.115,95.332,0.21699999999999875,MEDIUM,1.0,1.0,11,dry,green,5.0,4.0,2.0,2.0,
matched_pair,2026,Japanese Grand Prix,Race,race,Mercedes,ANT,RUS,12.0,12.0,95.027,95.078,0.05100000000000193,MEDIUM,1.0,1.0,12,dry,green,4.0,4.0,2.0,2.0,
matched_pair,2026,Japanese Grand Prix,Race,race,Mercedes,ANT,RUS,13.0,13.0,94.944,95.249,0.3049999999999926,MEDIUM,1.0,1.0,13,dry,green,4.0,4.0,2.0,2.0,
matched_pair,2026,Japanese Grand Prix,Race,race,Mercedes,ANT,RUS,14.0,14.0,95.261,95.101,-0.1599999999999966,MEDIUM,1.0,1.0,14,dry,green,4.0,4.0,2.0,2.0,
matched_pair,2026,Japanese Grand Prix,Race,race,Mercedes,ANT,RUS,15.0,15.0,95.377,95.148,-0.2289999999999992,MEDIUM,1.0,1.0,15,dry,green,4.0,3.0,2.0,2.0,
matched_pair,2026,Japanese Grand Prix,Race,race,Mercedes,ANT,RUS,17.0,17.0,94.686,95.033,0.3469999999999942,MEDIUM,1.0,1.0,17,dry,green,4.0,3.0,2.0,2.0,
matched_pair,2026,Japanese Grand Prix,Race,race,Mercedes,ANT,RUS,18.0,18.0,94.095,94.788,0.6929999999999978,MEDIUM,1.0,1.0,18,dry,green,3.0,3.0,2.0,1.0,
matched_pair,2026,Japanese Grand Prix,Race,race,Mercedes,ANT,RUS,19.0,19.0,94.343,94.987,0.6439999999999912,MEDIUM,1.0,1.0,19,dry,green,3.0,2.0,1.0,1.0,
matched_pair,2026,Japanese Grand Prix,Race,race,Mercedes,ANT,RUS,20.0,20.0,94.241,94.523,0.2819999999999965,MEDIUM,1.0,1.0,20,dry,green,2.0,2.0,1.0,1.0,
matched_pair,2026,Japanese Grand Prix,Race,race,Racing Bulls,LAW,LIN,36.0,32.0,94.581,95.137,0.5559999999999974,HARD,2.0,2.0,14,dry,green,9.0,9.0,14.0,14.0,
matched_pair,2026,Japanese Grand Prix,Race,race,Racing Bulls,LAW,LIN,37.0,33.0,94.938,95.16,0.2219999999999942,HARD,2.0,2.0,15,dry,green,9.0,9.0,14.0,14.0,
matched_pair,2026,Japanese Grand Prix,Race,race,Racing Bulls,LAW,LIN,38.0,34.0,94.436,95.225,0.7889999999999873,HARD,2.0,2.0,16,dry,green,9.0,9.0,14.0,14.0,
matched_pair,2026,Japanese Grand Prix,Race,race,Racing Bulls,LAW,LIN,39.0,35.0,94.526,95.402,0.8760000000000048,HARD,2.0,2.0,17,dry,green,9.0,9.0,14.0,14.0,
matched_pair,2026,Japanese Grand Prix,Race,race,Racing Bulls,LAW,LIN,40.0,36.0,94.879,94.96,0.08099999999998886,HARD,2.0,2.0,18,dry,green,9.0,9.0,14.0,14.0,
matched_pair,2026,Japanese Grand Prix,Race,race,Racing Bulls,LAW,LIN,41.0,37.0,94.796,94.86,0.06399999999999295,HARD,2.0,2.0,19,dry,green,9.0,9.0,14.0,14.0,
matched_pair,2026,Japanese Grand Prix,Race,race,Racing Bulls,LAW,LIN,42.0,38.0,94.926,94.723,-0.20300000000000296,HARD,2.0,2.0,20,dry,green,9.0,9.0,14.0,14.0,
matched_pair,2026,Japanese Grand Prix,Race,race,Racing Bulls,LAW,LIN,43.0,39.0,94.87,95.096,0.2259999999999991,HARD,2.0,2.0,21,dry,green,9.0,9.0,14.0,14.0,
matched_pair,2026,Japanese Grand Prix,Race,race,Racing Bulls,LAW,LIN,44.0,40.0,94.882,94.521,-0.3610000000000042,HARD,2.0,2.0,22,dry,green,9.0,9.0,14.0,14.0,
matched_pair,2026,Japanese Grand Prix,Race,race,Racing Bulls,LAW,LIN,45.0,41.0,94.794,94.853,0.0589999999999975,HARD,2.0,2.0,23,dry,green,9.0,9.0,14.0,14.0,
matched_pair,2026,Japanese Grand Prix,Race,race,Racing Bulls,LAW,LIN,46.0,42.0,94.827,94.964,0.13700000000000045,HARD,2.0,2.0,24,dry,green,9.0,9.0,14.0,14.0,
matched_pair,2026,Japanese Grand Prix,Race,race,Racing Bulls,LAW,LIN,47.0,43.0,94.955,94.885,-0.06999999999999318,HARD,2.0,2.0,25,dry,green,9.0,9.0,14.0,14.0,
matched_pair,2026,Japanese Grand Prix,Race,race,Racing Bulls,LAW,LIN,48.0,44.0,94.668,94.769,0.10099999999999909,HARD,2.0,2.0,26,dry,green,9.0,9.0,14.0,14.0,
matched_pair,2026,Japanese Grand Prix,Race,race,Racing Bulls,LAW,LIN,49.0,45.0,94.701,94.733,0.03200000000001069,HARD,2.0,2.0,27,dry,green,9.0,9.0,14.0,14.0,
matched_pair,2026,Japanese Grand Prix,Race,race,Racing Bulls,LAW,LIN,50.0,46.0,94.634,94.676,0.04200000000000159,HARD,2.0,2.0,28,dry,green,9.0,9.0,14.0,14.0,
matched_pair,2026,Japanese Grand Prix,Race,race,Racing Bulls,LAW,LIN,51.0,47.0,94.341,94.716,0.375,HARD,2.0,2.0,29,dry,green,9.0,9.0,14.0,14.0,
matched_pair,2026,Japanese Grand Prix,Race,race,Racing Bulls,LAW,LIN,52.0,48.0,94.295,94.872,0.5769999999999982,HARD,2.0,2.0,30,dry,green,9.0,9.0,14.0,14.0,
matched_pair,2026,Japanese Grand Prix,Race,race,Racing Bulls,LAW,LIN,2.0,2.0,97.029,96.174,-0.8549999999999898,MEDIUM,1.0,1.0,2,dry,green,12.0,12.0,9.0,8.0,
matched_pair,2026,Japanese Grand Prix,Race,race,Racing Bulls,LAW,LIN,3.0,3.0,97.03,96.233,-0.796999999999997,MEDIUM,1.0,1.0,3,dry,green,12.0,12.0,8.0,8.0,
matched_pair,2026,Japanese Grand Prix,Race,race,Racing Bulls,LAW,LIN,4.0,4.0,96.522,96.039,-0.4830000000000041,MEDIUM,1.0,1.0,4,dry,green,12.0,12.0,8.0,8.0,
matched_pair,2026,Japanese Grand Prix,Race,race,Racing Bulls,LAW,LIN,7.0,7.0,96.572,96.39,-0.18200000000000216,MEDIUM,1.0,1.0,7,dry,green,12.0,12.0,10.0,10.0,
matched_pair,2026,Japanese Grand Prix,Race,race,Racing Bulls,LAW,LIN,8.0,8.0,96.432,96.083,-0.34900000000000375,MEDIUM,1.0,1.0,8,dry,green,12.0,12.0,10.0,10.0,
matched_pair,2026,Japanese Grand Prix,Race,race,Racing Bulls,LAW,LIN,9.0,9.0,96.629,96.39,-0.23900000000000432,MEDIUM,1.0,1.0,9,dry,green,12.0,12.0,10.0,10.0,
matched_pair,2026,Japanese Grand Prix,Race,race,Racing Bulls,LAW,LIN,10.0,10.0,96.618,96.491,-0.12699999999999534,MEDIUM,1.0,1.0,10,dry,green,12.0,12.0,10.0,10.0,
matched_pair,2026,Japanese Grand Prix,Race,race,Racing Bulls,LAW,LIN,11.0,11.0,96.55,97.139,0.5889999999999986,MEDIUM,1.0,1.0,11,dry,green,12.0,12.0,10.0,10.0,
matched_pair,2026,Japanese Grand Prix,Race,race,Racing Bulls,LAW,LIN,13.0,13.0,97.049,96.242,-0.8070000000000022,MEDIUM,1.0,1.0,13,dry,green,12.0,12.0,10.0,10.0,
matched_pair,2026,Japanese Grand Prix,Race,race,Racing Bulls,LAW,LIN,15.0,15.0,96.726,97.289,0.5630000000000024,MEDIUM,1.0,1.0,15,dry,green,12.0,12.0,10.0,10.0,
matched_pair,2026,Japanese Grand Prix,Race,race,Racing Bulls,LAW,LIN,16.0,16.0,96.822,96.823,0.000999999999990564,MEDIUM,1.0,1.0,16,dry,green,12.0,12.0,10.0,10.0,
matched_pair,2026,Japanese Grand Prix,Race,race,Racing Bulls,LAW,LIN,17.0,17.0,96.72,96.552,-0.16799999999999216,MEDIUM,1.0,1.0,17,dry,green,12.0,12.0,10.0,10.0,
matched_pair,2026,Japanese Grand Prix,Race,race,Red Bull Racing,HAD,VER,30.0,33.0,95.485,93.925,-1.5600000000000023,HARD,2.0,2.0,11,dry,green,12.0,12.0,8.0,8.0,
matched_pair,2026,Japanese Grand Prix,Race,race,Red Bull Racing,HAD,VER,31.0,34.0,95.255,93.841,-1.4140000000000015,HARD,2.0,2.0,12,dry,green,12.0,12.0,8.0,8.0,
matched_pair,2026,Japanese Grand Prix,Race,race,Red Bull Racing,HAD,VER,32.0,35.0,94.986,93.861,-1.125,HARD,2.0,2.0,13,dry,green,12.0,12.0,8.0,8.0,
matched_pair,2026,Japanese Grand Prix,Race,race,Red Bull Racing,HAD,VER,33.0,36.0,94.718,93.97,-0.7480000000000047,HARD,2.0,2.0,14,dry,green,12.0,12.0,8.0,8.0,
matched_pair,2026,Japanese Grand Prix,Race,race,Red Bull Racing,HAD,VER,34.0,37.0,95.145,93.852,-1.2929999999999922,HARD,2.0,2.0,15,dry,green,12.0,12.0,8.0,8.0,
matched_pair,2026,Japanese Grand Prix,Race,race,Red Bull Racing,HAD,VER,35.0,38.0,95.64,94.052,-1.5879999999999939,HARD,2.0,2.0,16,dry,green,12.0,12.0,8.0,8.0,
matched_pair,2026,Japanese Grand Prix,Race,race,Red Bull Racing,HAD,VER,36.0,39.0,93.96,94.139,0.17900000000000205,HARD,2.0,2.0,17,dry,green,12.0,11.0,8.0,8.0,
matched_pair,2026,Japanese Grand Prix,Race,race,Red Bull Racing,HAD,VER,37.0,40.0,94.637,93.988,-0.6490000000000009,HARD,2.0,2.0,18,dry,green,11.0,11.0,8.0,8.0,
matched_pair,2026,Japanese Grand Prix,Race,race,Red Bull Racing,HAD,VER,38.0,41.0,94.466,93.552,-0.9139999999999873,HARD,2.0,2.0,19,dry,green,11.0,11.0,8.0,8.0,
matched_pair,2026,Japanese Grand Prix,Race,race,Red Bull Racing,HAD,VER,39.0,42.0,94.558,93.706,-0.8520000000000039,HARD,2.0,2.0,20,dry,green,11.0,11.0,8.0,8.0,
matched_pair,2026,Japanese Grand Prix,Race,race,Red Bull Racing,HAD,VER,40.0,43.0,94.361,94.147,-0.21399999999999864,HARD,2.0,2.0,21,dry,green,11.0,11.0,8.0,8.0,
matched_pair,2026,Japanese Grand Prix,Race,race,Red Bull Racing,HAD,VER,41.0,44.0,94.482,94.215,-0.2669999999999959,HARD,2.0,2.0,22,dry,green,11.0,11.0,8.0,8.0,
matched_pair,2026,Japanese Grand Prix,Race,race,Red Bull Racing,HAD,VER,42.0,45.0,94.543,94.346,-0.19700000000000273,HARD,2.0,2.0,23,dry,green,11.0,11.0,8.0,8.0,
matched_pair,2026,Japanese Grand Prix,Race,race,Red Bull Racing,HAD,VER,43.0,46.0,94.872,93.911,-0.9609999999999985,HARD,2.0,2.0,24,dry,green,11.0,11.0,8.0,8.0,
matched_pair,2026,Japanese Grand Prix,Race,race,Red Bull Racing,HAD,VER,44.0,47.0,94.376,93.886,-0.4900000000000091,HARD,2.0,2.0,25,dry,green,11.0,11.0,8.0,8.0,
matched_pair,2026,Japanese Grand Prix,Race,race,Red Bull Racing,HAD,VER,47.0,50.0,95.366,93.921,-1.4449999999999932,HARD,2.0,2.0,28,dry,green,11.0,12.0,8.0,8.0,
matched_pair,2026,Japanese Grand Prix,Race,race,Red Bull Racing,HAD,VER,48.0,51.0,94.972,93.845,-1.1269999999999953,HARD,2.0,2.0,29,dry,green,12.0,12.0,8.0,8.0,
matched_pair,2026,Japanese Grand Prix,Race,race,Red Bull Racing,HAD,VER,49.0,52.0,94.946,93.973,-0.972999999999999,HARD,2.0,2.0,30,dry,green,12.0,12.0,8.0,8.0,
matched_pair,2026,Japanese Grand Prix,Race,race,Red Bull Racing,HAD,VER,3.0,3.0,97.193,95.854,-1.3389999999999986,MEDIUM,1.0,1.0,3,dry,green,10.0,11.0,9.0,9.0,
matched_pair,2026,Japanese Grand Prix,Race,race,Red Bull Racing,HAD,VER,4.0,4.0,96.017,95.867,-0.14999999999999147,MEDIUM,1.0,1.0,4,dry,green,11.0,11.0,9.0,9.0,
matched_pair,2026,Japanese Grand Prix,Race,race,Red Bull Racing,HAD,VER,7.0,7.0,96.393,96.067,-0.3260000000000076,MEDIUM,1.0,1.0,7,dry,green,11.0,11.0,8.0,8.0,
matched_pair,2026,Japanese Grand Prix,Race,race,Red Bull Racing,HAD,VER,8.0,8.0,96.203,95.725,-0.47800000000000864,MEDIUM,1.0,1.0,8,dry,green,11.0,11.0,8.0,8.0,
matched_pair,2026,Japanese Grand Prix,Race,race,Red Bull Racing,HAD,VER,9.0,9.0,96.505,95.848,-0.6569999999999965,MEDIUM,1.0,1.0,9,dry,green,11.0,11.0,8.0,8.0,
matched_pair,2026,Japanese Grand Prix,Race,race,Red Bull Racing,HAD,VER,10.0,10.0,96.234,95.727,-0.5069999999999908,MEDIUM,1.0,1.0,10,dry,green,11.0,11.0,8.0,8.0,
matched_pair,2026,Japanese Grand Prix,Race,race,Red Bull Racing,HAD,VER,11.0,11.0,96.941,95.63,-1.311000000000007,MEDIUM,1.0,1.0,11,dry,green,11.0,11.0,8.0,8.0,
matched_pair,2026,Japanese Grand Prix,Race,race,Red Bull Racing,HAD,VER,13.0,13.0,96.464,95.755,-0.7090000000000032,MEDIUM,1.0,1.0,13,dry,green,11.0,11.0,8.0,8.0,
matched_pair,2026,Japanese Grand Prix,Race,race,Red Bull Racing,HAD,VER,14.0,14.0,96.672,95.773,-0.8990000000000009,MEDIUM,1.0,1.0,14,dry,green,11.0,11.0,8.0,8.0,
matched_pair,2026,Japanese Grand Prix,Race,race,Red Bull Racing,HAD,VER,15.0,15.0,96.777,95.652,-1.125,MEDIUM,1.0,1.0,15,dry,green,11.0,11.0,8.0,8.0,
matched_pair,2026,Japanese Grand Prix,Race,race,Red Bull Racing,HAD,VER,16.0,16.0,97.204,95.587,-1.6169999999999902,MEDIUM,1.0,1.0,16,dry,green,11.0,11.0,8.0,8.0,
matched_pair,2026,Japanese Grand Prix,Race,race,Red Bull Racing,HAD,VER,17.0,17.0,96.985,95.535,-1.4500000000000028,MEDIUM,1.0,1.0,17,dry,green,11.0,11.0,8.0,7.0,
matched_pair,2026,Japanese Grand Prix,Race,race,Red Bull Racing,HAD,VER,18.0,18.0,96.294,95.608,-0.6859999999999928,MEDIUM,1.0,1.0,18,dry,green,11.0,10.0,7.0,6.0,
matched_pair,2026,Japanese Grand Prix,Race,race,Williams,ALB,SAI,32.0,32.0,95.909,95.583,-0.3260000000000076,HARD,2.0,2.0,10,dry,green,17.0,17.0,15.0,15.0,
matched_pair,2026,Japanese Grand Prix,Race,race,Williams,ALB,SAI,33.0,33.0,95.767,95.094,-0.6730000000000018,HARD,2.0,2.0,11,dry,green,17.0,17.0,15.0,15.0,
matched_pair,2026,Japanese Grand Prix,Race,race,Williams,ALB,SAI,34.0,34.0,95.598,95.138,-0.45999999999999375,HARD,2.0,2.0,12,dry,green,17.0,17.0,15.0,15.0,
matched_pair,2026,Japanese Grand Prix,Race,race,Williams,ALB,SAI,35.0,35.0,95.207,95.085,-0.12199999999999989,HARD,2.0,2.0,13,dry,green,17.0,17.0,15.0,15.0,
matched_pair,2026,Japanese Grand Prix,Race,race,Williams,ALB,SAI,36.0,36.0,95.138,94.903,-0.23499999999999943,HARD,2.0,2.0,14,dry,green,17.0,17.0,15.0,15.0,
matched_pair,2026,Japanese Grand Prix,Race,race,Williams,ALB,SAI,37.0,37.0,95.464,94.992,-0.4719999999999942,HARD,2.0,2.0,15,dry,green,17.0,17.0,15.0,15.0,
matched_pair,2026,Japanese Grand Prix,Race,race,Williams,ALB,SAI,38.0,38.0,95.086,94.514,-0.5720000000000027,HARD,2.0,2.0,16,dry,green,17.0,17.0,15.0,15.0,
matched_pair,2026,Japanese Grand Prix,Race,race,Williams,ALB,SAI,39.0,39.0,95.036,95.177,0.14100000000000534,HARD,2.0,2.0,17,dry,green,17.0,17.0,15.0,15.0,
matched_pair,2026,Japanese Grand Prix,Race,race,Williams,ALB,SAI,40.0,40.0,94.969,94.926,-0.042999999999992156,HARD,2.0,2.0,18,dry,green,17.0,17.0,15.0,15.0,
matched_pair,2026,Japanese Grand Prix,Race,race,Williams,ALB,SAI,41.0,41.0,94.973,95.064,0.09099999999999397,HARD,2.0,2.0,19,dry,green,17.0,17.0,15.0,15.0,
matched_pair,2026,Japanese Grand Prix,Race,race,Williams,ALB,SAI,42.0,42.0,95.7,95.071,-0.6290000000000049,HARD,2.0,2.0,20,dry,green,17.0,17.0,15.0,15.0,
matched_pair,2026,Japanese Grand Prix,Race,race,Williams,ALB,SAI,43.0,43.0,95.195,95.246,0.05100000000000193,HARD,2.0,2.0,21,dry,green,17.0,17.0,15.0,15.0,
matched_pair,2026,Japanese Grand Prix,Race,race,Williams,ALB,SAI,44.0,44.0,95.263,95.054,-0.20900000000000318,HARD,2.0,2.0,22,dry,green,17.0,17.0,15.0,15.0,
matched_pair,2026,Japanese Grand Prix,Race,race,Williams,ALB,SAI,5.0,5.0,96.796,96.72,-0.07600000000000762,MEDIUM,1.0,1.0,5,dry,green,18.0,18.0,16.0,16.0,
matched_pair,2026,Japanese Grand Prix,Race,race,Williams,ALB,SAI,7.0,7.0,97.545,97.362,-0.18300000000000693,MEDIUM,1.0,1.0,7,dry,green,18.0,18.0,16.0,16.0,
matched_pair,2026,Japanese Grand Prix,Race,race,Williams,ALB,SAI,8.0,8.0,97.437,96.893,-0.5439999999999969,MEDIUM,1.0,1.0,8,dry,green,18.0,18.0,16.0,16.0,
matched_pair,2026,Japanese Grand Prix,Race,race,Williams,ALB,SAI,9.0,9.0,97.212,96.848,-0.3640000000000043,MEDIUM,1.0,1.0,9,dry,green,18.0,18.0,16.0,16.0,
matched_pair,2026,Japanese Grand Prix,Race,race,Williams,ALB,SAI,10.0,10.0,97.235,96.761,-0.47400000000000375,MEDIUM,1.0,1.0,10,dry,green,18.0,18.0,16.0,16.0,
matched_pair,2026,Japanese Grand Prix,Race,race,Williams,ALB,SAI,11.0,11.0,97.028,96.489,-0.5390000000000015,MEDIUM,1.0,1.0,11,dry,green,18.0,18.0,16.0,16.0,
matched_pair,2026,Japanese Grand Prix,Race,race,Williams,ALB,SAI,12.0,12.0,97.058,97.374,0.3159999999999883,MEDIUM,1.0,1.0,12,dry,green,18.0,18.0,16.0,16.0,
matched_pair,2026,Japanese Grand Prix,Race,race,Williams,ALB,SAI,13.0,13.0,96.733,96.893,0.1599999999999966,MEDIUM,1.0,1.0,13,dry,green,18.0,18.0,16.0,16.0,
matched_pair,2026,Japanese Grand Prix,Race,race,Williams,ALB,SAI,14.0,14.0,97.146,97.031,-0.11499999999999488,MEDIUM,1.0,1.0,14,dry,green,18.0,18.0,16.0,16.0,
matched_pair,2026,Japanese Grand Prix,Race,race,Williams,ALB,SAI,16.0,16.0,96.879,96.557,-0.32200000000000273,MEDIUM,1.0,1.0,16,dry,green,18.0,18.0,17.0,17.0,
matched_pair,2026,Japanese Grand Prix,Race,race,Williams,ALB,SAI,17.0,17.0,96.78,96.914,0.13400000000000034,MEDIUM,1.0,1.0,17,dry,green,18.0,17.0,17.0,16.0,
matched_pair,2026,Japanese Grand Prix,Race,race,Williams,ALB,SAI,18.0,18.0,96.992,96.768,-0.22400000000000375,MEDIUM,1.0,1.0,18,dry,green,17.0,16.0,16.0,15.0,
matched_pair,2026,Japanese Grand Prix,Race,race,Williams,ALB,SAI,19.0,19.0,96.592,96.593,0.0010000000000047748,MEDIUM,1.0,1.0,19,dry,green,16.0,15.0,15.0,14.0,
matched_pair,2026,Japanese Grand Prix,Race,race,Williams,ALB,SAI,20.0,20.0,96.812,96.46,-0.35200000000000387,MEDIUM,1.0,1.0,20,dry,green,15.0,13.0,14.0,12.0,
matched_pair,2026,Japanese Grand Prix,Qualifying,qualifying,Alpine,COL,GAS,8.0,8.0,90.877,90.122,-0.7549999999999955,SOFT,3.0,3.0,2,dry,green,,,,,
matched_pair,2026,Japanese Grand Prix,Qualifying,qualifying,Alpine,COL,GAS,11.0,11.0,90.627,89.874,-0.7530000000000001,SOFT,4.0,4.0,2,dry,green,,,,,
matched_pair,2026,Japanese Grand Prix,Qualifying,qualifying,Alpine,COL,GAS,2.0,2.0,91.458,90.765,-0.6929999999999978,SOFT,1.0,1.0,2,dry,green,,,,,
matched_pair,2026,Japanese Grand Prix,Qualifying,qualifying,Alpine,COL,GAS,5.0,5.0,90.931,90.584,-0.3469999999999942,SOFT,2.0,2.0,2,dry,green,,,,,
matched_pair,2026,Japanese Grand Prix,Qualifying,qualifying,Aston Martin,ALO,STR,2.0,2.0,93.846,94.408,0.5619999999999976,SOFT,1.0,1.0,2,dry,green,,,,,
matched_pair,2026,Japanese Grand Prix,Qualifying,qualifying,Aston Martin,ALO,STR,5.0,5.0,93.392,92.92,-0.4719999999999942,SOFT,2.0,2.0,2,dry,green,,,,,
matched_pair,2026,Japanese Grand Prix,Qualifying,qualifying,Aston Martin,ALO,STR,8.0,8.0,92.646,93.333,0.6869999999999976,SOFT,3.0,3.0,2,dry,green,,,,,
matched_pair,2026,Japanese Grand Prix,Qualifying,qualifying,Audi,BOR,HUL,10.0,10.0,90.093,90.412,0.3190000000000026,SOFT,3.0,3.0,2,dry,green,,,,,
matched_pair,2026,Japanese Grand Prix,Qualifying,qualifying,Audi,BOR,HUL,13.0,13.0,89.99,90.387,0.39700000000000557,SOFT,4.0,4.0,2,dry,green,,,,,
matched_pair,2026,Japanese Grand Prix,Qualifying,qualifying,Audi,BOR,HUL,2.0,2.0,90.752,90.843,0.09100000000000819,SOFT,1.0,1.0,2,dry,green,,,,,
matched_pair,2026,Japanese Grand Prix,Qualifying,qualifying,Audi,BOR,HUL,4.0,4.0,90.966,90.542,-0.4239999999999924,SOFT,1.0,1.0,4,dry,green,,,,,
matched_pair,2026,Japanese Grand Prix,Qualifying,qualifying,Audi,BOR,HUL,7.0,7.0,90.359,90.358,-0.000999999999990564,SOFT,2.0,2.0,2,dry,green,,,,,
skipped_pair,2026,Japanese Grand Prix,Qualifying,qualifying,Cadillac,BOT,PER,,,,,,,,,,,,,,,,insufficient_matched_pairs
matched_pair,2026,Japanese Grand Prix,Qualifying,qualifying,Ferrari,HAM,LEC,16.0,14.0,89.567,89.434,-0.13299999999999557,SOFT,4.0,4.0,2,dry,green,,,,,
matched_pair,2026,Japanese Grand Prix,Qualifying,qualifying,Ferrari,HAM,LEC,19.0,17.0,89.66,89.405,-0.25499999999999545,SOFT,5.0,5.0,2,dry,green,,,,,
matched_pair,2026,Japanese Grand Prix,Qualifying,qualifying,Ferrari,HAM,LEC,8.0,8.0,90.118,89.785,-0.3329999999999984,SOFT,2.0,2.0,2,dry,green,,,,,
matched_pair,2026,Japanese Grand Prix,Qualifying,qualifying,Ferrari,HAM,LEC,11.0,11.0,89.945,89.303,-0.6419999999999959,SOFT,3.0,3.0,2,dry,green,,,,,
matched_pair,2026,Japanese Grand Prix,Qualifying,qualifying,Haas F1 Team,BEA,OCO,2.0,2.0,92.016,91.466,-0.5500000000000114,SOFT,1.0,1.0,2,dry,green,,,,,
matched_pair,2026,Japanese Grand Prix,Qualifying,qualifying,Haas F1 Team,BEA,OCO,5.0,5.0,91.421,91.196,-0.22500000000000853,SOFT,1.0,1.0,5,dry,green,,,,,
matched_pair,2026,Japanese Grand Prix,Qualifying,qualifying,Haas F1 Team,BEA,OCO,8.0,8.0,91.09,90.915,-0.17499999999999716,SOFT,2.0,2.0,2,dry,green,,,,,
matched_pair,2026,Japanese Grand Prix,Qualifying,qualifying,McLaren,NOR,PIA,16.0,16.0,89.409,89.132,-0.277000000000001,SOFT,5.0,5.0,2,dry,green,,,,,
matched_pair,2026,Japanese Grand Prix,Qualifying,qualifying,McLaren,NOR,PIA,19.0,19.0,89.757,89.198,-0.5590000000000117,SOFT,6.0,6.0,2,dry,green,,,,,
matched_pair,2026,Japanese Grand Prix,Qualifying,qualifying,McLaren,NOR,PIA,10.0,10.0,89.795,89.451,-0.3440000000000083,SOFT,3.0,3.0,2,dry,green,,,,,
matched_pair,2026,Japanese Grand Prix,Qualifying,qualifying,McLaren,NOR,PIA,13.0,13.0,90.101,89.829,-0.27200000000000557,SOFT,4.0,4.0,2,dry,green,,,,,
matched_pair,2026,Japanese Grand Prix,Qualifying,qualifying,Mercedes,ANT,RUS,11.0,17.0,88.778,89.076,0.2979999999999876,SOFT,4.0,5.0,2,dry,green,,,,,
matched_pair,2026,Japanese Grand Prix,Qualifying,qualifying,Mercedes,ANT,RUS,14.0,20.0,88.839,89.195,0.35599999999999454,SOFT,5.0,6.0,2,dry,green,,,,,
matched_pair,2026,Japanese Grand Prix,Qualifying,qualifying,Mercedes,ANT,RUS,5.0,8.0,89.774,90.117,0.3430000000000035,SOFT,2.0,3.0,2,dry,green,,,,,
matched_pair,2026,Japanese Grand Prix,Qualifying,qualifying,Mercedes,ANT,RUS,8.0,11.0,89.048,89.767,0.7189999999999941,SOFT,3.0,4.0,2,dry,green,,,,,
matched_pair,2026,Japanese Grand Prix,Qualifying,qualifying,Racing Bulls,LAW,LIN,11.0,11.0,91.004,90.694,-0.3100000000000023,SOFT,3.0,3.0,2,dry,green,,,,,
matched_pair,2026,Japanese Grand Prix,Qualifying,qualifying,Racing Bulls,LAW,LIN,14.0,14.0,90.495,90.109,-0.3860000000000099,SOFT,4.0,4.0,2,dry,green,,,,,
matched_pair,2026,Japanese Grand Prix,Qualifying,qualifying,Racing Bulls,LAW,LIN,5.0,2.0,91.048,91.634,0.5859999999999985,SOFT,1.0,1.0,5,dry,green,,,,,
matched_pair,2026,Japanese Grand Prix,Qualifying,qualifying,Racing Bulls,LAW,LIN,8.0,5.0,90.657,91.0,0.3430000000000035,SOFT,2.0,1.0,2,dry,green,,,,,
matched_pair,2026,Japanese Grand Prix,Qualifying,qualifying,Red Bull Racing,HAD,VER,8.0,8.0,90.339,90.363,0.02400000000000091,SOFT,3.0,3.0,2,dry,green,,,,,
matched_pair,2026,Japanese Grand Prix,Qualifying,qualifying,Red Bull Racing,HAD,VER,11.0,11.0,90.104,90.262,0.15800000000000125,SOFT,4.0,4.0,2,dry,green,,,,,
matched_pair,2026,Japanese Grand Prix,Qualifying,qualifying,Red Bull Racing,HAD,VER,2.0,2.0,90.662,90.726,0.06399999999999295,SOFT,1.0,1.0,2,dry,green,,,,,
matched_pair,2026,Japanese Grand Prix,Qualifying,qualifying,Red Bull Racing,HAD,VER,5.0,5.0,90.822,90.519,-0.30299999999999727,SOFT,2.0,2.0,2,dry,green,,,,,
matched_pair,2026,Japanese Grand Prix,Qualifying,qualifying,Williams,ALB,SAI,2.0,2.0,91.776,91.855,0.07900000000000773,SOFT,1.0,1.0,2,dry,green,,,,,
matched_pair,2026,Japanese Grand Prix,Qualifying,qualifying,Williams,ALB,SAI,5.0,5.0,91.51,91.676,0.16599999999999682,SOFT,2.0,2.0,2,dry,green,,,,,
matched_pair,2026,Japanese Grand Prix,Qualifying,qualifying,Williams,ALB,SAI,8.0,8.0,91.088,90.927,-0.16099999999998715,SOFT,3.0,3.0,2,dry,green,,,,,
skipped_pair,2026,Miami Grand Prix,Race,race,Alpine,COL,GAS,,,,,,,,,,,,,,,,insufficient_matched_pairs
matched_pair,2026,Miami Grand Prix,Race,race,Aston Martin,ALO,STR,2.0,2.0,96.627,96.569,-0.057999999999992724,MEDIUM,1.0,1.0,2,dry,green,20.0,20.0,16.0,16.0,
matched_pair,2026,Miami Grand Prix,Race,race,Aston Martin,ALO,STR,3.0,3.0,96.505,97.019,0.51400000000001,MEDIUM,1.0,1.0,3,dry,green,20.0,20.0,16.0,17.0,
matched_pair,2026,Miami Grand Prix,Race,race,Aston Martin,ALO,STR,4.0,4.0,96.45,96.418,-0.031999999999996476,MEDIUM,1.0,1.0,4,dry,green,20.0,20.0,17.0,17.0,
matched_pair,2026,Miami Grand Prix,Race,race,Aston Martin,ALO,STR,12.0,12.0,96.8,97.442,0.6419999999999959,MEDIUM,1.0,1.0,12,dry,green,17.0,17.0,15.0,16.0,
matched_pair,2026,Miami Grand Prix,Race,race,Aston Martin,ALO,STR,13.0,13.0,96.349,96.085,-0.26400000000001,MEDIUM,1.0,1.0,13,dry,green,17.0,17.0,16.0,16.0,
matched_pair,2026,Miami Grand Prix,Race,race,Aston Martin,ALO,STR,14.0,14.0,96.482,96.582,0.09999999999999432,MEDIUM,1.0,1.0,14,dry,green,17.0,17.0,16.0,16.0,
matched_pair,2026,Miami Grand Prix,Race,race,Aston Martin,ALO,STR,16.0,16.0,96.143,96.974,0.8310000000000031,MEDIUM,1.0,1.0,16,dry,green,17.0,17.0,18.0,18.0,
matched_pair,2026,Miami Grand Prix,Race,race,Aston Martin,ALO,STR,17.0,17.0,96.453,96.371,-0.08200000000000784,MEDIUM,1.0,1.0,17,dry,green,17.0,17.0,18.0,18.0,
matched_pair,2026,Miami Grand Prix,Race,race,Aston Martin,ALO,STR,18.0,18.0,96.939,96.539,-0.3999999999999915,MEDIUM,1.0,1.0,18,dry,green,17.0,17.0,18.0,18.0,
matched_pair,2026,Miami Grand Prix,Race,race,Aston Martin,ALO,STR,19.0,19.0,96.836,97.022,0.18600000000000705,MEDIUM,1.0,1.0,19,dry,green,17.0,17.0,18.0,18.0,
matched_pair,2026,Miami Grand Prix,Race,race,Aston Martin,ALO,STR,20.0,20.0,96.221,96.851,0.6299999999999955,MEDIUM,1.0,1.0,20,dry,green,17.0,16.0,18.0,18.0,
matched_pair,2026,Miami Grand Prix,Race,race,Aston Martin,ALO,STR,43.0,23.0,95.55,95.39,-0.1599999999999966,SOFT,2.0,2.0,2,dry,green,16.0,16.0,18.0,17.0,
matched_pair,2026,Miami Grand Prix,Race,race,Aston Martin,ALO,STR,44.0,40.0,93.512,94.958,1.445999999999998,SOFT,2.0,3.0,3,dry,green,16.0,16.0,17.0,17.0,
matched_pair,2026,Miami Grand Prix,Race,race,Aston Martin,ALO,STR,45.0,25.0,94.594,95.921,1.3270000000000124,SOFT,2.0,2.0,4,dry,green,16.0,16.0,17.0,17.0,
matched_pair,2026,Miami Grand Prix,Race,race,Aston Martin,ALO,STR,47.0,27.0,96.191,95.818,-0.37300000000000466,SOFT,2.0,2.0,6,dry,green,16.0,16.0,17.0,17.0,
matched_pair,2026,Miami Grand Prix,Race,race,Aston Martin,ALO,STR,50.0,30.0,96.116,95.505,-0.6110000000000042,SOFT,2.0,2.0,9,dry,green,16.0,16.0,17.0,17.0,
matched_pair,2026,Miami Grand Prix,Race,race,Aston Martin,ALO,STR,51.0,31.0,95.159,95.432,0.27299999999999613,SOFT,2.0,2.0,10,dry,green,16.0,15.0,17.0,17.0,
matched_pair,2026,Miami Grand Prix,Race,race,Aston Martin,ALO,STR,52.0,32.0,95.091,95.601,0.5100000000000051,SOFT,2.0,2.0,11,dry,green,15.0,15.0,17.0,17.0,
matched_pair,2026,Miami Grand Prix,Race,race,Aston Martin,ALO,STR,53.0,33.0,95.015,95.203,0.1880000000000024,SOFT,2.0,2.0,12,dry,green,15.0,15.0,17.0,17.0,
matched_pair,2026,Miami Grand Prix,Race,race,Aston Martin,ALO,STR,54.0,34.0,94.97,95.849,0.8790000000000049,SOFT,2.0,2.0,13,dry,green,15.0,15.0,17.0,17.0,
skipped_pair,2026,Miami Grand Prix,Race,race,Audi,BOR,HUL,,,,,,,,,,,,,,,,insufficient_matched_pairs
matched_pair,2026,Miami Grand Prix,Race,race,Cadillac,BOT,PER,23.0,2.0,96.375,96.783,0.40800000000000125,MEDIUM,3.0,1.0,2,dry,green,17.0,18.0,17.0,17.0,
matched_pair,2026,Miami Grand Prix,Race,race,Cadillac,BOT,PER,4.0,4.0,96.617,96.307,-0.3100000000000023,MEDIUM,1.0,1.0,4,dry,green,21.0,21.0,18.0,18.0,
matched_pair,2026,Miami Grand Prix,Race,race,Cadillac,BOT,PER,43.0,13.0,97.641,96.605,-1.0360000000000014,MEDIUM,4.0,1.0,13,dry,green,18.0,18.0,13.0,15.0,
matched_pair,2026,Miami Grand Prix,Race,race,Cadillac,BOT,PER,44.0,14.0,97.88,96.571,-1.3089999999999975,MEDIUM,4.0,1.0,14,dry,green,18.0,18.0,15.0,15.0,
matched_pair,2026,Miami Grand Prix,Race,race,Cadillac,BOT,PER,47.0,17.0,97.707,96.436,-1.2709999999999866,MEDIUM,4.0,1.0,17,dry,green,18.0,18.0,15.0,15.0,
matched_pair,2026,Miami Grand Prix,Race,race,Cadillac,BOT,PER,48.0,18.0,98.102,96.558,-1.543999999999997,MEDIUM,4.0,1.0,18,dry,green,18.0,18.0,15.0,15.0,
matched_pair,2026,Miami Grand Prix,Race,race,Cadillac,BOT,PER,50.0,20.0,98.37,96.498,-1.8719999999999999,MEDIUM,4.0,1.0,20,dry,green,18.0,18.0,15.0,15.0,
matched_pair,2026,Miami Grand Prix,Race,race,Cadillac,BOT,PER,51.0,21.0,97.283,96.52,-0.7630000000000052,MEDIUM,4.0,1.0,21,dry,green,18.0,18.0,15.0,15.0,
matched_pair,2026,Miami Grand Prix,Race,race,Cadillac,BOT,PER,52.0,22.0,99.178,96.255,-2.923000000000002,MEDIUM,4.0,1.0,22,dry,green,18.0,18.0,15.0,15.0,
matched_pair,2026,Miami Grand Prix,Race,race,Cadillac,BOT,PER,53.0,23.0,97.322,96.617,-0.7049999999999983,MEDIUM,4.0,1.0,23,dry,green,18.0,18.0,15.0,15.0,
matched_pair,2026,Miami Grand Prix,Race,race,Ferrari,HAM,LEC,29.0,23.0,92.676,93.886,1.2099999999999937,HARD,2.0,2.0,2,dry,green,8.0,8.0,11.0,10.0,
matched_pair,2026,Miami Grand Prix,Race,race,Ferrari,HAM,LEC,30.0,24.0,92.712,93.588,0.8759999999999906,HARD,2.0,2.0,3,dry,green,8.0,8.0,10.0,9.0,
matched_pair,2026,Miami Grand Prix,Race,race,Ferrari,HAM,LEC,31.0,25.0,92.864,92.986,0.12199999999999989,HARD,2.0,2.0,4,dry,green,8.0,8.0,9.0,9.0,
matched_pair,2026,Miami Grand Prix,Race,race,Ferrari,HAM,LEC,32.0,26.0,93.121,93.905,0.784000000000006,HARD,2.0,2.0,5,dry,green,8.0,7.0,9.0,8.0,
matched_pair,2026,Miami Grand Prix,Race,race,Ferrari,HAM,LEC,33.0,27.0,92.98,92.922,-0.058000000000006935,HARD,2.0,2.0,6,dry,green,7.0,7.0,8.0,8.0,
matched_pair,2026,Miami Grand Prix,Race,race,Ferrari,HAM,LEC,34.0,28.0,93.174,92.652,-0.5220000000000056,HARD,2.0,2.0,7,dry,green,7.0,7.0,8.0,7.0,
matched_pair,2026,Miami Grand Prix,Race,race,Ferrari,HAM,LEC,35.0,29.0,92.939,92.786,-0.1529999999999916,HARD,2.0,2.0,8,dry,green,7.0,7.0,7.0,6.0,
matched_pair,2026,Miami Grand Prix,Race,race,Ferrari,HAM,LEC,36.0,30.0,93.669,93.416,-0.2530000000000001,HARD,2.0,2.0,9,dry,green,7.0,7.0,6.0,6.0,
matched_pair,2026,Miami Grand Prix,Race,race,Ferrari,HAM,LEC,38.0,32.0,93.552,92.995,-0.5570000000000022,HARD,2.0,2.0,11,dry,green,7.0,7.0,4.0,4.0,
matched_pair,2026,Miami Grand Prix,Race,race,Ferrari,HAM,LEC,39.0,33.0,93.098,93.075,-0.022999999999996135,HARD,2.0,2.0,12,dry,green,7.0,7.0,4.0,4.0,
matched_pair,2026,Miami Grand Prix,Race,race,Ferrari,HAM,LEC,40.0,34.0,93.451,92.971,-0.47999999999998977,HARD,2.0,2.0,13,dry,green,7.0,7.0,4.0,4.0,
matched_pair,2026,Miami Grand Prix,Race,race,Ferrari,HAM,LEC,41.0,35.0,93.283,92.993,-0.29000000000000625,HARD,2.0,2.0,14,dry,green,7.0,7.0,4.0,4.0,
matched_pair,2026,Miami Grand Prix,Race,race,Ferrari,HAM,LEC,42.0,36.0,93.237,92.879,-0.3579999999999899,HARD,2.0,2.0,15,dry,green,7.0,7.0,4.0,4.0,
matched_pair,2026,Miami Grand Prix,Race,race,Ferrari,HAM,LEC,43.0,37.0,93.129,93.155,0.02599999999999625,HARD,2.0,2.0,16,dry,green,7.0,7.0,4.0,4.0,
matched_pair,2026,Miami Grand Prix,Race,race,Ferrari,HAM,LEC,44.0,38.0,92.893,92.993,0.09999999999999432,HARD,2.0,2.0,17,dry,green,7.0,7.0,4.0,4.0,
matched_pair,2026,Miami Grand Prix,Race,race,Ferrari,HAM,LEC,45.0,39.0,93.129,92.755,-0.37400000000000944,HARD,2.0,2.0,18,dry,green,7.0,7.0,4.0,4.0,
matched_pair,2026,Miami Grand Prix,Race,race,Ferrari,HAM,LEC,46.0,40.0,93.135,92.767,-0.3680000000000092,HARD,2.0,2.0,19,dry,green,7.0,7.0,4.0,4.0,
matched_pair,2026,Miami Grand Prix,Race,race,Ferrari,HAM,LEC,48.0,42.0,93.575,93.042,-0.5330000000000013,HARD,2.0,2.0,21,dry,green,7.0,7.0,4.0,4.0,
matched_pair,2026,Miami Grand Prix,Race,race,Ferrari,HAM,LEC,49.0,43.0,93.635,92.612,-1.0230000000000103,HARD,2.0,2.0,22,dry,green,7.0,7.0,4.0,4.0,
matched_pair,2026,Miami Grand Prix,Race,race,Ferrari,HAM,LEC,50.0,44.0,93.506,92.515,-0.9909999999999997,HARD,2.0,2.0,23,dry,green,7.0,7.0,4.0,4.0,
matched_pair,2026,Miami Grand Prix,Race,race,Ferrari,HAM,LEC,51.0,45.0,93.57,92.874,-0.695999999999998,HARD,2.0,2.0,24,dry,green,7.0,7.0,4.0,4.0,
matched_pair,2026,Miami Grand Prix,Race,race,Ferrari,HAM,LEC,2.0,2.0,93.545,93.036,-0.5090000000000003,MEDIUM,1.0,1.0,2,dry,green,6.0,6.0,1.0,1.0,
matched_pair,2026,Miami Grand Prix,Race,race,Ferrari,HAM,LEC,3.0,3.0,93.789,93.357,-0.43200000000000216,MEDIUM,1.0,1.0,3,dry,green,6.0,6.0,1.0,1.0,
matched_pair,2026,Miami Grand Prix,Race,race,Ferrari,HAM,LEC,13.0,13.0,93.754,94.381,0.6269999999999953,MEDIUM,1.0,1.0,13,dry,green,6.0,6.0,1.0,3.0,
matched_pair,2026,Miami Grand Prix,Race,race,Ferrari,HAM,LEC,14.0,14.0,93.554,93.744,0.18999999999999773,MEDIUM,1.0,1.0,14,dry,green,6.0,6.0,3.0,3.0,
matched_pair,2026,Miami Grand Prix,Race,race,Ferrari,HAM,LEC,15.0,15.0,93.777,93.56,-0.21699999999999875,MEDIUM,1.0,1.0,15,dry,green,6.0,6.0,3.0,3.0,
matched_pair,2026,Miami Grand Prix,Race,race,Ferrari,HAM,LEC,18.0,18.0,94.232,93.692,-0.5400000000000063,MEDIUM,1.0,1.0,18,dry,green,6.0,6.0,3.0,3.0,
matched_pair,2026,Miami Grand Prix,Race,race,Ferrari,HAM,LEC,19.0,19.0,94.024,93.539,-0.48499999999999943,MEDIUM,1.0,1.0,19,dry,green,6.0,6.0,3.0,3.0,
matched_pair,2026,Miami Grand Prix,Race,race,Ferrari,HAM,LEC,20.0,20.0,94.217,93.689,-0.5280000000000058,MEDIUM,1.0,1.0,20,dry,green,6.0,5.0,3.0,3.0,
matched_pair,2026,Miami Grand Prix,Race,race,Haas F1 Team,BEA,OCO,28.0,33.0,93.744,93.712,-0.031999999999996476,HARD,2.0,2.0,2,dry,green,14.0,13.0,13.0,12.0,
matched_pair,2026,Miami Grand Prix,Race,race,Haas F1 Team,BEA,OCO,29.0,34.0,94.061,94.051,-0.010000000000005116,HARD,2.0,2.0,3,dry,green,13.0,13.0,12.0,12.0,
matched_pair,2026,Miami Grand Prix,Race,race,Haas F1 Team,BEA,OCO,30.0,35.0,93.841,93.87,0.029000000000010573,HARD,2.0,2.0,4,dry,green,13.0,13.0,12.0,12.0,
matched_pair,2026,Miami Grand Prix,Race,race,Haas F1 Team,BEA,OCO,31.0,36.0,94.085,94.25,0.16500000000000625,HARD,2.0,2.0,5,dry,green,13.0,13.0,12.0,12.0,
matched_pair,2026,Miami Grand Prix,Race,race,Haas F1 Team,BEA,OCO,32.0,37.0,94.102,94.361,0.25900000000000034,HARD,2.0,2.0,6,dry,green,13.0,11.0,12.0,12.0,
matched_pair,2026,Miami Grand Prix,Race,race,Haas F1 Team,BEA,OCO,33.0,38.0,93.867,94.538,0.6709999999999923,HARD,2.0,2.0,7,dry,green,11.0,11.0,12.0,12.0,
matched_pair,2026,Miami Grand Prix,Race,race,Haas F1 Team,BEA,OCO,34.0,39.0,94.303,94.429,0.12600000000000477,HARD,2.0,2.0,8,dry,green,11.0,11.0,12.0,12.0,
matched_pair,2026,Miami Grand Prix,Race,race,Haas F1 Team,BEA,OCO,35.0,40.0,94.198,94.464,0.26600000000000534,HARD,2.0,2.0,9,dry,green,11.0,11.0,12.0,12.0,
matched_pair,2026,Miami Grand Prix,Race,race,Haas F1 Team,BEA,OCO,36.0,41.0,94.273,94.449,0.17600000000000193,HARD,2.0,2.0,10,dry,green,11.0,11.0,12.0,12.0,
matched_pair,2026,Miami Grand Prix,Race,race,Haas F1 Team,BEA,OCO,37.0,42.0,94.245,94.589,0.3439999999999941,HARD,2.0,2.0,11,dry,green,11.0,11.0,12.0,12.0,
matched_pair,2026,Miami Grand Prix,Race,race,Haas F1 Team,BEA,OCO,38.0,43.0,94.369,94.592,0.22299999999999898,HARD,2.0,2.0,12,dry,green,11.0,11.0,12.0,12.0,
matched_pair,2026,Miami Grand Prix,Race,race,Haas F1 Team,BEA,OCO,39.0,44.0,94.403,94.527,0.12399999999999523,HARD,2.0,2.0,13,dry,green,11.0,11.0,12.0,12.0,
matched_pair,2026,Miami Grand Prix,Race,race,Haas F1 Team,BEA,OCO,40.0,45.0,94.359,94.806,0.44700000000000273,HARD,2.0,2.0,14,dry,green,11.0,11.0,12.0,12.0,
matched_pair,2026,Miami Grand Prix,Race,race,Haas F1 Team,BEA,OCO,43.0,48.0,94.879,94.26,-0.6189999999999998,HARD,2.0,2.0,17,dry,green,11.0,11.0,13.0,13.0,
matched_pair,2026,Miami Grand Prix,Race,race,Haas F1 Team,BEA,OCO,44.0,49.0,94.482,94.259,-0.22299999999999898,HARD,2.0,2.0,18,dry,green,11.0,11.0,13.0,13.0,
matched_pair,2026,Miami Grand Prix,Race,race,Haas F1 Team,BEA,OCO,46.0,51.0,94.353,94.853,0.5,HARD,2.0,2.0,20,dry,green,11.0,11.0,13.0,13.0,
matched_pair,2026,Miami Grand Prix,Race,race,Haas F1 Team,BEA,OCO,48.0,53.0,94.753,94.427,-0.3259999999999934,HARD,2.0,2.0,22,dry,green,11.0,11.0,13.0,13.0,
matched_pair,2026,Miami Grand Prix,Race,race,Haas F1 Team,BEA,OCO,49.0,54.0,94.342,94.124,-0.21800000000000352,HARD,2.0,2.0,23,dry,green,11.0,11.0,13.0,13.0,
matched_pair,2026,Miami Grand Prix,Race,race,Haas F1 Team,BEA,OCO,50.0,55.0,94.287,94.416,0.12899999999999068,HARD,2.0,2.0,24,dry,green,11.0,11.0,13.0,13.0,
matched_pair,2026,Miami Grand Prix,Race,race,Haas F1 Team,BEA,OCO,3.0,3.0,94.892,95.181,0.2890000000000015,MEDIUM,1.0,1.0,3,dry,green,13.0,13.0,14.0,14.0,
matched_pair,2026,Miami Grand Prix,Race,race,Haas F1 Team,BEA,OCO,4.0,4.0,95.041,95.464,0.4230000000000018,MEDIUM,1.0,1.0,4,dry,green,13.0,13.0,14.0,14.0,
matched_pair,2026,Miami Grand Prix,Race,race,Haas F1 Team,BEA,OCO,12.0,12.0,95.269,95.213,-0.056000000000011596,MEDIUM,1.0,1.0,12,dry,green,10.0,10.0,11.0,11.0,
matched_pair,2026,Miami Grand Prix,Race,race,Haas F1 Team,BEA,OCO,13.0,13.0,95.032,95.07,0.0379999999999967,MEDIUM,1.0,1.0,13,dry,green,10.0,10.0,11.0,11.0,
matched_pair,2026,Miami Grand Prix,Race,race,Haas F1 Team,BEA,OCO,14.0,14.0,94.617,94.862,0.24499999999999034,MEDIUM,1.0,1.0,14,dry,green,10.0,10.0,11.0,11.0,
matched_pair,2026,Miami Grand Prix,Race,race,Haas F1 Team,BEA,OCO,15.0,15.0,95.111,95.665,0.554000000000002,MEDIUM,1.0,1.0,15,dry,green,10.0,11.0,11.0,12.0,
matched_pair,2026,Miami Grand Prix,Race,race,Haas F1 Team,BEA,OCO,17.0,17.0,95.207,95.127,-0.0799999999999983,MEDIUM,1.0,1.0,17,dry,green,11.0,11.0,12.0,12.0,
matched_pair,2026,Miami Grand Prix,Race,race,Haas F1 Team,BEA,OCO,18.0,18.0,95.176,95.226,0.04999999999999716,MEDIUM,1.0,1.0,18,dry,green,11.0,11.0,12.0,12.0,
matched_pair,2026,Miami Grand Prix,Race,race,Haas F1 Team,BEA,OCO,19.0,19.0,95.097,94.966,-0.13100000000000023,MEDIUM,1.0,1.0,19,dry,green,11.0,11.0,12.0,12.0,
matched_pair,2026,Miami Grand Prix,Race,race,Haas F1 Team,BEA,OCO,20.0,20.0,95.105,95.21,0.10499999999998977,MEDIUM,1.0,1.0,20,dry,green,11.0,11.0,12.0,12.0,
matched_pair,2026,Miami Grand Prix,Race,race,Haas F1 Team,BEA,OCO,21.0,21.0,95.271,95.117,-0.15399999999999636,MEDIUM,1.0,1.0,21,dry,green,11.0,10.0,12.0,11.0,
matched_pair,2026,Miami Grand Prix,Race,race,Haas F1 Team,BEA,OCO,24.0,24.0,95.107,95.213,0.10599999999999454,MEDIUM,1.0,1.0,24,dry,green,11.0,11.0,12.0,12.0,
matched_pair,2026,Miami Grand Prix,Race,race,Haas F1 Team,BEA,OCO,25.0,25.0,95.015,95.403,0.38800000000000523,MEDIUM,1.0,1.0,25,dry,green,11.0,11.0,12.0,12.0,
matched_pair,2026,Miami Grand Prix,Race,race,McLaren,NOR,PIA,30.0,31.0,92.247,92.439,0.19199999999999307,HARD,2.0,2.0,3,dry,green,2.0,2.0,7.0,6.0,
matched_pair,2026,Miami Grand Prix,Race,race,McLaren,NOR,PIA,31.0,32.0,92.069,92.398,0.3289999999999935,HARD,2.0,2.0,4,dry,green,2.0,2.0,6.0,6.0,
matched_pair,2026,Miami Grand Prix,Race,race,McLaren,NOR,PIA,32.0,33.0,92.155,93.32,1.164999999999992,HARD,2.0,2.0,5,dry,green,2.0,2.0,6.0,6.0,
matched_pair,2026,Miami Grand Prix,Race,race,McLaren,NOR,PIA,35.0,36.0,91.869,93.268,1.399000000000001,HARD,2.0,2.0,8,dry,green,2.0,2.0,5.0,5.0,
matched_pair,2026,Miami Grand Prix,Race,race,McLaren,NOR,PIA,36.0,37.0,92.326,92.836,0.5100000000000051,HARD,2.0,2.0,9,dry,green,2.0,2.0,5.0,5.0,
matched_pair,2026,Miami Grand Prix,Race,race,McLaren,NOR,PIA,37.0,38.0,92.391,92.55,0.15899999999999181,HARD,2.0,2.0,10,dry,green,2.0,2.0,5.0,5.0,
matched_pair,2026,Miami Grand Prix,Race,race,McLaren,NOR,PIA,38.0,39.0,92.383,92.593,0.21000000000000796,HARD,2.0,2.0,11,dry,green,2.0,2.0,5.0,5.0,
matched_pair,2026,Miami Grand Prix,Race,race,McLaren,NOR,PIA,39.0,40.0,92.657,92.524,-0.13299999999999557,HARD,2.0,2.0,12,dry,green,2.0,2.0,5.0,5.0,
matched_pair,2026,Miami Grand Prix,Race,race,McLaren,NOR,PIA,40.0,41.0,92.64,92.8,0.1599999999999966,HARD,2.0,2.0,13,dry,green,2.0,2.0,5.0,5.0,
matched_pair,2026,Miami Grand Prix,Race,race,McLaren,NOR,PIA,41.0,42.0,92.676,92.664,-0.012000000000000455,HARD,2.0,2.0,14,dry,green,2.0,2.0,5.0,5.0,
matched_pair,2026,Miami Grand Prix,Race,race,McLaren,NOR,PIA,42.0,43.0,92.662,92.838,0.17599999999998772,HARD,2.0,2.0,15,dry,green,2.0,2.0,5.0,5.0,
matched_pair,2026,Miami Grand Prix,Race,race,McLaren,NOR,PIA,43.0,44.0,92.491,92.784,0.29300000000000637,HARD,2.0,2.0,16,dry,green,2.0,2.0,5.0,5.0,
matched_pair,2026,Miami Grand Prix,Race,race,McLaren,NOR,PIA,44.0,45.0,92.591,92.298,-0.29299999999999216,HARD,2.0,2.0,17,dry,green,2.0,2.0,5.0,5.0,
matched_pair,2026,Miami Grand Prix,Race,race,McLaren,NOR,PIA,45.0,46.0,92.469,92.496,0.027000000000001023,HARD,2.0,2.0,18,dry,green,2.0,2.0,5.0,5.0,
matched_pair,2026,Miami Grand Prix,Race,race,McLaren,NOR,PIA,46.0,47.0,92.715,92.61,-0.10500000000000398,HARD,2.0,2.0,19,dry,green,2.0,2.0,5.0,5.0,
matched_pair,2026,Miami Grand Prix,Race,race,McLaren,NOR,PIA,49.0,50.0,92.269,92.425,0.1559999999999917,HARD,2.0,2.0,22,dry,green,2.0,2.0,4.0,4.0,
matched_pair,2026,Miami Grand Prix,Race,race,McLaren,NOR,PIA,50.0,51.0,92.428,92.416,-0.012000000000000455,HARD,2.0,2.0,23,dry,green,2.0,2.0,4.0,4.0,
matched_pair,2026,Miami Grand Prix,Race,race,McLaren,NOR,PIA,51.0,52.0,92.394,92.449,0.05499999999999261,HARD,2.0,2.0,24,dry,green,2.0,2.0,4.0,4.0,
matched_pair,2026,Miami Grand Prix,Race,race,McLaren,NOR,PIA,52.0,53.0,92.464,92.22,-0.24399999999999977,HARD,2.0,2.0,25,dry,green,2.0,2.0,4.0,4.0,
matched_pair,2026,Miami Grand Prix,Race,race,McLaren,NOR,PIA,53.0,54.0,92.738,91.986,-0.7519999999999953,HARD,2.0,2.0,26,dry,green,2.0,2.0,4.0,4.0,
matched_pair,2026,Miami Grand Prix,Race,race,McLaren,NOR,PIA,54.0,55.0,92.038,92.696,0.6580000000000013,HARD,2.0,2.0,27,dry,green,2.0,2.0,4.0,4.0,
matched_pair,2026,Miami Grand Prix,Race,race,McLaren,NOR,PIA,55.0,56.0,92.493,93.246,0.7530000000000001,HARD,2.0,2.0,28,dry,green,2.0,2.0,4.0,3.0,
matched_pair,2026,Miami Grand Prix,Race,race,McLaren,NOR,PIA,2.0,2.0,92.77,93.525,0.7550000000000097,MEDIUM,1.0,1.0,2,dry,green,3.0,3.0,4.0,4.0,
matched_pair,2026,Miami Grand Prix,Race,race,McLaren,NOR,PIA,12.0,12.0,92.556,93.518,0.9620000000000033,MEDIUM,1.0,1.0,12,dry,green,2.0,2.0,5.0,4.0,
matched_pair,2026,Miami Grand Prix,Race,race,McLaren,NOR,PIA,13.0,13.0,92.894,93.463,0.5689999999999884,MEDIUM,1.0,1.0,13,dry,green,2.0,1.0,4.0,4.0,
matched_pair,2026,Miami Grand Prix,Race,race,McLaren,NOR,PIA,14.0,14.0,92.794,93.22,0.42600000000000193,MEDIUM,1.0,1.0,14,dry,green,1.0,1.0,4.0,4.0,
matched_pair,2026,Miami Grand Prix,Race,race,McLaren,NOR,PIA,15.0,15.0,92.987,93.497,0.5100000000000051,MEDIUM,1.0,1.0,15,dry,green,1.0,1.0,4.0,4.0,
matched_pair,2026,Miami Grand Prix,Race,race,McLaren,NOR,PIA,18.0,18.0,93.04,94.013,0.972999999999999,MEDIUM,1.0,1.0,18,dry,green,1.0,1.0,4.0,4.0,
matched_pair,2026,Miami Grand Prix,Race,race,McLaren,NOR,PIA,19.0,19.0,93.008,93.718,0.710000000000008,MEDIUM,1.0,1.0,19,dry,green,1.0,1.0,4.0,4.0,
matched_pair,2026,Miami Grand Prix,Race,race,McLaren,NOR,PIA,20.0,20.0,93.193,93.477,0.284000000000006,MEDIUM,1.0,1.0,20,dry,green,1.0,1.0,4.0,4.0,
matched_pair,2026,Miami Grand Prix,Race,race,McLaren,NOR,PIA,21.0,21.0,92.881,93.541,0.6599999999999966,MEDIUM,1.0,1.0,21,dry,green,1.0,1.0,4.0,3.0,
matched_pair,2026,Miami Grand Prix,Race,race,McLaren,NOR,PIA,22.0,22.0,93.048,93.874,0.8259999999999934,MEDIUM,1.0,1.0,22,dry,green,1.0,1.0,3.0,3.0,
matched_pair,2026,Miami Grand Prix,Race,race,McLaren,NOR,PIA,23.0,23.0,93.098,93.83,0.7319999999999993,MEDIUM,1.0,1.0,23,dry,green,1.0,1.0,3.0,3.0,
matched_pair,2026,Miami Grand Prix,Race,race,McLaren,NOR,PIA,24.0,24.0,93.093,93.64,0.546999999999997,MEDIUM,1.0,1.0,24,dry,green,1.0,1.0,3.0,3.0,
matched_pair,2026,Miami Grand Prix,Race,race,McLaren,NOR,PIA,26.0,26.0,93.059,94.071,1.0120000000000005,MEDIUM,1.0,1.0,26,dry,green,1.0,1.0,3.0,3.0,
matched_pair,2026,Miami Grand Prix,Race,race,Mercedes,ANT,RUS,29.0,23.0,92.331,93.752,1.4209999999999923,HARD,2.0,2.0,3,dry,green,2.0,1.0,10.0,9.0,
matched_pair,2026,Miami Grand Prix,Race,race,Mercedes,ANT,RUS,30.0,24.0,92.21,94.363,2.153000000000006,HARD,2.0,2.0,4,dry,green,1.0,1.0,9.0,8.0,
matched_pair,2026,Miami Grand Prix,Race,race,Mercedes,ANT,RUS,31.0,25.0,92.258,93.069,0.811000000000007,HARD,2.0,2.0,5,dry,green,1.0,1.0,8.0,8.0,
matched_pair,2026,Miami Grand Prix,Race,race,Mercedes,ANT,RUS,32.0,26.0,92.046,93.423,1.3769999999999953,HARD,2.0,2.0,6,dry,green,1.0,1.0,8.0,7.0,
matched_pair,2026,Miami Grand Prix,Race,race,Mercedes,ANT,RUS,33.0,27.0,92.113,93.205,1.0919999999999987,HARD,2.0,2.0,7,dry,green,1.0,1.0,7.0,7.0,
matched_pair,2026,Miami Grand Prix,Race,race,Mercedes,ANT,RUS,34.0,28.0,91.968,92.957,0.9889999999999901,HARD,2.0,2.0,8,dry,green,1.0,1.0,7.0,6.0,
matched_pair,2026,Miami Grand Prix,Race,race,Mercedes,ANT,RUS,35.0,29.0,92.487,92.906,0.41900000000001114,HARD,2.0,2.0,9,dry,green,1.0,1.0,6.0,5.0,
matched_pair,2026,Miami Grand Prix,Race,race,Mercedes,ANT,RUS,36.0,30.0,92.354,93.639,1.2849999999999966,HARD,2.0,2.0,10,dry,green,1.0,1.0,5.0,5.0,
matched_pair,2026,Miami Grand Prix,Race,race,Mercedes,ANT,RUS,37.0,31.0,92.483,94.234,1.7509999999999906,HARD,2.0,2.0,11,dry,green,1.0,1.0,5.0,5.0,
matched_pair,2026,Miami Grand Prix,Race,race,Mercedes,ANT,RUS,38.0,32.0,92.423,93.326,0.9029999999999916,HARD,2.0,2.0,12,dry,green,1.0,1.0,5.0,5.0,
matched_pair,2026,Miami Grand Prix,Race,race,Mercedes,ANT,RUS,39.0,33.0,92.382,93.547,1.164999999999992,HARD,2.0,2.0,13,dry,green,1.0,1.0,5.0,5.0,
matched_pair,2026,Miami Grand Prix,Race,race,Mercedes,ANT,RUS,42.0,36.0,92.496,93.722,1.225999999999999,HARD,2.0,2.0,16,dry,green,1.0,1.0,6.0,6.0,
matched_pair,2026,Miami Grand Prix,Race,race,Mercedes,ANT,RUS,43.0,37.0,92.186,93.203,1.016999999999996,HARD,2.0,2.0,17,dry,green,1.0,1.0,6.0,6.0,
matched_pair,2026,Miami Grand Prix,Race,race,Mercedes,ANT,RUS,44.0,38.0,92.211,93.237,1.0259999999999962,HARD,2.0,2.0,18,dry,green,1.0,1.0,6.0,6.0,
matched_pair,2026,Miami Grand Prix,Race,race,Mercedes,ANT,RUS,45.0,39.0,92.399,92.977,0.578000000000003,HARD,2.0,2.0,19,dry,green,1.0,1.0,6.0,6.0,
matched_pair,2026,Miami Grand Prix,Race,race,Mercedes,ANT,RUS,46.0,40.0,92.531,93.177,0.6460000000000008,HARD,2.0,2.0,20,dry,green,1.0,1.0,6.0,6.0,
matched_pair,2026,Miami Grand Prix,Race,race,Mercedes,ANT,RUS,49.0,43.0,92.243,93.293,1.0500000000000114,HARD,2.0,2.0,23,dry,green,1.0,1.0,6.0,6.0,
matched_pair,2026,Miami Grand Prix,Race,race,Mercedes,ANT,RUS,50.0,44.0,92.097,93.747,1.6500000000000057,HARD,2.0,2.0,24,dry,green,1.0,1.0,6.0,6.0,
matched_pair,2026,Miami Grand Prix,Race,race,Mercedes,ANT,RUS,51.0,45.0,92.418,93.07,0.6519999999999868,HARD,2.0,2.0,25,dry,green,1.0,1.0,6.0,6.0,
matched_pair,2026,Miami Grand Prix,Race,race,Mercedes,ANT,RUS,52.0,46.0,92.427,93.302,0.875,HARD,2.0,2.0,26,dry,green,1.0,1.0,6.0,6.0,
matched_pair,2026,Miami Grand Prix,Race,race,Mercedes,ANT,RUS,53.0,47.0,92.354,93.261,0.9069999999999965,HARD,2.0,2.0,27,dry,green,1.0,1.0,6.0,6.0,
matched_pair,2026,Miami Grand Prix,Race,race,Mercedes,ANT,RUS,55.0,49.0,92.347,92.741,0.39400000000000546,HARD,2.0,2.0,29,dry,green,1.0,1.0,6.0,6.0,
matched_pair,2026,Miami Grand Prix,Race,race,Mercedes,ANT,RUS,56.0,50.0,92.586,92.701,0.11499999999999488,HARD,2.0,2.0,30,dry,green,1.0,1.0,6.0,6.0,
matched_pair,2026,Miami Grand Prix,Race,race,Mercedes,ANT,RUS,2.0,2.0,92.936,93.194,0.25799999999999557,MEDIUM,1.0,1.0,2,dry,green,2.0,2.0,5.0,5.0,
matched_pair,2026,Miami Grand Prix,Race,race,Mercedes,ANT,RUS,3.0,3.0,93.224,93.574,0.3499999999999943,MEDIUM,1.0,1.0,3,dry,green,2.0,2.0,5.0,4.0,
matched_pair,2026,Miami Grand Prix,Race,race,Mercedes,ANT,RUS,4.0,4.0,93.586,93.873,0.28700000000000614,MEDIUM,1.0,1.0,4,dry,green,2.0,1.0,4.0,4.0,
matched_pair,2026,Miami Grand Prix,Race,race,Mercedes,ANT,RUS,13.0,13.0,93.07,93.583,0.5130000000000052,MEDIUM,1.0,1.0,13,dry,green,3.0,2.0,5.0,5.0,
matched_pair,2026,Miami Grand Prix,Race,race,Mercedes,ANT,RUS,14.0,14.0,93.314,93.818,0.5040000000000049,MEDIUM,1.0,1.0,14,dry,green,2.0,2.0,5.0,5.0,
matched_pair,2026,Miami Grand Prix,Race,race,Mercedes,ANT,RUS,15.0,15.0,93.18,93.495,0.3149999999999977,MEDIUM,1.0,1.0,15,dry,green,2.0,2.0,5.0,5.0,
matched_pair,2026,Miami Grand Prix,Race,race,Mercedes,ANT,RUS,17.0,17.0,93.053,93.99,0.9369999999999976,MEDIUM,1.0,1.0,17,dry,green,2.0,2.0,5.0,5.0,
matched_pair,2026,Miami Grand Prix,Race,race,Mercedes,ANT,RUS,18.0,18.0,93.244,94.058,0.8140000000000072,MEDIUM,1.0,1.0,18,dry,green,2.0,2.0,5.0,5.0,
matched_pair,2026,Miami Grand Prix,Race,race,Mercedes,ANT,RUS,19.0,19.0,93.345,93.873,0.5280000000000058,MEDIUM,1.0,1.0,19,dry,green,2.0,2.0,5.0,5.0,
skipped_pair,2026,Miami Grand Prix,Race,race,Racing Bulls,LAW,LIN,,,,,,,,,,,,,,,,insufficient_matched_pairs
skipped_pair,2026,Miami Grand Prix,Race,race,Red Bull Racing,HAD,VER,,,,,,,,,,,,,,,,insufficient_matched_pairs
matched_pair,2026,Miami Grand Prix,Race,race,Williams,ALB,SAI,29.0,30.0,93.875,93.026,-0.8490000000000038,HARD,2.0,2.0,2,dry,green,12.0,12.0,11.0,11.0,
matched_pair,2026,Miami Grand Prix,Race,race,Williams,ALB,SAI,30.0,31.0,93.784,93.311,-0.472999999999999,HARD,2.0,2.0,3,dry,green,12.0,12.0,11.0,11.0,
matched_pair,2026,Miami Grand Prix,Race,race,Williams,ALB,SAI,31.0,32.0,93.837,93.737,-0.10000000000000853,HARD,2.0,2.0,4,dry,green,12.0,12.0,11.0,9.0,
matched_pair,2026,Miami Grand Prix,Race,race,Williams,ALB,SAI,32.0,33.0,94.194,93.547,-0.6470000000000056,HARD,2.0,2.0,5,dry,green,12.0,10.0,9.0,9.0,
matched_pair,2026,Miami Grand Prix,Race,race,Williams,ALB,SAI,33.0,34.0,94.24,94.042,-0.1979999999999933,HARD,2.0,2.0,6,dry,green,10.0,10.0,9.0,9.0,
matched_pair,2026,Miami Grand Prix,Race,race,Williams,ALB,SAI,34.0,35.0,94.433,93.968,-0.4650000000000034,HARD,2.0,2.0,7,dry,green,10.0,10.0,9.0,9.0,
matched_pair,2026,Miami Grand Prix,Race,race,Williams,ALB,SAI,35.0,36.0,94.296,93.818,-0.47800000000000864,HARD,2.0,2.0,8,dry,green,10.0,10.0,9.0,9.0,
matched_pair,2026,Miami Grand Prix,Race,race,Williams,ALB,SAI,36.0,37.0,94.201,94.082,-0.11899999999999977,HARD,2.0,2.0,9,dry,green,10.0,10.0,9.0,9.0,
matched_pair,2026,Miami Grand Prix,Race,race,Williams,ALB,SAI,37.0,38.0,94.485,94.237,-0.24800000000000466,HARD,2.0,2.0,10,dry,green,10.0,10.0,9.0,9.0,
matched_pair,2026,Miami Grand Prix,Race,race,Williams,ALB,SAI,38.0,39.0,94.44,94.234,-0.20600000000000307,HARD,2.0,2.0,11,dry,green,10.0,10.0,9.0,9.0,
matched_pair,2026,Miami Grand Prix,Race,race,Williams,ALB,SAI,39.0,40.0,94.337,93.988,-0.34900000000000375,HARD,2.0,2.0,12,dry,green,10.0,10.0,9.0,9.0,
matched_pair,2026,Miami Grand Prix,Race,race,Williams,ALB,SAI,40.0,41.0,94.439,94.315,-0.12399999999999523,HARD,2.0,2.0,13,dry,green,10.0,10.0,9.0,9.0,
matched_pair,2026,Miami Grand Prix,Race,race,Williams,ALB,SAI,41.0,42.0,94.172,94.394,0.2220000000000084,HARD,2.0,2.0,14,dry,green,10.0,10.0,9.0,9.0,
matched_pair,2026,Miami Grand Prix,Race,race,Williams,ALB,SAI,42.0,43.0,94.366,94.241,-0.125,HARD,2.0,2.0,15,dry,green,10.0,10.0,9.0,9.0,
matched_pair,2026,Miami Grand Prix,Race,race,Williams,ALB,SAI,43.0,44.0,94.29,93.866,-0.4240000000000066,HARD,2.0,2.0,16,dry,green,10.0,10.0,9.0,9.0,
matched_pair,2026,Miami Grand Prix,Race,race,Williams,ALB,SAI,44.0,45.0,94.139,94.046,-0.09299999999998931,HARD,2.0,2.0,17,dry,green,10.0,10.0,9.0,9.0,
matched_pair,2026,Miami Grand Prix,Race,race,Williams,ALB,SAI,45.0,46.0,94.31,94.07,-0.2400000000000091,HARD,2.0,2.0,18,dry,green,10.0,10.0,9.0,9.0,
matched_pair,2026,Miami Grand Prix,Race,race,Williams,ALB,SAI,48.0,49.0,94.325,93.98,-0.34499999999999886,HARD,2.0,2.0,21,dry,green,10.0,10.0,9.0,9.0,
matched_pair,2026,Miami Grand Prix,Race,race,Williams,ALB,SAI,49.0,50.0,94.18,93.893,-0.28700000000000614,HARD,2.0,2.0,22,dry,green,10.0,10.0,9.0,9.0,
matched_pair,2026,Miami Grand Prix,Race,race,Williams,ALB,SAI,50.0,51.0,94.356,94.102,-0.2539999999999907,HARD,2.0,2.0,23,dry,green,10.0,10.0,9.0,9.0,
matched_pair,2026,Miami Grand Prix,Race,race,Williams,ALB,SAI,51.0,52.0,94.407,94.172,-0.23499999999999943,HARD,2.0,2.0,24,dry,green,10.0,10.0,9.0,9.0,
matched_pair,2026,Miami Grand Prix,Race,race,Williams,ALB,SAI,52.0,53.0,94.287,93.989,-0.2980000000000018,HARD,2.0,2.0,25,dry,green,10.0,10.0,9.0,9.0,
matched_pair,2026,Miami Grand Prix,Race,race,Williams,ALB,SAI,53.0,54.0,94.351,93.858,-0.492999999999995,HARD,2.0,2.0,26,dry,green,10.0,10.0,9.0,9.0,
matched_pair,2026,Miami Grand Prix,Race,race,Williams,ALB,SAI,54.0,55.0,94.253,93.951,-0.3020000000000067,HARD,2.0,2.0,27,dry,green,10.0,10.0,9.0,9.0,
matched_pair,2026,Miami Grand Prix,Race,race,Williams,ALB,SAI,3.0,3.0,94.932,95.295,0.36299999999999955,MEDIUM,1.0,1.0,3,dry,green,10.0,10.0,12.0,12.0,
matched_pair,2026,Miami Grand Prix,Race,race,Williams,ALB,SAI,4.0,4.0,94.77,94.844,0.07399999999999807,MEDIUM,1.0,1.0,4,dry,green,10.0,10.0,12.0,12.0,
matched_pair,2026,Miami Grand Prix,Race,race,Williams,ALB,SAI,12.0,12.0,95.206,95.161,-0.045000000000001705,MEDIUM,1.0,1.0,12,dry,green,8.0,8.0,9.0,9.0,
matched_pair,2026,Miami Grand Prix,Race,race,Williams,ALB,SAI,13.0,13.0,94.553,94.884,0.33100000000000307,MEDIUM,1.0,1.0,13,dry,green,8.0,8.0,9.0,9.0,
matched_pair,2026,Miami Grand Prix,Race,race,Williams,ALB,SAI,14.0,14.0,94.161,93.978,-0.18300000000000693,MEDIUM,1.0,1.0,14,dry,green,8.0,8.0,9.0,9.0,
matched_pair,2026,Miami Grand Prix,Race,race,Williams,ALB,SAI,15.0,15.0,95.47,94.223,-1.2469999999999999,MEDIUM,1.0,1.0,15,dry,green,8.0,9.0,9.0,8.0,
matched_pair,2026,Miami Grand Prix,Race,race,Williams,ALB,SAI,18.0,18.0,95.189,95.463,0.2740000000000009,MEDIUM,1.0,1.0,18,dry,green,10.0,10.0,8.0,9.0,
matched_pair,2026,Miami Grand Prix,Race,race,Williams,ALB,SAI,19.0,19.0,94.979,94.773,-0.20600000000000307,MEDIUM,1.0,1.0,19,dry,green,10.0,10.0,9.0,9.0,
matched_pair,2026,Miami Grand Prix,Race,race,Williams,ALB,SAI,20.0,20.0,95.212,94.8,-0.41200000000000614,MEDIUM,1.0,1.0,20,dry,green,10.0,10.0,9.0,9.0,
matched_pair,2026,Miami Grand Prix,Race,race,Williams,ALB,SAI,21.0,21.0,94.879,94.968,0.08899999999999864,MEDIUM,1.0,1.0,21,dry,green,10.0,9.0,9.0,8.0,
matched_pair,2026,Miami Grand Prix,Race,race,Williams,ALB,SAI,22.0,22.0,94.8,94.601,-0.19899999999999807,MEDIUM,1.0,1.0,22,dry,green,9.0,8.0,8.0,7.0,
matched_pair,2026,Miami Grand Prix,Race,race,Williams,ALB,SAI,23.0,23.0,95.097,94.651,-0.44599999999999795,MEDIUM,1.0,1.0,23,dry,green,8.0,8.0,7.0,7.0,
matched_pair,2026,Miami Grand Prix,Race,race,Williams,ALB,SAI,25.0,25.0,95.119,95.297,0.17799999999999727,MEDIUM,1.0,1.0,25,dry,green,10.0,10.0,7.0,7.0,
matched_pair,2026,Miami Grand Prix,Qualifying,qualifying,Alpine,COL,GAS,16.0,16.0,88.762,88.988,0.2259999999999991,SOFT,5.0,5.0,2,dry,green,,,,,
matched_pair,2026,Miami Grand Prix,Qualifying,qualifying,Alpine,COL,GAS,10.0,10.0,88.975,89.161,0.18600000000000705,SOFT,3.0,3.0,2,dry,green,,,,,
matched_pair,2026,Miami Grand Prix,Qualifying,qualifying,Alpine,COL,GAS,13.0,13.0,89.123,89.07,-0.05300000000001148,SOFT,4.0,4.0,2,dry,green,,,,,
skipped_pair,2026,Miami Grand Prix,Qualifying,qualifying,Aston Martin,ALO,STR,,,,,,,,,,,,,,,,insufficient_matched_pairs
skipped_pair,2026,Miami Grand Prix,Qualifying,qualifying,Audi,BOR,HUL,,,,,,,,,,,,,,,,insufficient_matched_pairs
skipped_pair,2026,Miami Grand Prix,Qualifying,qualifying,Cadillac,BOT,PER,,,,,,,,,,,,,,,,insufficient_matched_pairs
matched_pair,2026,Miami Grand Prix,Qualifying,qualifying,Ferrari,HAM,LEC,17.0,17.0,88.376,88.143,-0.2330000000000041,SOFT,5.0,5.0,2,dry,green,,,,,
matched_pair,2026,Miami Grand Prix,Qualifying,qualifying,Ferrari,HAM,LEC,20.0,20.0,88.319,88.203,-0.11599999999999966,SOFT,6.0,6.0,2,dry,green,,,,,
matched_pair,2026,Miami Grand Prix,Qualifying,qualifying,Ferrari,HAM,LEC,11.0,11.0,88.477,88.542,0.06499999999999773,SOFT,3.0,3.0,2,dry,green,,,,,
matched_pair,2026,Miami Grand Prix,Qualifying,qualifying,Ferrari,HAM,LEC,14.0,14.0,88.83,88.315,-0.5150000000000006,SOFT,4.0,4.0,2,dry,green,,,,,
matched_pair,2026,Miami Grand Prix,Qualifying,qualifying,Haas F1 Team,BEA,OCO,8.0,11.0,90.022,89.911,-0.1110000000000042,SOFT,3.0,4.0,2,dry,green,,,,,
matched_pair,2026,Miami Grand Prix,Qualifying,qualifying,Haas F1 Team,BEA,OCO,11.0,14.0,89.567,89.772,0.2050000000000125,SOFT,4.0,5.0,2,dry,green,,,,,
matched_pair,2026,Miami Grand Prix,Qualifying,qualifying,Haas F1 Team,BEA,OCO,2.0,2.0,90.203,90.783,0.5799999999999983,SOFT,1.0,1.0,2,dry,green,,,,,
matched_pair,2026,Miami Grand Prix,Qualifying,qualifying,Haas F1 Team,BEA,OCO,5.0,5.0,89.34,90.293,0.953000000000003,SOFT,2.0,2.0,2,dry,green,,,,,
matched_pair,2026,Miami Grand Prix,Qualifying,qualifying,McLaren,NOR,PIA,16.0,16.0,88.183,88.687,0.5039999999999907,SOFT,5.0,5.0,2,dry,green,,,,,
matched_pair,2026,Miami Grand Prix,Qualifying,qualifying,McLaren,NOR,PIA,19.0,19.0,88.527,88.5,-0.027000000000001023,SOFT,6.0,6.0,2,dry,green,,,,,
matched_pair,2026,Miami Grand Prix,Qualifying,qualifying,McLaren,NOR,PIA,10.0,10.0,89.04,88.902,-0.13800000000000523,SOFT,4.0,3.0,2,dry,green,,,,,
matched_pair,2026,Miami Grand Prix,Qualifying,qualifying,McLaren,NOR,PIA,13.0,13.0,88.92,88.332,-0.5880000000000081,SOFT,4.0,4.0,5,dry,green,,,,,
matched_pair,2026,Miami Grand Prix,Qualifying,qualifying,Mercedes,ANT,RUS,14.0,14.0,87.798,88.197,0.3990000000000009,SOFT,5.0,5.0,2,dry,green,,,,,
matched_pair,2026,Miami Grand Prix,Qualifying,qualifying,Mercedes,ANT,RUS,8.0,8.0,88.352,88.477,0.125,SOFT,3.0,3.0,2,dry,green,,,,,
matched_pair,2026,Miami Grand Prix,Qualifying,qualifying,Mercedes,ANT,RUS,11.0,11.0,88.289,88.822,0.5330000000000013,SOFT,4.0,4.0,2,dry,green,,,,,
skipped_pair,2026,Miami Grand Prix,Qualifying,qualifying,Racing Bulls,LAW,LIN,,,,,,,,,,,,,,,,insufficient_matched_pairs
matched_pair,2026,Miami Grand Prix,Qualifying,qualifying,Red Bull Racing,HAD,VER,17.0,11.0,88.789,88.181,-0.6080000000000041,SOFT,5.0,4.0,2,dry,green,,,,,
matched_pair,2026,Miami Grand Prix,Qualifying,qualifying,Red Bull Racing,HAD,VER,20.0,14.0,89.302,87.964,-1.338000000000008,SOFT,6.0,5.0,2,dry,green,,,,,
matched_pair,2026,Miami Grand Prix,Qualifying,qualifying,Red Bull Racing,HAD,VER,11.0,5.0,88.941,88.931,-0.010000000000005116,SOFT,3.0,2.0,2,dry,green,,,,,
matched_pair,2026,Miami Grand Prix,Qualifying,qualifying,Red Bull Racing,HAD,VER,14.0,8.0,89.259,88.116,-1.1430000000000007,SOFT,4.0,3.0,2,dry,green,,,,,
matched_pair,2026,Miami Grand Prix,Qualifying,qualifying,Williams,ALB,SAI,11.0,11.0,90.129,90.224,0.09499999999999886,SOFT,4.0,4.0,2,dry,green,,,,,
matched_pair,2026,Miami Grand Prix,Qualifying,qualifying,Williams,ALB,SAI,14.0,14.0,89.946,89.568,-0.3780000000000001,SOFT,5.0,5.0,2,dry,green,,,,,
matched_pair,2026,Miami Grand Prix,Qualifying,qualifying,Williams,ALB,SAI,5.0,2.0,90.143,92.426,2.2830000000000013,SOFT,2.0,1.0,2,dry,green,,,,,
matched_pair,2026,Miami Grand Prix,Qualifying,qualifying,Williams,ALB,SAI,8.0,5.0,89.72,90.21,0.4899999999999949,SOFT,3.0,2.0,2,dry,green,,,,,
