year,race_name,session_name,session_kind,team,driver_code,driver_median_s,n_construct_laps,field_median_s,n_field_drivers,n_field_teams,observed_driver_to_field_s,team_median_s,team_strength_same_session,team_strength_race_event,team_strength_race_season_mean,team_strength_race_trailing_mean,driver_rating_mu_s,team_target_s
2022,Abu Dhabi Grand Prix,Qualifying,qualifying,AlphaTauri,GAS,85.862,3,84.92150000000001,12,6,-0.9404999999999859,85.85749999999999,0.0,0.4444444444444444,0.4081547619047619,,-0.08121862419797127,-0.8592813758020146
2022,Abu Dhabi Grand Prix,Qualifying,qualifying,AlphaTauri,TSU,85.853,3,84.92150000000001,12,6,-0.9314999999999856,85.85749999999999,0.0,0.4444444444444444,0.4081547619047619,,-0.01826717338177214,-0.9132328266182135
2022,Abu Dhabi Grand Prix,Qualifying,qualifying,Aston Martin,STR,85.8685,4,84.92150000000001,12,6,-0.9469999999999885,85.73025,0.19999999999999996,0.6666666666666667,0.387531328320802,,-0.11131040426236238,-0.8356895957376261
2022,Abu Dhabi Grand Prix,Qualifying,qualifying,Aston Martin,VET,85.592,4,84.92150000000001,12,6,-0.6704999999999899,85.73025,0.19999999999999996,0.6666666666666667,0.387531328320802,,-0.12531111888416818,-0.5451888811158216
2022,Abu Dhabi Grand Prix,Qualifying,qualifying,Ferrari,LEC,84.43,4,84.92150000000001,12,6,0.49150000000000205,84.41550000000001,0.8,0.7777777777777778,0.8744164332399627,,0.4980360426406395,-0.006536042640637452
2022,Abu Dhabi Grand Prix,Qualifying,qualifying,Ferrari,SAI,84.40100000000001,4,84.92150000000001,12,6,0.5204999999999984,84.41550000000001,0.8,0.7777777777777778,0.8744164332399627,,0.42089768077579187,0.09960231922420654
2022,Abu Dhabi Grand Prix,Qualifying,qualifying,McLaren,NOR,84.903,3,84.92150000000001,12,6,0.01850000000000307,84.9855,0.4,0.5555555555555556,0.3907218442932729,,0.12450891586109554,-0.10600891586109247
2022,Abu Dhabi Grand Prix,Qualifying,qualifying,McLaren,RIC,85.068,3,84.92150000000001,12,6,-0.14649999999998897,84.9855,0.4,0.5555555555555556,0.3907218442932729,,-0.1338069192715026,-0.012693080728486378
2022,Abu Dhabi Grand Prix,Qualifying,qualifying,Mercedes,HAM,84.774,5,84.92150000000001,12,6,0.14750000000000796,84.857,0.6,0.8888888888888888,0.8018379281537176,,0.3949955738094543,-0.24749557380944637
2022,Abu Dhabi Grand Prix,Qualifying,qualifying,Mercedes,RUS,84.94,5,84.92150000000001,12,6,-0.01849999999998886,84.857,0.6,0.8888888888888888,0.8018379281537176,,0.45271685282537005,-0.4712168528253589
2022,Abu Dhabi Grand Prix,Qualifying,qualifying,Red Bull Racing,PER,84.3675,4,84.92150000000001,12,6,0.554000000000002,84.33625,1.0,1.0,0.9149007936507937,,0.050894241176247655,0.5031057588237544
2022,Abu Dhabi Grand Prix,Qualifying,qualifying,Red Bull Racing,VER,84.305,4,84.92150000000001,12,6,0.616500000000002,84.33625,1.0,1.0,0.9149007936507937,,0.44653785362151754,0.1699621463784845
2022,Abu Dhabi Grand Prix,Race,race,Alfa Romeo,BOT,92.6525,30,91.496,20,10,-1.1565000000000083,92.15950000000001,0.11111111111111116,0.11111111111111116,0.2804811507936508,,0.10127365318653098,-1.2577736531865393
2022,Abu Dhabi Grand Prix,Race,race,Alfa Romeo,ZHO,91.6665,30,91.496,20,10,-0.1705000000000041,92.15950000000001,0.11111111111111116,0.11111111111111116,0.2804811507936508,,-0.10127365318653098,-0.06922634681347312
2022,Abu Dhabi Grand Prix,Race,race,AlphaTauri,GAS,92.17349999999999,28,91.496,20,10,-0.6774999999999949,91.68724999999999,0.4444444444444444,0.4444444444444444,0.4081547619047619,,0.03412313799982952,-0.7116231379998244
2022,Abu Dhabi Grand Prix,Race,race,AlphaTauri,TSU,91.201,28,91.496,20,10,0.2950000000000017,91.68724999999999,0.4444444444444444,0.4444444444444444,0.4081547619047619,,-0.008871756926109803,0.3038717569261115
2022,Abu Dhabi Grand Prix,Race,race,Alpine,ALO,91.836,17,91.496,20,10,-0.3400000000000034,91.799,0.33333333333333337,0.33333333333333337,0.513154761904762,,0.016901313346079846,-0.35690131334608327
2022,Abu Dhabi Grand Prix,Race,race,Alpine,OCO,91.762,17,91.496,20,10,-0.26600000000000534,91.799,0.33333333333333337,0.33333333333333337,0.513154761904762,,-0.12843307985374308,-0.13756692014626226
2022,Abu Dhabi Grand Prix,Race,race,Aston Martin,STR,91.167,31,91.496,20,10,0.3289999999999935,91.303,0.6666666666666667,0.6666666666666667,0.387531328320802,,-0.2745680106068059,0.6035680106067994
2022,Abu Dhabi Grand Prix,Race,race,Aston Martin,VET,91.439,31,91.496,20,10,0.05700000000000216,91.303,0.6666666666666667,0.6666666666666667,0.387531328320802,,-0.23363630178821726,0.2906363017882194
2022,Abu Dhabi Grand Prix,Race,race,Ferrari,LEC,90.415,32,91.496,20,10,1.0809999999999889,90.50874999999999,0.7777777777777778,0.7777777777777778,0.8744164332399627,,0.1958228383996559,0.885177161600333
2022,Abu Dhabi Grand Prix,Race,race,Ferrari,SAI,90.60249999999999,32,91.496,20,10,0.8935000000000031,90.50874999999999,0.7777777777777778,0.7777777777777778,0.8744164332399627,,0.13770117581501623,0.7557988241849869
2022,Abu Dhabi Grand Prix,Race,race,Haas F1 Team,MAG,92.52199999999999,30,91.496,20,10,-1.0259999999999962,92.25925,0.0,0.0,0.23926237161531283,,-0.3934127617582333,-0.632587238241763
2022,Abu Dhabi Grand Prix,Race,race,Haas F1 Team,MSC,91.9965,30,91.496,20,10,-0.5005000000000024,92.25925,0.0,0.0,0.23926237161531283,,-0.26790288101912896,-0.23259711898087343
2022,Abu Dhabi Grand Prix,Race,race,McLaren,NOR,91.12950000000001,34,91.496,20,10,0.36649999999998784,91.34775,0.5555555555555556,0.5555555555555556,0.3907218442932729,,0.2594772926936577,0.10702270730633012
2022,Abu Dhabi Grand Prix,Race,race,McLaren,RIC,91.566,34,91.496,20,10,-0.07000000000000739,91.34775,0.5555555555555556,0.5555555555555556,0.3907218442932729,,0.04057543152386005,-0.11057543152386744
2022,Abu Dhabi Grand Prix,Race,race,Mercedes,HAM,90.358,32,91.496,20,10,1.137999999999991,90.461,0.8888888888888888,0.8888888888888888,0.8018379281537176,,-0.03013038881255811,1.1681303888125492
2022,Abu Dhabi Grand Prix,Race,race,Mercedes,RUS,90.564,32,91.496,20,10,0.9320000000000022,90.461,0.8888888888888888,0.8888888888888888,0.8018379281537176,,-0.09081960026679484,1.022819600266797
2022,Abu Dhabi Grand Prix,Race,race,Red Bull Racing,PER,90.5585,28,91.496,20,10,0.9375,90.34825000000001,1.0,1.0,0.9149007936507937,,0.6328857924494375,0.30461420755056245
2022,Abu Dhabi Grand Prix,Race,race,Red Bull Racing,VER,90.138,28,91.496,20,10,1.3579999999999899,90.34825000000001,1.0,1.0,0.9149007936507937,,1.05349042621627,0.3045095737837198
2022,Abu Dhabi Grand Prix,Race,race,Williams,ALB,91.553,38,91.496,20,10,-0.05700000000000216,91.84649999999999,0.2222222222222222,0.2222222222222222,0.16065162907268168,,0.26859346837757936,-0.3255934683775815
2022,Abu Dhabi Grand Prix,Race,race,Williams,LAT,92.14,38,91.496,20,10,-0.6440000000000055,91.84649999999999,0.2222222222222222,0.2222222222222222,0.16065162907268168,,-0.27089614105394466,-0.3731038589460608
2022,Australian Grand Prix,Qualifying,qualifying,Alfa Romeo,BOT,79.555,4,79.40375,16,8,-0.15125000000000455,79.86225,0.2857142857142857,0.5,0.2804811507936508,0.11111111111111116,0.13799208001694666,-0.2892420800169512
2022,Australian Grand Prix,Qualifying,qualifying,Alfa Romeo,ZHO,80.1695,4,79.40375,16,8,-0.765749999999997,79.86225,0.2857142857142857,0.5,0.2804811507936508,0.11111111111111116,-0.13799208001694666,-0.6277579199830504
2022,Australian Grand Prix,Qualifying,qualifying,AlphaTauri,GAS,81.31,3,79.40375,16,8,-1.90625,80.52600000000001,0.0,0.25,0.4081547619047619,0.4444444444444444,-0.08121862419797127,-1.8250313758020287
2022,Australian Grand Prix,Qualifying,qualifying,AlphaTauri,TSU,79.742,3,79.40375,16,8,-0.33825000000000216,80.52600000000001,0.0,0.25,0.4081547619047619,0.4444444444444444,-0.01826717338177214,-0.31998282661823
2022,Australian Grand Prix,Qualifying,qualifying,Alpine,ALO,79.653,3,79.40375,16,8,-0.24925000000000352,79.629,0.4285714285714286,0.625,0.513154761904762,0.33333333333333337,0.14345355062000661,-0.39270355062001017
2022,Australian Grand Prix,Qualifying,qualifying,Alpine,OCO,79.605,3,79.40375,16,8,-0.2012500000000017,79.629,0.4285714285714286,0.625,0.513154761904762,0.33333333333333337,-0.06464507161486799,-0.13660492838513372
2022,Australian Grand Prix,Qualifying,qualifying,Ferrari,LEC,78.606,3,79.40375,16,8,0.7977500000000077,78.8925,0.8571428571428572,,0.8744164332399627,,0.4980360426406395,0.29971395735936823
2022,Australian Grand Prix,Qualifying,qualifying,Ferrari,SAI,79.179,3,79.40375,16,8,0.22475000000000023,78.8925,0.8571428571428572,,0.8744164332399627,,0.42089768077579187,-0.19614768077579164
2022,Australian Grand Prix,Qualifying,qualifying,Haas F1 Team,MAG,80.4235,4,79.40375,16,8,-1.019750000000002,80.32175000000001,0.1428571428571429,0.375,0.23926237161531283,0.0,-0.47901914619435665,-0.5407308538056452
2022,Australian Grand Prix,Qualifying,qualifying,Haas F1 Team,MSC,80.22,4,79.40375,16,8,-0.8162499999999966,80.32175000000001,0.1428571428571429,0.375,0.23926237161531283,0.0,-0.5884665298845578,-0.22778347011543876
2022,Australian Grand Prix,Qualifying,qualifying,McLaren,NOR,79.092,3,79.40375,16,8,0.3117500000000035,79.11099999999999,0.7142857142857143,0.875,0.3907218442932729,0.5555555555555556,0.12450891586109554,0.187241084138908
2022,Australian Grand Prix,Qualifying,qualifying,McLaren,RIC,79.13,3,79.40375,16,8,0.2737500000000068,79.11099999999999,0.7142857142857143,0.875,0.3907218442932729,0.5555555555555556,-0.1338069192715026,0.4075569192715094
2022,Australian Grand Prix,Qualifying,qualifying,Mercedes,HAM,79.2525,4,79.40375,16,8,0.15125000000000455,79.14625,0.5714285714285714,1.0,0.8018379281537176,0.8888888888888888,0.3949955738094543,-0.24374557380944978
2022,Australian Grand Prix,Qualifying,qualifying,Mercedes,RUS,79.03999999999999,4,79.40375,16,8,0.36375000000001023,79.14625,0.5714285714285714,1.0,0.8018379281537176,0.8888888888888888,0.45271685282537005,-0.08896685282535982
2022,Australian Grand Prix,Qualifying,qualifying,Red Bull Racing,PER,78.34,3,79.40375,16,8,1.0637499999999989,78.3695,1.0,0.75,0.9149007936507937,1.0,0.050894241176247655,1.0128557588237512
2022,Australian Grand Prix,Qualifying,qualifying,Red Bull Racing,VER,78.399,3,79.40375,16,8,1.0047500000000014,78.3695,1.0,0.75,0.9149007936507937,1.0,0.44653785362151754,0.5582121463784838
2022,Australian Grand Prix,Race,race,Alfa Romeo,BOT,84.483,38,84.46225,18,9,-0.020750000000006708,84.6465,0.5,0.5,0.2804811507936508,0.11111111111111116,0.10127365318653098,-0.12202365318653768
2022,Australian Grand Prix,Race,race,Alfa Romeo,ZHO,84.81,38,84.46225,18,9,-0.3477500000000049,84.6465,0.5,0.5,0.2804811507936508,0.11111111111111116,-0.10127365318653098,-0.2464763468134739
2022,Australian Grand Prix,Race,race,AlphaTauri,GAS,84.44149999999999,30,84.46225,18,9,0.020750000000006708,84.78075,0.25,0.25,0.4081547619047619,0.4444444444444444,0.03412313799982952,-0.013373137999822815
2022,Australian Grand Prix,Race,race,AlphaTauri,TSU,85.12,30,84.46225,18,9,-0.6577500000000072,84.78075,0.25,0.25,0.4081547619047619,0.4444444444444444,-0.008871756926109803,-0.6488782430738974
2022,Australian Grand Prix,Race,race,Alpine,ALO,84.618,23,84.46225,18,9,-0.1557499999999976,84.3925,0.625,0.625,0.513154761904762,0.33333333333333337,0.016901313346079846,-0.17265131334607747
2022,Australian Grand Prix,Race,race,Alpine,OCO,84.167,23,84.46225,18,9,0.2952499999999958,84.3925,0.625,0.625,0.513154761904762,0.33333333333333337,-0.12843307985374308,0.4236830798537389
2022,Australian Grand Prix,Race,race,Aston Martin,STR,85.542,15,84.46225,18,9,-1.0797500000000042,85.763,0.0,0.0,0.387531328320802,0.6666666666666667,-0.2745680106068059,-0.8051819893931983
2022,Australian Grand Prix,Race,race,Aston Martin,VET,85.984,15,84.46225,18,9,-1.5217499999999973,85.763,0.0,0.0,0.387531328320802,0.6666666666666667,-0.23363630178821726,-1.28811369821178
2022,Australian Grand Prix,Race,race,Haas F1 Team,MAG,85.06,24,84.46225,18,9,-0.5977500000000049,84.71600000000001,0.375,0.375,0.23926237161531283,0.0,-0.3934127617582333,-0.20433723824177158
2022,Australian Grand Prix,Race,race,Haas F1 Team,MSC,84.372,24,84.46225,18,9,0.0902499999999975,84.71600000000001,0.375,0.375,0.23926237161531283,0.0,-0.26790288101912896,0.35815288101912646
2022,Australian Grand Prix,Race,race,McLaren,NOR,83.86,35,84.46225,18,9,0.602249999999998,83.6665,0.875,0.875,0.3907218442932729,0.5555555555555556,0.2594772926936577,0.34277270730634024
2022,Australian Grand Prix,Race,race,McLaren,RIC,83.473,35,84.46225,18,9,0.9892499999999984,83.6665,0.875,0.875,0.3907218442932729,0.5555555555555556,0.04057543152386005,0.9486745684761384
2022,Australian Grand Prix,Race,race,Mercedes,HAM,83.1545,36,84.46225,18,9,1.3077499999999986,82.99225,1.0,1.0,0.8018379281537176,0.8888888888888888,-0.03013038881255811,1.3378803888125568
2022,Australian Grand Prix,Race,race,Mercedes,RUS,82.83,36,84.46225,18,9,1.632249999999999,82.99225,1.0,1.0,0.8018379281537176,0.8888888888888888,-0.09081960026679484,1.723069600266794
2022,Australian Grand Prix,Race,race,Red Bull Racing,PER,84.294,21,84.46225,18,9,0.16825000000000045,84.037,0.75,0.75,0.9149007936507937,1.0,0.6328857924494375,-0.4646357924494371
2022,Australian Grand Prix,Race,race,Red Bull Racing,VER,83.78,21,84.46225,18,9,0.6822499999999962,84.037,0.75,0.75,0.9149007936507937,1.0,1.05349042621627,-0.37124042621627384
2022,Australian Grand Prix,Race,race,Williams,ALB,85.553,19,84.46225,18,9,-1.0907499999999999,85.03399999999999,0.125,0.125,0.16065162907268168,0.2222222222222222,0.26859346837757936,-1.3593434683775794
2022,Australian Grand Prix,Race,race,Williams,LAT,84.515,19,84.46225,18,9,-0.05275000000000318,85.03399999999999,0.125,0.125,0.16065162907268168,0.2222222222222222,-0.27089614105394466,0.21814614105394148
2022,Austrian Grand Prix,Qualifying,qualifying,Alfa Romeo,BOT,66.837,3,66.34825000000001,20,10,-0.488749999999996,66.906,0.2222222222222222,0.2222222222222222,0.2804811507936508,0.3055555555555556,0.13799208001694666,-0.6267420800169426
2022,Austrian Grand Prix,Qualifying,qualifying,Alfa Romeo,ZHO,66.975,3,66.34825000000001,20,10,-0.626749999999987,66.906,0.2222222222222222,0.2222222222222222,0.2804811507936508,0.3055555555555556,-0.13799208001694666,-0.4887579199830404
2022,Austrian Grand Prix,Qualifying,qualifying,AlphaTauri,GAS,66.875,6,66.34825000000001,20,10,-0.5267499999999927,66.902,0.33333333333333337,0.0,0.4081547619047619,0.3472222222222222,-0.08121862419797127,-0.44553137580202146
2022,Austrian Grand Prix,Qualifying,qualifying,AlphaTauri,TSU,66.929,6,66.34825000000001,20,10,-0.5807499999999948,66.902,0.33333333333333337,0.0,0.4081547619047619,0.3472222222222222,-0.01826717338177214,-0.5624828266182227
2022,Austrian Grand Prix,Qualifying,qualifying,Alpine,ALO,66.10149999999999,4,66.34825000000001,20,10,0.24675000000002,66.0645,0.6666666666666667,0.4444444444444444,0.513154761904762,0.4791666666666667,0.14345355062000661,0.1032964493800134
2022,Austrian Grand Prix,Qualifying,qualifying,Alpine,OCO,66.0275,4,66.34825000000001,20,10,0.32075000000000387,66.0645,0.6666666666666667,0.4444444444444444,0.513154761904762,0.4791666666666667,-0.06464507161486799,0.38539507161487185
2022,Austrian Grand Prix,Qualifying,qualifying,Aston Martin,STR,67.01599999999999,4,66.34825000000001,20,10,-0.6677499999999839,67.14874999999999,0.0,0.33333333333333337,0.387531328320802,0.33333333333333337,-0.11131040426236238,-0.5564395957376215
2022,Austrian Grand Prix,Qualifying,qualifying,Aston Martin,VET,67.2815,4,66.34825000000001,20,10,-0.9332499999999868,67.14874999999999,0.0,0.33333333333333337,0.387531328320802,0.33333333333333337,-0.12531111888416818,-0.8079388811158186
2022,Austrian Grand Prix,Qualifying,qualifying,Ferrari,LEC,65.39150000000001,6,66.34825000000001,20,10,0.9567499999999995,65.57050000000001,0.8888888888888888,1.0,0.8744164332399627,0.7777777777777778,0.4980360426406395,0.45871395735936005
2022,Austrian Grand Prix,Qualifying,qualifying,Ferrari,SAI,65.7495,6,66.34825000000001,20,10,0.5987500000000097,65.57050000000001,0.8888888888888888,1.0,0.8744164332399627,0.7777777777777778,0.42089768077579187,0.1778523192242178
2022,Austrian Grand Prix,Qualifying,qualifying,Haas F1 Team,MAG,66.02350000000001,4,66.34825000000001,20,10,0.32474999999999454,66.102,0.5555555555555556,0.7777777777777778,0.23926237161531283,0.1875,-0.47901914619435665,0.8037691461943512
2022,Austrian Grand Prix,Qualifying,qualifying,Haas F1 Team,MSC,66.1805,4,66.34825000000001,20,10,0.16775000000001228,66.102,0.5555555555555556,0.7777777777777778,0.23926237161531283,0.1875,-0.5884665298845578,0.7562165298845701
2022,Austrian Grand Prix,Qualifying,qualifying,McLaren,NOR,67.04,3,66.34825000000001,20,10,-0.691749999999999,66.995,0.11111111111111116,0.6666666666666667,0.3907218442932729,0.7152777777777778,0.12450891586109554,-0.8162589158610946
2022,Austrian Grand Prix,Qualifying,qualifying,McLaren,RIC,66.95,3,66.34825000000001,20,10,-0.6017499999999956,66.995,0.11111111111111116,0.6666666666666667,0.3907218442932729,0.7152777777777778,-0.1338069192715026,-0.467943080728493
2022,Austrian Grand Prix,Qualifying,qualifying,Mercedes,HAM,65.538,3,66.34825000000001,20,10,0.8102500000000106,65.6545,0.7777777777777778,0.8888888888888888,0.8018379281537176,0.9444444444444444,0.3949955738094543,0.41525442619055625
2022,Austrian Grand Prix,Qualifying,qualifying,Mercedes,RUS,65.771,3,66.34825000000001,20,10,0.5772500000000065,65.6545,0.7777777777777778,0.8888888888888888,0.8018379281537176,0.9444444444444444,0.45271685282537005,0.12453314717463643
2022,Austrian Grand Prix,Qualifying,qualifying,Red Bull Racing,PER,65.889,4,66.34825000000001,20,10,0.4592500000000115,65.561,1.0,0.5555555555555556,0.9149007936507937,0.875,0.050894241176247655,0.40835575882376385
2022,Austrian Grand Prix,Qualifying,qualifying,Red Bull Racing,VER,65.233,4,66.34825000000001,20,10,1.1152500000000032,65.561,1.0,0.5555555555555556,0.9149007936507937,0.875,0.44653785362151754,0.6687121463784856
2022,Austrian Grand Prix,Qualifying,qualifying,Williams,ALB,66.516,3,66.34825000000001,20,10,-0.16774999999999807,66.8125,0.4444444444444444,0.11111111111111116,0.16065162907268168,0.1736111111111111,0.4053446987189551,-0.5730946987189531
2022,Austrian Grand Prix,Qualifying,qualifying,Williams,LAT,67.109,3,66.34825000000001,20,10,-0.7607499999999874,66.8125,0.4444444444444444,0.11111111111111116,0.16065162907268168,0.1736111111111111,-0.040943622740378334,-0.719806377259609
2022,Austrian Grand Prix,Race,race,Alfa Romeo,BOT,71.54,23,71.524,20,10,-0.016000000000005343,71.8235,0.2222222222222222,0.2222222222222222,0.2804811507936508,0.3055555555555556,0.10127365318653098,-0.11727365318653632
2022,Austrian Grand Prix,Race,race,Alfa Romeo,ZHO,72.107,23,71.524,20,10,-0.5829999999999984,71.8235,0.2222222222222222,0.2222222222222222,0.2804811507936508,0.3055555555555556,-0.10127365318653098,-0.48172634681346743
2022,Austrian Grand Prix,Race,race,AlphaTauri,GAS,71.85499999999999,32,71.524,20,10,-0.33099999999998886,71.96674999999999,0.0,0.0,0.4081547619047619,0.3472222222222222,0.03412313799982952,-0.3651231379998184
2022,Austrian Grand Prix,Race,race,AlphaTauri,TSU,72.07849999999999,32,71.524,20,10,-0.5544999999999902,71.96674999999999,0.0,0.0,0.4081547619047619,0.3472222222222222,-0.008871756926109803,-0.5456282430738805
2022,Austrian Grand Prix,Race,race,Alpine,ALO,71.9565,30,71.524,20,10,-0.43250000000000455,71.7025,0.4444444444444444,0.4444444444444444,0.513154761904762,0.4791666666666667,0.016901313346079846,-0.4494013133460844
2022,Austrian Grand Prix,Race,race,Alpine,OCO,71.4485,30,71.524,20,10,0.07550000000000523,71.7025,0.4444444444444444,0.4444444444444444,0.513154761904762,0.4791666666666667,-0.12843307985374308,0.2039330798537483
2022,Austrian Grand Prix,Race,race,Aston Martin,STR,71.8655,32,71.524,20,10,-0.34149999999999636,71.73525000000001,0.33333333333333337,0.33333333333333337,0.387531328320802,0.33333333333333337,-0.2745680106068059,-0.06693198939319045
2022,Austrian Grand Prix,Race,race,Aston Martin,VET,71.605,32,71.524,20,10,-0.08100000000000307,71.73525000000001,0.33333333333333337,0.33333333333333337,0.387531328320802,0.33333333333333337,-0.23363630178821726,0.1526363017882142
2022,Austrian Grand Prix,Race,race,Ferrari,LEC,70.461,39,71.524,20,10,1.0630000000000024,70.451,1.0,1.0,0.8744164332399627,0.7777777777777778,0.1958228383996559,0.8671771616003465
2022,Austrian Grand Prix,Race,race,Ferrari,SAI,70.441,39,71.524,20,10,1.0829999999999984,70.451,1.0,1.0,0.8744164332399627,0.7777777777777778,0.13770117581501623,0.9452988241849822
2022,Austrian Grand Prix,Race,race,Haas F1 Team,MAG,71.272,45,71.524,20,10,0.25199999999999534,71.19300000000001,0.7777777777777778,0.7777777777777778,0.23926237161531283,0.1875,-0.3934127617582333,0.6454127617582286
2022,Austrian Grand Prix,Race,race,Haas F1 Team,MSC,71.114,45,71.524,20,10,0.4099999999999966,71.19300000000001,0.7777777777777778,0.7777777777777778,0.23926237161531283,0.1875,-0.26790288101912896,0.6779028810191255
2022,Austrian Grand Prix,Race,race,McLaren,NOR,71.2995,42,71.524,20,10,0.22450000000000614,71.40375,0.6666666666666667,0.6666666666666667,0.3907218442932729,0.7152777777777778,0.2594772926936577,-0.034977292693651574
2022,Austrian Grand Prix,Race,race,McLaren,RIC,71.50800000000001,42,71.524,20,10,0.015999999999991132,71.40375,0.6666666666666667,0.6666666666666667,0.3907218442932729,0.7152777777777778,0.04057543152386005,-0.024575431523868915
2022,Austrian Grand Prix,Race,race,Mercedes,HAM,70.491,27,71.524,20,10,1.0330000000000013,70.8895,0.8888888888888888,0.8888888888888888,0.8018379281537176,0.9444444444444444,-0.03013038881255811,1.0631303888125594
2022,Austrian Grand Prix,Race,race,Mercedes,RUS,71.288,27,71.524,20,10,0.2360000000000042,70.8895,0.8888888888888888,0.8888888888888888,0.8018379281537176,0.9444444444444444,-0.09081960026679484,0.326819600266799
2022,Austrian Grand Prix,Race,race,Red Bull Racing,PER,72.798,17,71.524,20,10,-1.274000000000001,71.5795,0.5555555555555556,0.5555555555555556,0.9149007936507937,0.875,0.6328857924494375,-1.9068857924494385
2022,Austrian Grand Prix,Race,race,Red Bull Racing,VER,70.361,17,71.524,20,10,1.1629999999999967,71.5795,0.5555555555555556,0.5555555555555556,0.9149007936507937,0.875,1.05349042621627,0.10950957378372661
2022,Austrian Grand Prix,Race,race,Williams,ALB,71.691,35,71.524,20,10,-0.1670000000000016,71.92750000000001,0.11111111111111116,0.11111111111111116,0.16065162907268168,0.1736111111111111,0.26859346837757936,-0.43559346837758095
2022,Austrian Grand Prix,Race,race,Williams,LAT,72.164,35,71.524,20,10,-0.6400000000000006,71.92750000000001,0.11111111111111116,0.11111111111111116,0.16065162907268168,0.1736111111111111,-0.27089614105394466,-0.3691038589460559
2022,Azerbaijan Grand Prix,Qualifying,qualifying,AlphaTauri,GAS,102.957,3,102.5225,8,4,-0.4344999999999999,103.1665,0.33333333333333337,0.625,0.4081547619047619,0.23148148148148148,-0.08121862419797127,-0.3532813758020286
2022,Azerbaijan Grand Prix,Qualifying,qualifying,AlphaTauri,TSU,103.376,3,102.5225,8,4,-0.853500000000011,103.1665,0.33333333333333337,0.625,0.4081547619047619,0.23148148148148148,-0.01826717338177214,-0.8352328266182389
2022,Azerbaijan Grand Prix,Qualifying,qualifying,Ferrari,LEC,101.861,3,102.5225,8,4,0.6614999999999895,101.9745,0.6666666666666667,,0.8744164332399627,,0.4980360426406395,0.16346395735935004
2022,Azerbaijan Grand Prix,Qualifying,qualifying,Ferrari,SAI,102.088,3,102.5225,8,4,0.4344999999999999,101.9745,0.6666666666666667,,0.8744164332399627,,0.42089768077579187,0.013602319224208015
2022,Azerbaijan Grand Prix,Qualifying,qualifying,Mercedes,HAM,103.393,3,102.5225,8,4,-0.8705000000000069,103.18549999999999,0.0,0.875,0.8018379281537176,0.9259259259259259,0.3949955738094543,-1.2654955738094613
2022,Azerbaijan Grand Prix,Qualifying,qualifying,Mercedes,RUS,102.978,3,102.5225,8,4,-0.4555000000000007,103.18549999999999,0.0,0.875,0.8018379281537176,0.9259259259259259,0.45271685282537005,-0.9082168528253707
2022,Azerbaijan Grand Prix,Qualifying,qualifying,Red Bull Racing,PER,101.94,3,102.5225,8,4,0.582499999999996,101.9645,1.0,1.0,0.9149007936507937,0.7685185185185185,0.050894241176247655,0.5316057588237484
2022,Azerbaijan Grand Prix,Qualifying,qualifying,Red Bull Racing,VER,101.989,3,102.5225,8,4,0.5334999999999894,101.9645,1.0,1.0,0.9149007936507937,0.7685185185185185,0.44653785362151754,0.08696214637847188
2022,Azerbaijan Grand Prix,Race,race,Alfa Romeo,BOT,110.295,11,109.9045,18,9,-0.39050000000000296,110.44800000000001,0.25,0.25,0.2804811507936508,0.2777777777777778,0.10127365318653098,-0.49177365318653393
2022,Azerbaijan Grand Prix,Race,race,Alfa Romeo,ZHO,110.601,11,109.9045,18,9,-0.6965000000000003,110.44800000000001,0.25,0.25,0.2804811507936508,0.2777777777777778,-0.10127365318653098,-0.5952263468134693
2022,Azerbaijan Grand Prix,Race,race,AlphaTauri,GAS,109.619,23,109.9045,18,9,0.285499999999999,109.729,0.625,0.625,0.4081547619047619,0.23148148148148148,0.03412313799982952,0.25137686200016945
2022,Azerbaijan Grand Prix,Race,race,AlphaTauri,TSU,109.839,23,109.9045,18,9,0.06550000000000011,109.729,0.625,0.625,0.4081547619047619,0.23148148148148148,-0.008871756926109803,0.07437175692610992
2022,Azerbaijan Grand Prix,Race,race,Alpine,ALO,109.504,29,109.9045,18,9,0.40049999999999386,110.039,0.5,0.5,0.513154761904762,0.46759259259259256,0.016901313346079846,0.383598686653914
2022,Azerbaijan Grand Prix,Race,race,Alpine,OCO,110.574,29,109.9045,18,9,-0.6694999999999993,110.039,0.5,0.5,0.513154761904762,0.46759259259259256,-0.12843307985374308,-0.5410669201462562
2022,Azerbaijan Grand Prix,Race,race,Aston Martin,STR,111.139,23,109.9045,18,9,-1.234499999999997,110.649,0.0,0.0,0.387531328320802,0.3333333333333333,-0.2745680106068059,-0.9599319893931911
2022,Azerbaijan Grand Prix,Race,race,Aston Martin,VET,110.159,23,109.9045,18,9,-0.2545000000000073,110.649,0.0,0.0,0.387531328320802,0.3333333333333333,-0.23363630178821726,-0.020863698211790016
2022,Azerbaijan Grand Prix,Race,race,Haas F1 Team,MAG,110.515,21,109.9045,18,9,-0.6105000000000018,110.0895,0.375,0.375,0.23926237161531283,0.38425925925925924,-0.3934127617582333,-0.2170872382417685
2022,Azerbaijan Grand Prix,Race,race,Haas F1 Team,MSC,109.664,21,109.9045,18,9,0.24049999999999727,110.0895,0.375,0.375,0.23926237161531283,0.38425925925925924,-0.26790288101912896,0.5084028810191262
2022,Azerbaijan Grand Prix,Race,race,McLaren,NOR,109.299,29,109.9045,18,9,0.6054999999999922,109.6345,0.75,0.75,0.3907218442932729,0.6990740740740741,0.2594772926936577,0.34602270730633444
2022,Azerbaijan Grand Prix,Race,race,McLaren,RIC,109.97,29,109.9045,18,9,-0.06550000000000011,109.6345,0.75,0.75,0.3907218442932729,0.6990740740740741,0.04057543152386005,-0.10607543152386016
2022,Azerbaijan Grand Prix,Race,race,Mercedes,HAM,109.778,37,109.9045,18,9,0.12649999999999295,109.438,0.875,0.875,0.8018379281537176,0.9259259259259259,-0.03013038881255811,0.15663038881255106
2022,Azerbaijan Grand Prix,Race,race,Mercedes,RUS,109.098,37,109.9045,18,9,0.8064999999999998,109.438,0.875,0.875,0.8018379281537176,0.9259259259259259,-0.09081960026679484,0.8973196002667946
2022,Azerbaijan Grand Prix,Race,race,Red Bull Racing,PER,107.9525,36,109.9045,18,9,1.9519999999999982,107.72999999999999,1.0,1.0,0.9149007936507937,0.7685185185185185,0.6328857924494375,1.3191142075505606
2022,Azerbaijan Grand Prix,Race,race,Red Bull Racing,VER,107.5075,36,109.9045,18,9,2.3970000000000056,107.72999999999999,1.0,1.0,0.9149007936507937,0.7685185185185185,1.05349042621627,1.3435095737837355
2022,Azerbaijan Grand Prix,Race,race,Williams,ALB,110.39,18,109.9045,18,9,-0.4855000000000018,110.5255,0.125,0.125,0.16065162907268168,0.1527777777777778,0.26859346837757936,-0.7540934683775812
2022,Azerbaijan Grand Prix,Race,race,Williams,LAT,110.661,18,109.9045,18,9,-0.7565000000000026,110.5255,0.125,0.125,0.16065162907268168,0.1527777777777778,-0.27089614105394466,-0.48560385894605795
2022,Bahrain Grand Prix,Qualifying,qualifying,Alfa Romeo,BOT,91.868,4,91.8895,14,7,0.021500000000003183,92.25375,0.16666666666666663,0.4444444444444444,0.2804811507936508,0.27083333333333337,0.13799208001694666,-0.11649208001694347
2022,Bahrain Grand Prix,Qualifying,qualifying,Alfa Romeo,ZHO,92.6395,4,91.8895,14,7,-0.75,92.25375,0.16666666666666663,0.4444444444444444,0.2804811507936508,0.27083333333333337,-0.13799208001694666,-0.6120079199830534
2022,Bahrain Grand Prix,Qualifying,qualifying,Alpine,ALO,91.803,3,91.8895,14,7,0.08650000000000091,91.87950000000001,0.5,0.5555555555555556,0.513154761904762,0.4756944444444444,0.14345355062000661,-0.056953550620005705
2022,Bahrain Grand Prix,Qualifying,qualifying,Alpine,OCO,91.956,3,91.8895,14,7,-0.06650000000000489,91.87950000000001,0.5,0.5555555555555556,0.513154761904762,0.4756944444444444,-0.06464507161486799,-0.0018549283851369003
2022,Bahrain Grand Prix,Qualifying,qualifying,Ferrari,LEC,90.8315,4,91.8895,14,7,1.0579999999999927,90.79725,1.0,1.0,0.8744164332399627,0.8888888888888888,0.4980360426406395,0.5599639573593532
2022,Bahrain Grand Prix,Qualifying,qualifying,Ferrari,SAI,90.763,4,91.8895,14,7,1.126499999999993,90.79725,1.0,1.0,0.8744164332399627,0.8888888888888888,0.42089768077579187,0.7056023192242011
2022,Bahrain Grand Prix,Qualifying,qualifying,Haas F1 Team,MAG,91.955,3,91.8895,14,7,-0.06550000000000011,92.16749999999999,0.33333333333333337,0.6666666666666667,0.23926237161531283,0.3819444444444444,-0.47901914619435665,0.41351914619435653
2022,Bahrain Grand Prix,Qualifying,qualifying,Haas F1 Team,MSC,92.38,3,91.8895,14,7,-0.49049999999999727,92.16749999999999,0.33333333333333337,0.6666666666666667,0.23926237161531283,0.3819444444444444,-0.5884665298845578,0.09796652988456056
2022,Bahrain Grand Prix,Qualifying,qualifying,McLaren,NOR,93.113,3,91.8895,14,7,-1.2235000000000014,93.319,0.0,0.0,0.3907218442932729,0.7118055555555556,0.12450891586109554,-1.3480089158610968
2022,Bahrain Grand Prix,Qualifying,qualifying,McLaren,RIC,93.525,3,91.8895,14,7,-1.6355000000000075,93.319,0.0,0.0,0.3907218442932729,0.7118055555555556,-0.1338069192715026,-1.501693080728505
2022,Bahrain Grand Prix,Qualifying,qualifying,Mercedes,HAM,91.36699999999999,4,91.8895,14,7,0.522500000000008,91.639,0.6666666666666667,0.7777777777777778,0.8018379281537176,0.9131944444444444,0.3949955738094543,0.12750442619055363
2022,Bahrain Grand Prix,Qualifying,qualifying,Mercedes,RUS,91.911,4,91.8895,14,7,-0.021500000000003183,91.639,0.6666666666666667,0.7777777777777778,0.8018379281537176,0.9131944444444444,0.45271685282537005,-0.47421685282537324
2022,Bahrain Grand Prix,Qualifying,qualifying,Red Bull Racing,PER,91.013,3,91.8895,14,7,0.876499999999993,90.878,0.8333333333333334,0.8888888888888888,0.9149007936507937,0.8263888888888888,0.050894241176247655,0.8256057588237453
2022,Bahrain Grand Prix,Qualifying,qualifying,Red Bull Racing,VER,90.743,3,91.8895,14,7,1.1465000000000032,90.878,0.8333333333333334,0.8888888888888888,0.9149007936507937,0.8263888888888888,0.44653785362151754,0.6999621463784856
2022,Bahrain Grand Prix,Race,race,Alfa Romeo,BOT,99.739,37,99.7125,20,10,-0.026499999999998636,99.7765,0.4444444444444444,0.4444444444444444,0.2804811507936508,0.27083333333333337,0.10127365318653098,-0.1277736531865296
2022,Bahrain Grand Prix,Race,race,Alfa Romeo,ZHO,99.814,37,99.7125,20,10,-0.10149999999998727,99.7765,0.4444444444444444,0.4444444444444444,0.2804811507936508,0.27083333333333337,-0.10127365318653098,-0.0002263468134562907
2022,Bahrain Grand Prix,Race,race,AlphaTauri,GAS,99.968,19,99.7125,20,10,-0.25549999999999784,100.16550000000001,0.33333333333333337,0.33333333333333337,0.4081547619047619,0.3298611111111111,0.03412313799982952,-0.28962313799982736
2022,Bahrain Grand Prix,Race,race,AlphaTauri,TSU,100.363,19,99.7125,20,10,-0.6504999999999939,100.16550000000001,0.33333333333333337,0.33333333333333337,0.4081547619047619,0.3298611111111111,-0.008871756926109803,-0.6416282430738841
2022,Bahrain Grand Prix,Race,race,Alpine,ALO,99.686,29,99.7125,20,10,0.026499999999998636,99.495,0.5555555555555556,0.5555555555555556,0.513154761904762,0.4756944444444444,0.016901313346079846,0.00959868665391879
2022,Bahrain Grand Prix,Race,race,Alpine,OCO,99.304,29,99.7125,20,10,0.40850000000000364,99.495,0.5555555555555556,0.5555555555555556,0.513154761904762,0.4756944444444444,-0.12843307985374308,0.5369330798537467
2022,Bahrain Grand Prix,Race,race,Aston Martin,HUL,100.638,35,99.7125,20,10,-0.9254999999999995,100.50450000000001,0.2222222222222222,0.2222222222222222,0.387531328320802,0.25,-0.18641475160805335,-0.7390852483919462
2022,Bahrain Grand Prix,Race,race,Aston Martin,STR,100.371,35,99.7125,20,10,-0.6584999999999894,100.50450000000001,0.2222222222222222,0.2222222222222222,0.387531328320802,0.25,-0.2745680106068059,-0.3839319893931835
2022,Bahrain Grand Prix,Race,race,Ferrari,LEC,97.763,34,99.7125,20,10,1.9495000000000005,97.79025,1.0,1.0,0.8744164332399627,0.8888888888888888,0.1958228383996559,1.7536771616003446
2022,Bahrain Grand Prix,Race,race,Ferrari,SAI,97.8175,34,99.7125,20,10,1.8950000000000102,97.79025,1.0,1.0,0.8744164332399627,0.8888888888888888,0.13770117581501623,1.757298824184994
2022,Bahrain Grand Prix,Race,race,Haas F1 Team,MAG,98.993,27,99.7125,20,10,0.7195000000000107,99.265,0.6666666666666667,0.6666666666666667,0.23926237161531283,0.3819444444444444,-0.3934127617582333,1.112912761758244
2022,Bahrain Grand Prix,Race,race,Haas F1 Team,MSC,99.537,27,99.7125,20,10,0.17549999999999955,99.265,0.6666666666666667,0.6666666666666667,0.23926237161531283,0.3819444444444444,-0.26790288101912896,0.4434028810191285
2022,Bahrain Grand Prix,Race,race,McLaren,NOR,100.7815,24,99.7125,20,10,-1.0689999999999884,101.01325,0.0,0.0,0.3907218442932729,0.7118055555555556,0.2594772926936577,-1.3284772926936461
2022,Bahrain Grand Prix,Race,race,McLaren,RIC,101.245,24,99.7125,20,10,-1.5324999999999989,101.01325,0.0,0.0,0.3907218442932729,0.7118055555555556,0.04057543152386005,-1.5730754315238589
2022,Bahrain Grand Prix,Race,race,Mercedes,HAM,98.393,35,99.7125,20,10,1.319500000000005,98.717,0.7777777777777778,0.7777777777777778,0.8018379281537176,0.9131944444444444,-0.03013038881255811,1.3496303888125631
2022,Bahrain Grand Prix,Race,race,Mercedes,RUS,99.041,35,99.7125,20,10,0.6715000000000089,98.717,0.7777777777777778,0.7777777777777778,0.8018379281537176,0.9131944444444444,-0.09081960026679484,0.7623196002668037
2022,Bahrain Grand Prix,Race,race,Red Bull Racing,PER,97.639,35,99.7125,20,10,2.07350000000001,97.865,0.8888888888888888,0.8888888888888888,0.9149007936507937,0.8263888888888888,0.6328857924494375,1.4406142075505723
2022,Bahrain Grand Prix,Race,race,Red Bull Racing,VER,98.091,35,99.7125,20,10,1.6215000000000117,97.865,0.8888888888888888,0.8888888888888888,0.9149007936507937,0.8263888888888888,1.05349042621627,0.5680095737837416
2022,Bahrain Grand Prix,Race,race,Williams,ALB,100.768,24,99.7125,20,10,-1.055499999999995,100.99525,0.11111111111111116,0.11111111111111116,0.16065162907268168,0.14583333333333334,0.26859346837757936,-1.3240934683775745
2022,Bahrain Grand Prix,Race,race,Williams,LAT,101.2225,24,99.7125,20,10,-1.509999999999991,100.99525,0.11111111111111116,0.11111111111111116,0.16065162907268168,0.14583333333333334,-0.27089614105394466,-1.2391038589460464
2022,Belgian Grand Prix,Qualifying,qualifying,Alpine,ALO,105.656,3,105.614,10,5,-0.04200000000000159,105.5655,0.5,0.7142857142857143,0.513154761904762,0.4916666666666667,0.14345355062000661,-0.1854535506200082
2022,Belgian Grand Prix,Qualifying,qualifying,Alpine,OCO,105.475,3,105.614,10,5,0.13900000000001,105.5655,0.5,0.7142857142857143,0.513154761904762,0.4916666666666667,-0.06464507161486799,0.203645071614878
2022,Belgian Grand Prix,Qualifying,qualifying,Ferrari,LEC,105.572,3,105.614,10,5,0.04200000000000159,105.311,0.75,0.5714285714285714,0.8744164332399627,0.9259259259259259,0.4980360426406395,-0.4560360426406379
2022,Belgian Grand Prix,Qualifying,qualifying,Ferrari,SAI,105.05,3,105.614,10,5,0.5640000000000072,105.311,0.75,0.5714285714285714,0.8744164332399627,0.9259259259259259,0.42089768077579187,0.1431023192242153
2022,Belgian Grand Prix,Qualifying,qualifying,McLaren,NOR,105.745,3,105.614,10,5,-0.13100000000000023,105.88900000000001,0.25,0.1428571428571429,0.3907218442932729,0.5694444444444444,0.12450891586109554,-0.25550891586109575
2022,Belgian Grand Prix,Qualifying,qualifying,McLaren,RIC,106.033,3,105.614,10,5,-0.41899999999999693,105.88900000000001,0.25,0.1428571428571429,0.3907218442932729,0.5694444444444444,-0.1338069192715026,-0.28519308072849436
2022,Belgian Grand Prix,Qualifying,qualifying,Mercedes,HAM,106.01650000000001,4,105.614,10,5,-0.4025000000000034,106.00325000000001,0.0,,0.8018379281537176,,0.3949955738094543,-0.7974955738094578
2022,Belgian Grand Prix,Qualifying,qualifying,Mercedes,RUS,105.99,4,105.614,10,5,-0.37599999999999056,106.00325000000001,0.0,,0.8018379281537176,,0.45271685282537005,-0.8287168528253606
2022,Belgian Grand Prix,Qualifying,qualifying,Red Bull Racing,PER,104.794,3,105.614,10,5,0.8200000000000074,104.6875,1.0,1.0,0.9149007936507937,0.8388888888888889,0.050894241176247655,0.7691057588237598
2022,Belgian Grand Prix,Qualifying,qualifying,Red Bull Racing,VER,104.581,3,105.614,10,5,1.0330000000000013,104.6875,1.0,1.0,0.9149007936507937,0.8388888888888889,0.44653785362151754,0.5864621463784837
2022,Belgian Grand Prix,Race,race,AlphaTauri,GAS,113.67099999999999,14,114.5515,16,8,0.880500000000012,113.85125,0.8571428571428572,0.8571428571428572,0.4081547619047619,0.33055555555555555,0.03412313799982952,0.8463768620001826
2022,Belgian Grand Prix,Race,race,AlphaTauri,TSU,114.0315,14,114.5515,16,8,0.5200000000000102,113.85125,0.8571428571428572,0.8571428571428572,0.4081547619047619,0.33055555555555555,-0.008871756926109803,0.52887175692612
2022,Belgian Grand Prix,Race,race,Alpine,ALO,113.793,27,114.5515,16,8,0.758499999999998,114.19300000000001,0.7142857142857143,0.7142857142857143,0.513154761904762,0.4916666666666667,0.016901313346079846,0.7415986866539181
2022,Belgian Grand Prix,Race,race,Alpine,OCO,114.593,27,114.5515,16,8,-0.041499999999999204,114.19300000000001,0.7142857142857143,0.7142857142857143,0.513154761904762,0.4916666666666667,-0.12843307985374308,0.08693307985374388
2022,Belgian Grand Prix,Race,race,Aston Martin,STR,114.44800000000001,30,114.5515,16,8,0.10349999999999682,114.47900000000001,0.4285714285714286,0.4285714285714286,0.387531328320802,0.24444444444444446,-0.2745680106068059,0.37806801060680273
2022,Belgian Grand Prix,Race,race,Aston Martin,VET,114.51,30,114.5515,16,8,0.041499999999999204,114.47900000000001,0.4285714285714286,0.4285714285714286,0.387531328320802,0.24444444444444446,-0.23363630178821726,0.27513630178821646
2022,Belgian Grand Prix,Race,race,Ferrari,LEC,114.888,11,114.5515,16,8,-0.3365000000000009,114.241,0.5714285714285714,0.5714285714285714,0.8744164332399627,0.9259259259259259,0.1958228383996559,-0.5323228383996568
2022,Belgian Grand Prix,Race,race,Ferrari,SAI,113.594,11,114.5515,16,8,0.9575000000000102,114.241,0.5714285714285714,0.5714285714285714,0.8744164332399627,0.9259259259259259,0.13770117581501623,0.8197988241849941
2022,Belgian Grand Prix,Race,race,Haas F1 Team,MAG,114.6365,30,114.5515,16,8,-0.08499999999999375,114.88749999999999,0.2857142857142857,0.2857142857142857,0.23926237161531283,0.43888888888888894,-0.3934127617582333,0.30841276175823956
2022,Belgian Grand Prix,Race,race,Haas F1 Team,MSC,115.1385,30,114.5515,16,8,-0.5869999999999891,114.88749999999999,0.2857142857142857,0.2857142857142857,0.23926237161531283,0.43888888888888894,-0.26790288101912896,-0.31909711898086013
2022,Belgian Grand Prix,Race,race,McLaren,NOR,114.861,28,114.5515,16,8,-0.3094999999999999,114.91125,0.1428571428571429,0.1428571428571429,0.3907218442932729,0.5694444444444444,0.2594772926936577,-0.5689772926936576
2022,Belgian Grand Prix,Race,race,McLaren,RIC,114.9615,28,114.5515,16,8,-0.4099999999999966,114.91125,0.1428571428571429,0.1428571428571429,0.3907218442932729,0.5694444444444444,0.04057543152386005,-0.45057543152385665
2022,Belgian Grand Prix,Race,race,Red Bull Racing,PER,113.36699999999999,20,114.5515,16,8,1.184500000000014,112.76849999999999,1.0,1.0,0.9149007936507937,0.8388888888888889,0.6328857924494375,0.5516142075505766
2022,Belgian Grand Prix,Race,race,Red Bull Racing,VER,112.17,20,114.5515,16,8,2.3815000000000026,112.76849999999999,1.0,1.0,0.9149007936507937,0.8388888888888889,1.05349042621627,1.3280095737837325
2022,Belgian Grand Prix,Race,race,Williams,ALB,115.0435,22,114.5515,16,8,-0.4919999999999902,115.41799999999999,0.0,0.0,0.16065162907268168,0.1388888888888889,0.26859346837757936,-0.7605934683775696
2022,Belgian Grand Prix,Race,race,Williams,LAT,115.79249999999999,22,114.5515,16,8,-1.2409999999999854,115.41799999999999,0.0,0.0,0.16065162907268168,0.1388888888888889,-0.27089614105394466,-0.9701038589460408
2022,British Grand Prix,Qualifying,qualifying,AlphaTauri,GAS,105.5845,2,102.76974999999999,8,4,-2.814750000000018,104.019,0.0,0.0,0.4081547619047619,0.4183201058201058,-0.08121862419797127,-2.7335313758020465
2022,British Grand Prix,Qualifying,qualifying,AlphaTauri,TSU,102.45349999999999,2,102.76974999999999,8,4,0.3162499999999966,104.019,0.0,0.0,0.4081547619047619,0.4183201058201058,-0.01826717338177214,0.33451717338176873
2022,British Grand Prix,Qualifying,qualifying,Alpine,ALO,101.77,3,102.76974999999999,8,4,0.9997499999999917,102.4735,1.0,0.6666666666666667,0.513154761904762,0.5287698412698413,0.14345355062000661,0.8562964493799851
2022,British Grand Prix,Qualifying,qualifying,Alpine,OCO,103.177,3,102.76974999999999,8,4,-0.407250000000019,102.4735,1.0,0.6666666666666667,0.513154761904762,0.5287698412698413,-0.06464507161486799,-0.342604928385151
2022,British Grand Prix,Qualifying,qualifying,Haas F1 Team,MAG,102.18,3,102.76974999999999,8,4,0.5897499999999809,102.677,0.6666666666666667,0.16666666666666663,0.23926237161531283,0.41335978835978837,-0.47901914619435665,1.0687691461943376
2022,British Grand Prix,Qualifying,qualifying,Haas F1 Team,MSC,103.174,3,102.76974999999999,8,4,-0.40425000000001887,102.677,0.6666666666666667,0.16666666666666663,0.23926237161531283,0.41335978835978837,-0.5884665298845578,0.18421652988453896
2022,British Grand Prix,Qualifying,qualifying,Williams,ALB,102.4185,2,102.76974999999999,8,4,0.3512499999999932,102.75225,0.33333333333333337,,0.16065162907268168,,0.4053446987189551,-0.05409469871896194
2022,British Grand Prix,Qualifying,qualifying,Williams,LAT,103.086,2,102.76974999999999,8,4,-0.3162500000000108,102.75225,0.33333333333333337,,0.16065162907268168,,-0.040943622740378334,-0.2753063772596325
2022,British Grand Prix,Race,race,AlphaTauri,GAS,95.527,15,94.97475,14,7,-0.5522500000000008,95.6465,0.0,0.0,0.4081547619047619,0.4183201058201058,0.03412313799982952,-0.5863731379998303
2022,British Grand Prix,Race,race,AlphaTauri,TSU,95.766,15,94.97475,14,7,-0.7912500000000051,95.6465,0.0,0.0,0.4081547619047619,0.4183201058201058,-0.008871756926109803,-0.7823782430738954
2022,British Grand Prix,Race,race,Alpine,ALO,92.142,9,94.97475,14,7,2.8327500000000043,93.818,0.6666666666666667,0.6666666666666667,0.513154761904762,0.5287698412698413,0.016901313346079846,2.8158486866539243
2022,British Grand Prix,Race,race,Alpine,OCO,95.494,9,94.97475,14,7,-0.5192499999999995,93.818,0.6666666666666667,0.6666666666666667,0.513154761904762,0.5287698412698413,-0.12843307985374308,-0.39081692014625646
2022,British Grand Prix,Race,race,Aston Martin,STR,95.465,14,94.97475,14,7,-0.4902500000000032,95.06275,0.33333333333333337,0.33333333333333337,0.387531328320802,0.2751322751322752,-0.2745680106068059,-0.21568198939319727
2022,British Grand Prix,Race,race,Aston Martin,VET,94.6605,14,94.97475,14,7,0.31425000000000125,95.06275,0.33333333333333337,0.33333333333333337,0.387531328320802,0.2751322751322752,-0.23363630178821726,0.5478863017882185
2022,British Grand Prix,Race,race,Ferrari,LEC,92.9805,26,94.97475,14,7,1.9942499999999939,93.02575,0.8333333333333334,0.8333333333333334,0.8744164332399627,0.8373015873015872,0.1958228383996559,1.798427161600338
2022,British Grand Prix,Race,race,Ferrari,SAI,93.071,26,94.97475,14,7,1.9037500000000023,93.02575,0.8333333333333334,0.8333333333333334,0.8744164332399627,0.8373015873015872,0.13770117581501623,1.766048824184986
2022,British Grand Prix,Race,race,Haas F1 Team,MAG,95.545,14,94.97475,14,7,-0.5702500000000015,95.491,0.16666666666666663,0.16666666666666663,0.23926237161531283,0.41335978835978837,-0.3934127617582333,-0.17683723824176817
2022,British Grand Prix,Race,race,Haas F1 Team,MSC,95.437,14,94.97475,14,7,-0.4622499999999974,95.491,0.16666666666666663,0.16666666666666663,0.23926237161531283,0.41335978835978837,-0.26790288101912896,-0.19434711898086843
2022,British Grand Prix,Race,race,McLaren,NOR,94.0505,24,94.97475,14,7,0.9242500000000007,94.66975,0.5,0.5,0.3907218442932729,0.49834656084656087,0.2594772926936577,0.664772707306343
2022,British Grand Prix,Race,race,McLaren,RIC,95.289,24,94.97475,14,7,-0.31425000000000125,94.66975,0.5,0.5,0.3907218442932729,0.49834656084656087,0.04057543152386005,-0.3548254315238613
2022,British Grand Prix,Race,race,Red Bull Racing,PER,91.976,13,94.97475,14,7,2.998750000000001,92.5135,1.0,1.0,0.9149007936507937,0.8657407407407408,0.6328857924494375,2.3658642075505636
2022,British Grand Prix,Race,race,Red Bull Racing,VER,93.051,13,94.97475,14,7,1.9237499999999983,92.5135,1.0,1.0,0.9149007936507937,0.8657407407407408,1.05349042621627,0.8702595737837282
2022,Canadian Grand Prix,Qualifying,qualifying,Alfa Romeo,BOT,89.19399999999999,4,87.376,8,4,-1.8179999999999836,88.1505,0.0,0.5714285714285714,0.2804811507936508,0.3055555555555555,0.13799208001694666,-1.9559920800169304
2022,Canadian Grand Prix,Qualifying,qualifying,Alfa Romeo,ZHO,87.107,4,87.376,8,4,0.26900000000000546,88.1505,0.0,0.5714285714285714,0.2804811507936508,0.3055555555555555,-0.13799208001694666,0.4069920800169521
2022,Canadian Grand Prix,Qualifying,qualifying,Alpine,ALO,87.031,3,87.376,8,4,0.34499999999999886,87.45500000000001,0.33333333333333337,0.7142857142857143,0.513154761904762,0.548469387755102,0.14345355062000661,0.20154644937999225
2022,Canadian Grand Prix,Qualifying,qualifying,Alpine,OCO,87.879,3,87.376,8,4,-0.5030000000000001,87.45500000000001,0.33333333333333337,0.7142857142857143,0.513154761904762,0.548469387755102,-0.06464507161486799,-0.4383549283851321
2022,Canadian Grand Prix,Qualifying,qualifying,Haas F1 Team,MAG,87.645,5,87.376,8,4,-0.26899999999999125,87.36699999999999,1.0,,0.23926237161531283,,-0.47901914619435665,0.2100191461943654
2022,Canadian Grand Prix,Qualifying,qualifying,Haas F1 Team,MSC,87.089,5,87.376,8,4,0.28700000000000614,87.36699999999999,1.0,,0.23926237161531283,,-0.5884665298845578,0.875466529884564
2022,Canadian Grand Prix,Qualifying,qualifying,Mercedes,HAM,87.73599999999999,4,87.376,8,4,-0.3599999999999852,87.40199999999999,0.6666666666666667,1.0,0.8018379281537176,0.8861111111111111,0.3949955738094543,-0.7549955738094396
2022,Canadian Grand Prix,Qualifying,qualifying,Mercedes,RUS,87.068,4,87.376,8,4,0.30800000000000693,87.40199999999999,0.6666666666666667,1.0,0.8018379281537176,0.8861111111111111,0.45271685282537005,-0.14471685282536312
2022,Canadian Grand Prix,Race,race,Alfa Romeo,BOT,78.9185,24,78.95575,16,8,0.03725000000000023,79.0775,0.5714285714285714,0.5714285714285714,0.2804811507936508,0.3055555555555555,0.10127365318653098,-0.06402365318653075
2022,Canadian Grand Prix,Race,race,Alfa Romeo,ZHO,79.2365,24,78.95575,16,8,-0.2807500000000118,79.0775,0.5714285714285714,0.5714285714285714,0.2804811507936508,0.3055555555555555,-0.10127365318653098,-0.17947634681348085
2022,Canadian Grand Prix,Race,race,AlphaTauri,GAS,78.993,29,78.95575,16,8,-0.03725000000000023,79.114,0.4285714285714286,0.4285714285714286,0.4081547619047619,0.35856009070294786,0.03412313799982952,-0.07137313799982975
2022,Canadian Grand Prix,Race,race,AlphaTauri,TSU,79.235,29,78.95575,16,8,-0.27925000000000466,79.114,0.4285714285714286,0.4285714285714286,0.4081547619047619,0.35856009070294786,-0.008871756926109803,-0.27037824307389485
2022,Canadian Grand Prix,Race,race,Alpine,ALO,78.44,43,78.95575,16,8,0.515749999999997,78.4915,0.7142857142857143,0.7142857142857143,0.513154761904762,0.548469387755102,0.016901313346079846,0.4988486866539172
2022,Canadian Grand Prix,Race,race,Alpine,OCO,78.543,43,78.95575,16,8,0.4127499999999884,78.4915,0.7142857142857143,0.7142857142857143,0.513154761904762,0.548469387755102,-0.12843307985374308,0.5411830798537315
2022,Canadian Grand Prix,Race,race,Aston Martin,STR,79.4445,28,78.95575,16,8,-0.48875000000001023,79.14075,0.2857142857142857,0.2857142857142857,0.387531328320802,0.2834467120181406,-0.2745680106068059,-0.21418198939320432
2022,Canadian Grand Prix,Race,race,Aston Martin,VET,78.83699999999999,28,78.95575,16,8,0.11875000000000568,79.14075,0.2857142857142857,0.2857142857142857,0.387531328320802,0.2834467120181406,-0.23363630178821726,0.35238630178822294
2022,Canadian Grand Prix,Race,race,Ferrari,LEC,78.8725,20,78.95575,16,8,0.0832499999999925,78.2715,0.8571428571428572,0.8571428571428572,0.8744164332399627,0.8365079365079365,0.1958228383996559,-0.1125728383996634
2022,Canadian Grand Prix,Race,race,Ferrari,SAI,77.6705,20,78.95575,16,8,1.2852499999999907,78.2715,0.8571428571428572,0.8571428571428572,0.8744164332399627,0.8365079365079365,0.13770117581501623,1.1475488241849745
2022,Canadian Grand Prix,Race,race,McLaren,NOR,79.3755,30,78.95575,16,8,-0.4197500000000076,79.231,0.1428571428571429,0.1428571428571429,0.3907218442932729,0.4985827664399093,0.2594772926936577,-0.6792272926936653
2022,Canadian Grand Prix,Race,race,McLaren,RIC,79.0865,30,78.95575,16,8,-0.13075000000000614,79.231,0.1428571428571429,0.1428571428571429,0.3907218442932729,0.4985827664399093,0.04057543152386005,-0.1713254315238662
2022,Canadian Grand Prix,Race,race,Mercedes,HAM,77.802,36,78.95575,16,8,1.153749999999988,77.74725000000001,1.0,1.0,0.8018379281537176,0.8861111111111111,-0.03013038881255811,1.1838803888125462
2022,Canadian Grand Prix,Race,race,Mercedes,RUS,77.6925,36,78.95575,16,8,1.2632499999999993,77.74725000000001,1.0,1.0,0.8018379281537176,0.8861111111111111,-0.09081960026679484,1.3540696002667942
2022,Canadian Grand Prix,Race,race,Williams,ALB,79.201,29,78.95575,16,8,-0.24524999999999864,79.5765,0.0,0.0,0.16065162907268168,0.11574074074074076,0.26859346837757936,-0.513843468377578
2022,Canadian Grand Prix,Race,race,Williams,LAT,79.952,29,78.95575,16,8,-0.9962500000000034,79.5765,0.0,0.0,0.16065162907268168,0.11574074074074076,-0.27089614105394466,-0.7253538589460587
2022,Dutch Grand Prix,Qualifying,qualifying,Alfa Romeo,BOT,72.225,3,71.7955,14,7,-0.4294999999999902,72.1125,0.16666666666666663,0.0,0.2804811507936508,0.3498677248677249,0.13799208001694666,-0.5674920800169369
2022,Dutch Grand Prix,Qualifying,qualifying,Alfa Romeo,ZHO,72.0,3,71.7955,14,7,-0.2044999999999959,72.1125,0.16666666666666663,0.0,0.2804811507936508,0.3498677248677249,-0.13799208001694666,-0.06650791998304925
2022,Dutch Grand Prix,Qualifying,qualifying,AlphaTauri,GAS,72.042,5,71.7955,14,7,-0.2464999999999975,71.983,0.33333333333333337,0.11111111111111116,0.4081547619047619,0.36731150793650796,-0.08121862419797127,-0.16528137580202623
2022,Dutch Grand Prix,Qualifying,qualifying,AlphaTauri,TSU,71.924,5,71.7955,14,7,-0.1285000000000025,71.983,0.33333333333333337,0.11111111111111116,0.4081547619047619,0.36731150793650796,-0.01826717338177214,-0.11023282661823036
2022,Dutch Grand Prix,Qualifying,qualifying,Alpine,ALO,71.667,3,71.7955,14,7,0.1285000000000025,71.87299999999999,0.5,0.6666666666666667,0.513154761904762,0.5691964285714286,0.14345355062000661,-0.014953550620004114
2022,Dutch Grand Prix,Qualifying,qualifying,Alpine,OCO,72.079,3,71.7955,14,7,-0.2834999999999894,71.87299999999999,0.5,0.6666666666666667,0.513154761904762,0.5691964285714286,-0.06464507161486799,-0.21885492838512144
2022,Dutch Grand Prix,Qualifying,qualifying,Ferrari,LEC,70.72200000000001,4,71.7955,14,7,1.0734999999999957,70.75125,1.0,0.8888888888888888,0.8744164332399627,0.8399470899470899,0.4980360426406395,0.5754639573593562
2022,Dutch Grand Prix,Qualifying,qualifying,Ferrari,SAI,70.78049999999999,4,71.7955,14,7,1.0150000000000148,70.75125,1.0,0.8888888888888888,0.8744164332399627,0.8399470899470899,0.42089768077579187,0.594102319224223
2022,Dutch Grand Prix,Qualifying,qualifying,Haas F1 Team,MAG,72.319,3,71.7955,14,7,-0.5234999999999985,72.439,0.0,0.33333333333333337,0.23926237161531283,0.37811791383219956,-0.47901914619435665,-0.04448085380564187
2022,Dutch Grand Prix,Qualifying,qualifying,Haas F1 Team,MSC,72.559,3,71.7955,14,7,-0.7634999999999934,72.439,0.0,0.33333333333333337,0.23926237161531283,0.37811791383219956,-0.5884665298845578,-0.17503347011543557
2022,Dutch Grand Prix,Qualifying,qualifying,Mercedes,HAM,71.075,3,71.7955,14,7,0.7205000000000013,71.111,0.8333333333333334,0.7777777777777778,0.8018379281537176,0.9050925925925926,0.3949955738094543,0.3255044261905469
2022,Dutch Grand Prix,Qualifying,qualifying,Mercedes,RUS,71.147,3,71.7955,14,7,0.6484999999999985,71.111,0.8333333333333334,0.7777777777777778,0.8018379281537176,0.9050925925925926,0.45271685282537005,0.19578314717462847
2022,Dutch Grand Prix,Qualifying,qualifying,Red Bull Racing,PER,71.314,3,71.7955,14,7,0.48150000000001114,71.12049999999999,0.6666666666666667,1.0,0.9149007936507937,0.884920634920635,0.050894241176247655,0.4306057588237635
2022,Dutch Grand Prix,Qualifying,qualifying,Red Bull Racing,VER,70.927,3,71.7955,14,7,0.8684999999999974,71.12049999999999,0.6666666666666667,1.0,0.9149007936507937,0.884920634920635,0.44653785362151754,0.42196214637847984
2022,Dutch Grand Prix,Race,race,Alfa Romeo,BOT,77.8435,30,77.019,20,10,-0.8245000000000005,77.74425,0.0,0.0,0.2804811507936508,0.3498677248677249,0.10127365318653098,-0.9257736531865315
2022,Dutch Grand Prix,Race,race,Alfa Romeo,ZHO,77.645,30,77.019,20,10,-0.6259999999999906,77.74425,0.0,0.0,0.2804811507936508,0.3498677248677249,-0.10127365318653098,-0.5247263468134595
2022,Dutch Grand Prix,Race,race,AlphaTauri,GAS,77.728,25,77.019,20,10,-0.708999999999989,77.627,0.11111111111111116,0.11111111111111116,0.4081547619047619,0.36731150793650796,0.03412313799982952,-0.7431231379998184
2022,Dutch Grand Prix,Race,race,AlphaTauri,TSU,77.526,25,77.019,20,10,-0.5069999999999908,77.627,0.11111111111111116,0.11111111111111116,0.4081547619047619,0.36731150793650796,-0.008871756926109803,-0.498128243073881
2022,Dutch Grand Prix,Race,race,Alpine,ALO,76.942,43,77.019,20,10,0.07700000000001239,76.9205,0.6666666666666667,0.6666666666666667,0.513154761904762,0.5691964285714286,0.016901313346079846,0.060098686653932545
2022,Dutch Grand Prix,Race,race,Alpine,OCO,76.899,43,77.019,20,10,0.12000000000000455,76.9205,0.6666666666666667,0.6666666666666667,0.513154761904762,0.5691964285714286,-0.12843307985374308,0.24843307985374763
2022,Dutch Grand Prix,Race,race,Aston Martin,STR,77.096,33,77.019,20,10,-0.07699999999999818,77.325,0.5555555555555556,0.5555555555555556,0.387531328320802,0.2837301587301587,-0.2745680106068059,0.19756801060680773
2022,Dutch Grand Prix,Race,race,Aston Martin,VET,77.554,33,77.019,20,10,-0.5349999999999966,77.325,0.5555555555555556,0.5555555555555556,0.387531328320802,0.2837301587301587,-0.23363630178821726,-0.30136369821177933
2022,Dutch Grand Prix,Race,race,Ferrari,LEC,76.3715,44,77.019,20,10,0.647500000000008,76.609,0.8888888888888888,0.8888888888888888,0.8744164332399627,0.8399470899470899,0.1958228383996559,0.4516771616003521
2022,Dutch Grand Prix,Race,race,Ferrari,SAI,76.84649999999999,44,77.019,20,10,0.17250000000001364,76.609,0.8888888888888888,0.8888888888888888,0.8744164332399627,0.8399470899470899,0.13770117581501623,0.03479882418499741
2022,Dutch Grand Prix,Race,race,Haas F1 Team,MAG,77.643,41,77.019,20,10,-0.6239999999999952,77.5065,0.33333333333333337,0.33333333333333337,0.23926237161531283,0.37811791383219956,-0.3934127617582333,-0.23058723824176192
2022,Dutch Grand Prix,Race,race,Haas F1 Team,MSC,77.37,41,77.019,20,10,-0.3509999999999991,77.5065,0.33333333333333337,0.33333333333333337,0.23926237161531283,0.37811791383219956,-0.26790288101912896,-0.08309711898087013
2022,Dutch Grand Prix,Race,race,McLaren,NOR,76.843,37,77.019,20,10,0.17600000000000193,77.3815,0.4444444444444444,0.4444444444444444,0.3907218442932729,0.4541170634920635,0.2594772926936577,-0.08347729269365578
2022,Dutch Grand Prix,Race,race,McLaren,RIC,77.92,37,77.019,20,10,-0.9009999999999962,77.3815,0.4444444444444444,0.4444444444444444,0.3907218442932729,0.4541170634920635,0.04057543152386005,-0.9415754315238563
2022,Dutch Grand Prix,Race,race,Mercedes,HAM,76.712,33,77.019,20,10,0.30700000000000216,76.7085,0.7777777777777778,0.7777777777777778,0.8018379281537176,0.9050925925925926,-0.03013038881255811,0.33713038881256024
2022,Dutch Grand Prix,Race,race,Mercedes,RUS,76.705,33,77.019,20,10,0.31400000000000716,76.7085,0.7777777777777778,0.7777777777777778,0.8018379281537176,0.9050925925925926,-0.09081960026679484,0.40481960026680197
2022,Dutch Grand Prix,Race,race,Red Bull Racing,PER,76.533,30,77.019,20,10,0.4860000000000042,76.3635,1.0,1.0,0.9149007936507937,0.884920634920635,0.6328857924494375,-0.14688579244943334
2022,Dutch Grand Prix,Race,race,Red Bull Racing,VER,76.194,30,77.019,20,10,0.8250000000000028,76.3635,1.0,1.0,0.9149007936507937,0.884920634920635,1.05349042621627,-0.22849042621626725
2022,Dutch Grand Prix,Race,race,Williams,ALB,76.654,22,77.019,20,10,0.3650000000000091,77.54925,0.2222222222222222,0.2222222222222222,0.16065162907268168,0.09920634920634921,0.26859346837757936,0.09640653162242974
2022,Dutch Grand Prix,Race,race,Williams,LAT,78.4445,22,77.019,20,10,-1.4254999999999995,77.54925,0.2222222222222222,0.2222222222222222,0.16065162907268168,0.09920634920634921,-0.27089614105394466,-1.154603858946055
2022,Emilia Romagna Grand Prix,Qualifying,qualifying,Alfa Romeo,BOT,82.348,4,81.25225,16,8,-1.0957499999999953,82.08875,0.2857142857142857,0.8571428571428572,0.2804811507936508,0.2998866213151928,0.13799208001694666,-1.233742080016942
2022,Emilia Romagna Grand Prix,Qualifying,qualifying,Alfa Romeo,ZHO,81.8295,4,81.25225,16,8,-0.5772499999999923,82.08875,0.2857142857142857,0.8571428571428572,0.2804811507936508,0.2998866213151928,-0.13799208001694666,-0.43925791998304564
2022,Emilia Romagna Grand Prix,Qualifying,qualifying,AlphaTauri,GAS,82.559,3,81.25225,16,8,-1.3067499999999939,82.3475,0.0,0.7142857142857143,0.4081547619047619,0.33884479717813054,-0.08121862419797127,-1.2255313758020225
2022,Emilia Romagna Grand Prix,Qualifying,qualifying,AlphaTauri,TSU,82.136,3,81.25225,16,8,-0.883749999999992,82.3475,0.0,0.7142857142857143,0.4081547619047619,0.33884479717813054,-0.01826717338177214,-0.86548282661822
2022,Emilia Romagna Grand Prix,Qualifying,qualifying,Aston Martin,STR,82.556,3,81.25225,16,8,-1.3037499999999937,82.1305,0.1428571428571429,0.4285714285714286,0.387531328320802,0.3139329805996473,-0.11131040426236238,-1.1924395957376315
2022,Emilia Romagna Grand Prix,Qualifying,qualifying,Aston Martin,VET,81.705,3,81.25225,16,8,-0.45274999999999466,82.1305,0.1428571428571429,0.4285714285714286,0.387531328320802,0.3139329805996473,-0.12531111888416818,-0.3274388811158265
2022,Emilia Romagna Grand Prix,Qualifying,qualifying,Ferrari,LEC,80.59,3,81.25225,16,8,0.6622500000000002,79.9475,1.0,,0.8744164332399627,,0.4980360426406395,0.16421395735936073
2022,Emilia Romagna Grand Prix,Qualifying,qualifying,Ferrari,SAI,79.305,3,81.25225,16,8,1.9472499999999968,79.9475,1.0,,0.8744164332399627,,0.42089768077579187,1.526352319224205
2022,Emilia Romagna Grand Prix,Qualifying,qualifying,Haas F1 Team,MAG,81.27850000000001,4,81.25225,16,8,-0.026250000000004547,81.2445,0.4285714285714286,0.1428571428571429,0.23926237161531283,0.3725198412698413,-0.47901914619435665,0.4527691461943521
2022,Emilia Romagna Grand Prix,Qualifying,qualifying,Haas F1 Team,MSC,81.2105,4,81.25225,16,8,0.0417500000000075,81.2445,0.4285714285714286,0.1428571428571429,0.23926237161531283,0.3725198412698413,-0.5884665298845578,0.6302165298845653
2022,Emilia Romagna Grand Prix,Qualifying,qualifying,McLaren,NOR,80.553,3,81.25225,16,8,0.6992500000000064,80.612,0.8571428571428572,0.0,0.3907218442932729,0.4530423280423281,0.12450891586109554,0.5747410841389108
2022,Emilia Romagna Grand Prix,Qualifying,qualifying,McLaren,RIC,80.671,3,81.25225,16,8,0.5812499999999972,80.612,0.8571428571428572,0.0,0.3907218442932729,0.4530423280423281,-0.1338069192715026,0.7150569192714997
2022,Emilia Romagna Grand Prix,Qualifying,qualifying,Mercedes,HAM,81.226,5,81.25225,16,8,0.026250000000004547,81.0565,0.5714285714285714,0.5714285714285714,0.8018379281537176,0.8869047619047619,0.3949955738094543,-0.3687455738094498
2022,Emilia Romagna Grand Prix,Qualifying,qualifying,Mercedes,RUS,80.887,5,81.25225,16,8,0.3652500000000032,81.0565,0.5714285714285714,0.5714285714285714,0.8018379281537176,0.8869047619047619,0.45271685282537005,-0.08746685282536687
2022,Emilia Romagna Grand Prix,Qualifying,qualifying,Red Bull Racing,PER,81.5815,4,81.25225,16,8,-0.3292500000000018,80.70175,0.7142857142857143,1.0,0.9149007936507937,0.8993055555555556,0.050894241176247655,-0.38014424117624945
2022,Emilia Romagna Grand Prix,Qualifying,qualifying,Red Bull Racing,VER,79.822,4,81.25225,16,8,1.430250000000001,80.70175,0.7142857142857143,1.0,0.9149007936507937,0.8993055555555556,0.44653785362151754,0.9837121463784834
2022,Emilia Romagna Grand Prix,Race,race,Alfa Romeo,BOT,81.483,45,82.14150000000001,16,8,0.6585000000000036,81.803,0.8571428571428572,0.8571428571428572,0.2804811507936508,0.2998866213151928,0.10127365318653098,0.5572263468134726
2022,Emilia Romagna Grand Prix,Race,race,Alfa Romeo,ZHO,82.123,45,82.14150000000001,16,8,0.01850000000000307,81.803,0.8571428571428572,0.8571428571428572,0.2804811507936508,0.2998866213151928,-0.10127365318653098,0.11977365318653405
2022,Emilia Romagna Grand Prix,Race,race,AlphaTauri,GAS,82.233,45,82.14150000000001,16,8,-0.09149999999999636,81.89250000000001,0.7142857142857143,0.7142857142857143,0.4081547619047619,0.33884479717813054,0.03412313799982952,-0.12562313799982588
2022,Emilia Romagna Grand Prix,Race,race,AlphaTauri,TSU,81.552,45,82.14150000000001,16,8,0.589500000000001,81.89250000000001,0.7142857142857143,0.7142857142857143,0.4081547619047619,0.33884479717813054,-0.008871756926109803,0.5983717569261108
2022,Emilia Romagna Grand Prix,Race,race,Aston Martin,STR,82.128,43,82.14150000000001,16,8,0.013500000000007617,82.112,0.4285714285714286,0.4285714285714286,0.387531328320802,0.3139329805996473,-0.2745680106068059,0.28806801060681353
2022,Emilia Romagna Grand Prix,Race,race,Aston Martin,VET,82.096,43,82.14150000000001,16,8,0.04550000000000409,82.112,0.4285714285714286,0.4285714285714286,0.387531328320802,0.3139329805996473,-0.23363630178821726,0.27913630178822135
2022,Emilia Romagna Grand Prix,Race,race,Haas F1 Team,MAG,82.242,35,82.14150000000001,16,8,-0.1004999999999967,82.2115,0.1428571428571429,0.1428571428571429,0.23926237161531283,0.3725198412698413,-0.3934127617582333,0.2929127617582366
2022,Emilia Romagna Grand Prix,Race,race,Haas F1 Team,MSC,82.181,35,82.14150000000001,16,8,-0.039499999999989654,82.2115,0.1428571428571429,0.1428571428571429,0.23926237161531283,0.3725198412698413,-0.26790288101912896,0.2284028810191393
2022,Emilia Romagna Grand Prix,Race,race,McLaren,NOR,91.237,14,82.14150000000001,16,8,-9.095499999999987,92.34125,0.0,0.0,0.3907218442932729,0.4530423280423281,0.2594772926936577,-9.354977292693645
2022,Emilia Romagna Grand Prix,Race,race,McLaren,RIC,93.44550000000001,14,82.14150000000001,16,8,-11.304000000000002,92.34125,0.0,0.0,0.3907218442932729,0.4530423280423281,0.04057543152386005,-11.344575431523863
2022,Emilia Romagna Grand Prix,Race,race,Mercedes,HAM,82.30600000000001,46,82.14150000000001,16,8,-0.16450000000000387,82.033,0.5714285714285714,0.5714285714285714,0.8018379281537176,0.8869047619047619,-0.03013038881255811,-0.13436961118744575
2022,Emilia Romagna Grand Prix,Race,race,Mercedes,RUS,81.75999999999999,46,82.14150000000001,16,8,0.3815000000000168,82.033,0.5714285714285714,0.5714285714285714,0.8018379281537176,0.8869047619047619,-0.09081960026679484,0.47231960026681163
2022,Emilia Romagna Grand Prix,Race,race,Red Bull Racing,PER,80.95,44,82.14150000000001,16,8,1.1915000000000049,80.82624999999999,1.0,1.0,0.9149007936507937,0.8993055555555556,0.6328857924494375,0.5586142075505673
2022,Emilia Romagna Grand Prix,Race,race,Red Bull Racing,VER,80.70249999999999,44,82.14150000000001,16,8,1.4390000000000214,80.82624999999999,1.0,1.0,0.9149007936507937,0.8993055555555556,1.05349042621627,0.3855095737837513
2022,Emilia Romagna Grand Prix,Race,race,Williams,ALB,82.267,43,82.14150000000001,16,8,-0.12549999999998818,82.211,0.2857142857142857,0.2857142857142857,0.16065162907268168,0.11458333333333334,0.26859346837757936,-0.39409346837756754
2022,Emilia Romagna Grand Prix,Race,race,Williams,LAT,82.155,43,82.14150000000001,16,8,-0.013499999999993406,82.211,0.2857142857142857,0.2857142857142857,0.16065162907268168,0.11458333333333334,-0.27089614105394466,0.25739614105395126
2022,French Grand Prix,Qualifying,qualifying,Alpine,ALO,92.819,3,92.726,8,4,-0.09300000000000352,93.08250000000001,0.33333333333333337,0.6666666666666667,0.513154761904762,0.5800264550264551,0.14345355062000661,-0.23645355062001014
2022,French Grand Prix,Qualifying,qualifying,Alpine,OCO,93.346,3,92.726,8,4,-0.6200000000000045,93.08250000000001,0.33333333333333337,0.6666666666666667,0.513154761904762,0.5800264550264551,-0.06464507161486799,-0.5553549283851366
2022,French Grand Prix,Qualifying,qualifying,Aston Martin,STR,93.609,3,92.726,8,4,-0.8829999999999956,93.7535,0.0,0.4444444444444444,0.387531328320802,0.3253968253968254,-0.11131040426236238,-0.7716895957376332
2022,French Grand Prix,Qualifying,qualifying,Aston Martin,VET,93.898,3,92.726,8,4,-1.171999999999997,93.7535,0.0,0.4444444444444444,0.387531328320802,0.3253968253968254,-0.12531111888416818,-1.0466888811158288
2022,French Grand Prix,Qualifying,qualifying,Mercedes,HAM,92.44,5,92.726,8,4,0.28600000000000136,92.53649999999999,0.6666666666666667,0.7777777777777778,0.8018379281537176,0.847470238095238,0.3949955738094543,-0.10899557380945296
2022,French Grand Prix,Qualifying,qualifying,Mercedes,RUS,92.633,5,92.726,8,4,0.09300000000000352,92.53649999999999,0.6666666666666667,0.7777777777777778,0.8018379281537176,0.847470238095238,0.45271685282537005,-0.35971685282536653
2022,French Grand Prix,Qualifying,qualifying,Red Bull Racing,PER,91.64,3,92.726,8,4,1.0859999999999985,91.4285,1.0,1.0,0.9149007936507937,0.9104938271604939,0.050894241176247655,1.0351057588237509
2022,French Grand Prix,Qualifying,qualifying,Red Bull Racing,VER,91.217,3,92.726,8,4,1.5090000000000003,91.4285,1.0,1.0,0.9149007936507937,0.9104938271604939,0.44653785362151754,1.0624621463784827
2022,French Grand Prix,Race,race,Alfa Romeo,BOT,100.702,22,99.81525,20,10,-0.8867499999999922,100.52975,0.11111111111111116,0.11111111111111116,0.2804811507936508,0.3695436507936508,0.10127365318653098,-0.9880236531865232
2022,French Grand Prix,Race,race,Alfa Romeo,ZHO,100.3575,22,99.81525,20,10,-0.5422499999999957,100.52975,0.11111111111111116,0.11111111111111116,0.2804811507936508,0.3695436507936508,-0.10127365318653098,-0.4409763468134647
2022,French Grand Prix,Race,race,AlphaTauri,GAS,100.1275,8,99.81525,20,10,-0.3122499999999917,100.57900000000001,0.0,0.0,0.4081547619047619,0.37638888888888894,0.03412313799982952,-0.3463731379998212
2022,French Grand Prix,Race,race,AlphaTauri,TSU,101.0305,8,99.81525,20,10,-1.2152499999999975,100.57900000000001,0.0,0.0,0.4081547619047619,0.37638888888888894,-0.008871756926109803,-1.2063782430738876
2022,French Grand Prix,Race,race,Alpine,ALO,99.51150000000001,42,99.81525,20,10,0.30374999999999375,99.647,0.6666666666666667,0.6666666666666667,0.513154761904762,0.5800264550264551,0.016901313346079846,0.2868486866539139
2022,French Grand Prix,Race,race,Alpine,OCO,99.7825,42,99.81525,20,10,0.03275000000000716,99.647,0.6666666666666667,0.6666666666666667,0.513154761904762,0.5800264550264551,-0.12843307985374308,0.16118307985375024
2022,French Grand Prix,Race,race,Aston Martin,STR,99.8225,38,99.81525,20,10,-0.0072499999999990905,99.8475,0.4444444444444444,0.4444444444444444,0.387531328320802,0.3253968253968254,-0.2745680106068059,0.2673180106068068
2022,French Grand Prix,Race,race,Aston Martin,VET,99.8725,38,99.81525,20,10,-0.05724999999999625,99.8475,0.4444444444444444,0.4444444444444444,0.387531328320802,0.3253968253968254,-0.23363630178821726,0.176386301788221
2022,French Grand Prix,Race,race,Ferrari,LEC,98.90899999999999,16,99.81525,20,10,0.9062500000000142,98.4855,0.8888888888888888,0.8888888888888888,0.8744164332399627,0.8469387755102041,0.1958228383996559,0.7104271616003583
2022,French Grand Prix,Race,race,Ferrari,SAI,98.06200000000001,16,99.81525,20,10,1.7532499999999942,98.4855,0.8888888888888888,0.8888888888888888,0.8744164332399627,0.8469387755102041,0.13770117581501623,1.615548824184978
2022,French Grand Prix,Race,race,Haas F1 Team,MAG,100.145,27,99.81525,20,10,-0.32974999999999,100.16499999999999,0.33333333333333337,0.33333333333333337,0.23926237161531283,0.34700176366843033,-0.3934127617582333,0.06366276175824331
2022,French Grand Prix,Race,race,Haas F1 Team,MSC,100.185,27,99.81525,20,10,-0.36974999999999625,100.16499999999999,0.33333333333333337,0.33333333333333337,0.23926237161531283,0.34700176366843033,-0.26790288101912896,-0.10184711898086729
2022,French Grand Prix,Race,race,McLaren,NOR,99.597,39,99.81525,20,10,0.21825000000001182,99.7025,0.5555555555555556,0.5555555555555556,0.3907218442932729,0.40773809523809523,0.2594772926936577,-0.04122729269364589
2022,French Grand Prix,Race,race,McLaren,RIC,99.808,39,99.81525,20,10,0.0072499999999990905,99.7025,0.5555555555555556,0.5555555555555556,0.3907218442932729,0.40773809523809523,0.04057543152386005,-0.03332543152386096
2022,French Grand Prix,Race,race,Mercedes,HAM,98.589,37,99.81525,20,10,1.2262500000000074,98.5455,0.7777777777777778,0.7777777777777778,0.8018379281537176,0.847470238095238,-0.03013038881255811,1.2563803888125655
2022,French Grand Prix,Race,race,Mercedes,RUS,98.502,37,99.81525,20,10,1.3132500000000107,98.5455,0.7777777777777778,0.7777777777777778,0.8018379281537176,0.847470238095238,-0.09081960026679484,1.4040696002668056
2022,French Grand Prix,Race,race,Red Bull Racing,PER,98.663,33,99.81525,20,10,1.1522500000000093,98.4525,1.0,1.0,0.9149007936507937,0.9104938271604939,0.6328857924494375,0.5193642075505718
2022,French Grand Prix,Race,race,Red Bull Racing,VER,98.242,33,99.81525,20,10,1.5732500000000016,98.4525,1.0,1.0,0.9149007936507937,0.9104938271604939,1.05349042621627,0.5197595737837315
2022,French Grand Prix,Race,race,Williams,ALB,100.27199999999999,28,99.81525,20,10,-0.45674999999998533,100.46775,0.2222222222222222,0.2222222222222222,0.16065162907268168,0.1335978835978836,0.26859346837757936,-0.7253434683775647
2022,French Grand Prix,Race,race,Williams,LAT,100.6635,28,99.81525,20,10,-0.8482499999999931,100.46775,0.2222222222222222,0.2222222222222222,0.16065162907268168,0.1335978835978836,-0.27089614105394466,-0.5773538589460484
2022,Hungarian Grand Prix,Qualifying,qualifying,Alfa Romeo,BOT,78.935,5,78.95400000000001,20,10,0.019000000000005457,78.95400000000001,0.4444444444444444,0.11111111111111116,0.2804811507936508,0.3408289241622575,0.13799208001694666,-0.1189920800169412
2022,Hungarian Grand Prix,Qualifying,qualifying,Alfa Romeo,ZHO,78.973,5,78.95400000000001,20,10,-0.018999999999991246,78.95400000000001,0.4444444444444444,0.11111111111111116,0.2804811507936508,0.3408289241622575,-0.13799208001694666,0.11899208001695541
2022,Hungarian Grand Prix,Qualifying,qualifying,AlphaTauri,GAS,79.527,3,78.95400000000001,20,10,-0.5729999999999933,79.71549999999999,0.2222222222222222,0.4444444444444444,0.4081547619047619,0.3421717171717172,-0.08121862419797127,-0.491781375802022
2022,Hungarian Grand Prix,Qualifying,qualifying,AlphaTauri,TSU,79.904,3,78.95400000000001,20,10,-0.9499999999999886,79.71549999999999,0.2222222222222222,0.4444444444444444,0.4081547619047619,0.3421717171717172,-0.01826717338177214,-0.9317328266182165
2022,Hungarian Grand Prix,Qualifying,qualifying,Alpine,ALO,78.078,3,78.95400000000001,20,10,0.8760000000000048,78.40950000000001,0.6666666666666667,0.33333333333333337,0.513154761904762,0.5886904761904762,0.14345355062000661,0.7325464493799981
2022,Hungarian Grand Prix,Qualifying,qualifying,Alpine,OCO,78.741,3,78.95400000000001,20,10,0.21300000000000807,78.40950000000001,0.6666666666666667,0.33333333333333337,0.513154761904762,0.5886904761904762,-0.06464507161486799,0.27764507161487606
2022,Hungarian Grand Prix,Qualifying,qualifying,Aston Martin,STR,79.371,3,78.95400000000001,20,10,-0.4169999999999874,79.97149999999999,0.0,0.5555555555555556,0.387531328320802,0.33621933621933625,-0.11131040426236238,-0.305689595737625
2022,Hungarian Grand Prix,Qualifying,qualifying,Aston Martin,VET,80.572,3,78.95400000000001,20,10,-1.617999999999995,79.97149999999999,0.0,0.5555555555555556,0.387531328320802,0.33621933621933625,-0.12531111888416818,-1.4926888811158268
2022,Hungarian Grand Prix,Qualifying,qualifying,Ferrari,LEC,77.985,5,78.95400000000001,20,10,0.9690000000000083,77.96549999999999,1.0,0.7777777777777778,0.8744164332399627,0.8521825396825397,0.4980360426406395,0.4709639573593688
2022,Hungarian Grand Prix,Qualifying,qualifying,Ferrari,SAI,77.946,5,78.95400000000001,20,10,1.0080000000000098,77.96549999999999,1.0,0.7777777777777778,0.8744164332399627,0.8521825396825397,0.42089768077579187,0.587102319224218
2022,Hungarian Grand Prix,Qualifying,qualifying,Haas F1 Team,MAG,79.08,3,78.95400000000001,20,10,-0.12599999999999056,79.277,0.33333333333333337,0.0,0.23926237161531283,0.34563492063492063,-0.47901914619435665,0.3530191461943661
2022,Hungarian Grand Prix,Qualifying,qualifying,Haas F1 Team,MSC,79.474,3,78.95400000000001,20,10,-0.519999999999996,79.277,0.33333333333333337,0.0,0.23926237161531283,0.34563492063492063,-0.5884665298845578,0.06846652988456181
2022,Hungarian Grand Prix,Qualifying,qualifying,McLaren,NOR,78.121,3,78.95400000000001,20,10,0.8330000000000126,78.28649999999999,0.7777777777777778,0.6666666666666667,0.3907218442932729,0.42117604617604615,0.12450891586109554,0.708491084138917
2022,Hungarian Grand Prix,Qualifying,qualifying,McLaren,RIC,78.452,3,78.95400000000001,20,10,0.5020000000000095,78.28649999999999,0.7777777777777778,0.6666666666666667,0.3907218442932729,0.42117604617604615,-0.1338069192715026,0.6358069192715121
2022,Hungarian Grand Prix,Qualifying,qualifying,Mercedes,HAM,78.142,3,78.95400000000001,20,10,0.8120000000000118,78.148,0.8888888888888888,0.8888888888888888,0.8018379281537176,0.839726631393298,0.3949955738094543,0.4170044261905575
2022,Hungarian Grand Prix,Qualifying,qualifying,Mercedes,RUS,78.154,3,78.95400000000001,20,10,0.8000000000000114,78.148,0.8888888888888888,0.8888888888888888,0.8018379281537176,0.839726631393298,0.45271685282537005,0.3472831471746413
2022,Hungarian Grand Prix,Qualifying,qualifying,Red Bull Racing,PER,79.12,6,78.95400000000001,20,10,-0.16599999999999682,78.85425000000001,0.5555555555555556,1.0,0.9149007936507937,0.9194444444444445,0.050894241176247655,-0.21689424117624448
2022,Hungarian Grand Prix,Qualifying,qualifying,Red Bull Racing,VER,78.58850000000001,6,78.95400000000001,20,10,0.36549999999999727,78.85425000000001,0.5555555555555556,1.0,0.9149007936507937,0.9194444444444445,0.44653785362151754,-0.08103785362152027
2022,Hungarian Grand Prix,Qualifying,qualifying,Williams,ALB,79.7915,4,78.95400000000001,20,10,-0.8374999999999915,79.93225000000001,0.11111111111111116,0.2222222222222222,0.16065162907268168,0.14246031746031745,0.4053446987189551,-1.2428446987189465
2022,Hungarian Grand Prix,Qualifying,qualifying,Williams,LAT,80.07300000000001,4,78.95400000000001,20,10,-1.1189999999999998,79.93225000000001,0.11111111111111116,0.2222222222222222,0.16065162907268168,0.14246031746031745,-0.040943622740378334,-1.0780563772596214
2022,Hungarian Grand Prix,Race,race,Alfa Romeo,BOT,85.42750000000001,28,85.10400000000001,20,10,-0.3234999999999957,85.44800000000001,0.11111111111111116,0.11111111111111116,0.2804811507936508,0.3408289241622575,0.10127365318653098,-0.42477365318652666
2022,Hungarian Grand Prix,Race,race,Alfa Romeo,ZHO,85.4685,28,85.10400000000001,20,10,-0.3644999999999925,85.44800000000001,0.11111111111111116,0.11111111111111116,0.2804811507936508,0.3408289241622575,-0.10127365318653098,-0.2632263468134615
2022,Hungarian Grand Prix,Race,race,AlphaTauri,GAS,85.044,21,85.10400000000001,20,10,0.060000000000016485,85.259,0.4444444444444444,0.4444444444444444,0.4081547619047619,0.3421717171717172,0.03412313799982952,0.025876862000186962
2022,Hungarian Grand Prix,Race,race,AlphaTauri,TSU,85.474,21,85.10400000000001,20,10,-0.36999999999999034,85.259,0.4444444444444444,0.4444444444444444,0.4081547619047619,0.3421717171717172,-0.008871756926109803,-0.36112824307388053
2022,Hungarian Grand Prix,Race,race,Alpine,ALO,85.332,27,85.10400000000001,20,10,-0.22799999999998022,85.316,0.33333333333333337,0.33333333333333337,0.513154761904762,0.5886904761904762,0.016901313346079846,-0.24490131334606008
2022,Hungarian Grand Prix,Race,race,Alpine,OCO,85.3,27,85.10400000000001,20,10,-0.19599999999998374,85.316,0.33333333333333337,0.33333333333333337,0.513154761904762,0.5886904761904762,-0.12843307985374308,-0.06756692014624066
2022,Hungarian Grand Prix,Race,race,Aston Martin,STR,85.129,28,85.10400000000001,20,10,-0.024999999999991473,85.10400000000001,0.5555555555555556,0.5555555555555556,0.387531328320802,0.33621933621933625,-0.2745680106068059,0.24956801060681444
2022,Hungarian Grand Prix,Race,race,Aston Martin,VET,85.07900000000001,28,85.10400000000001,20,10,0.025000000000005684,85.10400000000001,0.5555555555555556,0.5555555555555556,0.387531328320802,0.33621933621933625,-0.23363630178821726,0.25863630178822294
2022,Hungarian Grand Prix,Race,race,Ferrari,LEC,84.056,23,85.10400000000001,20,10,1.048000000000016,83.997,0.7777777777777778,0.7777777777777778,0.8744164332399627,0.8521825396825397,0.1958228383996559,0.8521771616003602
2022,Hungarian Grand Prix,Race,race,Ferrari,SAI,83.938,23,85.10400000000001,20,10,1.166000000000011,83.997,0.7777777777777778,0.7777777777777778,0.8744164332399627,0.8521825396825397,0.13770117581501623,1.0282988241849949
2022,Hungarian Grand Prix,Race,race,Haas F1 Team,MAG,85.35900000000001,22,85.10400000000001,20,10,-0.25499999999999545,85.52425000000001,0.0,0.0,0.23926237161531283,0.34563492063492063,-0.3934127617582333,0.13841276175823786
2022,Hungarian Grand Prix,Race,race,Haas F1 Team,MSC,85.68950000000001,22,85.10400000000001,20,10,-0.5854999999999961,85.52425000000001,0.0,0.0,0.23926237161531283,0.34563492063492063,-0.26790288101912896,-0.3175971189808672
2022,Hungarian Grand Prix,Race,race,McLaren,NOR,84.52250000000001,26,85.10400000000001,20,10,0.5815000000000055,84.78225,0.6666666666666667,0.6666666666666667,0.3907218442932729,0.42117604617604615,0.2594772926936577,0.32202270730634774
2022,Hungarian Grand Prix,Race,race,McLaren,RIC,85.042,26,85.10400000000001,20,10,0.06200000000001182,84.78225,0.6666666666666667,0.6666666666666667,0.3907218442932729,0.42117604617604615,0.04057543152386005,0.021424568476151776
2022,Hungarian Grand Prix,Race,race,Mercedes,HAM,84.007,24,85.10400000000001,20,10,1.0970000000000084,83.85825,0.8888888888888888,0.8888888888888888,0.8018379281537176,0.839726631393298,-0.03013038881255811,1.1271303888125666
2022,Hungarian Grand Prix,Race,race,Mercedes,RUS,83.7095,24,85.10400000000001,20,10,1.3945000000000078,83.85825,0.8888888888888888,0.8888888888888888,0.8018379281537176,0.839726631393298,-0.09081960026679484,1.4853196002668028
2022,Hungarian Grand Prix,Race,race,Red Bull Racing,PER,83.9245,32,85.10400000000001,20,10,1.1795000000000186,83.82424999999999,1.0,1.0,0.9149007936507937,0.9194444444444445,0.6328857924494375,0.5466142075505811
2022,Hungarian Grand Prix,Race,race,Red Bull Racing,VER,83.72399999999999,32,85.10400000000001,20,10,1.3800000000000239,83.82424999999999,1.0,1.0,0.9149007936507937,0.9194444444444445,1.05349042621627,0.3265095737837538
2022,Hungarian Grand Prix,Race,race,Williams,ALB,85.259,29,85.10400000000001,20,10,-0.15499999999998693,85.424,0.2222222222222222,0.2222222222222222,0.16065162907268168,0.14246031746031745,0.26859346837757936,-0.4235934683775663
2022,Hungarian Grand Prix,Race,race,Williams,LAT,85.589,29,85.10400000000001,20,10,-0.4849999999999852,85.424,0.2222222222222222,0.2222222222222222,0.16065162907268168,0.14246031746031745,-0.27089614105394466,-0.21410385894604056
2022,Italian Grand Prix,Qualifying,qualifying,Alfa Romeo,BOT,82.33600000000001,4,82.066,14,7,-0.27000000000001023,82.43100000000001,0.16666666666666663,0.19999999999999996,0.2804811507936508,0.3178571428571429,0.13799208001694666,-0.40799208001695686
2022,Italian Grand Prix,Qualifying,qualifying,Alfa Romeo,ZHO,82.526,4,82.066,14,7,-0.45999999999999375,82.43100000000001,0.16666666666666663,0.19999999999999996,0.2804811507936508,0.3178571428571429,-0.13799208001694666,-0.3220079199830471
2022,Italian Grand Prix,Qualifying,qualifying,Alpine,ALO,81.995,4,82.066,14,7,0.07099999999999795,82.07325,0.5,,0.513154761904762,,0.14345355062000661,-0.07245355062000866
2022,Italian Grand Prix,Qualifying,qualifying,Alpine,OCO,82.1515,4,82.066,14,7,-0.08549999999999613,82.07325,0.5,,0.513154761904762,,-0.06464507161486799,-0.020854928385128146
2022,Italian Grand Prix,Qualifying,qualifying,Ferrari,LEC,80.77,3,82.066,14,7,1.2960000000000065,80.67699999999999,1.0,1.0,0.8744164332399627,0.8439153439153438,0.4980360426406395,0.797963957359367
2022,Italian Grand Prix,Qualifying,qualifying,Ferrari,SAI,80.584,3,82.066,14,7,1.4819999999999993,80.67699999999999,1.0,1.0,0.8744164332399627,0.8439153439153438,0.42089768077579187,1.0611023192242075
2022,Italian Grand Prix,Qualifying,qualifying,Haas F1 Team,MAG,82.908,3,82.066,14,7,-0.8419999999999987,83.1885,0.0,0.0,0.23926237161531283,0.3142135642135642,-0.47901914619435665,-0.3629808538056421
2022,Italian Grand Prix,Qualifying,qualifying,Haas F1 Team,MSC,83.469,3,82.066,14,7,-1.4029999999999916,83.1885,0.0,0.0,0.23926237161531283,0.3142135642135642,-0.5884665298845578,-0.8145334701154338
2022,Italian Grand Prix,Qualifying,qualifying,McLaren,NOR,82.0025,4,82.066,14,7,0.06350000000000477,82.14125,0.33333333333333337,0.4,0.3907218442932729,0.4416335978835979,0.12450891586109554,-0.061008915861090765
2022,Italian Grand Prix,Qualifying,qualifying,McLaren,RIC,82.28,4,82.066,14,7,-0.21399999999999864,82.14125,0.33333333333333337,0.4,0.3907218442932729,0.4416335978835979,-0.1338069192715026,-0.08019308072849604
2022,Italian Grand Prix,Qualifying,qualifying,Mercedes,HAM,82.12950000000001,4,82.066,14,7,-0.06350000000000477,81.94775,0.6666666666666667,,0.8018379281537176,,0.3949955738094543,-0.4584955738094591
2022,Italian Grand Prix,Qualifying,qualifying,Mercedes,RUS,81.76599999999999,4,82.066,14,7,0.30000000000001137,81.94775,0.6666666666666667,,0.8018379281537176,,0.45271685282537005,-0.15271685282535868
2022,Italian Grand Prix,Qualifying,qualifying,Red Bull Racing,PER,81.358,3,82.066,14,7,0.7079999999999984,81.10849999999999,0.8333333333333334,,0.9149007936507937,,0.050894241176247655,0.6571057588237508
2022,Italian Grand Prix,Qualifying,qualifying,Red Bull Racing,VER,80.859,3,82.066,14,7,1.2070000000000078,81.10849999999999,0.8333333333333334,,0.9149007936507937,,0.44653785362151754,0.7604621463784903
2022,Italian Grand Prix,Race,race,Alfa Romeo,BOT,87.992,11,87.46775,12,6,-0.5242500000000092,87.769,0.19999999999999996,0.19999999999999996,0.2804811507936508,0.3178571428571429,0.10127365318653098,-0.6255236531865402
2022,Italian Grand Prix,Race,race,Alfa Romeo,ZHO,87.546,11,87.46775,12,6,-0.07825000000001125,87.769,0.19999999999999996,0.19999999999999996,0.2804811507936508,0.3178571428571429,-0.10127365318653098,0.02302365318651972
2022,Italian Grand Prix,Race,race,AlphaTauri,GAS,87.196,31,87.46775,12,6,0.27174999999999727,87.232,0.8,0.8,0.4081547619047619,0.3506944444444445,0.03412313799982952,0.23762686200016775
2022,Italian Grand Prix,Race,race,AlphaTauri,TSU,87.268,31,87.46775,12,6,0.19974999999999454,87.232,0.8,0.8,0.4081547619047619,0.3506944444444445,-0.008871756926109803,0.20862175692610435
2022,Italian Grand Prix,Race,race,Ferrari,LEC,85.6165,20,87.46775,12,6,1.8512499999999932,86.06325000000001,1.0,1.0,0.8744164332399627,0.8439153439153438,0.1958228383996559,1.6554271616003373
2022,Italian Grand Prix,Race,race,Ferrari,SAI,86.51,20,87.46775,12,6,0.9577499999999901,86.06325000000001,1.0,1.0,0.8744164332399627,0.8439153439153438,0.13770117581501623,0.8200488241849739
2022,Italian Grand Prix,Race,race,Haas F1 Team,MAG,88.232,15,87.46775,12,6,-0.7642500000000041,87.97200000000001,0.0,0.0,0.23926237161531283,0.3142135642135642,-0.3934127617582333,-0.3708372382417708
2022,Italian Grand Prix,Race,race,Haas F1 Team,MSC,87.712,15,87.46775,12,6,-0.24425000000000807,87.97200000000001,0.0,0.0,0.23926237161531283,0.3142135642135642,-0.26790288101912896,0.023652881019120886
2022,Italian Grand Prix,Race,race,McLaren,NOR,87.39750000000001,12,87.46775,12,6,0.07024999999998727,87.46775,0.4,0.4,0.3907218442932729,0.4416335978835979,0.2594772926936577,-0.18922729269367045
2022,Italian Grand Prix,Race,race,McLaren,RIC,87.538,12,87.46775,12,6,-0.07025000000000148,87.46775,0.4,0.4,0.3907218442932729,0.4416335978835979,0.04057543152386005,-0.11082543152386153
2022,Italian Grand Prix,Race,race,Williams,DEV,86.924,10,87.46775,12,6,0.5437499999999886,87.43975,0.6,0.6,0.16065162907268168,0.1497113997113997,-0.2349593387079074,0.778709338707896
2022,Italian Grand Prix,Race,race,Williams,LAT,87.9555,10,87.46775,12,6,-0.48775000000000546,87.43975,0.6,0.6,0.16065162907268168,0.1497113997113997,-0.27089614105394466,-0.2168538589460608
2022,Japanese Grand Prix,Qualifying,qualifying,Alfa Romeo,BOT,91.0775,4,90.572,14,7,-0.5054999999999978,91.08725000000001,0.16666666666666663,,0.2804811507936508,,0.13799208001694666,-0.6434920800169445
2022,Japanese Grand Prix,Qualifying,qualifying,Alfa Romeo,ZHO,91.09700000000001,4,90.572,14,7,-0.5250000000000057,91.08725000000001,0.16666666666666663,,0.2804811507936508,,-0.13799208001694666,-0.38700791998305906
2022,Japanese Grand Prix,Qualifying,qualifying,AlphaTauri,GAS,91.92,3,90.572,14,7,-1.347999999999999,91.63300000000001,0.0,0.25,0.4081547619047619,0.3852564102564103,-0.08121862419797127,-1.2667813758020277
2022,Japanese Grand Prix,Qualifying,qualifying,AlphaTauri,TSU,91.346,3,90.572,14,7,-0.7740000000000009,91.63300000000001,0.0,0.25,0.4081547619047619,0.3852564102564103,-0.01826717338177214,-0.7557328266182288
2022,Japanese Grand Prix,Qualifying,qualifying,Alpine,ALO,90.366,4,90.572,14,7,0.20600000000000307,90.40549999999999,0.6666666666666667,0.75,0.513154761904762,0.5654761904761906,0.14345355062000661,0.06254644937999645
2022,Japanese Grand Prix,Qualifying,qualifying,Alpine,OCO,90.445,4,90.572,14,7,0.12700000000000955,90.40549999999999,0.6666666666666667,0.75,0.513154761904762,0.5654761904761906,-0.06464507161486799,0.19164507161487754
2022,Japanese Grand Prix,Qualifying,qualifying,Ferrari,LEC,89.557,3,90.572,14,7,1.0150000000000006,89.62950000000001,1.0,,0.8744164332399627,,0.4980360426406395,0.5169639573593611
2022,Japanese Grand Prix,Qualifying,qualifying,Ferrari,SAI,89.702,3,90.572,14,7,0.8700000000000045,89.62950000000001,1.0,,0.8744164332399627,,0.42089768077579187,0.4491023192242127
2022,Japanese Grand Prix,Qualifying,qualifying,McLaren,NOR,90.967,3,90.572,14,7,-0.394999999999996,90.92349999999999,0.33333333333333337,0.0,0.3907218442932729,0.4384310134310135,0.12450891586109554,-0.5195089158610916
2022,Japanese Grand Prix,Qualifying,qualifying,McLaren,RIC,90.88,3,90.572,14,7,-0.3079999999999927,90.92349999999999,0.33333333333333337,0.0,0.3907218442932729,0.4384310134310135,-0.1338069192715026,-0.17419308072849013
2022,Japanese Grand Prix,Qualifying,qualifying,Mercedes,HAM,90.56049999999999,4,90.572,14,7,0.011500000000012278,90.572,0.5,0.5,0.8018379281537176,0.8446428571428571,0.3949955738094543,-0.38349557380944205
2022,Japanese Grand Prix,Qualifying,qualifying,Mercedes,RUS,90.5835,4,90.572,14,7,-0.011499999999998067,90.572,0.5,0.5,0.8018379281537176,0.8446428571428571,0.45271685282537005,-0.4642168528253681
2022,Japanese Grand Prix,Qualifying,qualifying,Red Bull Racing,PER,89.994,3,90.572,14,7,0.578000000000003,89.663,0.8333333333333334,1.0,0.9149007936507937,0.9267676767676768,0.050894241176247655,0.5271057588237553
2022,Japanese Grand Prix,Qualifying,qualifying,Red Bull Racing,VER,89.332,3,90.572,14,7,1.240000000000009,89.663,0.8333333333333334,1.0,0.9149007936507937,0.9267676767676768,0.44653785362151754,0.7934621463784916
2022,Japanese Grand Prix,Race,race,AlphaTauri,GAS,109.7345,2,107.9085,10,5,-1.8259999999999934,109.2445,0.25,0.25,0.4081547619047619,0.3852564102564103,0.03412313799982952,-1.8601231379998229
2022,Japanese Grand Prix,Race,race,AlphaTauri,TSU,108.75450000000001,2,107.9085,10,5,-0.8460000000000036,109.2445,0.25,0.25,0.4081547619047619,0.3852564102564103,-0.008871756926109803,-0.8371282430738939
2022,Japanese Grand Prix,Race,race,Alpine,ALO,107.101,2,107.9085,10,5,0.8075000000000045,107.217,0.75,0.75,0.513154761904762,0.5654761904761906,0.016901313346079846,0.7905986866539247
2022,Japanese Grand Prix,Race,race,Alpine,OCO,107.333,2,107.9085,10,5,0.5755000000000052,107.217,0.75,0.75,0.513154761904762,0.5654761904761906,-0.12843307985374308,0.7039330798537483
2022,Japanese Grand Prix,Race,race,McLaren,NOR,108.788,1,107.9085,10,5,-0.8794999999999931,109.3575,0.0,0.0,0.3907218442932729,0.4384310134310135,0.2594772926936577,-1.1389772926936508
2022,Japanese Grand Prix,Race,race,McLaren,RIC,109.927,1,107.9085,10,5,-2.018500000000003,109.3575,0.0,0.0,0.3907218442932729,0.4384310134310135,0.04057543152386005,-2.0590754315238633
2022,Japanese Grand Prix,Race,race,Mercedes,HAM,107.378,3,107.9085,10,5,0.5305000000000035,107.9085,0.5,0.5,0.8018379281537176,0.8446428571428571,-0.03013038881255811,0.5606303888125617
2022,Japanese Grand Prix,Race,race,Mercedes,RUS,108.439,3,107.9085,10,5,-0.5304999999999893,107.9085,0.5,0.5,0.8018379281537176,0.8446428571428571,-0.09081960026679484,-0.4396803997331945
2022,Japanese Grand Prix,Race,race,Red Bull Racing,PER,107.32,2,107.9085,10,5,0.5885000000000105,107.20025,1.0,1.0,0.9149007936507937,0.9267676767676768,0.6328857924494375,-0.044385792449427086
2022,Japanese Grand Prix,Race,race,Red Bull Racing,VER,107.0805,2,107.9085,10,5,0.828000000000003,107.20025,1.0,1.0,0.9149007936507937,0.9267676767676768,1.05349042621627,-0.22549042621626714
2022,Mexico City Grand Prix,Qualifying,qualifying,Alfa Romeo,BOT,79.1515,4,79.6165,20,10,0.4650000000000034,79.6045,0.5555555555555556,0.33333333333333337,0.2804811507936508,0.30714285714285716,0.13799208001694666,0.3270079199830568
2022,Mexico City Grand Prix,Qualifying,qualifying,Alfa Romeo,ZHO,80.0575,4,79.6165,20,10,-0.4410000000000025,79.6045,0.5555555555555556,0.33333333333333337,0.2804811507936508,0.30714285714285716,-0.13799208001694666,-0.3030079199830559
2022,Mexico City Grand Prix,Qualifying,qualifying,AlphaTauri,GAS,80.129,3,79.6165,20,10,-0.5125000000000028,79.87100000000001,0.33333333333333337,0.6666666666666667,0.4081547619047619,0.37559523809523815,-0.08121862419797127,-0.4312813758020316
2022,Mexico City Grand Prix,Qualifying,qualifying,AlphaTauri,TSU,79.613,3,79.6165,20,10,0.003500000000002501,79.87100000000001,0.33333333333333337,0.6666666666666667,0.4081547619047619,0.37559523809523815,-0.01826717338177214,0.02176717338177464
2022,Mexico City Grand Prix,Qualifying,qualifying,Alpine,ALO,79.272,3,79.6165,20,10,0.3444999999999965,79.2805,0.6666666666666667,0.4444444444444444,0.513154761904762,0.5808531746031746,0.14345355062000661,0.20104644937998986
2022,Mexico City Grand Prix,Qualifying,qualifying,Alpine,OCO,79.289,3,79.6165,20,10,0.32750000000000057,79.2805,0.6666666666666667,0.4444444444444444,0.513154761904762,0.5808531746031746,-0.06464507161486799,0.39214507161486856
2022,Mexico City Grand Prix,Qualifying,qualifying,Aston Martin,STR,80.761,3,79.6165,20,10,-1.1444999999999936,80.87549999999999,0.11111111111111116,0.2222222222222222,0.387531328320802,0.3544973544973545,-0.11131040426236238,-1.0331895957376314
2022,Mexico City Grand Prix,Qualifying,qualifying,Aston Martin,VET,80.99,3,79.6165,20,10,-1.3734999999999928,80.87549999999999,0.11111111111111116,0.2222222222222222,0.387531328320802,0.3544973544973545,-0.12531111888416818,-1.2481888811158246
2022,Mexico City Grand Prix,Qualifying,qualifying,Ferrari,LEC,78.816,3,79.6165,20,10,0.8004999999999995,78.617,0.7777777777777778,0.7777777777777778,0.8744164332399627,0.8595238095238095,0.4980360426406395,0.30246395735936005
2022,Mexico City Grand Prix,Qualifying,qualifying,Ferrari,SAI,78.418,3,79.6165,20,10,1.1984999999999957,78.617,0.7777777777777778,0.7777777777777778,0.8744164332399627,0.8595238095238095,0.42089768077579187,0.7776023192242039
2022,Mexico City Grand Prix,Qualifying,qualifying,Haas F1 Team,MAG,81.049,4,79.6165,20,10,-1.4325000000000045,80.84,0.2222222222222222,0.0,0.23926237161531283,0.2880291005291005,-0.47901914619435665,-0.9534808538056478
2022,Mexico City Grand Prix,Qualifying,qualifying,Haas F1 Team,MSC,80.631,4,79.6165,20,10,-1.0144999999999982,80.84,0.2222222222222222,0.0,0.23926237161531283,0.2880291005291005,-0.5884665298845578,-0.42603347011544035
2022,Mexico City Grand Prix,Qualifying,qualifying,McLaren,NOR,79.62,4,79.6165,20,10,-0.003500000000002501,79.72525,0.4444444444444444,0.11111111111111116,0.3907218442932729,0.40711451247165537,0.12450891586109554,-0.12800891586109803
2022,Mexico City Grand Prix,Qualifying,qualifying,McLaren,RIC,79.8305,4,79.6165,20,10,-0.21399999999999864,79.72525,0.4444444444444444,0.11111111111111116,0.3907218442932729,0.40711451247165537,-0.1338069192715026,-0.08019308072849604
2022,Mexico City Grand Prix,Qualifying,qualifying,Mercedes,HAM,78.094,3,79.6165,20,10,1.522500000000008,78.3295,0.8888888888888888,0.8888888888888888,0.8018379281537176,0.8133116883116883,0.3949955738094543,1.1275044261905536
2022,Mexico City Grand Prix,Qualifying,qualifying,Mercedes,RUS,78.565,3,79.6165,20,10,1.0515000000000043,78.3295,0.8888888888888888,0.8888888888888888,0.8018379281537176,0.8133116883116883,0.45271685282537005,0.5987831471746343
2022,Mexico City Grand Prix,Qualifying,qualifying,Red Bull Racing,PER,78.384,4,79.6165,20,10,1.2325000000000017,78.32025,1.0,1.0,0.9149007936507937,0.9328703703703703,0.050894241176247655,1.181605758823754
2022,Mexico City Grand Prix,Qualifying,qualifying,Red Bull Racing,VER,78.2565,4,79.6165,20,10,1.3599999999999994,78.32025,1.0,1.0,0.9149007936507937,0.9328703703703703,0.44653785362151754,0.9134621463784819
2022,Mexico City Grand Prix,Qualifying,qualifying,Williams,ALB,80.967,3,79.6165,20,10,-1.3504999999999967,81.095,0.0,0.5555555555555556,0.16065162907268168,0.18723544973544973,0.4053446987189551,-1.7558446987189518
2022,Mexico City Grand Prix,Qualifying,qualifying,Williams,LAT,81.223,3,79.6165,20,10,-1.606499999999997,81.095,0.0,0.5555555555555556,0.16065162907268168,0.18723544973544973,-0.040943622740378334,-1.5655563772596186
2022,Mexico City Grand Prix,Race,race,Alfa Romeo,BOT,84.394,29,84.4,20,10,0.006000000000000227,84.59450000000001,0.33333333333333337,0.33333333333333337,0.2804811507936508,0.30714285714285716,0.10127365318653098,-0.09527365318653075
2022,Mexico City Grand Prix,Race,race,Alfa Romeo,ZHO,84.795,29,84.4,20,10,-0.394999999999996,84.59450000000001,0.33333333333333337,0.33333333333333337,0.2804811507936508,0.30714285714285716,-0.10127365318653098,-0.29372634681346504
2022,Mexico City Grand Prix,Race,race,AlphaTauri,GAS,83.487,33,84.4,20,10,0.9130000000000109,84.083,0.6666666666666667,0.6666666666666667,0.4081547619047619,0.37559523809523815,0.03412313799982952,0.8788768620001814
2022,Mexico City Grand Prix,Race,race,AlphaTauri,TSU,84.679,33,84.4,20,10,-0.27899999999999636,84.083,0.6666666666666667,0.6666666666666667,0.4081547619047619,0.37559523809523815,-0.008871756926109803,-0.27012824307388655
2022,Mexico City Grand Prix,Race,race,Alpine,ALO,84.387,45,84.4,20,10,0.01300000000000523,84.42099999999999,0.4444444444444444,0.4444444444444444,0.513154761904762,0.5808531746031746,0.016901313346079846,-0.003901313346074617
2022,Mexico City Grand Prix,Race,race,Alpine,OCO,84.455,45,84.4,20,10,-0.05499999999999261,84.42099999999999,0.4444444444444444,0.4444444444444444,0.513154761904762,0.5808531746031746,-0.12843307985374308,0.07343307985375047
2022,Mexico City Grand Prix,Race,race,Aston Martin,STR,84.4995,36,84.4,20,10,-0.09949999999999193,84.68475000000001,0.2222222222222222,0.2222222222222222,0.387531328320802,0.3544973544973545,-0.2745680106068059,0.17506801060681398
2022,Mexico City Grand Prix,Race,race,Aston Martin,VET,84.87,36,84.4,20,10,-0.46999999999999886,84.68475000000001,0.2222222222222222,0.2222222222222222,0.387531328320802,0.3544973544973545,-0.23363630178821726,-0.2363636982117816
2022,Mexico City Grand Prix,Race,race,Ferrari,LEC,83.348,59,84.4,20,10,1.0520000000000067,83.3595,0.7777777777777778,0.7777777777777778,0.8744164332399627,0.8595238095238095,0.1958228383996559,0.8561771616003508
2022,Mexico City Grand Prix,Race,race,Ferrari,SAI,83.371,59,84.4,20,10,1.0290000000000106,83.3595,0.7777777777777778,0.7777777777777778,0.8744164332399627,0.8595238095238095,0.13770117581501623,0.8912988241849944
2022,Mexico City Grand Prix,Race,race,Haas F1 Team,MAG,85.147,41,84.4,20,10,-0.7469999999999999,84.7765,0.0,0.0,0.23926237161531283,0.2880291005291005,-0.3934127617582333,-0.3535872382417666
2022,Mexico City Grand Prix,Race,race,Haas F1 Team,MSC,84.406,41,84.4,20,10,-0.006000000000000227,84.7765,0.0,0.0,0.23926237161531283,0.2880291005291005,-0.26790288101912896,0.26190288101912873
2022,Mexico City Grand Prix,Race,race,McLaren,NOR,84.664,25,84.4,20,10,-0.2639999999999958,84.6925,0.11111111111111116,0.11111111111111116,0.3907218442932729,0.40711451247165537,0.2594772926936577,-0.5234772926936535
2022,Mexico City Grand Prix,Race,race,McLaren,RIC,84.721,25,84.4,20,10,-0.32099999999999795,84.6925,0.11111111111111116,0.11111111111111116,0.3907218442932729,0.40711451247165537,0.04057543152386005,-0.361575431523858
2022,Mexico City Grand Prix,Race,race,Mercedes,HAM,82.976,47,84.4,20,10,1.4240000000000066,83.0125,0.8888888888888888,0.8888888888888888,0.8018379281537176,0.8133116883116883,-0.03013038881255811,1.4541303888125647
2022,Mexico City Grand Prix,Race,race,Mercedes,RUS,83.049,47,84.4,20,10,1.350999999999999,83.0125,0.8888888888888888,0.8888888888888888,0.8018379281537176,0.8133116883116883,-0.09081960026679484,1.441819600266794
2022,Mexico City Grand Prix,Race,race,Red Bull Racing,PER,82.79650000000001,52,84.4,20,10,1.6034999999999968,82.6525,1.0,1.0,0.9149007936507937,0.9328703703703703,0.6328857924494375,0.9706142075505593
2022,Mexico City Grand Prix,Race,race,Red Bull Racing,VER,82.5085,52,84.4,20,10,1.8915000000000077,82.6525,1.0,1.0,0.9149007936507937,0.9328703703703703,1.05349042621627,0.8380095737837376
2022,Mexico City Grand Prix,Race,race,Williams,ALB,83.1635,18,84.4,20,10,1.2365000000000066,84.3675,0.5555555555555556,0.5555555555555556,0.16065162907268168,0.18723544973544973,0.26859346837757936,0.9679065316224272
2022,Mexico City Grand Prix,Race,race,Williams,LAT,85.5715,18,84.4,20,10,-1.1714999999999947,84.3675,0.5555555555555556,0.5555555555555556,0.16065162907268168,0.18723544973544973,-0.27089614105394466,-0.90060385894605
2022,Miami Grand Prix,Qualifying,qualifying,AlphaTauri,GAS,90.22200000000001,4,90.483,16,8,0.2609999999999957,90.18875,0.7142857142857143,0.25,0.4081547619047619,0.3950000000000001,-0.08121862419797127,0.34221862419796695
2022,Miami Grand Prix,Qualifying,qualifying,AlphaTauri,TSU,90.1555,4,90.483,16,8,0.32750000000000057,90.18875,0.7142857142857143,0.25,0.4081547619047619,0.3950000000000001,-0.01826717338177214,0.3457671733817727
2022,Miami Grand Prix,Qualifying,qualifying,Aston Martin,STR,90.441,5,90.483,16,8,0.04200000000000159,90.559,0.5714285714285714,0.625,0.387531328320802,0.3443223443223443,-0.11131040426236238,0.15331040426236398
2022,Miami Grand Prix,Qualifying,qualifying,Aston Martin,VET,90.677,5,90.483,16,8,-0.19400000000000261,90.559,0.5714285714285714,0.625,0.387531328320802,0.3443223443223443,-0.12531111888416818,-0.06868888111583443
2022,Miami Grand Prix,Qualifying,qualifying,Ferrari,LEC,89.0925,4,90.483,16,8,1.390500000000003,89.24625,1.0,1.0,0.8744164332399627,0.8520923520923521,0.4980360426406395,0.8924639573593635
2022,Miami Grand Prix,Qualifying,qualifying,Ferrari,SAI,89.4,4,90.483,16,8,1.0829999999999984,89.24625,1.0,1.0,0.8744164332399627,0.8520923520923521,0.42089768077579187,0.6621023192242066
2022,Miami Grand Prix,Qualifying,qualifying,Haas F1 Team,MAG,91.559,3,90.483,16,8,-1.0759999999999934,91.31649999999999,0.1428571428571429,0.5,0.23926237161531283,0.26587301587301587,-0.47901914619435665,-0.5969808538056367
2022,Miami Grand Prix,Qualifying,qualifying,Haas F1 Team,MSC,91.074,3,90.483,16,8,-0.590999999999994,91.31649999999999,0.1428571428571429,0.5,0.23926237161531283,0.26587301587301587,-0.5884665298845578,-0.0025334701154361428
2022,Miami Grand Prix,Qualifying,qualifying,McLaren,NOR,90.525,4,90.483,16,8,-0.04200000000000159,90.6905,0.2857142857142857,0.125,0.3907218442932729,0.3873809523809524,0.12450891586109554,-0.16650891586109712
2022,Miami Grand Prix,Qualifying,qualifying,McLaren,RIC,90.856,4,90.483,16,8,-0.37299999999999045,90.6905,0.2857142857142857,0.125,0.3907218442932729,0.3873809523809524,-0.1338069192715026,-0.23919308072848786
2022,Miami Grand Prix,Qualifying,qualifying,Mercedes,HAM,90.388,3,90.483,16,8,0.09499999999999886,90.5975,0.4285714285714286,0.75,0.8018379281537176,0.8196097883597884,0.3949955738094543,-0.29999557380945546
2022,Miami Grand Prix,Qualifying,qualifying,Mercedes,RUS,90.807,3,90.483,16,8,-0.32399999999999807,90.5975,0.4285714285714286,0.75,0.8018379281537176,0.8196097883597884,0.45271685282537005,-0.7767168528253681
2022,Miami Grand Prix,Qualifying,qualifying,Red Bull Racing,PER,89.95949999999999,4,90.483,16,8,0.5235000000000127,89.73925,0.8571428571428572,0.875,0.9149007936507937,0.938034188034188,0.050894241176247655,0.4726057588237651
2022,Miami Grand Prix,Qualifying,qualifying,Red Bull Racing,VER,89.519,4,90.483,16,8,0.9639999999999986,89.73925,0.8571428571428572,0.875,0.9149007936507937,0.938034188034188,0.44653785362151754,0.5174621463784811
2022,Miami Grand Prix,Qualifying,qualifying,Williams,ALB,91.74199999999999,4,90.483,16,8,-1.2589999999999861,91.804,0.0,0.0,0.16065162907268168,0.21556776556776555,0.4053446987189551,-1.6643446987189412
2022,Miami Grand Prix,Qualifying,qualifying,Williams,LAT,91.866,4,90.483,16,8,-1.3829999999999956,91.804,0.0,0.0,0.16065162907268168,0.21556776556776555,-0.040943622740378334,-1.3420563772596172
2022,Miami Grand Prix,Race,race,AlphaTauri,GAS,95.0085,24,94.9735,18,9,-0.03499999999999659,95.41125,0.25,0.25,0.4081547619047619,0.3950000000000001,0.03412313799982952,-0.06912313799982611
2022,Miami Grand Prix,Race,race,AlphaTauri,TSU,95.814,24,94.9735,18,9,-0.8404999999999916,95.41125,0.25,0.25,0.4081547619047619,0.3950000000000001,-0.008871756926109803,-0.8316282430738818
2022,Miami Grand Prix,Race,race,Alpine,ALO,94.74799999999999,20,94.9735,18,9,0.22550000000001091,95.02499999999999,0.375,0.375,0.513154761904762,0.5703601953601953,0.016901313346079846,0.20859868665393105
2022,Miami Grand Prix,Race,race,Alpine,OCO,95.30199999999999,20,94.9735,18,9,-0.32849999999999113,95.02499999999999,0.375,0.375,0.513154761904762,0.5703601953601953,-0.12843307985374308,-0.20006692014624805
2022,Miami Grand Prix,Race,race,Aston Martin,STR,94.9,35,94.9735,18,9,0.07349999999999568,94.993,0.625,0.625,0.387531328320802,0.3443223443223443,-0.2745680106068059,0.3480680106068016
2022,Miami Grand Prix,Race,race,Aston Martin,VET,95.086,35,94.9735,18,9,-0.11249999999999716,94.993,0.625,0.625,0.387531328320802,0.3443223443223443,-0.23363630178821726,0.1211363017882201
2022,Miami Grand Prix,Race,race,Ferrari,LEC,93.579,35,94.9735,18,9,1.3945000000000078,93.7195,1.0,1.0,0.8744164332399627,0.8520923520923521,0.1958228383996559,1.198677161600352
2022,Miami Grand Prix,Race,race,Ferrari,SAI,93.86,35,94.9735,18,9,1.113500000000002,93.7195,1.0,1.0,0.8744164332399627,0.8520923520923521,0.13770117581501623,0.9757988241849858
2022,Miami Grand Prix,Race,race,Haas F1 Team,MAG,95.024,25,94.9735,18,9,-0.050499999999999545,95.006,0.5,0.5,0.23926237161531283,0.26587301587301587,-0.3934127617582333,0.34291276175823376
2022,Miami Grand Prix,Race,race,Haas F1 Team,MSC,94.988,25,94.9735,18,9,-0.014499999999998181,95.006,0.5,0.5,0.23926237161531283,0.26587301587301587,-0.26790288101912896,0.2534028810191308
2022,Miami Grand Prix,Race,race,McLaren,NOR,95.685,21,94.9735,18,9,-0.7115000000000009,95.76050000000001,0.125,0.125,0.3907218442932729,0.3873809523809524,0.2594772926936577,-0.9709772926936586
2022,Miami Grand Prix,Race,race,McLaren,RIC,95.836,21,94.9735,18,9,-0.8624999999999972,95.76050000000001,0.125,0.125,0.3907218442932729,0.3873809523809524,0.04057543152386005,-0.9030754315238572
2022,Miami Grand Prix,Race,race,Mercedes,HAM,93.7245,24,94.9735,18,9,1.2489999999999952,94.191,0.75,0.75,0.8018379281537176,0.8196097883597884,-0.03013038881255811,1.2791303888125534
2022,Miami Grand Prix,Race,race,Mercedes,RUS,94.6575,24,94.9735,18,9,0.3160000000000025,94.191,0.75,0.75,0.8018379281537176,0.8196097883597884,-0.09081960026679484,0.4068196002667973
2022,Miami Grand Prix,Race,race,Red Bull Racing,PER,94.2165,32,94.9735,18,9,0.757000000000005,93.8575,0.875,0.875,0.9149007936507937,0.938034188034188,0.6328857924494375,0.12411420755056746
2022,Miami Grand Prix,Race,race,Red Bull Racing,VER,93.4985,32,94.9735,18,9,1.4749999999999943,93.8575,0.875,0.875,0.9149007936507937,0.938034188034188,1.05349042621627,0.4215095737837242
2022,Miami Grand Prix,Race,race,Williams,ALB,94.959,23,94.9735,18,9,0.014499999999998181,95.908,0.0,0.0,0.16065162907268168,0.21556776556776555,0.26859346837757936,-0.2540934683775812
2022,Miami Grand Prix,Race,race,Williams,LAT,96.857,23,94.9735,18,9,-1.883499999999998,95.908,0.0,0.0,0.16065162907268168,0.21556776556776555,-0.27089614105394466,-1.6126038589460534
2022,Monaco Grand Prix,Qualifying,qualifying,Alpine,ALO,73.394,5,73.41900000000001,16,8,0.025000000000005684,73.2245,0.5714285714285714,0.4,0.513154761904762,0.5564058956916099,0.14345355062000661,-0.11845355062000093
2022,Monaco Grand Prix,Qualifying,qualifying,Alpine,OCO,73.055,5,73.41900000000001,16,8,0.3640000000000043,73.2245,0.5714285714285714,0.4,0.513154761904762,0.5564058956916099,-0.06464507161486799,0.4286450716148723
2022,Monaco Grand Prix,Qualifying,qualifying,Aston Martin,STR,75.31,4,73.41900000000001,16,8,-1.8909999999999911,74.8385,0.1428571428571429,,0.387531328320802,,-0.11131040426236238,-1.7796895957376289
2022,Monaco Grand Prix,Qualifying,qualifying,Aston Martin,VET,74.36699999999999,4,73.41900000000001,16,8,-0.9479999999999791,74.8385,0.1428571428571429,,0.387531328320802,,-0.12531111888416818,-0.8226888811158108
2022,Monaco Grand Prix,Qualifying,qualifying,Ferrari,LEC,72.5155,4,73.41900000000001,16,8,0.9035000000000082,72.49225,0.8571428571428572,1.0,0.8744164332399627,0.8644179894179894,0.4980360426406395,0.4054639573593687
2022,Monaco Grand Prix,Qualifying,qualifying,Ferrari,SAI,72.469,4,73.41900000000001,16,8,0.950000000000017,72.49225,0.8571428571428572,1.0,0.8744164332399627,0.8644179894179894,0.42089768077579187,0.5291023192242252
2022,Monaco Grand Prix,Qualifying,qualifying,Haas F1 Team,MAG,74.743,3,73.41900000000001,16,8,-1.3239999999999839,74.106,0.2857142857142857,,0.23926237161531283,,-0.47901914619435665,-0.8449808538056272
2022,Monaco Grand Prix,Qualifying,qualifying,Haas F1 Team,MSC,73.469,3,73.41900000000001,16,8,-0.04999999999998295,74.106,0.2857142857142857,,0.23926237161531283,,-0.5884665298845578,0.5384665298845749
2022,Monaco Grand Prix,Qualifying,qualifying,McLaren,NOR,72.678,3,73.41900000000001,16,8,0.7410000000000139,72.8725,0.7142857142857143,0.19999999999999996,0.3907218442932729,0.37098214285714287,0.12450891586109554,0.6164910841389183
2022,Monaco Grand Prix,Qualifying,qualifying,McLaren,RIC,73.067,3,73.41900000000001,16,8,0.3520000000000181,72.8725,0.7142857142857143,0.19999999999999996,0.3907218442932729,0.37098214285714287,-0.1338069192715026,0.48580691927152064
2022,Monaco Grand Prix,Qualifying,qualifying,Mercedes,HAM,73.444,5,73.41900000000001,16,8,-0.024999999999991473,73.648,0.4285714285714286,0.6,0.8018379281537176,0.8142551892551892,0.3949955738094543,-0.4199955738094458
2022,Monaco Grand Prix,Qualifying,qualifying,Mercedes,RUS,73.852,5,73.41900000000001,16,8,-0.4329999999999927,73.648,0.4285714285714286,0.6,0.8018379281537176,0.8142551892551892,0.45271685282537005,-0.8857168528253627
2022,Monaco Grand Prix,Qualifying,qualifying,Red Bull Racing,PER,72.059,3,73.41900000000001,16,8,1.3600000000000136,72.20599999999999,1.0,0.8,0.9149007936507937,0.933531746031746,0.050894241176247655,1.309105758823766
2022,Monaco Grand Prix,Qualifying,qualifying,Red Bull Racing,VER,72.353,3,73.41900000000001,16,8,1.0660000000000167,72.20599999999999,1.0,0.8,0.9149007936507937,0.933531746031746,0.44653785362151754,0.6194621463784992
2022,Monaco Grand Prix,Qualifying,qualifying,Williams,ALB,74.798,5,73.41900000000001,16,8,-1.3789999999999907,75.218,0.0,0.0,0.16065162907268168,0.20017006802721088,0.4053446987189551,-1.7843446987189457
2022,Monaco Grand Prix,Qualifying,qualifying,Williams,LAT,75.638,5,73.41900000000001,16,8,-2.218999999999994,75.218,0.0,0.0,0.16065162907268168,0.20017006802721088,-0.040943622740378334,-2.1780563772596158
2022,Monaco Grand Prix,Race,race,Alpine,ALO,78.911,29,78.34299999999999,12,6,-0.568000000000012,78.7375,0.4,0.4,0.513154761904762,0.5564058956916099,0.016901313346079846,-0.5849013133460919
2022,Monaco Grand Prix,Race,race,Alpine,OCO,78.564,29,78.34299999999999,12,6,-0.22100000000000364,78.7375,0.4,0.4,0.513154761904762,0.5564058956916099,-0.12843307985374308,-0.09256692014626056
2022,Monaco Grand Prix,Race,race,Ferrari,LEC,77.4845,28,78.34299999999999,12,6,0.8584999999999923,77.52074999999999,1.0,1.0,0.8744164332399627,0.8644179894179894,0.1958228383996559,0.6626771616003364
2022,Monaco Grand Prix,Race,race,Ferrari,SAI,77.557,28,78.34299999999999,12,6,0.7859999999999872,77.52074999999999,1.0,1.0,0.8744164332399627,0.8644179894179894,0.13770117581501623,0.648298824184971
2022,Monaco Grand Prix,Race,race,McLaren,NOR,78.122,17,78.34299999999999,12,6,0.22099999999998943,78.919,0.19999999999999996,0.19999999999999996,0.3907218442932729,0.37098214285714287,0.2594772926936577,-0.038477292693668286
2022,Monaco Grand Prix,Race,race,McLaren,RIC,79.716,17,78.34299999999999,12,6,-1.3730000000000047,78.919,0.19999999999999996,0.19999999999999996,0.3907218442932729,0.37098214285714287,0.04057543152386005,-1.4135754315238647
2022,Monaco Grand Prix,Race,race,Mercedes,HAM,78.68,28,78.34299999999999,12,6,-0.3370000000000175,78.2425,0.6,0.6,0.8018379281537176,0.8142551892551892,-0.03013038881255811,-0.3068696111874594
2022,Monaco Grand Prix,Race,race,Mercedes,RUS,77.805,28,78.34299999999999,12,6,0.5379999999999825,78.2425,0.6,0.6,0.8018379281537176,0.8142551892551892,-0.09081960026679484,0.6288196002667773
2022,Monaco Grand Prix,Race,race,Red Bull Racing,PER,77.95949999999999,28,78.34299999999999,12,6,0.38349999999999795,77.7725,0.8,0.8,0.9149007936507937,0.933531746031746,0.6328857924494375,-0.2493857924494396
2022,Monaco Grand Prix,Race,race,Red Bull Racing,VER,77.5855,28,78.34299999999999,12,6,0.7574999999999932,77.7725,0.8,0.8,0.9149007936507937,0.933531746031746,1.05349042621627,-0.2959904262162769
2022,Monaco Grand Prix,Race,race,Williams,ALB,78.776,9,78.34299999999999,12,6,-0.43300000000000693,79.57499999999999,0.0,0.0,0.16065162907268168,0.20017006802721088,0.26859346837757936,-0.7015934683775863
2022,Monaco Grand Prix,Race,race,Williams,LAT,80.374,9,78.34299999999999,12,6,-2.031000000000006,79.57499999999999,0.0,0.0,0.16065162907268168,0.20017006802721088,-0.27089614105394466,-1.7601038589460614
2022,Saudi Arabian Grand Prix,Qualifying,qualifying,Alfa Romeo,BOT,89.683,5,89.95725,16,8,0.274249999999995,89.908,0.5714285714285714,0.2857142857142857,0.2804811507936508,0.30932539682539684,0.13799208001694666,0.13625791998304834
2022,Saudi Arabian Grand Prix,Qualifying,qualifying,Alfa Romeo,ZHO,90.133,5,89.95725,16,8,-0.17574999999999363,89.908,0.5714285714285714,0.2857142857142857,0.2804811507936508,0.30932539682539684,-0.13799208001694666,-0.03775791998304698
2022,Saudi Arabian Grand Prix,Qualifying,qualifying,Alpine,ALO,89.703,4,89.95725,16,8,0.254249999999999,89.83025,0.7142857142857143,0.4285714285714286,0.513154761904762,0.545978835978836,0.14345355062000661,0.11079644937999236
2022,Saudi Arabian Grand Prix,Qualifying,qualifying,Alpine,OCO,89.95750000000001,4,89.95725,16,8,-0.00025000000000829914,89.83025,0.7142857142857143,0.4285714285714286,0.513154761904762,0.545978835978836,-0.06464507161486799,0.06439507161485969
2022,Saudi Arabian Grand Prix,Qualifying,qualifying,Aston Martin,HUL,90.802,3,89.95725,16,8,-0.8447500000000048,90.6115,0.0,0.1428571428571429,0.387531328320802,0.36437074829931976,-0.46068755930034505,-0.3840624406996597
2022,Saudi Arabian Grand Prix,Qualifying,qualifying,Aston Martin,STR,90.421,3,89.95725,16,8,-0.46375000000000455,90.6115,0.0,0.1428571428571429,0.387531328320802,0.36437074829931976,-0.11131040426236238,-0.35243959573764216
2022,Saudi Arabian Grand Prix,Qualifying,qualifying,Ferrari,LEC,88.613,4,89.95725,16,8,1.3442500000000024,88.64075,1.0,1.0,0.8744164332399627,0.8748473748473748,0.4980360426406395,0.8462139573593629
2022,Saudi Arabian Grand Prix,Qualifying,qualifying,Ferrari,SAI,88.6685,4,89.95725,16,8,1.2887500000000074,88.64075,1.0,1.0,0.8744164332399627,0.8748473748473748,0.42089768077579187,0.8678523192242156
2022,Saudi Arabian Grand Prix,Qualifying,qualifying,Haas F1 Team,MAG,90.206,3,89.95725,16,8,-0.24875000000000114,90.1865,0.2857142857142857,,0.23926237161531283,,-0.47901914619435665,0.2302691461943555
2022,Saudi Arabian Grand Prix,Qualifying,qualifying,Haas F1 Team,MSC,90.167,3,89.95725,16,8,-0.20974999999999966,90.1865,0.2857142857142857,,0.23926237161531283,,-0.5884665298845578,0.3787165298845582
2022,Saudi Arabian Grand Prix,Qualifying,qualifying,McLaren,NOR,89.957,5,89.95725,16,8,0.00025000000000829914,90.01499999999999,0.4285714285714286,0.5714285714285714,0.3907218442932729,0.3609243697478992,0.12450891586109554,-0.12425891586108724
2022,Saudi Arabian Grand Prix,Qualifying,qualifying,McLaren,RIC,90.073,5,89.95725,16,8,-0.11574999999999136,90.01499999999999,0.4285714285714286,0.5714285714285714,0.3907218442932729,0.3609243697478992,-0.1338069192715026,0.018056919271511235
2022,Saudi Arabian Grand Prix,Qualifying,qualifying,Mercedes,HAM,90.589,3,89.95725,16,8,-0.6317499999999967,90.24199999999999,0.1428571428571429,0.7142857142857143,0.8018379281537176,0.7989512471655329,0.3949955738094543,-1.026745573809451
2022,Saudi Arabian Grand Prix,Qualifying,qualifying,Mercedes,RUS,89.895,3,89.95725,16,8,0.06225000000000591,90.24199999999999,0.1428571428571429,0.7142857142857143,0.8018379281537176,0.7989512471655329,0.45271685282537005,-0.39046685282536414
2022,Saudi Arabian Grand Prix,Qualifying,qualifying,Red Bull Racing,PER,88.554,3,89.95725,16,8,1.4032499999999999,88.7495,0.8571428571428572,0.8571428571428572,0.9149007936507937,0.9246296296296296,0.050894241176247655,1.3523557588237523
2022,Saudi Arabian Grand Prix,Qualifying,qualifying,Red Bull Racing,VER,88.945,3,89.95725,16,8,1.0122500000000088,88.7495,0.8571428571428572,0.8571428571428572,0.9149007936507937,0.9246296296296296,0.44653785362151754,0.5657121463784912
2022,Saudi Arabian Grand Prix,Race,race,Alfa Romeo,BOT,95.97999999999999,20,95.84575,16,8,-0.13424999999999443,96.2355,0.2857142857142857,0.2857142857142857,0.2804811507936508,0.30932539682539684,0.10127365318653098,-0.2355236531865254
2022,Saudi Arabian Grand Prix,Race,race,Alfa Romeo,ZHO,96.491,20,95.84575,16,8,-0.6452500000000043,96.2355,0.2857142857142857,0.2857142857142857,0.2804811507936508,0.30932539682539684,-0.10127365318653098,-0.5439763468134733
2022,Saudi Arabian Grand Prix,Race,race,Alpine,ALO,95.8745,24,95.84575,16,8,-0.028750000000002274,95.8945,0.4285714285714286,0.4285714285714286,0.513154761904762,0.545978835978836,0.016901313346079846,-0.04565131334608212
2022,Saudi Arabian Grand Prix,Race,race,Alpine,OCO,95.9145,24,95.84575,16,8,-0.06875000000000853,95.8945,0.4285714285714286,0.4285714285714286,0.513154761904762,0.545978835978836,-0.12843307985374308,0.059683079853734555
2022,Saudi Arabian Grand Prix,Race,race,Aston Martin,HUL,96.467,23,95.84575,16,8,-0.6212500000000034,96.354,0.1428571428571429,0.1428571428571429,0.387531328320802,0.36437074829931976,-0.18641475160805335,-0.4348352483919501
2022,Saudi Arabian Grand Prix,Race,race,Aston Martin,STR,96.241,23,95.84575,16,8,-0.3952500000000043,96.354,0.1428571428571429,0.1428571428571429,0.387531328320802,0.36437074829931976,-0.2745680106068059,-0.12068198939319841
2022,Saudi Arabian Grand Prix,Race,race,Ferrari,LEC,93.281,29,95.84575,16,8,2.5647499999999894,93.256,1.0,1.0,0.8744164332399627,0.8748473748473748,0.1958228383996559,2.3689271616003333
2022,Saudi Arabian Grand Prix,Race,race,Ferrari,SAI,93.231,29,95.84575,16,8,2.614750000000001,93.256,1.0,1.0,0.8744164332399627,0.8748473748473748,0.13770117581501623,2.4770488241849846
2022,Saudi Arabian Grand Prix,Race,race,McLaren,NOR,94.34,11,95.84575,16,8,1.505749999999992,95.07849999999999,0.5714285714285714,0.5714285714285714,0.3907218442932729,0.3609243697478992,0.2594772926936577,1.2462727073063342
2022,Saudi Arabian Grand Prix,Race,race,McLaren,RIC,95.817,11,95.84575,16,8,0.028750000000002274,95.07849999999999,0.5714285714285714,0.5714285714285714,0.3907218442932729,0.3609243697478992,0.04057543152386005,-0.011825431523857774
2022,Saudi Arabian Grand Prix,Race,race,Mercedes,HAM,95.048,21,95.84575,16,8,0.7977499999999935,94.54599999999999,0.7142857142857143,0.7142857142857143,0.8018379281537176,0.7989512471655329,-0.03013038881255811,0.8278803888125517
2022,Saudi Arabian Grand Prix,Race,race,Mercedes,RUS,94.044,21,95.84575,16,8,1.8017499999999984,94.54599999999999,0.7142857142857143,0.7142857142857143,0.8018379281537176,0.7989512471655329,-0.09081960026679484,1.8925696002667933
2022,Saudi Arabian Grand Prix,Race,race,Red Bull Racing,PER,93.647,27,95.84575,16,8,2.1987499999999898,93.35300000000001,0.8571428571428572,0.8571428571428572,0.9149007936507937,0.9246296296296296,0.6328857924494375,1.5658642075505522
2022,Saudi Arabian Grand Prix,Race,race,Red Bull Racing,VER,93.059,27,95.84575,16,8,2.786749999999998,93.35300000000001,0.8571428571428572,0.8571428571428572,0.9149007936507937,0.9246296296296296,1.05349042621627,1.7332595737837277
2022,Saudi Arabian Grand Prix,Race,race,Williams,ALB,98.07650000000001,8,95.84575,16,8,-2.2307500000000147,98.09175,0.0,0.0,0.16065162907268168,0.1868253968253968,0.26859346837757936,-2.499343468377594
2022,Saudi Arabian Grand Prix,Race,race,Williams,LAT,98.107,8,95.84575,16,8,-2.261250000000004,98.09175,0.0,0.0,0.16065162907268168,0.1868253968253968,-0.27089614105394466,-1.9903538589460594
2022,Singapore Grand Prix,Qualifying,qualifying,Alfa Romeo,BOT,117.434,3,114.7225,12,6,-2.711500000000001,117.09649999999999,0.0,,0.2804811507936508,,0.13799208001694666,-2.8494920800169474
2022,Singapore Grand Prix,Qualifying,qualifying,Alfa Romeo,ZHO,116.759,3,114.7225,12,6,-2.0365000000000038,117.09649999999999,0.0,,0.2804811507936508,,-0.13799208001694666,-1.898507919983057
2022,Singapore Grand Prix,Qualifying,qualifying,AlphaTauri,GAS,113.3965,4,114.7225,12,6,1.3259999999999934,114.12675,0.6,0.2857142857142857,0.4081547619047619,0.38593750000000004,-0.08121862419797127,1.4072186241979647
2022,Singapore Grand Prix,Qualifying,qualifying,AlphaTauri,TSU,114.857,4,114.7225,12,6,-0.13450000000000273,114.12675,0.6,0.2857142857142857,0.4081547619047619,0.38593750000000004,-0.01826717338177214,-0.11623282661823059
2022,Singapore Grand Prix,Qualifying,qualifying,Ferrari,LEC,111.881,3,114.7225,12,6,2.8414999999999964,113.2345,1.0,1.0,0.8744164332399627,0.8837868480725624,0.4980360426406395,2.343463957359357
2022,Singapore Grand Prix,Qualifying,qualifying,Ferrari,SAI,114.588,3,114.7225,12,6,0.13450000000000273,113.2345,1.0,1.0,0.8744164332399627,0.8837868480725624,0.42089768077579187,-0.28639768077578914
2022,Singapore Grand Prix,Qualifying,qualifying,Haas F1 Team,MAG,115.223,3,114.7225,12,6,-0.5005000000000024,115.1455,0.19999999999999996,0.0,0.23926237161531283,0.2825963718820862,-0.47901914619435665,-0.02148085380564574
2022,Singapore Grand Prix,Qualifying,qualifying,Haas F1 Team,MSC,115.068,3,114.7225,12,6,-0.34550000000000125,115.1455,0.19999999999999996,0.0,0.23926237161531283,0.2825963718820862,-0.5884665298845578,0.24296652988455658
2022,Singapore Grand Prix,Qualifying,qualifying,Mercedes,HAM,113.5305,4,114.7225,12,6,1.191999999999993,114.63974999999999,0.4,0.5714285714285714,0.8018379281537176,0.7933068783068783,0.3949955738094543,0.7970044261905387
2022,Singapore Grand Prix,Qualifying,qualifying,Mercedes,RUS,115.749,4,114.7225,12,6,-1.0264999999999986,114.63974999999999,0.4,0.5714285714285714,0.8018379281537176,0.7933068783068783,0.45271685282537005,-1.4792168528253686
2022,Singapore Grand Prix,Qualifying,qualifying,Red Bull Racing,PER,112.818,3,114.7225,12,6,1.9044999999999987,113.5555,0.8,0.7142857142857143,0.9149007936507937,0.9204117063492063,0.050894241176247655,1.8536057588237511
2022,Singapore Grand Prix,Qualifying,qualifying,Red Bull Racing,VER,114.293,3,114.7225,12,6,0.4294999999999902,113.5555,0.8,0.7142857142857143,0.9149007936507937,0.9204117063492063,0.44653785362151754,-0.01703785362152732
2022,Singapore Grand Prix,Race,race,AlphaTauri,GAS,121.533,15,121.26325,16,8,-0.26975000000000193,122.0575,0.2857142857142857,0.2857142857142857,0.4081547619047619,0.38593750000000004,0.03412313799982952,-0.30387313799983146
2022,Singapore Grand Prix,Race,race,AlphaTauri,TSU,122.582,15,121.26325,16,8,-1.3187499999999943,122.0575,0.2857142857142857,0.2857142857142857,0.4081547619047619,0.38593750000000004,-0.008871756926109803,-1.3098782430738845
2022,Singapore Grand Prix,Race,race,Alpine,ALO,121.474,13,121.26325,16,8,-0.21075000000000443,122.1525,0.1428571428571429,0.1428571428571429,0.513154761904762,0.538640873015873,0.016901313346079846,-0.2276513133460843
2022,Singapore Grand Prix,Race,race,Alpine,OCO,122.831,13,121.26325,16,8,-1.5677500000000038,122.1525,0.1428571428571429,0.1428571428571429,0.513154761904762,0.538640873015873,-0.12843307985374308,-1.4393169201462608
2022,Singapore Grand Prix,Race,race,Aston Martin,STR,119.199,31,121.26325,16,8,2.0642500000000013,119.071,0.8571428571428572,0.8571428571428572,0.387531328320802,0.34960317460317464,-0.2745680106068059,2.3388180106068073
2022,Singapore Grand Prix,Race,race,Aston Martin,VET,118.943,31,121.26325,16,8,2.3202500000000015,119.071,0.8571428571428572,0.8571428571428572,0.387531328320802,0.34960317460317464,-0.23363630178821726,2.5538863017882187
2022,Singapore Grand Prix,Race,race,Ferrari,LEC,116.7425,32,121.26325,16,8,4.5207499999999925,117.36975000000001,1.0,1.0,0.8744164332399627,0.8837868480725624,0.1958228383996559,4.324927161600336
2022,Singapore Grand Prix,Race,race,Ferrari,SAI,117.997,32,121.26325,16,8,3.2662499999999994,117.36975000000001,1.0,1.0,0.8744164332399627,0.8837868480725624,0.13770117581501623,3.1285488241849833
2022,Singapore Grand Prix,Race,race,Haas F1 Team,MAG,122.811,11,121.26325,16,8,-1.5477500000000077,122.9315,0.0,0.0,0.23926237161531283,0.2825963718820862,-0.3934127617582333,-1.1543372382417745
2022,Singapore Grand Prix,Race,race,Haas F1 Team,MSC,123.052,11,121.26325,16,8,-1.7887500000000074,122.9315,0.0,0.0,0.23926237161531283,0.2825963718820862,-0.26790288101912896,-1.5208471189808783
2022,Singapore Grand Prix,Race,race,McLaren,NOR,120.979,16,121.26325,16,8,0.2842500000000001,121.694,0.4285714285714286,0.4285714285714286,0.3907218442932729,0.3726190476190476,0.2594772926936577,0.0247727073063424
2022,Singapore Grand Prix,Race,race,McLaren,RIC,122.409,16,121.26325,16,8,-1.1457500000000067,121.694,0.4285714285714286,0.4285714285714286,0.3907218442932729,0.3726190476190476,0.04057543152386005,-1.1863254315238667
2022,Singapore Grand Prix,Race,race,Mercedes,HAM,120.32,17,121.26325,16,8,0.9432500000000061,121.443,0.5714285714285714,0.5714285714285714,0.8018379281537176,0.7933068783068783,-0.03013038881255811,0.9733803888125643
2022,Singapore Grand Prix,Race,race,Mercedes,RUS,122.566,17,121.26325,16,8,-1.3027500000000032,121.443,0.5714285714285714,0.5714285714285714,0.8018379281537176,0.7933068783068783,-0.09081960026679484,-1.2119303997332083
2022,Singapore Grand Prix,Race,race,Red Bull Racing,PER,119.298,18,121.26325,16,8,1.9652499999999975,120.17525,0.7142857142857143,0.7142857142857143,0.9149007936507937,0.9204117063492063,0.6328857924494375,1.33236420755056
2022,Singapore Grand Prix,Race,race,Red Bull Racing,VER,121.05250000000001,18,121.26325,16,8,0.21074999999999022,120.17525,0.7142857142857143,0.7142857142857143,0.9149007936507937,0.9204117063492063,1.05349042621627,-0.8427404262162799
2022,Spanish Grand Prix,Qualifying,qualifying,Alfa Romeo,BOT,80.40100000000001,4,80.26025000000001,14,7,-0.14074999999999704,80.74025,0.16666666666666663,0.2222222222222222,0.2804811507936508,0.3075091575091575,0.13799208001694666,-0.27874208001694367
2022,Spanish Grand Prix,Qualifying,qualifying,Alfa Romeo,ZHO,81.0795,4,80.26025000000001,14,7,-0.8192499999999825,80.74025,0.16666666666666663,0.2222222222222222,0.2804811507936508,0.3075091575091575,-0.13799208001694666,-0.6812579199830359
2022,Spanish Grand Prix,Qualifying,qualifying,AlphaTauri,GAS,81.993,5,80.26025000000001,14,7,-1.7327499999999816,81.5715,0.0,0.6666666666666667,0.4081547619047619,0.3800420168067227,-0.08121862419797127,-1.6515313758020103
2022,Spanish Grand Prix,Qualifying,qualifying,AlphaTauri,TSU,81.15,5,80.26025000000001,14,7,-0.8897499999999923,81.5715,0.0,0.6666666666666667,0.4081547619047619,0.3800420168067227,-0.01826717338177214,-0.8714828266182202
2022,Spanish Grand Prix,Qualifying,qualifying,Ferrari,LEC,79.861,3,80.26025000000001,14,7,0.3992500000000092,79.8765,0.6666666666666667,0.7777777777777778,0.8744164332399627,0.8915343915343915,0.4980360426406395,-0.09878604264063029
2022,Spanish Grand Prix,Qualifying,qualifying,Ferrari,SAI,79.892,3,80.26025000000001,14,7,0.3682500000000175,79.8765,0.6666666666666667,0.7777777777777778,0.8744164332399627,0.8915343915343915,0.42089768077579187,-0.052647680775774364
2022,Spanish Grand Prix,Qualifying,qualifying,Haas F1 Team,MAG,80.1195,4,80.26025000000001,14,7,0.14075000000001125,80.31075000000001,0.5,0.11111111111111116,0.23926237161531283,0.26375661375661374,-0.47901914619435665,0.619769146194368
2022,Spanish Grand Prix,Qualifying,qualifying,Haas F1 Team,MSC,80.50200000000001,4,80.26025000000001,14,7,-0.24174999999999613,80.31075000000001,0.5,0.11111111111111116,0.23926237161531283,0.26375661375661374,-0.5884665298845578,0.3467165298845617
2022,Spanish Grand Prix,Qualifying,qualifying,McLaren,NOR,80.6545,4,80.26025000000001,14,7,-0.39424999999998533,80.6525,0.33333333333333337,0.4444444444444444,0.3907218442932729,0.3755639097744361,0.12450891586109554,-0.5187589158610809
2022,Spanish Grand Prix,Qualifying,qualifying,McLaren,RIC,80.6505,4,80.26025000000001,14,7,-0.39024999999998045,80.6525,0.33333333333333337,0.4444444444444444,0.3907218442932729,0.3755639097744361,-0.1338069192715026,-0.2564430807284779
2022,Spanish Grand Prix,Qualifying,qualifying,Mercedes,HAM,79.664,3,80.26025000000001,14,7,0.5962500000000119,79.56700000000001,0.8333333333333334,0.8888888888888888,0.8018379281537176,0.779439484126984,0.3949955738094543,0.2012544261905576
2022,Spanish Grand Prix,Qualifying,qualifying,Mercedes,RUS,79.47,3,80.26025000000001,14,7,0.7902500000000146,79.56700000000001,0.8333333333333334,0.8888888888888888,0.8018379281537176,0.779439484126984,0.45271685282537005,0.3375331471746445
2022,Spanish Grand Prix,Qualifying,qualifying,Red Bull Racing,PER,79.83,3,80.26025000000001,14,7,0.4302500000000151,79.52449999999999,1.0,1.0,0.9149007936507937,0.9082866479925303,0.050894241176247655,0.3793557588237675
2022,Spanish Grand Prix,Qualifying,qualifying,Red Bull Racing,VER,79.219,3,80.26025000000001,14,7,1.0412500000000193,79.52449999999999,1.0,1.0,0.9149007936507937,0.9082866479925303,0.44653785362151754,0.5947121463785018
2022,Spanish Grand Prix,Race,race,Alfa Romeo,BOT,88.563,21,88.87475,20,10,0.3117500000000035,89.28399999999999,0.2222222222222222,0.2222222222222222,0.2804811507936508,0.3075091575091575,0.10127365318653098,0.21047634681347255
2022,Spanish Grand Prix,Race,race,Alfa Romeo,ZHO,90.005,21,88.87475,20,10,-1.1302499999999895,89.28399999999999,0.2222222222222222,0.2222222222222222,0.2804811507936508,0.3075091575091575,-0.10127365318653098,-1.0289763468134585
2022,Spanish Grand Prix,Race,race,AlphaTauri,GAS,88.9855,44,88.87475,20,10,-0.11074999999999591,88.79175000000001,0.6666666666666667,0.6666666666666667,0.4081547619047619,0.3800420168067227,0.03412313799982952,-0.14487313799982543
2022,Spanish Grand Prix,Race,race,AlphaTauri,TSU,88.598,44,88.87475,20,10,0.27675000000000693,88.79175000000001,0.6666666666666667,0.6666666666666667,0.4081547619047619,0.3800420168067227,-0.008871756926109803,0.28562175692611674
2022,Spanish Grand Prix,Race,race,Alpine,ALO,88.8095,42,88.87475,20,10,0.06525000000000603,88.87475,0.5555555555555556,0.5555555555555556,0.513154761904762,0.515359477124183,0.016901313346079846,0.04834868665392618
2022,Spanish Grand Prix,Race,race,Alpine,OCO,88.94,42,88.87475,20,10,-0.06524999999999181,88.87475,0.5555555555555556,0.5555555555555556,0.513154761904762,0.515359477124183,-0.12843307985374308,0.06318307985375127
2022,Spanish Grand Prix,Race,race,Aston Martin,STR,89.02950000000001,38,88.87475,20,10,-0.15475000000000705,89.02025,0.33333333333333337,0.33333333333333337,0.387531328320802,0.38132440476190477,-0.2745680106068059,0.11981801060679886
2022,Spanish Grand Prix,Race,race,Aston Martin,VET,89.011,38,88.87475,20,10,-0.13624999999998977,89.02025,0.33333333333333337,0.33333333333333337,0.387531328320802,0.38132440476190477,-0.23363630178821726,0.09738630178822749
2022,Spanish Grand Prix,Race,race,Ferrari,LEC,87.8365,18,88.87475,20,10,1.038250000000005,87.83275,0.7777777777777778,0.7777777777777778,0.8744164332399627,0.8915343915343915,0.1958228383996559,0.8424271616003491
2022,Spanish Grand Prix,Race,race,Ferrari,SAI,87.82900000000001,18,88.87475,20,10,1.0457499999999982,87.83275,0.7777777777777778,0.7777777777777778,0.8744164332399627,0.8915343915343915,0.13770117581501623,0.908048824184982
2022,Spanish Grand Prix,Race,race,Haas F1 Team,MAG,89.9325,22,88.87475,20,10,-1.0577499999999986,89.49425,0.11111111111111116,0.11111111111111116,0.23926237161531283,0.26375661375661374,-0.3934127617582333,-0.6643372382417654
2022,Spanish Grand Prix,Race,race,Haas F1 Team,MSC,89.056,22,88.87475,20,10,-0.18124999999999147,89.49425,0.11111111111111116,0.11111111111111116,0.23926237161531283,0.26375661375661374,-0.26790288101912896,0.08665288101913748
2022,Spanish Grand Prix,Race,race,McLaren,NOR,88.617,45,88.87475,20,10,0.2577500000000015,88.8935,0.4444444444444444,0.4444444444444444,0.3907218442932729,0.3755639097744361,0.2594772926936577,-0.001727292693656235
2022,Spanish Grand Prix,Race,race,McLaren,RIC,89.17,45,88.87475,20,10,-0.2952499999999958,88.8935,0.4444444444444444,0.4444444444444444,0.3907218442932729,0.3755639097744361,0.04057543152386005,-0.33582543152385586
2022,Spanish Grand Prix,Race,race,Mercedes,HAM,87.156,39,88.87475,20,10,1.71875,87.66650000000001,0.8888888888888888,0.8888888888888888,0.8018379281537176,0.779439484126984,-0.03013038881255811,1.7488803888125581
2022,Spanish Grand Prix,Race,race,Mercedes,RUS,88.177,39,88.87475,20,10,0.6977499999999992,87.66650000000001,0.8888888888888888,0.8888888888888888,0.8018379281537176,0.779439484126984,-0.09081960026679484,0.788569600266794
2022,Spanish Grand Prix,Race,race,Red Bull Racing,PER,87.607,51,88.87475,20,10,1.2677500000000066,87.37049999999999,1.0,1.0,0.9149007936507937,0.9082866479925303,0.6328857924494375,0.634864207550569
2022,Spanish Grand Prix,Race,race,Red Bull Racing,VER,87.134,51,88.87475,20,10,1.7407500000000056,87.37049999999999,1.0,1.0,0.9149007936507937,0.9082866479925303,1.05349042621627,0.6872595737837355
2022,Spanish Grand Prix,Race,race,Williams,ALB,90.4295,38,88.87475,20,10,-1.5547499999999985,90.13025,0.0,0.0,0.16065162907268168,0.1751488095238095,0.26859346837757936,-1.823343468377578
2022,Spanish Grand Prix,Race,race,Williams,LAT,89.831,38,88.87475,20,10,-0.9562499999999972,90.13025,0.0,0.0,0.16065162907268168,0.1751488095238095,-0.27089614105394466,-0.6853538589460525
2022,São Paulo Grand Prix,Qualifying,qualifying,Alfa Romeo,BOT,79.24600000000001,4,71.984,16,8,-7.262000000000015,79.2165,0.0,0.1428571428571429,0.2804811507936508,0.3014172335600907,0.13799208001694666,-7.399992080016961
2022,São Paulo Grand Prix,Qualifying,qualifying,Alfa Romeo,ZHO,79.187,4,71.984,16,8,-7.203000000000003,79.2165,0.0,0.1428571428571429,0.2804811507936508,0.3014172335600907,-0.13799208001694666,-7.065007919983056
2022,São Paulo Grand Prix,Qualifying,qualifying,Alpine,ALO,71.748,3,71.984,16,8,0.23599999999999,71.814,0.7857142857142857,0.5714285714285714,0.513154761904762,0.5175925925925926,0.14345355062000661,0.09254644937998338
2022,São Paulo Grand Prix,Qualifying,qualifying,Alpine,OCO,71.88,3,71.984,16,8,0.1039999999999992,71.814,0.7857142857142857,0.5714285714285714,0.513154761904762,0.5175925925925926,-0.06464507161486799,0.1686450716148672
2022,São Paulo Grand Prix,Qualifying,qualifying,Aston Martin,STR,72.233,3,71.984,16,8,-0.24900000000000944,72.241,0.2857142857142857,0.4285714285714286,0.387531328320802,0.37850140056022413,-0.11131040426236238,-0.13768959573764705
2022,São Paulo Grand Prix,Qualifying,qualifying,Aston Martin,VET,72.249,3,71.984,16,8,-0.26500000000000057,72.241,0.2857142857142857,0.4285714285714286,0.387531328320802,0.37850140056022413,-0.12531111888416818,-0.1396888811158324
2022,São Paulo Grand Prix,Qualifying,qualifying,Ferrari,LEC,71.824,3,71.984,16,8,0.1599999999999966,71.814,0.7857142857142857,0.7142857142857143,0.8744164332399627,0.8844246031746031,0.4980360426406395,-0.3380360426406429
2022,São Paulo Grand Prix,Qualifying,qualifying,Ferrari,SAI,71.804,3,71.984,16,8,0.1799999999999926,71.814,0.7857142857142857,0.7142857142857143,0.8744164332399627,0.8844246031746031,0.42089768077579187,-0.24089768077579926
2022,São Paulo Grand Prix,Qualifying,qualifying,McLaren,NOR,71.571,3,71.984,16,8,0.4129999999999967,71.9365,0.5714285714285714,,0.3907218442932729,,0.12450891586109554,0.2884910841389012
2022,São Paulo Grand Prix,Qualifying,qualifying,McLaren,RIC,72.302,3,71.984,16,8,-0.31800000000001205,71.9365,0.5714285714285714,,0.3907218442932729,,-0.1338069192715026,-0.18419308072850946
2022,São Paulo Grand Prix,Qualifying,qualifying,Mercedes,HAM,72.088,4,71.984,16,8,-0.1039999999999992,71.9555,0.4285714285714286,1.0,0.8018379281537176,0.7858776844070962,0.3949955738094543,-0.49899557380945353
2022,São Paulo Grand Prix,Qualifying,qualifying,Mercedes,RUS,71.82300000000001,4,71.984,16,8,0.16099999999998715,71.9555,0.4285714285714286,1.0,0.8018379281537176,0.7858776844070962,0.45271685282537005,-0.2917168528253829
2022,São Paulo Grand Prix,Qualifying,qualifying,Red Bull Racing,PER,71.699,3,71.984,16,8,0.2849999999999966,71.6845,1.0,0.8571428571428572,0.9149007936507937,0.9133818342151676,0.050894241176247655,0.23410575882374893
2022,São Paulo Grand Prix,Qualifying,qualifying,Red Bull Racing,VER,71.67,3,71.984,16,8,0.31399999999999295,71.6845,1.0,0.8571428571428572,0.9149007936507937,0.9133818342151676,0.44653785362151754,-0.1325378536215246
2022,São Paulo Grand Prix,Qualifying,qualifying,Williams,ALB,74.358,3,71.984,16,8,-2.3740000000000094,75.1635,0.1428571428571429,0.0,0.16065162907268168,0.16484593837535014,0.4053446987189551,-2.7793446987189645
2022,São Paulo Grand Prix,Qualifying,qualifying,Williams,LAT,75.969,3,71.984,16,8,-3.9849999999999994,75.1635,0.1428571428571429,0.0,0.16065162907268168,0.16484593837535014,-0.040943622740378334,-3.944056377259621
2022,São Paulo Grand Prix,Race,race,Alfa Romeo,BOT,76.907,31,76.876,16,8,-0.0309999999999917,77.207,0.1428571428571429,0.1428571428571429,0.2804811507936508,0.3014172335600907,0.10127365318653098,-0.13227365318652268
2022,São Paulo Grand Prix,Race,race,Alfa Romeo,ZHO,77.507,31,76.876,16,8,-0.6310000000000002,77.207,0.1428571428571429,0.1428571428571429,0.2804811507936508,0.3014172335600907,-0.10127365318653098,-0.5297263468134692
2022,São Paulo Grand Prix,Race,race,AlphaTauri,GAS,76.7595,34,76.876,16,8,0.11650000000000205,77.09049999999999,0.2857142857142857,0.2857142857142857,0.4081547619047619,0.39596560846560847,0.03412313799982952,0.08237686200017252
2022,São Paulo Grand Prix,Race,race,AlphaTauri,TSU,77.4215,34,76.876,16,8,-0.5454999999999899,77.09049999999999,0.2857142857142857,0.2857142857142857,0.4081547619047619,0.39596560846560847,-0.008871756926109803,-0.5366282430738801
2022,São Paulo Grand Prix,Race,race,Alpine,ALO,76.845,29,76.876,16,8,0.03100000000000591,76.9445,0.5714285714285714,0.5714285714285714,0.513154761904762,0.5175925925925926,0.016901313346079846,0.014098686653926065
2022,São Paulo Grand Prix,Race,race,Alpine,OCO,77.044,29,76.876,16,8,-0.16799999999999216,76.9445,0.5714285714285714,0.5714285714285714,0.513154761904762,0.5175925925925926,-0.12843307985374308,-0.039566920146249074
2022,São Paulo Grand Prix,Race,race,Aston Martin,STR,77.1705,32,76.876,16,8,-0.2944999999999993,77.07050000000001,0.4285714285714286,0.4285714285714286,0.387531328320802,0.37850140056022413,-0.2745680106068059,-0.019931989393193406
2022,São Paulo Grand Prix,Race,race,Aston Martin,VET,76.9705,32,76.876,16,8,-0.09449999999999648,77.07050000000001,0.4285714285714286,0.4285714285714286,0.387531328320802,0.37850140056022413,-0.23363630178821726,0.13913630178822078
2022,São Paulo Grand Prix,Race,race,Ferrari,LEC,76.3555,28,76.876,16,8,0.5204999999999984,76.34125,0.7142857142857143,0.7142857142857143,0.8744164332399627,0.8844246031746031,0.1958228383996559,0.32467716160034255
2022,São Paulo Grand Prix,Race,race,Ferrari,SAI,76.327,28,76.876,16,8,0.5490000000000066,76.34125,0.7142857142857143,0.7142857142857143,0.8744164332399627,0.8844246031746031,0.13770117581501623,0.41129882418499036
2022,São Paulo Grand Prix,Race,race,Mercedes,HAM,75.735,39,76.876,16,8,1.1410000000000053,75.894,1.0,1.0,0.8018379281537176,0.7858776844070962,-0.03013038881255811,1.1711303888125635
2022,São Paulo Grand Prix,Race,race,Mercedes,RUS,76.053,39,76.876,16,8,0.8230000000000075,75.894,1.0,1.0,0.8018379281537176,0.7858776844070962,-0.09081960026679484,0.9138196002668023
2022,São Paulo Grand Prix,Race,race,Red Bull Racing,PER,76.291,25,76.876,16,8,0.585000000000008,76.322,0.8571428571428572,0.8571428571428572,0.9149007936507937,0.9133818342151676,0.6328857924494375,-0.04788579244942959
2022,São Paulo Grand Prix,Race,race,Red Bull Racing,VER,76.353,25,76.876,16,8,0.5230000000000103,76.322,0.8571428571428572,0.8571428571428572,0.9149007936507937,0.9133818342151676,1.05349042621627,-0.5304904262162597
2022,São Paulo Grand Prix,Race,race,Williams,ALB,78.002,27,76.876,16,8,-1.1259999999999906,77.886,0.0,0.0,0.16065162907268168,0.16484593837535014,0.26859346837757936,-1.39459346837757
2022,São Paulo Grand Prix,Race,race,Williams,LAT,77.77,27,76.876,16,8,-0.8939999999999912,77.886,0.0,0.0,0.16065162907268168,0.16484593837535014,-0.27089614105394466,-0.6231038589460466
2022,United States Grand Prix,Qualifying,qualifying,Alfa Romeo,BOT,96.747,4,96.1305,12,6,-0.616500000000002,96.84299999999999,0.4,0.125,0.2804811507936508,0.29084656084656085,0.13799208001694666,-0.7544920800169487
2022,United States Grand Prix,Qualifying,qualifying,Alfa Romeo,ZHO,96.939,4,96.1305,12,6,-0.8084999999999951,96.84299999999999,0.4,0.125,0.2804811507936508,0.29084656084656085,-0.13799208001694666,-0.6705079199830485
2022,United States Grand Prix,Qualifying,qualifying,AlphaTauri,GAS,96.74,3,96.1305,12,6,-0.609499999999997,96.9435,0.0,0.75,0.4081547619047619,0.39016290726817043,-0.08121862419797127,-0.5282813758020257
2022,United States Grand Prix,Qualifying,qualifying,AlphaTauri,TSU,97.147,3,96.1305,12,6,-1.0165000000000077,96.9435,0.0,0.75,0.4081547619047619,0.39016290726817043,-0.01826717338177214,-0.9982328266182356
2022,United States Grand Prix,Qualifying,qualifying,Aston Martin,STR,96.961,4,96.1305,12,6,-0.8305000000000007,96.937,0.19999999999999996,0.5,0.387531328320802,0.3812830687830688,-0.11131040426236238,-0.7191895957376383
2022,United States Grand Prix,Qualifying,qualifying,Aston Martin,VET,96.913,4,96.1305,12,6,-0.7824999999999989,96.937,0.19999999999999996,0.5,0.387531328320802,0.3812830687830688,-0.12531111888416818,-0.6571888811158306
2022,United States Grand Prix,Qualifying,qualifying,Ferrari,LEC,94.624,3,96.1305,12,6,1.5065000000000026,94.70349999999999,1.0,,0.8744164332399627,,0.4980360426406395,1.0084639573593632
2022,United States Grand Prix,Qualifying,qualifying,Ferrari,SAI,94.783,3,96.1305,12,6,1.3474999999999966,94.70349999999999,1.0,,0.8744164332399627,,0.42089768077579187,0.9266023192242048
2022,United States Grand Prix,Qualifying,qualifying,Mercedes,HAM,95.521,4,96.1305,12,6,0.609499999999997,95.51249999999999,0.6,0.875,0.8018379281537176,0.7977733686067019,0.3949955738094543,0.21450442619054272
2022,United States Grand Prix,Qualifying,qualifying,Mercedes,RUS,95.50399999999999,4,96.1305,12,6,0.6265000000000072,95.51249999999999,0.6,0.875,0.8018379281537176,0.7977733686067019,0.45271685282537005,0.1737831471746371
2022,United States Grand Prix,Qualifying,qualifying,Red Bull Racing,PER,95.171,3,96.1305,12,6,0.9594999999999914,95.1075,0.8,1.0,0.9149007936507937,0.910421888053467,0.050894241176247655,0.9086057588237437
2022,United States Grand Prix,Qualifying,qualifying,Red Bull Racing,VER,95.044,3,96.1305,12,6,1.086500000000001,95.1075,0.8,1.0,0.9149007936507937,0.910421888053467,0.44653785362151754,0.6399621463784834
2022,United States Grand Prix,Race,race,Alfa Romeo,BOT,104.037,9,103.725,18,9,-0.3120000000000118,104.24549999999999,0.125,0.125,0.2804811507936508,0.29084656084656085,0.10127365318653098,-0.4132736531865428
2022,United States Grand Prix,Race,race,Alfa Romeo,ZHO,104.454,9,103.725,18,9,-0.7289999999999992,104.24549999999999,0.125,0.125,0.2804811507936508,0.29084656084656085,-0.10127365318653098,-0.6277263468134682
2022,United States Grand Prix,Race,race,AlphaTauri,GAS,103.571,23,103.725,18,9,0.15399999999999636,103.2405,0.75,0.75,0.4081547619047619,0.39016290726817043,0.03412313799982952,0.11987686200016684
2022,United States Grand Prix,Race,race,AlphaTauri,TSU,102.91,23,103.725,18,9,0.8149999999999977,103.2405,0.75,0.75,0.4081547619047619,0.39016290726817043,-0.008871756926109803,0.8238717569261075
2022,United States Grand Prix,Race,race,Alpine,ALO,103.963,29,103.725,18,9,-0.23799999999999955,104.00399999999999,0.375,0.375,0.513154761904762,0.5204260651629073,0.016901313346079846,-0.2549013133460794
2022,United States Grand Prix,Race,race,Alpine,OCO,104.045,29,103.725,18,9,-0.3200000000000074,104.00399999999999,0.375,0.375,0.513154761904762,0.5204260651629073,-0.12843307985374308,-0.1915669201462643
2022,United States Grand Prix,Race,race,Aston Martin,STR,103.76,11,103.725,18,9,-0.0350000000000108,103.725,0.5,0.5,0.387531328320802,0.3812830687830688,-0.2745680106068059,0.2395680106067951
2022,United States Grand Prix,Race,race,Aston Martin,VET,103.69,11,103.725,18,9,0.03499999999999659,103.725,0.5,0.5,0.387531328320802,0.3812830687830688,-0.23363630178821726,0.26863630178821385
2022,United States Grand Prix,Race,race,Haas F1 Team,MAG,104.73,17,103.725,18,9,-1.0050000000000097,104.537,0.0,0.0,0.23926237161531283,0.2542162698412699,-0.3934127617582333,-0.6115872382417764
2022,United States Grand Prix,Race,race,Haas F1 Team,MSC,104.344,17,103.725,18,9,-0.6189999999999998,104.537,0.0,0.0,0.23926237161531283,0.2542162698412699,-0.26790288101912896,-0.3510971189808708
2022,United States Grand Prix,Race,race,McLaren,NOR,103.076,27,103.725,18,9,0.6490000000000009,103.61099999999999,0.625,0.625,0.3907218442932729,0.3790079365079365,0.2594772926936577,0.3895227073063432
2022,United States Grand Prix,Race,race,McLaren,RIC,104.146,27,103.725,18,9,-0.4210000000000065,103.61099999999999,0.625,0.625,0.3907218442932729,0.3790079365079365,0.04057543152386005,-0.46157543152386654
2022,United States Grand Prix,Race,race,Mercedes,HAM,101.334,32,103.725,18,9,2.390999999999991,101.64475,0.875,0.875,0.8018379281537176,0.7977733686067019,-0.03013038881255811,2.421130388812549
2022,United States Grand Prix,Race,race,Mercedes,RUS,101.9555,32,103.725,18,9,1.7694999999999936,101.64475,0.875,0.875,0.8018379281537176,0.7977733686067019,-0.09081960026679484,1.8603196002667886
2022,United States Grand Prix,Race,race,Red Bull Racing,PER,101.809,35,103.725,18,9,1.9159999999999968,101.5735,1.0,1.0,0.9149007936507937,0.910421888053467,0.6328857924494375,1.2831142075505593
2022,United States Grand Prix,Race,race,Red Bull Racing,VER,101.338,35,103.725,18,9,2.3870000000000005,101.5735,1.0,1.0,0.9149007936507937,0.910421888053467,1.05349042621627,1.3335095737837304
2022,United States Grand Prix,Race,race,Williams,ALB,103.636,33,103.725,18,9,0.08899999999999864,104.00999999999999,0.25,0.25,0.16065162907268168,0.15568783068783068,0.26859346837757936,-0.17959346837758072
2022,United States Grand Prix,Race,race,Williams,LAT,104.384,33,103.725,18,9,-0.659000000000006,104.00999999999999,0.25,0.25,0.16065162907268168,0.15568783068783068,-0.27089614105394466,-0.38810385894606136
2023,Abu Dhabi Grand Prix,Qualifying,qualifying,AlphaTauri,RIC,84.6505,4,84.509,12,6,-0.14149999999999352,84.5345,0.4,0.5555555555555556,0.25493827160493826,,-0.1338069192715026,-0.007693080728490925
2023,Abu Dhabi Grand Prix,Qualifying,qualifying,AlphaTauri,TSU,84.4185,4,84.509,12,6,0.0905000000000058,84.5345,0.4,0.5555555555555556,0.25493827160493826,,-0.01826717338177214,0.10876717338177794
2023,Abu Dhabi Grand Prix,Qualifying,qualifying,Alpine,GAS,84.779,4,84.509,12,6,-0.269999999999996,84.79525,0.0,0.2222222222222222,0.5074143692564745,,-0.08121862419797127,-0.18878137580202475
2023,Abu Dhabi Grand Prix,Qualifying,qualifying,Alpine,OCO,84.8115,4,84.509,12,6,-0.3024999999999949,84.79525,0.0,0.2222222222222222,0.5074143692564745,,-0.06464507161486799,-0.2378549283851269
2023,Abu Dhabi Grand Prix,Qualifying,qualifying,Aston Martin,ALO,84.5995,4,84.509,12,6,-0.0905000000000058,84.6095,0.19999999999999996,0.4444444444444444,0.6029761904761906,,0.14345355062000661,-0.2339535506200124
2023,Abu Dhabi Grand Prix,Qualifying,qualifying,Aston Martin,STR,84.61949999999999,4,84.509,12,6,-0.11049999999998761,84.6095,0.19999999999999996,0.4444444444444444,0.6029761904761906,,-0.11131040426236238,0.0008104042623747754
2023,Abu Dhabi Grand Prix,Qualifying,qualifying,McLaren,NOR,83.92,3,84.509,12,6,0.5889999999999986,83.9345,0.8,0.7777777777777778,0.5456569664902998,,0.12450891586109554,0.4644910841389031
2023,Abu Dhabi Grand Prix,Qualifying,qualifying,McLaren,PIA,83.949,3,84.509,12,6,0.5600000000000023,83.9345,0.8,0.7777777777777778,0.5456569664902998,,0.03443707754662947,0.5255629224533728
2023,Abu Dhabi Grand Prix,Qualifying,qualifying,Mercedes,HAM,84.63149999999999,4,84.509,12,6,-0.12249999999998806,84.51499999999999,0.6,0.8888888888888888,0.6784325396825397,,0.3949955738094543,-0.5174955738094424
2023,Abu Dhabi Grand Prix,Qualifying,qualifying,Mercedes,RUS,84.3985,4,84.509,12,6,0.11050000000000182,84.51499999999999,0.6,0.8888888888888888,0.6784325396825397,,0.45271685282537005,-0.34221685282536823
2023,Abu Dhabi Grand Prix,Qualifying,qualifying,Red Bull Racing,PER,84.116,3,84.509,12,6,0.3930000000000007,83.833,1.0,1.0,0.9392857142857143,,0.050894241176247655,0.34210575882375305
2023,Abu Dhabi Grand Prix,Qualifying,qualifying,Red Bull Racing,VER,83.55,3,84.509,12,6,0.9590000000000032,83.833,1.0,1.0,0.9392857142857143,,0.44653785362151754,0.5124621463784856
2023,Abu Dhabi Grand Prix,Race,race,Alfa Romeo,BOT,91.122,33,90.228,20,10,-0.8940000000000055,91.02850000000001,0.0,0.0,0.1803665910808768,,0.10127365318653098,-0.9952736531865365
2023,Abu Dhabi Grand Prix,Race,race,Alfa Romeo,ZHO,90.935,33,90.228,20,10,-0.7070000000000078,91.02850000000001,0.0,0.0,0.1803665910808768,,-0.10127365318653098,-0.6057263468134768
2023,Abu Dhabi Grand Prix,Race,race,AlphaTauri,RIC,90.4525,26,90.228,20,10,-0.22450000000000614,90.128,0.5555555555555556,0.5555555555555556,0.25493827160493826,,0.04057543152386005,-0.2650754315238662
2023,Abu Dhabi Grand Prix,Race,race,AlphaTauri,TSU,89.8035,26,90.228,20,10,0.42449999999999477,90.128,0.5555555555555556,0.5555555555555556,0.25493827160493826,,-0.008871756926109803,0.4333717569261046
2023,Abu Dhabi Grand Prix,Race,race,Alpine,GAS,90.329,29,90.228,20,10,-0.10099999999999909,90.4165,0.2222222222222222,0.2222222222222222,0.5074143692564745,,0.03412313799982952,-0.1351231379998286
2023,Abu Dhabi Grand Prix,Race,race,Alpine,OCO,90.504,29,90.228,20,10,-0.27600000000001046,90.4165,0.2222222222222222,0.2222222222222222,0.5074143692564745,,-0.12843307985374308,-0.14756692014626738
2023,Abu Dhabi Grand Prix,Race,race,Aston Martin,ALO,90.11500000000001,40,90.228,20,10,0.11299999999998533,90.22375,0.4444444444444444,0.4444444444444444,0.6029761904761906,,0.016901313346079846,0.09609868665390549
2023,Abu Dhabi Grand Prix,Race,race,Aston Martin,STR,90.3325,40,90.228,20,10,-0.10450000000000159,90.22375,0.4444444444444444,0.4444444444444444,0.6029761904761906,,-0.2745680106068059,0.17006801060680432
2023,Abu Dhabi Grand Prix,Race,race,Ferrari,LEC,88.7685,34,90.228,20,10,1.4594999999999914,89.8575,0.6666666666666667,0.6666666666666667,0.722577276524645,,0.1958228383996559,1.2636771616003355
2023,Abu Dhabi Grand Prix,Race,race,Ferrari,SAI,90.9465,34,90.228,20,10,-0.7185000000000059,89.8575,0.6666666666666667,0.6666666666666667,0.722577276524645,,0.13770117581501623,-0.8562011758150221
2023,Abu Dhabi Grand Prix,Race,race,Haas F1 Team,HUL,90.127,32,90.228,20,10,0.10099999999999909,90.36125,0.33333333333333337,0.33333333333333337,0.24166666666666664,,-0.18641475160805335,0.2874147516080524
2023,Abu Dhabi Grand Prix,Race,race,Haas F1 Team,MAG,90.5955,32,90.228,20,10,-0.3675000000000068,90.36125,0.33333333333333337,0.33333333333333337,0.24166666666666664,,-0.3934127617582333,0.025912761758226488
2023,Abu Dhabi Grand Prix,Race,race,McLaren,NOR,89.5,35,90.228,20,10,0.7279999999999944,89.727,0.7777777777777778,0.7777777777777778,0.5456569664902998,,0.2594772926936577,0.4685227073063367
2023,Abu Dhabi Grand Prix,Race,race,McLaren,PIA,89.954,35,90.228,20,10,0.2740000000000009,89.727,0.7777777777777778,0.7777777777777778,0.5456569664902998,,0.12747228817738215,0.14652771182261876
2023,Abu Dhabi Grand Prix,Race,race,Mercedes,HAM,89.7975,42,90.228,20,10,0.430499999999995,89.60725,0.8888888888888888,0.8888888888888888,0.6784325396825397,,-0.03013038881255811,0.4606303888125531
2023,Abu Dhabi Grand Prix,Race,race,Mercedes,RUS,89.417,42,90.228,20,10,0.8109999999999928,89.60725,0.8888888888888888,0.8888888888888888,0.6784325396825397,,-0.09081960026679484,0.9018196002667876
2023,Abu Dhabi Grand Prix,Race,race,Red Bull Racing,PER,89.34,43,90.228,20,10,0.887999999999991,89.248,1.0,1.0,0.9392857142857143,,0.6328857924494375,0.2551142075505535
2023,Abu Dhabi Grand Prix,Race,race,Red Bull Racing,VER,89.156,43,90.228,20,10,1.0719999999999885,89.248,1.0,1.0,0.9392857142857143,,1.05349042621627,0.018509573783718425
2023,Abu Dhabi Grand Prix,Race,race,Williams,ALB,90.47999999999999,44,90.228,20,10,-0.25199999999999534,90.55274999999999,0.11111111111111116,0.11111111111111116,0.3049719887955182,,0.26859346837757936,-0.5205934683775747
2023,Abu Dhabi Grand Prix,Race,race,Williams,SAR,90.62549999999999,44,90.228,20,10,-0.39749999999999375,90.55274999999999,0.11111111111111116,0.11111111111111116,0.3049719887955182,,0.01964940890246814,-0.4171494089024619
2023,Australian Grand Prix,Qualifying,qualifying,Alfa Romeo,BOT,78.9465,4,78.086,18,9,-0.8605000000000018,78.834,0.0,0.0,0.1803665910808768,0.0,0.13799208001694666,-0.9984920800169484
2023,Australian Grand Prix,Qualifying,qualifying,Alfa Romeo,ZHO,78.72149999999999,4,78.086,18,9,-0.6354999999999933,78.834,0.0,0.0,0.1803665910808768,0.0,-0.13799208001694666,-0.49750791998304666
2023,Australian Grand Prix,Qualifying,qualifying,AlphaTauri,DEV,78.647,3,78.086,18,9,-0.561000000000007,78.59,0.25,,0.25493827160493826,,-0.26736583657342095,-0.2936341634265861
2023,Australian Grand Prix,Qualifying,qualifying,AlphaTauri,TSU,78.533,3,78.086,18,9,-0.44700000000000273,78.59,0.25,,0.25493827160493826,,-0.01826717338177214,-0.4287328266182306
2023,Australian Grand Prix,Qualifying,qualifying,Alpine,GAS,77.787,3,78.086,18,9,0.2989999999999924,77.82650000000001,0.625,0.8333333333333334,0.5074143692564745,0.2222222222222222,-0.08121862419797127,0.38021862419796365
2023,Australian Grand Prix,Qualifying,qualifying,Alpine,OCO,77.866,3,78.086,18,9,0.21999999999999886,77.82650000000001,0.625,0.8333333333333334,0.5074143692564745,0.2222222222222222,-0.06464507161486799,0.28464507161486685
2023,Australian Grand Prix,Qualifying,qualifying,Aston Martin,ALO,77.303,3,78.086,18,9,0.7830000000000013,77.43299999999999,0.875,0.6666666666666667,0.6029761904761906,0.4444444444444444,0.14345355062000661,0.6395464493799946
2023,Australian Grand Prix,Qualifying,qualifying,Aston Martin,STR,77.563,3,78.086,18,9,0.5229999999999961,77.43299999999999,0.875,0.6666666666666667,0.6029761904761906,0.4444444444444444,-0.11131040426236238,0.6343104042623585
2023,Australian Grand Prix,Qualifying,qualifying,Ferrari,LEC,77.39,3,78.086,18,9,0.695999999999998,77.399,1.0,,0.722577276524645,,0.4980360426406395,0.19796395735935846
2023,Australian Grand Prix,Qualifying,qualifying,Ferrari,SAI,77.408,3,78.086,18,9,0.6779999999999973,77.399,1.0,,0.722577276524645,,0.42089768077579187,0.2571023192242054
2023,Australian Grand Prix,Qualifying,qualifying,Haas F1 Team,HUL,78.029,5,78.086,18,9,0.05700000000000216,78.15299999999999,0.5,0.33333333333333337,0.24166666666666664,0.33333333333333337,-0.46068755930034505,0.5176875593003472
2023,Australian Grand Prix,Qualifying,qualifying,Haas F1 Team,MAG,78.277,5,78.086,18,9,-0.1910000000000025,78.15299999999999,0.5,0.33333333333333337,0.24166666666666664,0.33333333333333337,-0.47901914619435665,0.28801914619435415
2023,Australian Grand Prix,Qualifying,qualifying,McLaren,NOR,78.632,3,78.086,18,9,-0.5460000000000065,78.667,0.125,0.5,0.5456569664902998,0.7777777777777778,0.12450891586109554,-0.6705089158611021
2023,Australian Grand Prix,Qualifying,qualifying,McLaren,PIA,78.702,3,78.086,18,9,-0.6159999999999997,78.667,0.125,0.5,0.5456569664902998,0.7777777777777778,0.03443707754662947,-0.6504370775466292
2023,Australian Grand Prix,Qualifying,qualifying,Mercedes,HAM,77.756,5,78.086,18,9,0.3299999999999983,77.6345,0.75,0.16666666666666663,0.6784325396825397,0.8888888888888888,0.3949955738094543,-0.06499557380945603
2023,Australian Grand Prix,Qualifying,qualifying,Mercedes,RUS,77.513,5,78.086,18,9,0.5729999999999933,77.6345,0.75,0.16666666666666663,0.6784325396825397,0.8888888888888888,0.45271685282537005,0.12028314717462324
2023,Australian Grand Prix,Qualifying,qualifying,Williams,ALB,78.143,3,78.086,18,9,-0.05700000000000216,78.3625,0.375,,0.3049719887955182,,0.4053446987189551,-0.4623446987189573
2023,Australian Grand Prix,Qualifying,qualifying,Williams,SAR,78.582,3,78.086,18,9,-0.4959999999999951,78.3625,0.375,,0.3049719887955182,,0.048932265649148064,-0.5449322656491432
2023,Australian Grand Prix,Race,race,Alfa Romeo,BOT,83.38,42,82.3065,14,7,-1.0734999999999957,83.29675,0.0,0.0,0.1803665910808768,0.0,0.10127365318653098,-1.1747736531865267
2023,Australian Grand Prix,Race,race,Alfa Romeo,ZHO,83.2135,42,82.3065,14,7,-0.9069999999999965,83.29675,0.0,0.0,0.1803665910808768,0.0,-0.10127365318653098,-0.8057263468134654
2023,Australian Grand Prix,Race,race,Alpine,GAS,81.8145,36,82.3065,14,7,0.49200000000000443,81.9135,0.8333333333333334,0.8333333333333334,0.5074143692564745,0.2222222222222222,0.03412313799982952,0.4578768620001749
2023,Australian Grand Prix,Race,race,Alpine,OCO,82.0125,36,82.3065,14,7,0.29399999999999693,81.9135,0.8333333333333334,0.8333333333333334,0.5074143692564745,0.2222222222222222,-0.12843307985374308,0.42243307985374
2023,Australian Grand Prix,Race,race,Aston Martin,ALO,82.006,42,82.3065,14,7,0.30049999999999955,82.06775,0.6666666666666667,0.6666666666666667,0.6029761904761906,0.4444444444444444,0.016901313346079846,0.2835986866539197
2023,Australian Grand Prix,Race,race,Aston Martin,STR,82.12950000000001,42,82.3065,14,7,0.1769999999999925,82.06775,0.6666666666666667,0.6666666666666667,0.6029761904761906,0.4444444444444444,-0.2745680106068059,0.4515680106067984
2023,Australian Grand Prix,Race,race,Haas F1 Team,HUL,82.333,41,82.3065,14,7,-0.026499999999998636,82.77449999999999,0.33333333333333337,0.33333333333333337,0.24166666666666664,0.33333333333333337,-0.18641475160805335,0.1599147516080547
2023,Australian Grand Prix,Race,race,Haas F1 Team,MAG,83.216,41,82.3065,14,7,-0.9094999999999942,82.77449999999999,0.33333333333333337,0.33333333333333337,0.24166666666666664,0.33333333333333337,-0.3934127617582333,-0.516087238241761
2023,Australian Grand Prix,Race,race,McLaren,NOR,82.28,41,82.3065,14,7,0.026499999999998636,82.45750000000001,0.5,0.5,0.5456569664902998,0.7777777777777778,0.2594772926936577,-0.23297729269365908
2023,Australian Grand Prix,Race,race,McLaren,PIA,82.635,41,82.3065,14,7,-0.32850000000000534,82.45750000000001,0.5,0.5,0.5456569664902998,0.7777777777777778,0.12747228817738215,-0.4559722881773875
2023,Australian Grand Prix,Race,race,Mercedes,HAM,83.4565,8,82.3065,14,7,-1.1500000000000057,83.29525000000001,0.16666666666666663,0.16666666666666663,0.6784325396825397,0.8888888888888888,-0.03013038881255811,-1.1198696111874475
2023,Australian Grand Prix,Race,race,Mercedes,RUS,83.134,8,82.3065,14,7,-0.8275000000000006,83.29525000000001,0.16666666666666663,0.16666666666666663,0.6784325396825397,0.8888888888888888,-0.09081960026679484,-0.7366803997332058
2023,Australian Grand Prix,Race,race,Red Bull Racing,PER,81.908,39,82.3065,14,7,0.3984999999999985,81.8755,1.0,1.0,0.9392857142857143,1.0,0.6328857924494375,-0.23438579244943902
2023,Australian Grand Prix,Race,race,Red Bull Racing,VER,81.843,39,82.3065,14,7,0.46349999999999625,81.8755,1.0,1.0,0.9392857142857143,1.0,1.05349042621627,-0.5899904262162738
2023,Austrian Grand Prix,Qualifying,qualifying,AlphaTauri,DEV,66.058,3,65.56375,16,8,-0.49425000000000807,65.9605,0.1428571428571429,0.0,0.25493827160493826,0.5555555555555556,-0.26736583657342095,-0.22688416342658713
2023,Austrian Grand Prix,Qualifying,qualifying,AlphaTauri,TSU,65.863,3,65.56375,16,8,-0.2992500000000007,65.9605,0.1428571428571429,0.0,0.25493827160493826,0.5555555555555556,-0.01826717338177214,-0.28098282661822854
2023,Austrian Grand Prix,Qualifying,qualifying,Alpine,GAS,65.515,5,65.56375,16,8,0.048749999999998295,65.622,0.4285714285714286,0.125,0.5074143692564745,0.5277777777777778,-0.08121862419797127,0.12996862419796956
2023,Austrian Grand Prix,Qualifying,qualifying,Alpine,OCO,65.729,5,65.56375,16,8,-0.16525000000000034,65.622,0.4285714285714286,0.125,0.5074143692564745,0.5277777777777778,-0.06464507161486799,-0.10060492838513235
2023,Austrian Grand Prix,Qualifying,qualifying,Aston Martin,ALO,65.181,5,65.56375,16,8,0.3827500000000015,65.179,0.7142857142857143,0.875,0.6029761904761906,0.5555555555555556,0.14345355062000661,0.23929644937999486
2023,Austrian Grand Prix,Qualifying,qualifying,Aston Martin,STR,65.177,5,65.56375,16,8,0.38674999999999216,65.179,0.7142857142857143,0.875,0.6029761904761906,0.5555555555555556,-0.11131040426236238,0.49806040426235454
2023,Austrian Grand Prix,Qualifying,qualifying,Ferrari,LEC,65.087,5,65.56375,16,8,0.47674999999999557,65.031,1.0,0.75,0.722577276524645,0.6666666666666667,0.4980360426406395,-0.021286042640643932
2023,Austrian Grand Prix,Qualifying,qualifying,Ferrari,SAI,64.975,5,65.56375,16,8,0.5887500000000045,65.031,1.0,0.75,0.722577276524645,0.6666666666666667,0.42089768077579187,0.16785231922421268
2023,Austrian Grand Prix,Qualifying,qualifying,Haas F1 Team,HUL,65.991,3,65.56375,16,8,-0.4272500000000008,65.981,0.0,,0.24166666666666664,,-0.46068755930034505,0.033437559300344255
2023,Austrian Grand Prix,Qualifying,qualifying,Haas F1 Team,MAG,65.971,3,65.56375,16,8,-0.4072500000000048,65.981,0.0,,0.24166666666666664,,-0.47901914619435665,0.07176914619435187
2023,Austrian Grand Prix,Qualifying,qualifying,McLaren,NOR,65.398,4,65.56375,16,8,0.16575000000000273,65.57925,0.5714285714285714,0.5,0.5456569664902998,0.6388888888888888,0.12450891586109554,0.04124108413890719
2023,Austrian Grand Prix,Qualifying,qualifying,McLaren,PIA,65.76050000000001,4,65.56375,16,8,-0.19675000000000864,65.57925,0.5714285714285714,0.5,0.5456569664902998,0.6388888888888888,0.03443707754662947,-0.23118707754663811
2023,Austrian Grand Prix,Qualifying,qualifying,Mercedes,HAM,65.61250000000001,4,65.56375,16,8,-0.048750000000012506,65.72825,0.2857142857142857,0.625,0.6784325396825397,0.5277777777777777,0.3949955738094543,-0.44374557380946683
2023,Austrian Grand Prix,Qualifying,qualifying,Mercedes,RUS,65.844,4,65.56375,16,8,-0.2802499999999952,65.72825,0.2857142857142857,0.625,0.6784325396825397,0.5277777777777777,0.45271685282537005,-0.7329668528253652
2023,Austrian Grand Prix,Qualifying,qualifying,Red Bull Racing,PER,65.235,5,65.56375,16,8,0.32874999999999943,65.1755,0.8571428571428572,1.0,0.9392857142857143,1.0,0.050894241176247655,0.2778557588237518
2023,Austrian Grand Prix,Qualifying,qualifying,Red Bull Racing,VER,65.116,5,65.56375,16,8,0.4477499999999992,65.1755,0.8571428571428572,1.0,0.9392857142857143,1.0,0.44653785362151754,0.00121214637848166
2023,Austrian Grand Prix,Race,race,Alfa Romeo,BOT,70.68950000000001,36,70.58525,18,9,-0.1042500000000075,70.91775000000001,0.375,0.375,0.1803665910808768,0.0,0.10127365318653098,-0.20552365318653848
2023,Austrian Grand Prix,Race,race,Alfa Romeo,ZHO,71.146,36,70.58525,18,9,-0.5607499999999987,70.91775000000001,0.375,0.375,0.1803665910808768,0.0,-0.10127365318653098,-0.4594763468134678
2023,Austrian Grand Prix,Race,race,AlphaTauri,DEV,71.2115,36,70.58525,18,9,-0.6262499999999989,71.04475,0.0,0.0,0.25493827160493826,0.5555555555555556,-0.2349593387079074,-0.39129066129209145
2023,Austrian Grand Prix,Race,race,AlphaTauri,TSU,70.878,36,70.58525,18,9,-0.29274999999999807,71.04475,0.0,0.0,0.25493827160493826,0.5555555555555556,-0.008871756926109803,-0.28387824307388826
2023,Austrian Grand Prix,Race,race,Alpine,GAS,70.948,31,70.58525,18,9,-0.36274999999999125,71.0315,0.125,0.125,0.5074143692564745,0.5277777777777778,0.03412313799982952,-0.39687313799982077
2023,Austrian Grand Prix,Race,race,Alpine,OCO,71.115,31,70.58525,18,9,-0.5297499999999928,71.0315,0.125,0.125,0.5074143692564745,0.5277777777777778,-0.12843307985374308,-0.40131692014624976
2023,Austrian Grand Prix,Race,race,Aston Martin,ALO,70.372,29,70.58525,18,9,0.21325000000000216,69.821,0.875,0.875,0.6029761904761906,0.5555555555555556,0.016901313346079846,0.1963486866539223
2023,Austrian Grand Prix,Race,race,Aston Martin,STR,69.27,29,70.58525,18,9,1.315250000000006,69.821,0.875,0.875,0.6029761904761906,0.5555555555555556,-0.2745680106068059,1.589818010606812
2023,Austrian Grand Prix,Race,race,Ferrari,LEC,69.902,54,70.58525,18,9,0.683250000000001,69.958,0.75,0.75,0.722577276524645,0.6666666666666667,0.1958228383996559,0.48742716160034516
2023,Austrian Grand Prix,Race,race,Ferrari,SAI,70.014,54,70.58525,18,9,0.5712500000000063,69.958,0.75,0.75,0.722577276524645,0.6666666666666667,0.13770117581501623,0.43354882418499
2023,Austrian Grand Prix,Race,race,McLaren,NOR,70.481,29,70.58525,18,9,0.1042500000000075,70.78999999999999,0.5,0.5,0.5456569664902998,0.6388888888888888,0.2594772926936577,-0.1552272926936502
2023,Austrian Grand Prix,Race,race,McLaren,PIA,71.099,29,70.58525,18,9,-0.5137500000000017,70.78999999999999,0.5,0.5,0.5456569664902998,0.6388888888888888,0.12747228817738215,-0.6412222881773839
2023,Austrian Grand Prix,Race,race,Mercedes,HAM,70.271,49,70.58525,18,9,0.31425000000000125,70.3625,0.625,0.625,0.6784325396825397,0.5277777777777777,-0.03013038881255811,0.34438038881255933
2023,Austrian Grand Prix,Race,race,Mercedes,RUS,70.454,49,70.58525,18,9,0.13125000000000853,70.3625,0.625,0.625,0.6784325396825397,0.5277777777777777,-0.09081960026679484,0.22206960026680336
2023,Austrian Grand Prix,Race,race,Red Bull Racing,PER,69.456,45,70.58525,18,9,1.129249999999999,69.4435,1.0,1.0,0.9392857142857143,1.0,0.6328857924494375,0.49636420755056143
2023,Austrian Grand Prix,Race,race,Red Bull Racing,VER,69.431,45,70.58525,18,9,1.1542500000000047,69.4435,1.0,1.0,0.9392857142857143,1.0,1.05349042621627,0.10075957378373457
2023,Austrian Grand Prix,Race,race,Williams,ALB,70.9015,50,70.58525,18,9,-0.3162499999999966,71.027,0.25,0.25,0.3049719887955182,0.11111111111111116,0.26859346837757936,-0.584843468377576
2023,Austrian Grand Prix,Race,race,Williams,SAR,71.1525,50,70.58525,18,9,-0.5672500000000014,71.027,0.25,0.25,0.3049719887955182,0.11111111111111116,0.01964940890246814,-0.5868994089024695
2023,Azerbaijan Grand Prix,Qualifying,qualifying,Aston Martin,ALO,101.385,4,101.66525,12,6,0.2802499999999952,101.588,0.6,0.875,0.6029761904761906,0.6620370370370371,0.14345355062000661,0.1367964493799886
2023,Azerbaijan Grand Prix,Qualifying,qualifying,Aston Martin,STR,101.791,4,101.66525,12,6,-0.12574999999999648,101.588,0.6,0.875,0.6029761904761906,0.6620370370370371,-0.11131040426236238,-0.014439595737634092
2023,Azerbaijan Grand Prix,Qualifying,qualifying,Ferrari,LEC,101.037,3,101.66525,12,6,0.6282499999999942,101.203,0.8,0.75,0.722577276524645,0.7083333333333334,0.4980360426406395,0.1302139573593547
2023,Azerbaijan Grand Prix,Qualifying,qualifying,Ferrari,SAI,101.369,3,101.66525,12,6,0.29625000000000057,101.203,0.8,0.75,0.722577276524645,0.7083333333333334,0.42089768077579187,-0.1246476807757913
2023,Azerbaijan Grand Prix,Qualifying,qualifying,McLaren,NOR,101.5395,4,101.66525,12,6,0.12574999999999648,101.83525,0.4,0.375,0.5456569664902998,0.5925925925925926,0.12450891586109554,0.0012410841389009358
2023,Azerbaijan Grand Prix,Qualifying,qualifying,McLaren,PIA,102.131,4,101.66525,12,6,-0.4657499999999999,101.83525,0.4,0.375,0.5456569664902998,0.5925925925925926,0.03443707754662947,-0.5001870775466294
2023,Azerbaijan Grand Prix,Qualifying,qualifying,Mercedes,HAM,102.113,3,101.66525,12,6,-0.4477499999999992,102.06,0.19999999999999996,0.625,0.6784325396825397,0.5601851851851851,0.3949955738094543,-0.8427455738094536
2023,Azerbaijan Grand Prix,Qualifying,qualifying,Mercedes,RUS,102.007,3,101.66525,12,6,-0.34175000000000466,102.06,0.19999999999999996,0.625,0.6784325396825397,0.5601851851851851,0.45271685282537005,-0.7944668528253747
2023,Azerbaijan Grand Prix,Qualifying,qualifying,Red Bull Racing,PER,100.563,3,101.66525,12,6,1.102249999999998,100.50399999999999,1.0,1.0,0.9392857142857143,1.0,0.050894241176247655,1.0513557588237503
2023,Azerbaijan Grand Prix,Qualifying,qualifying,Red Bull Racing,VER,100.445,3,101.66525,12,6,1.2202500000000072,100.50399999999999,1.0,1.0,0.9392857142857143,1.0,0.44653785362151754,0.7737121463784896
2023,Azerbaijan Grand Prix,Qualifying,qualifying,Williams,ALB,101.958,3,101.66525,12,6,-0.29274999999999807,102.205,0.0,0.125,0.3049719887955182,0.18055555555555558,0.4053446987189551,-0.6980946987189531
2023,Azerbaijan Grand Prix,Qualifying,qualifying,Williams,SAR,102.452,3,101.66525,12,6,-0.7867499999999978,102.205,0.0,0.125,0.3049719887955182,0.18055555555555558,0.048932265649148064,-0.8356822656491459
2023,Azerbaijan Grand Prix,Race,race,Alfa Romeo,BOT,108.319,21,107.0015,18,9,-1.3175000000000097,108.345,0.0,0.0,0.1803665910808768,0.125,0.10127365318653098,-1.4187736531865407
2023,Azerbaijan Grand Prix,Race,race,Alfa Romeo,ZHO,108.371,21,107.0015,18,9,-1.3695000000000022,108.345,0.0,0.0,0.1803665910808768,0.125,-0.10127365318653098,-1.2682263468134711
2023,Azerbaijan Grand Prix,Race,race,Alpine,GAS,106.547,15,107.0015,18,9,0.4544999999999959,107.2135,0.5,0.5,0.5074143692564745,0.39351851851851855,0.03412313799982952,0.4203768620001664
2023,Azerbaijan Grand Prix,Race,race,Alpine,OCO,107.88,15,107.0015,18,9,-0.8785000000000025,107.2135,0.5,0.5,0.5074143692564745,0.39351851851851855,-0.12843307985374308,-0.7500669201462594
2023,Azerbaijan Grand Prix,Race,race,Aston Martin,ALO,106.085,38,107.0015,18,9,0.9164999999999992,106.33075,0.875,0.875,0.6029761904761906,0.6620370370370371,0.016901313346079846,0.8995986866539194
2023,Azerbaijan Grand Prix,Race,race,Aston Martin,STR,106.5765,38,107.0015,18,9,0.42499999999999716,106.33075,0.875,0.875,0.6029761904761906,0.6620370370370371,-0.2745680106068059,0.6995680106068031
2023,Azerbaijan Grand Prix,Race,race,Ferrari,LEC,106.1815,42,107.0015,18,9,0.8199999999999932,106.44874999999999,0.75,0.75,0.722577276524645,0.7083333333333334,0.1958228383996559,0.6241771616003373
2023,Azerbaijan Grand Prix,Race,race,Ferrari,SAI,106.716,42,107.0015,18,9,0.285499999999999,106.44874999999999,0.75,0.75,0.722577276524645,0.7083333333333334,0.13770117581501623,0.14779882418498275
2023,Azerbaijan Grand Prix,Race,race,Haas F1 Team,HUL,107.658,26,107.0015,18,9,-0.6565000000000083,107.4725,0.25,0.25,0.24166666666666664,0.33333333333333337,-0.18641475160805335,-0.470085248391955
2023,Azerbaijan Grand Prix,Race,race,Haas F1 Team,MAG,107.287,26,107.0015,18,9,-0.2855000000000132,107.4725,0.25,0.25,0.24166666666666664,0.33333333333333337,-0.3934127617582333,0.10791276175822012
2023,Azerbaijan Grand Prix,Race,race,McLaren,NOR,107.37100000000001,36,107.0015,18,9,-0.36950000000001637,107.4625,0.375,0.375,0.5456569664902998,0.5925925925925926,0.2594772926936577,-0.6289772926936741
2023,Azerbaijan Grand Prix,Race,race,McLaren,PIA,107.554,36,107.0015,18,9,-0.5525000000000091,107.4625,0.375,0.375,0.5456569664902998,0.5925925925925926,0.12747228817738215,-0.6799722881773913
2023,Azerbaijan Grand Prix,Race,race,Mercedes,HAM,106.678,35,107.0015,18,9,0.3234999999999957,106.64750000000001,0.625,0.625,0.6784325396825397,0.5601851851851851,-0.03013038881255811,0.35363038881255376
2023,Azerbaijan Grand Prix,Race,race,Mercedes,RUS,106.617,35,107.0015,18,9,0.3844999999999885,106.64750000000001,0.625,0.625,0.6784325396825397,0.5601851851851851,-0.09081960026679484,0.4753196002667833
2023,Azerbaijan Grand Prix,Race,race,Red Bull Racing,PER,105.5015,36,107.0015,18,9,1.5,105.48075,1.0,1.0,0.9392857142857143,1.0,0.6328857924494375,0.8671142075505625
2023,Azerbaijan Grand Prix,Race,race,Red Bull Racing,VER,105.46000000000001,36,107.0015,18,9,1.541499999999985,105.48075,1.0,1.0,0.9392857142857143,1.0,1.05349042621627,0.4880095737837149
2023,Azerbaijan Grand Prix,Race,race,Williams,ALB,107.693,35,107.0015,18,9,-0.6915000000000049,107.7475,0.125,0.125,0.3049719887955182,0.18055555555555558,0.26859346837757936,-0.9600934683775842
2023,Azerbaijan Grand Prix,Race,race,Williams,SAR,107.802,35,107.0015,18,9,-0.8005000000000138,107.7475,0.125,0.125,0.3049719887955182,0.18055555555555558,0.01964940890246814,-0.8201494089024819
2023,Bahrain Grand Prix,Qualifying,qualifying,Alfa Romeo,BOT,91.72800000000001,4,90.58,12,6,-1.1480000000000103,91.75450000000001,0.19999999999999996,0.0,0.1803665910808768,0.09375,0.13799208001694666,-1.285992080016957
2023,Bahrain Grand Prix,Qualifying,qualifying,Alfa Romeo,ZHO,91.781,4,90.58,12,6,-1.2010000000000076,91.75450000000001,0.19999999999999996,0.0,0.1803665910808768,0.09375,-0.13799208001694666,-1.0630079199830609
2023,Bahrain Grand Prix,Qualifying,qualifying,AlphaTauri,DEV,92.279,3,90.58,12,6,-1.698999999999998,92.013,0.0,0.25,0.25493827160493826,0.2777777777777778,-0.26736583657342095,-1.431634163426577
2023,Bahrain Grand Prix,Qualifying,qualifying,AlphaTauri,TSU,91.747,3,90.58,12,6,-1.1670000000000016,92.013,0.0,0.25,0.25493827160493826,0.2777777777777778,-0.01826717338177214,-1.1487328266182295
2023,Bahrain Grand Prix,Qualifying,qualifying,Aston Martin,ALO,90.645,3,90.58,12,6,-0.06499999999999773,91.2855,0.4,0.875,0.6029761904761906,0.7152777777777778,0.14345355062000661,-0.20845355062000434
2023,Bahrain Grand Prix,Qualifying,qualifying,Aston Martin,STR,91.926,3,90.58,12,6,-1.3460000000000036,91.2855,0.4,0.875,0.6029761904761906,0.7152777777777778,-0.11131040426236238,-1.2346895957376414
2023,Bahrain Grand Prix,Qualifying,qualifying,Ferrari,LEC,90.282,3,90.58,12,6,0.2980000000000018,90.3985,0.8,0.375,0.722577276524645,0.7222222222222223,0.4980360426406395,-0.20003604264063768
2023,Bahrain Grand Prix,Qualifying,qualifying,Ferrari,SAI,90.515,3,90.58,12,6,0.06499999999999773,90.3985,0.8,0.375,0.722577276524645,0.7222222222222223,0.42089768077579187,-0.35589768077579415
2023,Bahrain Grand Prix,Qualifying,qualifying,Mercedes,HAM,90.513,3,90.58,12,6,0.06699999999999307,90.51,0.6,0.625,0.6784325396825397,0.5763888888888888,0.3949955738094543,-0.32799557380946126
2023,Bahrain Grand Prix,Qualifying,qualifying,Mercedes,RUS,90.507,3,90.58,12,6,0.07299999999999329,90.51,0.6,0.625,0.6784325396825397,0.5763888888888888,0.45271685282537005,-0.37971685282537676
2023,Bahrain Grand Prix,Qualifying,qualifying,Red Bull Racing,PER,90.131,3,90.58,12,6,0.44899999999999807,90.01400000000001,1.0,1.0,0.9392857142857143,1.0,0.050894241176247655,0.39810575882375043
2023,Bahrain Grand Prix,Qualifying,qualifying,Red Bull Racing,VER,89.897,3,90.58,12,6,0.6829999999999927,90.01400000000001,1.0,1.0,0.9392857142857143,1.0,0.44653785362151754,0.23646214637847518
2023,Bahrain Grand Prix,Race,race,Alfa Romeo,BOT,99.412,24,98.438,18,9,-0.9740000000000038,99.39175,0.0,0.0,0.1803665910808768,0.09375,0.10127365318653098,-1.0752736531865348
2023,Bahrain Grand Prix,Race,race,Alfa Romeo,ZHO,99.3715,24,98.438,18,9,-0.9334999999999951,99.39175,0.0,0.0,0.1803665910808768,0.09375,-0.10127365318653098,-0.8322263468134641
2023,Bahrain Grand Prix,Race,race,AlphaTauri,DEV,99.078,31,98.438,18,9,-0.6400000000000006,99.0695,0.25,0.25,0.25493827160493826,0.2777777777777778,-0.2349593387079074,-0.40504066129209315
2023,Bahrain Grand Prix,Race,race,AlphaTauri,TSU,99.061,31,98.438,18,9,-0.6230000000000047,99.0695,0.25,0.25,0.25493827160493826,0.2777777777777778,-0.008871756926109803,-0.6141282430738949
2023,Bahrain Grand Prix,Race,race,Alpine,GAS,98.965,24,98.438,18,9,-0.527000000000001,99.2485,0.125,0.125,0.5074143692564745,0.4201388888888889,0.03412313799982952,-0.5611231379998305
2023,Bahrain Grand Prix,Race,race,Alpine,OCO,99.53200000000001,24,98.438,18,9,-1.0940000000000083,99.2485,0.125,0.125,0.5074143692564745,0.4201388888888889,-0.12843307985374308,-0.9655669201462652
2023,Bahrain Grand Prix,Race,race,Aston Martin,ALO,98.009,37,98.438,18,9,0.42900000000000205,98.068,0.875,0.875,0.6029761904761906,0.7152777777777778,0.016901313346079846,0.4120986866539222
2023,Bahrain Grand Prix,Race,race,Aston Martin,STR,98.127,37,98.438,18,9,0.31100000000000705,98.068,0.875,0.875,0.6029761904761906,0.7152777777777778,-0.2745680106068059,0.585568010606813
2023,Bahrain Grand Prix,Race,race,Ferrari,LEC,98.447,29,98.438,18,9,-0.009000000000000341,98.44,0.375,0.375,0.722577276524645,0.7222222222222223,0.1958228383996559,-0.20482283839965623
2023,Bahrain Grand Prix,Race,race,Ferrari,SAI,98.433,29,98.438,18,9,0.0049999999999954525,98.44,0.375,0.375,0.722577276524645,0.7222222222222223,0.13770117581501623,-0.13270117581502078
2023,Bahrain Grand Prix,Race,race,Haas F1 Team,HUL,98.245,39,98.438,18,9,0.19299999999999784,98.28200000000001,0.75,0.75,0.24166666666666664,0.3055555555555556,-0.18641475160805335,0.37941475160805116
2023,Bahrain Grand Prix,Race,race,Haas F1 Team,MAG,98.319,39,98.438,18,9,0.11899999999999977,98.28200000000001,0.75,0.75,0.24166666666666664,0.3055555555555556,-0.3934127617582333,0.512412761758233
2023,Bahrain Grand Prix,Race,race,Mercedes,HAM,98.297,40,98.438,18,9,0.14100000000000534,98.37,0.625,0.625,0.6784325396825397,0.5763888888888888,-0.03013038881255811,0.17113038881256346
2023,Bahrain Grand Prix,Race,race,Mercedes,RUS,98.443,40,98.438,18,9,-0.0049999999999954525,98.37,0.625,0.625,0.6784325396825397,0.5763888888888888,-0.09081960026679484,0.08581960026679938
2023,Bahrain Grand Prix,Race,race,Red Bull Racing,PER,97.352,35,98.438,18,9,1.0859999999999985,97.452,1.0,1.0,0.9392857142857143,1.0,0.6328857924494375,0.453114207550561
2023,Bahrain Grand Prix,Race,race,Red Bull Racing,VER,97.552,35,98.438,18,9,0.8859999999999957,97.452,1.0,1.0,0.9392857142857143,1.0,1.05349042621627,-0.1674904262162744
2023,Bahrain Grand Prix,Race,race,Williams,ALB,98.1155,42,98.438,18,9,0.3225000000000051,98.41499999999999,0.5,0.5,0.3049719887955182,0.16203703703703706,0.26859346837757936,0.05390653162242576
2023,Bahrain Grand Prix,Race,race,Williams,SAR,98.7145,42,98.438,18,9,-0.27649999999999864,98.41499999999999,0.5,0.5,0.3049719887955182,0.16203703703703706,0.01964940890246814,-0.29614940890246677
2023,Belgian Grand Prix,Qualifying,qualifying,Alfa Romeo,BOT,121.0,3,112.4835,18,9,-8.516499999999994,121.3575,0.25,0.125,0.1803665910808768,0.075,0.13799208001694666,-8.65449208001694
2023,Belgian Grand Prix,Qualifying,qualifying,Alfa Romeo,ZHO,121.715,3,112.4835,18,9,-9.231499999999997,121.3575,0.25,0.125,0.1803665910808768,0.075,-0.13799208001694666,-9.09350791998305
2023,Belgian Grand Prix,Qualifying,qualifying,AlphaTauri,RIC,122.159,3,112.4835,18,9,-9.6755,121.91050000000001,0.125,0.375,0.25493827160493826,0.26851851851851855,-0.1338069192715026,-9.541693080728496
2023,Belgian Grand Prix,Qualifying,qualifying,AlphaTauri,TSU,121.662,3,112.4835,18,9,-9.1785,121.91050000000001,0.125,0.375,0.25493827160493826,0.26851851851851855,-0.01826717338177214,-9.160232826618227
2023,Belgian Grand Prix,Qualifying,qualifying,Alpine,GAS,120.129,3,112.4835,18,9,-7.645499999999998,119.8815,0.375,0.75,0.5074143692564745,0.3611111111111111,-0.08121862419797127,-7.564281375802027
2023,Belgian Grand Prix,Qualifying,qualifying,Alpine,OCO,119.634,3,112.4835,18,9,-7.150499999999994,119.8815,0.375,0.75,0.5074143692564745,0.3611111111111111,-0.06464507161486799,-7.0858549283851255
2023,Belgian Grand Prix,Qualifying,qualifying,Aston Martin,ALO,112.751,5,112.4835,18,9,-0.2674999999999983,112.47200000000001,0.5,0.625,0.6029761904761906,0.7472222222222222,0.14345355062000661,-0.41095355062000494
2023,Belgian Grand Prix,Qualifying,qualifying,Aston Martin,STR,112.193,5,112.4835,18,9,0.29050000000000864,112.47200000000001,0.5,0.625,0.6029761904761906,0.7472222222222222,-0.11131040426236238,0.401810404262371
2023,Belgian Grand Prix,Qualifying,qualifying,Ferrari,LEC,112.017,5,112.4835,18,9,0.4665000000000106,111.864,0.625,0.25,0.722577276524645,0.6354166666666667,0.4980360426406395,-0.031536042640628925
2023,Belgian Grand Prix,Qualifying,qualifying,Ferrari,SAI,111.711,5,112.4835,18,9,0.772500000000008,111.864,0.625,0.25,0.722577276524645,0.6354166666666667,0.42089768077579187,0.3516023192242161
2023,Belgian Grand Prix,Qualifying,qualifying,McLaren,NOR,108.701,3,112.4835,18,9,3.782500000000013,108.60499999999999,1.0,,0.5456569664902998,,0.12450891586109554,3.6579910841389176
2023,Belgian Grand Prix,Qualifying,qualifying,McLaren,PIA,108.509,3,112.4835,18,9,3.974500000000006,108.60499999999999,1.0,,0.5456569664902998,,0.03443707754662947,3.9400629224533765
2023,Belgian Grand Prix,Qualifying,qualifying,Mercedes,HAM,108.88,3,112.4835,18,9,3.603500000000011,109.18199999999999,0.875,0.875,0.6784325396825397,0.586111111111111,0.3949955738094543,3.2085044261905566
2023,Belgian Grand Prix,Qualifying,qualifying,Mercedes,RUS,109.484,3,112.4835,18,9,2.999500000000012,109.18199999999999,0.875,0.875,0.6784325396825397,0.586111111111111,0.45271685282537005,2.546783147174642
2023,Belgian Grand Prix,Qualifying,qualifying,Red Bull Racing,PER,112.21600000000001,4,112.4835,18,9,0.2674999999999983,111.31875000000001,0.75,1.0,0.9392857142857143,1.0,0.050894241176247655,0.21660575882375063
2023,Belgian Grand Prix,Qualifying,qualifying,Red Bull Racing,VER,110.42150000000001,4,112.4835,18,9,2.0619999999999976,111.31875000000001,0.75,1.0,0.9392857142857143,1.0,0.44653785362151754,1.61546214637848
2023,Belgian Grand Prix,Qualifying,qualifying,Williams,ALB,122.488,3,112.4835,18,9,-10.004499999999993,122.53450000000001,0.0,0.5,0.3049719887955182,0.2465277777777778,0.4053446987189551,-10.409844698718949
2023,Belgian Grand Prix,Qualifying,qualifying,Williams,SAR,122.581,3,112.4835,18,9,-10.097499999999997,122.53450000000001,0.0,0.5,0.3049719887955182,0.2465277777777778,0.048932265649148064,-10.146432265649144
2023,Belgian Grand Prix,Race,race,Alfa Romeo,BOT,113.85300000000001,12,113.21650000000001,18,9,-0.6364999999999981,113.982,0.125,0.125,0.1803665910808768,0.075,0.10127365318653098,-0.7377736531865291
2023,Belgian Grand Prix,Race,race,Alfa Romeo,ZHO,114.111,12,113.21650000000001,18,9,-0.8944999999999936,113.982,0.125,0.125,0.1803665910808768,0.075,-0.10127365318653098,-0.7932263468134626
2023,Belgian Grand Prix,Race,race,AlphaTauri,RIC,113.20150000000001,14,113.21650000000001,18,9,0.015000000000000568,113.47300000000001,0.375,0.375,0.25493827160493826,0.26851851851851855,0.04057543152386005,-0.02557543152385948
2023,Belgian Grand Prix,Race,race,AlphaTauri,TSU,113.7445,14,113.21650000000001,18,9,-0.5279999999999916,113.47300000000001,0.375,0.375,0.25493827160493826,0.26851851851851855,-0.008871756926109803,-0.5191282430738818
2023,Belgian Grand Prix,Race,race,Alpine,GAS,113.7955,22,113.21650000000001,18,9,-0.5789999999999935,112.97875,0.75,0.75,0.5074143692564745,0.3611111111111111,0.03412313799982952,-0.613123137999823
2023,Belgian Grand Prix,Race,race,Alpine,OCO,112.162,22,113.21650000000001,18,9,1.0545000000000044,112.97875,0.75,0.75,0.5074143692564745,0.3611111111111111,-0.12843307985374308,1.1829330798537474
2023,Belgian Grand Prix,Race,race,Aston Martin,ALO,112.187,19,113.21650000000001,18,9,1.029500000000013,113.01249999999999,0.625,0.625,0.6029761904761906,0.7472222222222222,0.016901313346079846,1.0125986866539332
2023,Belgian Grand Prix,Race,race,Aston Martin,STR,113.838,19,113.21650000000001,18,9,-0.6214999999999833,113.01249999999999,0.625,0.625,0.6029761904761906,0.7472222222222222,-0.2745680106068059,-0.3469319893931774
2023,Belgian Grand Prix,Race,race,Ferrari,LEC,112.36099999999999,8,113.21650000000001,18,9,0.8555000000000206,113.7605,0.25,0.25,0.722577276524645,0.6354166666666667,0.1958228383996559,0.6596771616003647
2023,Belgian Grand Prix,Race,race,Ferrari,SAI,115.16,8,113.21650000000001,18,9,-1.943499999999986,113.7605,0.25,0.25,0.722577276524645,0.6354166666666667,0.13770117581501623,-2.081201175815002
2023,Belgian Grand Prix,Race,race,Haas F1 Team,HUL,114.741,9,113.21650000000001,18,9,-1.524499999999989,114.4135,0.0,0.0,0.24166666666666664,0.4166666666666667,-0.18641475160805335,-1.3380852483919357
2023,Belgian Grand Prix,Race,race,Haas F1 Team,MAG,114.086,9,113.21650000000001,18,9,-0.869499999999988,114.4135,0.0,0.0,0.24166666666666664,0.4166666666666667,-0.3934127617582333,-0.47608723824175464
2023,Belgian Grand Prix,Race,race,Mercedes,HAM,112.83500000000001,14,113.21650000000001,18,9,0.3815000000000026,112.322,0.875,0.875,0.6784325396825397,0.586111111111111,-0.03013038881255811,0.4116303888125607
2023,Belgian Grand Prix,Race,race,Mercedes,RUS,111.809,14,113.21650000000001,18,9,1.407500000000013,112.322,0.875,0.875,0.6784325396825397,0.586111111111111,-0.09081960026679484,1.498319600266808
2023,Belgian Grand Prix,Race,race,Red Bull Racing,PER,111.621,27,113.21650000000001,18,9,1.5955000000000155,111.5465,1.0,1.0,0.9392857142857143,1.0,0.6328857924494375,0.9626142075505779
2023,Belgian Grand Prix,Race,race,Red Bull Racing,VER,111.472,27,113.21650000000001,18,9,1.7445000000000164,111.5465,1.0,1.0,0.9392857142857143,1.0,1.05349042621627,0.6910095737837463
2023,Belgian Grand Prix,Race,race,Williams,ALB,112.834,26,113.21650000000001,18,9,0.3825000000000074,113.03275000000001,0.5,0.5,0.3049719887955182,0.2465277777777778,0.26859346837757936,0.11390653162242803
2023,Belgian Grand Prix,Race,race,Williams,SAR,113.23150000000001,26,113.21650000000001,18,9,-0.015000000000000568,113.03275000000001,0.5,0.5,0.3049719887955182,0.2465277777777778,0.01964940890246814,-0.034649408902468704
2023,British Grand Prix,Qualifying,qualifying,AlphaTauri,DEV,91.844,3,90.5545,16,8,-1.2894999999999897,91.7735,0.0,0.125,0.25493827160493826,0.2951388888888889,-0.26736583657342095,-1.0221341634265686
2023,British Grand Prix,Qualifying,qualifying,AlphaTauri,TSU,91.703,3,90.5545,16,8,-1.1484999999999985,91.7735,0.0,0.125,0.25493827160493826,0.2951388888888889,-0.01826717338177214,-1.1302328266182264
2023,British Grand Prix,Qualifying,qualifying,Alpine,GAS,90.747,4,90.5545,16,8,-0.19249999999999545,90.6745,0.4285714285714286,,0.5074143692564745,,-0.08121862419797127,-0.11128137580202418
2023,British Grand Prix,Qualifying,qualifying,Alpine,OCO,90.602,4,90.5545,16,8,-0.04749999999999943,90.6745,0.4285714285714286,,0.5074143692564745,,-0.06464507161486799,0.017145071614868557
2023,British Grand Prix,Qualifying,qualifying,Aston Martin,ALO,90.3395,4,90.5545,16,8,0.2150000000000034,90.42325,0.5714285714285714,0.375,0.6029761904761906,0.7268518518518517,0.14345355062000661,0.0715464493799968
2023,British Grand Prix,Qualifying,qualifying,Aston Martin,STR,90.507,4,90.5545,16,8,0.04749999999999943,90.42325,0.5714285714285714,0.375,0.6029761904761906,0.7268518518518517,-0.11131040426236238,0.15881040426236182
2023,British Grand Prix,Qualifying,qualifying,Ferrari,LEC,87.76,3,90.5545,16,8,2.7944999999999993,87.79599999999999,0.8571428571428572,0.5,0.722577276524645,0.5583333333333333,0.4980360426406395,2.29646395735936
2023,British Grand Prix,Qualifying,qualifying,Ferrari,SAI,87.832,3,90.5545,16,8,2.722500000000011,87.79599999999999,0.8571428571428572,0.5,0.722577276524645,0.5583333333333333,0.42089768077579187,2.301602319224219
2023,British Grand Prix,Qualifying,qualifying,McLaren,NOR,88.414,3,90.5545,16,8,2.140500000000003,88.08500000000001,0.7142857142857143,0.75,0.5456569664902998,0.5381944444444444,0.12450891586109554,2.0159910841389075
2023,British Grand Prix,Qualifying,qualifying,McLaren,PIA,87.756,3,90.5545,16,8,2.798500000000004,88.08500000000001,0.7142857142857143,0.75,0.5456569664902998,0.5381944444444444,0.03443707754662947,2.7640629224533746
2023,British Grand Prix,Qualifying,qualifying,Mercedes,HAM,87.464,2,90.5545,16,8,3.090500000000006,87.56675,1.0,1.0,0.6784325396825397,0.6342592592592592,0.3949955738094543,2.6955044261905514
2023,British Grand Prix,Qualifying,qualifying,Mercedes,RUS,87.6695,2,90.5545,16,8,2.885000000000005,87.56675,1.0,1.0,0.6784325396825397,0.6342592592592592,0.45271685282537005,2.432283147174635
2023,British Grand Prix,Qualifying,qualifying,Red Bull Racing,PER,92.162,3,90.5545,16,8,-1.6075000000000017,91.4405,0.1428571428571429,0.625,0.9392857142857143,1.0,0.050894241176247655,-1.6583942411762493
2023,British Grand Prix,Qualifying,qualifying,Red Bull Racing,VER,90.719,3,90.5545,16,8,-0.16449999999998965,91.4405,0.1428571428571429,0.625,0.9392857142857143,1.0,0.44653785362151754,-0.6110378536215072
2023,British Grand Prix,Qualifying,qualifying,Williams,ALB,90.73249999999999,4,90.5545,16,8,-0.17799999999998306,90.97625,0.2857142857142857,0.25,0.3049719887955182,0.2972222222222222,0.4053446987189551,-0.5833446987189381
2023,British Grand Prix,Qualifying,qualifying,Williams,SAR,91.22,4,90.5545,16,8,-0.6654999999999944,90.97625,0.2857142857142857,0.25,0.3049719887955182,0.2972222222222222,0.048932265649148064,-0.7144322656491425
2023,British Grand Prix,Race,race,Alfa Romeo,BOT,92.59049999999999,12,93.14,18,9,0.549500000000009,92.582,0.875,0.875,0.1803665910808768,0.08333333333333333,0.10127365318653098,0.448226346813478
2023,British Grand Prix,Race,race,Alfa Romeo,ZHO,92.5735,12,93.14,18,9,0.5665000000000049,92.582,0.875,0.875,0.1803665910808768,0.08333333333333333,-0.10127365318653098,0.6677736531865359
2023,British Grand Prix,Race,race,AlphaTauri,DEV,93.83500000000001,18,93.14,18,9,-0.6950000000000074,93.67175,0.125,0.125,0.25493827160493826,0.2951388888888889,-0.2349593387079074,-0.4600406612921
2023,British Grand Prix,Race,race,AlphaTauri,TSU,93.5085,18,93.14,18,9,-0.3684999999999974,93.67175,0.125,0.125,0.25493827160493826,0.2951388888888889,-0.008871756926109803,-0.3596282430738876
2023,British Grand Prix,Race,race,Aston Martin,ALO,93.078,33,93.14,18,9,0.06199999999999761,93.2835,0.375,0.375,0.6029761904761906,0.7268518518518517,0.016901313346079846,0.045098686653917766
2023,British Grand Prix,Race,race,Aston Martin,STR,93.489,33,93.14,18,9,-0.34900000000000375,93.2835,0.375,0.375,0.6029761904761906,0.7268518518518517,-0.2745680106068059,-0.07443198939319784
2023,British Grand Prix,Race,race,Ferrari,LEC,93.0675,18,93.14,18,9,0.07250000000000512,93.179,0.5,0.5,0.722577276524645,0.5583333333333333,0.1958228383996559,-0.12332283839965077
2023,British Grand Prix,Race,race,Ferrari,SAI,93.29050000000001,18,93.14,18,9,-0.15050000000000807,93.179,0.5,0.5,0.722577276524645,0.5583333333333333,0.13770117581501623,-0.2882011758150243
2023,British Grand Prix,Race,race,Haas F1 Team,HUL,93.493,20,93.14,18,9,-0.35299999999999443,93.938,0.0,0.0,0.24166666666666664,0.33333333333333337,-0.18641475160805335,-0.16658524839194108
2023,British Grand Prix,Race,race,Haas F1 Team,MAG,94.38300000000001,20,93.14,18,9,-1.2430000000000092,93.938,0.0,0.0,0.24166666666666664,0.33333333333333337,-0.3934127617582333,-0.849587238241776
2023,British Grand Prix,Race,race,McLaren,NOR,92.734,31,93.14,18,9,0.4060000000000059,92.762,0.75,0.75,0.5456569664902998,0.5381944444444444,0.2594772926936577,0.1465227073063482
2023,British Grand Prix,Race,race,McLaren,PIA,92.79,31,93.14,18,9,0.3499999999999943,92.762,0.75,0.75,0.5456569664902998,0.5381944444444444,0.12747228817738215,0.22252771182261216
2023,British Grand Prix,Race,race,Mercedes,HAM,92.8,24,93.14,18,9,0.3400000000000034,92.312,1.0,1.0,0.6784325396825397,0.6342592592592592,-0.03013038881255811,0.3701303888125615
2023,British Grand Prix,Race,race,Mercedes,RUS,91.824,24,93.14,18,9,1.3160000000000025,92.312,1.0,1.0,0.6784325396825397,0.6342592592592592,-0.09081960026679484,1.4068196002667974
2023,British Grand Prix,Race,race,Red Bull Racing,PER,93.202,29,93.14,18,9,-0.06199999999999761,92.776,0.625,0.625,0.9392857142857143,1.0,0.6328857924494375,-0.6948857924494352
2023,British Grand Prix,Race,race,Red Bull Racing,VER,92.35,29,93.14,18,9,0.7900000000000063,92.776,0.625,0.625,0.9392857142857143,1.0,1.05349042621627,-0.26349042621626384
2023,British Grand Prix,Race,race,Williams,ALB,93.615,31,93.14,18,9,-0.4749999999999943,93.594,0.25,0.25,0.3049719887955182,0.2972222222222222,0.26859346837757936,-0.7435934683775737
2023,British Grand Prix,Race,race,Williams,SAR,93.573,31,93.14,18,9,-0.4329999999999927,93.594,0.25,0.25,0.3049719887955182,0.2972222222222222,0.01964940890246814,-0.45264940890246086
2023,Canadian Grand Prix,Qualifying,qualifying,Alfa Romeo,BOT,84.3945,4,83.431,20,10,-0.9634999999999962,84.59275,0.0,0.25,0.1803665910808768,0.19642857142857142,0.13799208001694666,-1.101492080016943
2023,Canadian Grand Prix,Qualifying,qualifying,Alfa Romeo,ZHO,84.791,4,83.431,20,10,-1.3599999999999994,84.59275,0.0,0.25,0.1803665910808768,0.19642857142857142,-0.13799208001694666,-1.2220079199830527
2023,Canadian Grand Prix,Qualifying,qualifying,AlphaTauri,DEV,85.11500000000001,4,83.431,20,10,-1.6840000000000117,84.46075,0.11111111111111116,0.0,0.25493827160493826,0.2611111111111111,-0.26736583657342095,-1.4166341634265907
2023,Canadian Grand Prix,Qualifying,qualifying,AlphaTauri,TSU,83.8065,4,83.431,20,10,-0.3755000000000024,84.46075,0.11111111111111116,0.0,0.25493827160493826,0.2611111111111111,-0.01826717338177214,-0.35723282661823025
2023,Canadian Grand Prix,Qualifying,qualifying,Alpine,GAS,84.344,5,83.431,20,10,-0.9129999999999967,83.702,0.33333333333333337,0.625,0.5074143692564745,0.4259259259259259,-0.08121862419797127,-0.8317813758020254
2023,Canadian Grand Prix,Qualifying,qualifying,Alpine,OCO,83.06,5,83.431,20,10,0.3709999999999951,83.702,0.33333333333333337,0.625,0.5074143692564745,0.4259259259259259,-0.06464507161486799,0.4356450716148631
2023,Canadian Grand Prix,Qualifying,qualifying,Aston Martin,ALO,81.81700000000001,6,83.431,20,10,1.61399999999999,82.51875000000001,0.7777777777777778,0.75,0.6029761904761906,0.6765873015873015,0.14345355062000661,1.4705464493799836
2023,Canadian Grand Prix,Qualifying,qualifying,Aston Martin,STR,83.2205,6,83.431,20,10,0.21049999999999613,82.51875000000001,0.7777777777777778,0.75,0.6029761904761906,0.6765873015873015,-0.11131040426236238,0.3218104042623585
2023,Canadian Grand Prix,Qualifying,qualifying,Ferrari,LEC,82.001,6,83.431,20,10,1.4299999999999926,82.22075000000001,0.8888888888888888,1.0,0.722577276524645,0.5486111111111112,0.4980360426406395,0.9319639573593531
2023,Canadian Grand Prix,Qualifying,qualifying,Ferrari,SAI,82.4405,6,83.431,20,10,0.9904999999999973,82.22075000000001,0.8888888888888888,1.0,0.722577276524645,0.5486111111111112,0.42089768077579187,0.5696023192242055
2023,Canadian Grand Prix,Qualifying,qualifying,Haas F1 Team,HUL,83.425,5,83.431,20,10,0.006000000000000227,83.431,0.5555555555555556,0.125,0.24166666666666664,0.2777777777777778,-0.46068755930034505,0.4666875593003453
2023,Canadian Grand Prix,Qualifying,qualifying,Haas F1 Team,MAG,83.437,5,83.431,20,10,-0.006000000000000227,83.431,0.5555555555555556,0.125,0.24166666666666664,0.2777777777777778,-0.47901914619435665,0.4730191461943564
2023,Canadian Grand Prix,Qualifying,qualifying,McLaren,NOR,82.546,1,83.431,20,10,0.8849999999999909,81.55000000000001,1.0,0.5,0.5456569664902998,0.5805555555555555,0.12450891586109554,0.7604910841388953
2023,Canadian Grand Prix,Qualifying,qualifying,McLaren,PIA,80.554,1,83.431,20,10,2.8769999999999953,81.55000000000001,1.0,0.5,0.5456569664902998,0.5805555555555555,0.03443707754662947,2.8425629224533657
2023,Canadian Grand Prix,Qualifying,qualifying,Mercedes,HAM,83.47800000000001,4,83.431,20,10,-0.047000000000011255,83.50175,0.4444444444444444,0.375,0.6784325396825397,0.6865079365079365,0.3949955738094543,-0.4419955738094656
2023,Canadian Grand Prix,Qualifying,qualifying,Mercedes,RUS,83.5255,4,83.431,20,10,-0.09449999999999648,83.50175,0.4444444444444444,0.375,0.6784325396825397,0.6865079365079365,0.45271685282537005,-0.5472168528253665
2023,Canadian Grand Prix,Qualifying,qualifying,Red Bull Racing,PER,83.391,5,83.431,20,10,0.03999999999999204,83.117,0.6666666666666667,0.875,0.9392857142857143,0.9464285714285714,0.050894241176247655,-0.010894241176255613
2023,Canadian Grand Prix,Qualifying,qualifying,Red Bull Racing,VER,82.843,5,83.431,20,10,0.5879999999999939,83.117,0.6666666666666667,0.875,0.9392857142857143,0.9464285714285714,0.44653785362151754,0.14146214637847632
2023,Canadian Grand Prix,Qualifying,qualifying,Williams,ALB,83.779,4,83.431,20,10,-0.347999999999999,84.05675,0.2222222222222222,,0.3049719887955182,,0.4053446987189551,-0.753344698718954
2023,Canadian Grand Prix,Qualifying,qualifying,Williams,SAR,84.33449999999999,4,83.431,20,10,-0.903499999999994,84.05675,0.2222222222222222,,0.3049719887955182,,0.048932265649148064,-0.9524322656491421
2023,Canadian Grand Prix,Race,race,Alfa Romeo,BOT,78.074,25,77.35075,18,9,-0.7232499999999931,77.89750000000001,0.25,0.25,0.1803665910808768,0.19642857142857142,0.10127365318653098,-0.8245236531865241
2023,Canadian Grand Prix,Race,race,Alfa Romeo,ZHO,77.721,25,77.35075,18,9,-0.37024999999999864,77.89750000000001,0.25,0.25,0.1803665910808768,0.19642857142857142,-0.10127365318653098,-0.26897634681346766
2023,Canadian Grand Prix,Race,race,AlphaTauri,DEV,78.4185,20,77.35075,18,9,-1.0677499999999895,78.40525,0.0,0.0,0.25493827160493826,0.2611111111111111,-0.2349593387079074,-0.8327906612920821
2023,Canadian Grand Prix,Race,race,AlphaTauri,TSU,78.392,20,77.35075,18,9,-1.041249999999991,78.40525,0.0,0.0,0.25493827160493826,0.2611111111111111,-0.008871756926109803,-1.032378243073881
2023,Canadian Grand Prix,Race,race,Alpine,GAS,77.0625,40,77.35075,18,9,0.288250000000005,77.167,0.625,0.625,0.5074143692564745,0.4259259259259259,0.03412313799982952,0.2541268620001755
2023,Canadian Grand Prix,Race,race,Alpine,OCO,77.2715,40,77.35075,18,9,0.07925000000000182,77.167,0.625,0.625,0.5074143692564745,0.4259259259259259,-0.12843307985374308,0.2076830798537449
2023,Canadian Grand Prix,Race,race,Aston Martin,ALO,76.922,39,77.35075,18,9,0.42875000000000796,77.12299999999999,0.75,0.75,0.6029761904761906,0.6765873015873015,0.016901313346079846,0.4118486866539281
2023,Canadian Grand Prix,Race,race,Aston Martin,STR,77.324,39,77.35075,18,9,0.026750000000006935,77.12299999999999,0.75,0.75,0.6029761904761906,0.6765873015873015,-0.2745680106068059,0.30131801060681285
2023,Canadian Grand Prix,Race,race,Ferrari,LEC,76.275,41,77.35075,18,9,1.0757499999999993,76.316,1.0,1.0,0.722577276524645,0.5486111111111112,0.1958228383996559,0.8799271616003435
2023,Canadian Grand Prix,Race,race,Ferrari,SAI,76.357,41,77.35075,18,9,0.9937500000000057,76.316,1.0,1.0,0.722577276524645,0.5486111111111112,0.13770117581501623,0.8560488241849895
2023,Canadian Grand Prix,Race,race,Haas F1 Team,HUL,78.027,26,77.35075,18,9,-0.676249999999996,78.31475,0.125,0.125,0.24166666666666664,0.2777777777777778,-0.18641475160805335,-0.4898352483919427
2023,Canadian Grand Prix,Race,race,Haas F1 Team,MAG,78.60249999999999,26,77.35075,18,9,-1.251749999999987,78.31475,0.125,0.125,0.24166666666666664,0.2777777777777778,-0.3934127617582333,-0.8583372382417538
2023,Canadian Grand Prix,Race,race,McLaren,NOR,77.3775,48,77.35075,18,9,-0.026749999999992724,77.28925,0.5,0.5,0.5456569664902998,0.5805555555555555,0.2594772926936577,-0.28622729269365044
2023,Canadian Grand Prix,Race,race,McLaren,PIA,77.201,48,77.35075,18,9,0.1497500000000116,77.28925,0.5,0.5,0.5456569664902998,0.5805555555555555,0.12747228817738215,0.022277711822629442
2023,Canadian Grand Prix,Race,race,Mercedes,HAM,77.475,23,77.35075,18,9,-0.12424999999998931,77.7475,0.375,0.375,0.6784325396825397,0.6865079365079365,-0.03013038881255811,-0.0941196111874312
2023,Canadian Grand Prix,Race,race,Mercedes,RUS,78.02,23,77.35075,18,9,-0.669249999999991,77.7475,0.375,0.375,0.6784325396825397,0.6865079365079365,-0.09081960026679484,-0.5784303997331962
2023,Canadian Grand Prix,Race,race,Red Bull Racing,PER,76.647,31,77.35075,18,9,0.7037499999999994,76.7385,0.875,0.875,0.9392857142857143,0.9464285714285714,0.6328857924494375,0.07086420755056189
2023,Canadian Grand Prix,Race,race,Red Bull Racing,VER,76.83,31,77.35075,18,9,0.5207500000000067,76.7385,0.875,0.875,0.9392857142857143,0.9464285714285714,1.05349042621627,-0.5327404262162634
2023,Dutch Grand Prix,Qualifying,qualifying,Alfa Romeo,BOT,84.9465,4,80.86375,20,10,-4.082750000000004,84.31375,0.0,0.1428571428571429,0.1803665910808768,0.203125,0.13799208001694666,-4.220742080016951
2023,Dutch Grand Prix,Qualifying,qualifying,Alfa Romeo,ZHO,83.681,4,80.86375,20,10,-2.8172500000000014,84.31375,0.0,0.1428571428571429,0.1803665910808768,0.203125,-0.13799208001694666,-2.679257919983055
2023,Dutch Grand Prix,Qualifying,qualifying,AlphaTauri,LAW,84.767,5,80.86375,20,10,-3.90325,83.964,0.2222222222222222,0.0,0.25493827160493826,0.2175925925925926,-0.24819032494534726,-3.6550596750546527
2023,Dutch Grand Prix,Qualifying,qualifying,AlphaTauri,TSU,83.161,5,80.86375,20,10,-2.2972500000000053,83.964,0.2222222222222222,0.0,0.25493827160493826,0.2175925925925926,-0.01826717338177214,-2.278982826618233
2023,Dutch Grand Prix,Qualifying,qualifying,Alpine,GAS,82.73249999999999,4,80.86375,20,10,-1.8687499999999915,83.3,0.33333333333333337,0.7142857142857143,0.5074143692564745,0.45436507936507936,-0.08121862419797127,-1.7875313758020202
2023,Dutch Grand Prix,Qualifying,qualifying,Alpine,OCO,83.8675,4,80.86375,20,10,-3.003750000000011,83.3,0.33333333333333337,0.7142857142857143,0.5074143692564745,0.45436507936507936,-0.06464507161486799,-2.939104928385143
2023,Dutch Grand Prix,Qualifying,qualifying,Aston Martin,ALO,80.7045,4,80.86375,20,10,0.1592500000000001,80.86375,0.4444444444444444,0.8571428571428572,0.6029761904761906,0.6857638888888888,0.14345355062000661,0.0157964493799935
2023,Dutch Grand Prix,Qualifying,qualifying,Aston Martin,STR,81.023,4,80.86375,20,10,-0.1592500000000001,80.86375,0.4444444444444444,0.8571428571428572,0.6029761904761906,0.6857638888888888,-0.11131040426236238,-0.04793959573763773
2023,Dutch Grand Prix,Qualifying,qualifying,Ferrari,LEC,80.4845,4,80.86375,20,10,0.379249999999999,80.83425,0.5555555555555556,0.2857142857142857,0.722577276524645,0.6130952380952381,0.4980360426406395,-0.11878604264064052
2023,Dutch Grand Prix,Qualifying,qualifying,Ferrari,SAI,81.184,4,80.86375,20,10,-0.3202500000000015,80.83425,0.5555555555555556,0.2857142857142857,0.722577276524645,0.6130952380952381,0.42089768077579187,-0.7411476807757933
2023,Dutch Grand Prix,Qualifying,qualifying,Haas F1 Team,HUL,83.7815,4,80.86375,20,10,-2.917749999999998,84.10525,0.11111111111111116,0.4285714285714286,0.24166666666666664,0.255952380952381,-0.46068755930034505,-2.457062440699653
2023,Dutch Grand Prix,Qualifying,qualifying,Haas F1 Team,MAG,84.429,4,80.86375,20,10,-3.565250000000006,84.10525,0.11111111111111116,0.4285714285714286,0.24166666666666664,0.255952380952381,-0.47901914619435665,-3.0862308538056493
2023,Dutch Grand Prix,Qualifying,qualifying,McLaren,NOR,80.19900000000001,6,80.86375,20,10,0.6647499999999837,79.887,0.8888888888888888,0.5714285714285714,0.5456569664902998,0.5671296296296297,0.12450891586109554,0.5402410841388882
2023,Dutch Grand Prix,Qualifying,qualifying,McLaren,PIA,79.57499999999999,6,80.86375,20,10,1.2887500000000074,79.887,0.8888888888888888,0.5714285714285714,0.5456569664902998,0.5671296296296297,0.03443707754662947,1.254312922453378
2023,Dutch Grand Prix,Qualifying,qualifying,Mercedes,HAM,80.44200000000001,2,80.86375,20,10,0.42174999999998875,80.38925,0.7777777777777778,,0.6784325396825397,,0.3949955738094543,0.02675442619053442
2023,Dutch Grand Prix,Qualifying,qualifying,Mercedes,RUS,80.3365,2,80.86375,20,10,0.5272499999999951,80.38925,0.7777777777777778,,0.6784325396825397,,0.45271685282537005,0.07453314717462506
2023,Dutch Grand Prix,Qualifying,qualifying,Red Bull Racing,PER,76.62549999999999,4,80.86375,20,10,4.238250000000008,76.124,1.0,1.0,0.9392857142857143,0.9375,0.050894241176247655,4.18735575882376
2023,Dutch Grand Prix,Qualifying,qualifying,Red Bull Racing,VER,75.6225,4,80.86375,20,10,5.241249999999994,76.124,1.0,1.0,0.9392857142857143,0.9375,0.44653785362151754,4.794712146378476
2023,Dutch Grand Prix,Qualifying,qualifying,Williams,ALB,80.623,3,80.86375,20,10,0.24074999999999136,80.57300000000001,0.6666666666666667,,0.3049719887955182,,0.4053446987189551,-0.16459469871896376
2023,Dutch Grand Prix,Qualifying,qualifying,Williams,SAR,80.523,3,80.86375,20,10,0.3407499999999999,80.57300000000001,0.6666666666666667,,0.3049719887955182,,0.048932265649148064,0.29181773435085184
2023,Dutch Grand Prix,Race,race,Alfa Romeo,BOT,77.469,23,76.4005,16,8,-1.0685000000000002,77.214,0.1428571428571429,0.1428571428571429,0.1803665910808768,0.203125,0.10127365318653098,-1.1697736531865313
2023,Dutch Grand Prix,Race,race,Alfa Romeo,ZHO,76.959,23,76.4005,16,8,-0.5585000000000093,77.214,0.1428571428571429,0.1428571428571429,0.1803665910808768,0.203125,-0.10127365318653098,-0.45722634681347835
2023,Dutch Grand Prix,Race,race,AlphaTauri,LAW,85.898,5,76.4005,16,8,-9.497500000000002,85.73949999999999,0.0,0.0,0.25493827160493826,0.2175925925925926,-0.0020845522345543707,-9.495415447765447
2023,Dutch Grand Prix,Race,race,AlphaTauri,TSU,85.581,5,76.4005,16,8,-9.18050000000001,85.73949999999999,0.0,0.0,0.25493827160493826,0.2175925925925926,-0.008871756926109803,-9.171628243073899
2023,Dutch Grand Prix,Race,race,Alpine,GAS,75.835,33,76.4005,16,8,0.5655000000000001,76.089,0.7142857142857143,0.7142857142857143,0.5074143692564745,0.45436507936507936,0.03412313799982952,0.5313768620001706
2023,Dutch Grand Prix,Race,race,Alpine,OCO,76.343,33,76.4005,16,8,0.05749999999999034,76.089,0.7142857142857143,0.7142857142857143,0.5074143692564745,0.45436507936507936,-0.12843307985374308,0.18593307985373342
2023,Dutch Grand Prix,Race,race,Aston Martin,ALO,75.842,23,76.4005,16,8,0.5584999999999951,75.812,0.8571428571428572,0.8571428571428572,0.6029761904761906,0.6857638888888888,0.016901313346079846,0.5415986866539153
2023,Dutch Grand Prix,Race,race,Aston Martin,STR,75.782,23,76.4005,16,8,0.6184999999999974,75.812,0.8571428571428572,0.8571428571428572,0.6029761904761906,0.6857638888888888,-0.2745680106068059,0.8930680106068033
2023,Dutch Grand Prix,Race,race,Ferrari,LEC,77.863,19,76.4005,16,8,-1.4625000000000057,77.0035,0.2857142857142857,0.2857142857142857,0.722577276524645,0.6130952380952381,0.1958228383996559,-1.6583228383996615
2023,Dutch Grand Prix,Race,race,Ferrari,SAI,76.144,19,76.4005,16,8,0.2564999999999884,77.0035,0.2857142857142857,0.2857142857142857,0.722577276524645,0.6130952380952381,0.13770117581501623,0.11879882418497217
2023,Dutch Grand Prix,Race,race,Haas F1 Team,HUL,76.9675,18,76.4005,16,8,-0.5670000000000073,76.64075,0.4285714285714286,0.4285714285714286,0.24166666666666664,0.255952380952381,-0.18641475160805335,-0.38058524839195396
2023,Dutch Grand Prix,Race,race,Haas F1 Team,MAG,76.314,18,76.4005,16,8,0.08650000000000091,76.64075,0.4285714285714286,0.4285714285714286,0.24166666666666664,0.255952380952381,-0.3934127617582333,0.4799127617582342
2023,Dutch Grand Prix,Race,race,McLaren,NOR,76.458,24,76.4005,16,8,-0.05750000000000455,76.5545,0.5714285714285714,0.5714285714285714,0.5456569664902998,0.5671296296296297,0.2594772926936577,-0.31697729269366226
2023,Dutch Grand Prix,Race,race,McLaren,PIA,76.65100000000001,24,76.4005,16,8,-0.2505000000000166,76.5545,0.5714285714285714,0.5714285714285714,0.5456569664902998,0.5671296296296297,0.12747228817738215,-0.37797228817739875
2023,Dutch Grand Prix,Race,race,Red Bull Racing,PER,75.615,33,76.4005,16,8,0.785499999999999,75.47399999999999,1.0,1.0,0.9392857142857143,0.9375,0.6328857924494375,0.15261420755056143
2023,Dutch Grand Prix,Race,race,Red Bull Racing,VER,75.333,33,76.4005,16,8,1.0674999999999955,75.47399999999999,1.0,1.0,0.9392857142857143,0.9375,1.05349042621627,0.01400957378372536
2023,Hungarian Grand Prix,Qualifying,qualifying,Alfa Romeo,BOT,77.3635,4,78.76249999999999,18,9,1.3989999999999867,77.49375,0.75,0.125,0.1803665910808768,0.19642857142857142,0.13799208001694666,1.26100791998304
2023,Hungarian Grand Prix,Qualifying,qualifying,Alfa Romeo,ZHO,77.624,4,78.76249999999999,18,9,1.1384999999999934,77.49375,0.75,0.125,0.1803665910808768,0.19642857142857142,-0.13799208001694666,1.2764920800169401
2023,Hungarian Grand Prix,Qualifying,qualifying,AlphaTauri,RIC,79.037,3,78.76249999999999,18,9,-0.2745000000000175,79.02950000000001,0.25,0.375,0.25493827160493826,0.1865079365079365,-0.1338069192715026,-0.1406930807285149
2023,Hungarian Grand Prix,Qualifying,qualifying,AlphaTauri,TSU,79.022,3,78.76249999999999,18,9,-0.25950000000001694,79.02950000000001,0.25,0.375,0.25493827160493826,0.1865079365079365,-0.01826717338177214,-0.2412328266182448
2023,Hungarian Grand Prix,Qualifying,qualifying,Alpine,GAS,78.743,5,78.76249999999999,18,9,0.019499999999993634,78.79849999999999,0.5,,0.5074143692564745,,-0.08121862419797127,0.1007186241979649
2023,Hungarian Grand Prix,Qualifying,qualifying,Alpine,OCO,78.854,5,78.76249999999999,18,9,-0.09150000000001057,78.79849999999999,0.5,,0.5074143692564745,,-0.06464507161486799,-0.026854928385142585
2023,Hungarian Grand Prix,Qualifying,qualifying,Aston Martin,ALO,79.138,5,78.76249999999999,18,9,-0.3755000000000166,78.96000000000001,0.375,0.75,0.6029761904761906,0.7048059964726632,0.14345355062000661,-0.5189535506200232
2023,Hungarian Grand Prix,Qualifying,qualifying,Aston Martin,STR,78.782,5,78.76249999999999,18,9,-0.019500000000007844,78.96000000000001,0.375,0.75,0.6029761904761906,0.7048059964726632,-0.11131040426236238,0.09181040426235454
2023,Hungarian Grand Prix,Qualifying,qualifying,Ferrari,LEC,78.44,5,78.76249999999999,18,9,0.3224999999999909,78.4165,0.625,0.5,0.722577276524645,0.5721726190476191,0.4980360426406395,-0.1755360426406486
2023,Hungarian Grand Prix,Qualifying,qualifying,Ferrari,SAI,78.393,5,78.76249999999999,18,9,0.36949999999998795,78.4165,0.625,0.5,0.722577276524645,0.5721726190476191,0.42089768077579187,-0.05139768077580392
2023,Hungarian Grand Prix,Qualifying,qualifying,Haas F1 Team,HUL,79.55,3,78.76249999999999,18,9,-0.7875000000000085,79.6155,0.0,0.0,0.24166666666666664,0.2775297619047619,-0.46068755930034505,-0.3268124406996635
2023,Hungarian Grand Prix,Qualifying,qualifying,Haas F1 Team,MAG,79.681,3,78.76249999999999,18,9,-0.9185000000000088,79.6155,0.0,0.0,0.24166666666666664,0.2775297619047619,-0.47901914619435665,-0.4394808538056521
2023,Hungarian Grand Prix,Qualifying,qualifying,McLaren,NOR,76.904,3,78.76249999999999,18,9,1.8584999999999923,77.143,1.0,0.625,0.5456569664902998,0.5677437641723356,0.12450891586109554,1.7339910841388968
2023,Hungarian Grand Prix,Qualifying,qualifying,McLaren,PIA,77.382,3,78.76249999999999,18,9,1.3804999999999836,77.143,1.0,0.625,0.5456569664902998,0.5677437641723356,0.03443707754662947,1.3460629224533542
2023,Hungarian Grand Prix,Qualifying,qualifying,Red Bull Racing,PER,77.4085,4,78.76249999999999,18,9,1.353999999999985,77.18625,0.875,1.0,0.9392857142857143,0.9444444444444444,0.050894241176247655,1.3031057588237374
2023,Hungarian Grand Prix,Qualifying,qualifying,Red Bull Racing,VER,76.964,4,78.76249999999999,18,9,1.79849999999999,77.18625,0.875,1.0,0.9392857142857143,0.9444444444444444,0.44653785362151754,1.3519621463784723
2023,Hungarian Grand Prix,Qualifying,qualifying,Williams,ALB,79.148,3,78.76249999999999,18,9,-0.3855000000000075,79.31,0.125,0.25,0.3049719887955182,0.28935185185185186,0.4053446987189551,-0.7908446987189626
2023,Hungarian Grand Prix,Qualifying,qualifying,Williams,SAR,79.472,3,78.76249999999999,18,9,-0.7095000000000056,79.31,0.125,0.25,0.3049719887955182,0.28935185185185186,0.048932265649148064,-0.7584322656491537
2023,Hungarian Grand Prix,Race,race,Alfa Romeo,BOT,84.9135,52,84.4155,18,9,-0.49800000000000466,85.09925,0.125,0.125,0.1803665910808768,0.19642857142857142,0.10127365318653098,-0.5992736531865357
2023,Hungarian Grand Prix,Race,race,Alfa Romeo,ZHO,85.285,52,84.4155,18,9,-0.8695000000000022,85.09925,0.125,0.125,0.1803665910808768,0.19642857142857142,-0.10127365318653098,-0.7682263468134711
2023,Hungarian Grand Prix,Race,race,AlphaTauri,RIC,85.674,27,84.4155,18,9,-1.2585000000000122,85.0095,0.375,0.375,0.25493827160493826,0.1865079365079365,0.04057543152386005,-1.2990754315238722
2023,Hungarian Grand Prix,Race,race,AlphaTauri,TSU,84.345,27,84.4155,18,9,0.07049999999999557,85.0095,0.375,0.375,0.25493827160493826,0.1865079365079365,-0.008871756926109803,0.07937175692610537
2023,Hungarian Grand Prix,Race,race,Aston Martin,ALO,83.675,39,84.4155,18,9,0.7404999999999973,84.18199999999999,0.75,0.75,0.6029761904761906,0.7048059964726632,0.016901313346079846,0.7235986866539175
2023,Hungarian Grand Prix,Race,race,Aston Martin,STR,84.689,39,84.4155,18,9,-0.2734999999999985,84.18199999999999,0.75,0.75,0.6029761904761906,0.7048059964726632,-0.2745680106068059,0.0010680106068073902
2023,Hungarian Grand Prix,Race,race,Ferrari,LEC,84.3475,40,84.4155,18,9,0.06799999999999784,84.33275,0.5,0.5,0.722577276524645,0.5721726190476191,0.1958228383996559,-0.12782283839965805
2023,Hungarian Grand Prix,Race,race,Ferrari,SAI,84.318,40,84.4155,18,9,0.09749999999999659,84.33275,0.5,0.5,0.722577276524645,0.5721726190476191,0.13770117581501623,-0.04020117581501964
2023,Hungarian Grand Prix,Race,race,Haas F1 Team,HUL,85.557,49,84.4155,18,9,-1.1415000000000077,85.77000000000001,0.0,0.0,0.24166666666666664,0.2775297619047619,-0.18641475160805335,-0.9550852483919544
2023,Hungarian Grand Prix,Race,race,Haas F1 Team,MAG,85.983,49,84.4155,18,9,-1.5675000000000097,85.77000000000001,0.0,0.0,0.24166666666666664,0.2775297619047619,-0.3934127617582333,-1.1740872382417764
2023,Hungarian Grand Prix,Race,race,McLaren,NOR,83.911,54,84.4155,18,9,0.5044999999999931,84.19725,0.625,0.625,0.5456569664902998,0.5677437641723356,0.2594772926936577,0.24502270730633535
2023,Hungarian Grand Prix,Race,race,McLaren,PIA,84.48349999999999,54,84.4155,18,9,-0.06799999999999784,84.19725,0.625,0.625,0.5456569664902998,0.5677437641723356,0.12747228817738215,-0.19547228817738
2023,Hungarian Grand Prix,Race,race,Mercedes,HAM,84.193,49,84.4155,18,9,0.2224999999999966,84.07499999999999,0.875,0.875,0.6784325396825397,0.6475694444444444,-0.03013038881255811,0.2526303888125547
2023,Hungarian Grand Prix,Race,race,Mercedes,RUS,83.957,49,84.4155,18,9,0.4585000000000008,84.07499999999999,0.875,0.875,0.6784325396825397,0.6475694444444444,-0.09081960026679484,0.5493196002667956
2023,Hungarian Grand Prix,Race,race,Red Bull Racing,PER,83.628,47,84.4155,18,9,0.7874999999999943,83.60900000000001,1.0,1.0,0.9392857142857143,0.9444444444444444,0.6328857924494375,0.15461420755055677
2023,Hungarian Grand Prix,Race,race,Red Bull Racing,VER,83.59,47,84.4155,18,9,0.825499999999991,83.60900000000001,1.0,1.0,0.9392857142857143,0.9444444444444444,1.05349042621627,-0.22799042621627907
2023,Hungarian Grand Prix,Race,race,Williams,ALB,85.078,47,84.4155,18,9,-0.6625000000000085,85.0205,0.25,0.25,0.3049719887955182,0.28935185185185186,0.26859346837757936,-0.9310934683775879
2023,Hungarian Grand Prix,Race,race,Williams,SAR,84.963,47,84.4155,18,9,-0.5474999999999994,85.0205,0.25,0.25,0.3049719887955182,0.28935185185185186,0.01964940890246814,-0.5671494089024676
2023,Italian Grand Prix,Qualifying,qualifying,Alfa Romeo,BOT,82.658,3,81.554,14,7,-1.1039999999999992,82.5435,0.0,0.25,0.1803665910808768,0.18928571428571428,0.13799208001694666,-1.241992080016946
2023,Italian Grand Prix,Qualifying,qualifying,Alfa Romeo,ZHO,82.429,3,81.554,14,7,-0.875,82.5435,0.0,0.25,0.1803665910808768,0.18928571428571428,-0.13799208001694666,-0.7370079199830534
2023,Italian Grand Prix,Qualifying,qualifying,AlphaTauri,LAW,82.112,5,81.554,14,7,-0.5579999999999927,81.982,0.33333333333333337,,0.25493827160493826,,-0.24819032494534726,-0.30980967505464546
2023,Italian Grand Prix,Qualifying,qualifying,AlphaTauri,TSU,81.852,5,81.554,14,7,-0.2980000000000018,81.982,0.33333333333333337,,0.25493827160493826,,-0.01826717338177214,-0.2797328266182297
2023,Italian Grand Prix,Qualifying,qualifying,Ferrari,LEC,80.564,3,81.554,14,7,0.9900000000000091,80.548,1.0,0.875,0.722577276524645,0.5641534391534392,0.4980360426406395,0.4919639573593696
2023,Italian Grand Prix,Qualifying,qualifying,Ferrari,SAI,80.532,3,81.554,14,7,1.0220000000000056,80.548,1.0,0.875,0.722577276524645,0.5641534391534392,0.42089768077579187,0.6011023192242138
2023,Italian Grand Prix,Qualifying,qualifying,McLaren,NOR,81.581,5,81.554,14,7,-0.027000000000001023,81.554,0.5,0.625,0.5456569664902998,0.5749007936507936,0.12450891586109554,-0.15150891586109655
2023,Italian Grand Prix,Qualifying,qualifying,McLaren,PIA,81.527,5,81.554,14,7,0.027000000000001023,81.554,0.5,0.625,0.5456569664902998,0.5749007936507936,0.03443707754662947,-0.007437077546628444
2023,Italian Grand Prix,Qualifying,qualifying,Mercedes,HAM,81.3335,4,81.554,14,7,0.22050000000000125,81.203,0.6666666666666667,0.75,0.6784325396825397,0.6728395061728395,0.3949955738094543,-0.17449557380945308
2023,Italian Grand Prix,Qualifying,qualifying,Mercedes,RUS,81.0725,4,81.554,14,7,0.48149999999999693,81.203,0.6666666666666667,0.75,0.6784325396825397,0.6728395061728395,0.45271685282537005,0.028783147174626877
2023,Italian Grand Prix,Qualifying,qualifying,Red Bull Racing,PER,81.0805,4,81.554,14,7,0.47350000000000136,80.93225,0.8333333333333334,1.0,0.9392857142857143,0.95,0.050894241176247655,0.42260575882375373
2023,Italian Grand Prix,Qualifying,qualifying,Red Bull Racing,VER,80.78399999999999,4,81.554,14,7,0.7700000000000102,80.93225,0.8333333333333334,1.0,0.9392857142857143,0.95,0.44653785362151754,0.3234621463784927
2023,Italian Grand Prix,Qualifying,qualifying,Williams,ALB,81.661,5,81.554,14,7,-0.10699999999999932,82.01400000000001,0.16666666666666663,0.5,0.3049719887955182,0.2837301587301587,0.4053446987189551,-0.5123446987189544
2023,Italian Grand Prix,Qualifying,qualifying,Williams,SAR,82.367,5,81.554,14,7,-0.8130000000000024,82.01400000000001,0.16666666666666663,0.5,0.3049719887955182,0.2837301587301587,0.048932265649148064,-0.8619322656491505
2023,Italian Grand Prix,Race,race,Alfa Romeo,BOT,87.15,31,86.92450000000001,18,9,-0.2254999999999967,87.16,0.25,0.25,0.1803665910808768,0.18928571428571428,0.10127365318653098,-0.3267736531865277
2023,Italian Grand Prix,Race,race,Alfa Romeo,ZHO,87.17,31,86.92450000000001,18,9,-0.24549999999999272,87.16,0.25,0.25,0.1803665910808768,0.18928571428571428,-0.10127365318653098,-0.14422634681346175
2023,Italian Grand Prix,Race,race,Alpine,GAS,87.136,27,86.92450000000001,18,9,-0.2114999999999867,87.26599999999999,0.125,0.125,0.5074143692564745,0.4868551587301587,0.03412313799982952,-0.24562313799981622
2023,Italian Grand Prix,Race,race,Alpine,OCO,87.396,27,86.92450000000001,18,9,-0.4714999999999918,87.26599999999999,0.125,0.125,0.5074143692564745,0.4868551587301587,-0.12843307985374308,-0.34306692014624873
2023,Italian Grand Prix,Race,race,Aston Martin,ALO,86.912,41,86.92450000000001,18,9,0.012500000000002842,87.0895,0.375,0.375,0.6029761904761906,0.7093253968253969,0.016901313346079846,-0.004401313346077004
2023,Italian Grand Prix,Race,race,Aston Martin,STR,87.267,41,86.92450000000001,18,9,-0.3424999999999869,87.0895,0.375,0.375,0.6029761904761906,0.7093253968253969,-0.2745680106068059,-0.06793198939318101
2023,Italian Grand Prix,Race,race,Ferrari,LEC,86.14750000000001,38,86.92450000000001,18,9,0.777000000000001,86.13575,0.875,0.875,0.722577276524645,0.5641534391534392,0.1958228383996559,0.5811771616003452
2023,Italian Grand Prix,Race,race,Ferrari,SAI,86.124,38,86.92450000000001,18,9,0.8005000000000138,86.13575,0.875,0.875,0.722577276524645,0.5641534391534392,0.13770117581501623,0.6627988241849976
2023,Italian Grand Prix,Race,race,Haas F1 Team,HUL,87.152,26,86.92450000000001,18,9,-0.22749999999999204,87.3245,0.0,0.0,0.24166666666666664,0.24669312169312171,-0.18641475160805335,-0.041085248391938695
2023,Italian Grand Prix,Race,race,Haas F1 Team,MAG,87.497,26,86.92450000000001,18,9,-0.5724999999999909,87.3245,0.0,0.0,0.24166666666666664,0.24669312169312171,-0.3934127617582333,-0.1790872382417576
2023,Italian Grand Prix,Race,race,McLaren,NOR,86.93700000000001,34,86.92450000000001,18,9,-0.012500000000002842,86.90400000000001,0.625,0.625,0.5456569664902998,0.5749007936507936,0.2594772926936577,-0.27197729269366056
2023,Italian Grand Prix,Race,race,McLaren,PIA,86.87100000000001,34,86.92450000000001,18,9,0.05349999999999966,86.90400000000001,0.625,0.625,0.5456569664902998,0.5749007936507936,0.12747228817738215,-0.0739722881773825
2023,Italian Grand Prix,Race,race,Mercedes,HAM,86.756,35,86.92450000000001,18,9,0.16850000000000875,86.5635,0.75,0.75,0.6784325396825397,0.6728395061728395,-0.03013038881255811,0.19863038881256687
2023,Italian Grand Prix,Race,race,Mercedes,RUS,86.371,35,86.92450000000001,18,9,0.5535000000000139,86.5635,0.75,0.75,0.6784325396825397,0.6728395061728395,-0.09081960026679484,0.6443196002668087
2023,Italian Grand Prix,Race,race,Red Bull Racing,PER,86.1255,38,86.92450000000001,18,9,0.7990000000000066,86.05875,1.0,1.0,0.9392857142857143,0.95,0.6328857924494375,0.16611420755056905
2023,Italian Grand Prix,Race,race,Red Bull Racing,VER,85.99199999999999,38,86.92450000000001,18,9,0.9325000000000188,86.05875,1.0,1.0,0.9392857142857143,0.95,1.05349042621627,-0.12099042621625133
2023,Italian Grand Prix,Race,race,Williams,ALB,86.838,41,86.92450000000001,18,9,0.08650000000001512,87.0455,0.5,0.5,0.3049719887955182,0.2837301587301587,0.26859346837757936,-0.18209346837756424
2023,Italian Grand Prix,Race,race,Williams,SAR,87.253,41,86.92450000000001,18,9,-0.32849999999999113,87.0455,0.5,0.5,0.3049719887955182,0.2837301587301587,0.01964940890246814,-0.34814940890245927
2023,Japanese Grand Prix,Qualifying,qualifying,AlphaTauri,LAW,91.11099999999999,4,90.301,12,6,-0.8099999999999881,90.827,0.19999999999999996,0.19999999999999996,0.25493827160493826,0.21006944444444445,-0.24819032494534726,-0.5618096750546409
2023,Japanese Grand Prix,Qualifying,qualifying,AlphaTauri,TSU,90.543,4,90.301,12,6,-0.24200000000000443,90.827,0.19999999999999996,0.19999999999999996,0.25493827160493826,0.21006944444444445,-0.01826717338177214,-0.2237328266182323
2023,Japanese Grand Prix,Qualifying,qualifying,Alpine,GAS,91.13050000000001,4,90.301,12,6,-0.8295000000000101,91.0975,0.0,1.0,0.5074143692564745,0.44664902998236333,-0.08121862419797127,-0.7482813758020388
2023,Japanese Grand Prix,Qualifying,qualifying,Alpine,OCO,91.0645,4,90.301,12,6,-0.7634999999999934,91.0975,0.0,1.0,0.5074143692564745,0.44664902998236333,-0.06464507161486799,-0.6988549283851254
2023,Japanese Grand Prix,Qualifying,qualifying,Ferrari,LEC,89.94,3,90.301,12,6,0.3610000000000042,90.0035,0.6,0.6,0.722577276524645,0.5952380952380952,0.4980360426406395,-0.1370360426406353
2023,Japanese Grand Prix,Qualifying,qualifying,Ferrari,SAI,90.067,3,90.301,12,6,0.23400000000000887,90.0035,0.6,0.6,0.722577276524645,0.5952380952380952,0.42089768077579187,-0.186897680775783
2023,Japanese Grand Prix,Qualifying,qualifying,McLaren,NOR,89.622,3,90.301,12,6,0.679000000000002,89.581,1.0,0.8,0.5456569664902998,0.5804673721340388,0.12450891586109554,0.5544910841389065
2023,Japanese Grand Prix,Qualifying,qualifying,McLaren,PIA,89.54,3,90.301,12,6,0.7609999999999957,89.581,1.0,0.8,0.5456569664902998,0.5804673721340388,0.03443707754662947,0.7265629224533662
2023,Japanese Grand Prix,Qualifying,qualifying,Mercedes,HAM,90.719,3,90.301,12,6,-0.41799999999999216,90.4935,0.4,0.4,0.6784325396825397,0.6805555555555556,0.3949955738094543,-0.8129955738094465
2023,Japanese Grand Prix,Qualifying,qualifying,Mercedes,RUS,90.268,3,90.301,12,6,0.03300000000000125,90.4935,0.4,0.4,0.6784325396825397,0.6805555555555556,0.45271685282537005,-0.4197168528253688
2023,Japanese Grand Prix,Qualifying,qualifying,Red Bull Racing,PER,90.334,3,90.301,12,6,-0.03300000000000125,89.673,0.8,,0.9392857142857143,,0.050894241176247655,-0.08389424117624891
2023,Japanese Grand Prix,Qualifying,qualifying,Red Bull Racing,VER,89.012,3,90.301,12,6,1.2890000000000015,89.673,0.8,,0.9392857142857143,,0.44653785362151754,0.8424621463784839
2023,Japanese Grand Prix,Race,race,AlphaTauri,LAW,98.802,29,98.4495,12,6,-0.35250000000000625,98.703,0.19999999999999996,0.19999999999999996,0.25493827160493826,0.21006944444444445,-0.0020845522345543707,-0.35041544776545186
2023,Japanese Grand Prix,Race,race,AlphaTauri,TSU,98.604,29,98.4495,12,6,-0.15449999999999875,98.703,0.19999999999999996,0.19999999999999996,0.25493827160493826,0.21006944444444445,-0.008871756926109803,-0.14562824307388894
2023,Japanese Grand Prix,Race,race,Alpine,GAS,98.16499999999999,26,98.4495,12,6,0.2845000000000084,98.1125,1.0,1.0,0.5074143692564745,0.44664902998236333,0.03412313799982952,0.2503768620001789
2023,Japanese Grand Prix,Race,race,Alpine,OCO,98.06,26,98.4495,12,6,0.3894999999999982,98.1125,1.0,1.0,0.5074143692564745,0.44664902998236333,-0.12843307985374308,0.5179330798537413
2023,Japanese Grand Prix,Race,race,Ferrari,LEC,98.277,34,98.4495,12,6,0.17249999999999943,98.31700000000001,0.6,0.6,0.722577276524645,0.5952380952380952,0.1958228383996559,-0.02332283839965646
2023,Japanese Grand Prix,Race,race,Ferrari,SAI,98.357,34,98.4495,12,6,0.09250000000000114,98.31700000000001,0.6,0.6,0.722577276524645,0.5952380952380952,0.13770117581501623,-0.04520117581501509
2023,Japanese Grand Prix,Race,race,Haas F1 Team,HUL,98.587,17,98.4495,12,6,-0.13750000000000284,99.05850000000001,0.0,0.0,0.24166666666666664,0.22202380952380954,-0.18641475160805335,0.048914751608050505
2023,Japanese Grand Prix,Race,race,Haas F1 Team,MAG,99.53,17,98.4495,12,6,-1.0805000000000007,99.05850000000001,0.0,0.0,0.24166666666666664,0.22202380952380954,-0.3934127617582333,-0.6870872382417674
2023,Japanese Grand Prix,Race,race,McLaren,NOR,97.7285,34,98.4495,12,6,0.7210000000000036,98.13875,0.8,0.8,0.5456569664902998,0.5804673721340388,0.2594772926936577,0.4615227073063459
2023,Japanese Grand Prix,Race,race,McLaren,PIA,98.549,34,98.4495,12,6,-0.09950000000000614,98.13875,0.8,0.8,0.5456569664902998,0.5804673721340388,0.12747228817738215,-0.2269722881773883
2023,Japanese Grand Prix,Race,race,Mercedes,HAM,98.542,25,98.4495,12,6,-0.09250000000000114,98.369,0.4,0.4,0.6784325396825397,0.6805555555555556,-0.03013038881255811,-0.062369611187443025
2023,Japanese Grand Prix,Race,race,Mercedes,RUS,98.196,25,98.4495,12,6,0.2535000000000025,98.369,0.4,0.4,0.6784325396825397,0.6805555555555556,-0.09081960026679484,0.3443196002667973
2023,Las Vegas Grand Prix,Qualifying,qualifying,Alfa Romeo,BOT,95.168,3,94.088,14,7,-1.0800000000000125,95.35900000000001,0.0,0.0,0.1803665910808768,0.1948051948051948,0.13799208001694666,-1.2179920800169592
2023,Las Vegas Grand Prix,Qualifying,qualifying,Alfa Romeo,ZHO,95.55,3,94.088,14,7,-1.4620000000000033,95.35900000000001,0.0,0.0,0.1803665910808768,0.1948051948051948,-0.13799208001694666,-1.3240079199830566
2023,Las Vegas Grand Prix,Qualifying,qualifying,Aston Martin,ALO,94.24799999999999,4,94.088,14,7,-0.1599999999999966,94.73075,0.16666666666666663,0.125,0.6029761904761906,0.6789321789321789,0.14345355062000661,-0.30345355062000323
2023,Las Vegas Grand Prix,Qualifying,qualifying,Aston Martin,STR,95.21350000000001,4,94.088,14,7,-1.1255000000000166,94.73075,0.16666666666666663,0.125,0.6029761904761906,0.6789321789321789,-0.11131040426236238,-1.0141895957376543
2023,Las Vegas Grand Prix,Qualifying,qualifying,Ferrari,LEC,92.92750000000001,4,94.088,14,7,1.1604999999999848,93.059,1.0,0.875,0.722577276524645,0.5956709956709957,0.4980360426406395,0.6624639573593453
2023,Las Vegas Grand Prix,Qualifying,qualifying,Ferrari,SAI,93.1905,4,94.088,14,7,0.8974999999999937,93.059,1.0,0.875,0.722577276524645,0.5956709956709957,0.42089768077579187,0.4766023192242019
2023,Las Vegas Grand Prix,Qualifying,qualifying,Haas F1 Team,HUL,94.341,5,94.088,14,7,-0.2530000000000001,94.384,0.33333333333333337,0.375,0.24166666666666664,0.20183982683982685,-0.46068755930034505,0.20768755930034494
2023,Las Vegas Grand Prix,Qualifying,qualifying,Haas F1 Team,MAG,94.427,5,94.088,14,7,-0.33900000000001285,94.384,0.33333333333333337,0.375,0.24166666666666664,0.20183982683982685,-0.47901914619435665,0.1400191461943438
2023,Las Vegas Grand Prix,Qualifying,qualifying,Mercedes,HAM,93.928,3,94.088,14,7,0.1599999999999966,93.899,0.6666666666666667,0.75,0.6784325396825397,0.6550505050505051,0.3949955738094543,-0.23499557380945774
2023,Las Vegas Grand Prix,Qualifying,qualifying,Mercedes,RUS,93.87,3,94.088,14,7,0.2179999999999893,93.899,0.6666666666666667,0.75,0.6784325396825397,0.6550505050505051,0.45271685282537005,-0.23471685282538074
2023,Las Vegas Grand Prix,Qualifying,qualifying,Red Bull Racing,PER,94.2695,4,94.088,14,7,-0.18149999999999977,94.084,0.5,1.0,0.9392857142857143,0.9545454545454546,0.050894241176247655,-0.23239424117624743
2023,Las Vegas Grand Prix,Qualifying,qualifying,Red Bull Racing,VER,93.8985,4,94.088,14,7,0.18949999999999534,94.084,0.5,1.0,0.9392857142857143,0.9545454545454546,0.44653785362151754,-0.2570378536215222
2023,Las Vegas Grand Prix,Qualifying,qualifying,Williams,ALB,93.588,3,94.088,14,7,0.5,93.6605,0.8333333333333334,0.5,0.3049719887955182,0.3107638888888889,0.4053446987189551,0.09465530128104488
2023,Las Vegas Grand Prix,Qualifying,qualifying,Williams,SAR,93.733,3,94.088,14,7,0.35499999999998977,93.6605,0.8333333333333334,0.5,0.3049719887955182,0.3107638888888889,0.048932265649148064,0.3060677343508417
2023,Las Vegas Grand Prix,Race,race,Alfa Romeo,BOT,100.9605,22,98.751,18,9,-2.2094999999999914,99.8825,0.0,0.0,0.1803665910808768,0.1948051948051948,0.10127365318653098,-2.3107736531865224
2023,Las Vegas Grand Prix,Race,race,Alfa Romeo,ZHO,98.80449999999999,22,98.751,18,9,-0.05349999999998545,99.8825,0.0,0.0,0.1803665910808768,0.1948051948051948,-0.10127365318653098,0.04777365318654553
2023,Las Vegas Grand Prix,Race,race,AlphaTauri,RIC,98.745,12,98.751,18,9,0.006000000000000227,98.82075,0.25,0.25,0.25493827160493826,0.20895061728395062,0.04057543152386005,-0.03457543152385982
2023,Las Vegas Grand Prix,Race,race,AlphaTauri,TSU,98.8965,12,98.751,18,9,-0.1454999999999984,98.82075,0.25,0.25,0.25493827160493826,0.20895061728395062,-0.008871756926109803,-0.1366282430738886
2023,Las Vegas Grand Prix,Race,race,Alpine,GAS,98.76,23,98.751,18,9,-0.009000000000000341,98.2185,0.625,0.625,0.5074143692564745,0.501984126984127,0.03412313799982952,-0.043123137999829864
2023,Las Vegas Grand Prix,Race,race,Alpine,OCO,97.677,23,98.751,18,9,1.073999999999998,98.2185,0.625,0.625,0.5074143692564745,0.501984126984127,-0.12843307985374308,1.202433079853741
2023,Las Vegas Grand Prix,Race,race,Aston Martin,ALO,99.256,25,98.751,18,9,-0.5049999999999955,98.9785,0.125,0.125,0.6029761904761906,0.6789321789321789,0.016901313346079846,-0.5219013133460753
2023,Las Vegas Grand Prix,Race,race,Aston Martin,STR,98.701,25,98.751,18,9,0.05000000000001137,98.9785,0.125,0.125,0.6029761904761906,0.6789321789321789,-0.2745680106068059,0.3245680106068173
2023,Las Vegas Grand Prix,Race,race,Ferrari,LEC,96.687,13,98.751,18,9,2.064000000000007,97.9165,0.875,0.875,0.722577276524645,0.5956709956709957,0.1958228383996559,1.8681771616003513
2023,Las Vegas Grand Prix,Race,race,Ferrari,SAI,99.146,13,98.751,18,9,-0.394999999999996,97.9165,0.875,0.875,0.722577276524645,0.5956709956709957,0.13770117581501623,-0.5327011758150122
2023,Las Vegas Grand Prix,Race,race,Haas F1 Team,HUL,98.762,25,98.751,18,9,-0.01099999999999568,98.7595,0.375,0.375,0.24166666666666664,0.20183982683982685,-0.18641475160805335,0.17541475160805767
2023,Las Vegas Grand Prix,Race,race,Haas F1 Team,MAG,98.757,25,98.751,18,9,-0.006000000000000227,98.7595,0.375,0.375,0.24166666666666664,0.20183982683982685,-0.3934127617582333,0.3874127617582331
2023,Las Vegas Grand Prix,Race,race,Mercedes,HAM,98.117,19,98.751,18,9,0.6340000000000003,97.9855,0.75,0.75,0.6784325396825397,0.6550505050505051,-0.03013038881255811,0.6641303888125585
2023,Las Vegas Grand Prix,Race,race,Mercedes,RUS,97.854,19,98.751,18,9,0.8970000000000056,97.9855,0.75,0.75,0.6784325396825397,0.6550505050505051,-0.09081960026679484,0.9878196002668004
2023,Las Vegas Grand Prix,Race,race,Red Bull Racing,PER,97.706,17,98.751,18,9,1.0450000000000017,96.991,1.0,1.0,0.9392857142857143,0.9545454545454546,0.6328857924494375,0.41211420755056416
2023,Las Vegas Grand Prix,Race,race,Red Bull Racing,VER,96.276,17,98.751,18,9,2.4750000000000085,96.991,1.0,1.0,0.9392857142857143,0.9545454545454546,1.05349042621627,1.4215095737837384
2023,Las Vegas Grand Prix,Race,race,Williams,ALB,98.685,24,98.751,18,9,0.0660000000000025,98.7325,0.5,0.5,0.3049719887955182,0.3107638888888889,0.26859346837757936,-0.20259346837757686
2023,Las Vegas Grand Prix,Race,race,Williams,SAR,98.78,24,98.751,18,9,-0.028999999999996362,98.7325,0.5,0.5,0.3049719887955182,0.3107638888888889,0.01964940890246814,-0.0486494089024645
2023,Mexico City Grand Prix,Qualifying,qualifying,Alfa Romeo,BOT,78.054,3,77.81675,8,4,-0.23725000000000307,78.247,0.0,0.375,0.1803665910808768,0.17857142857142858,0.13799208001694666,-0.3752420800169497
2023,Mexico City Grand Prix,Qualifying,qualifying,Alfa Romeo,ZHO,78.44,3,77.81675,8,4,-0.6232499999999987,78.247,0.0,0.375,0.1803665910808768,0.17857142857142858,-0.13799208001694666,-0.4852579199830521
2023,Mexico City Grand Prix,Qualifying,qualifying,Ferrari,LEC,77.8455,4,77.81675,8,4,-0.028750000000002274,77.86425,0.33333333333333337,1.0,0.722577276524645,0.6189484126984127,0.4980360426406395,-0.5267860426406418
2023,Mexico City Grand Prix,Qualifying,qualifying,Ferrari,SAI,77.88300000000001,4,77.81675,8,4,-0.0662500000000108,77.86425,0.33333333333333337,1.0,0.722577276524645,0.6189484126984127,0.42089768077579187,-0.48714768077580267
2023,Mexico City Grand Prix,Qualifying,qualifying,Mercedes,HAM,77.62950000000001,4,77.81675,8,4,0.1872499999999917,77.65225000000001,0.6666666666666667,0.875,0.6784325396825397,0.662962962962963,0.3949955738094543,-0.20774557380946262
2023,Mexico City Grand Prix,Qualifying,qualifying,Mercedes,RUS,77.67500000000001,4,77.81675,8,4,0.1417499999999876,77.65225000000001,0.6666666666666667,0.875,0.6784325396825397,0.662962962962963,0.45271685282537005,-0.31096685282538244
2023,Mexico City Grand Prix,Qualifying,qualifying,Red Bull Racing,PER,77.788,3,77.81675,8,4,0.028750000000002274,77.537,1.0,,0.9392857142857143,,0.050894241176247655,-0.02214424117624538
2023,Mexico City Grand Prix,Qualifying,qualifying,Red Bull Racing,VER,77.286,3,77.81675,8,4,0.5307499999999976,77.537,1.0,,0.9392857142857143,,0.44653785362151754,0.08421214637848007
2023,Mexico City Grand Prix,Race,race,Alfa Romeo,BOT,84.214,45,84.0655,18,9,-0.14849999999999852,84.309,0.375,0.375,0.1803665910808768,0.17857142857142858,0.10127365318653098,-0.2497736531865295
2023,Mexico City Grand Prix,Race,race,Alfa Romeo,ZHO,84.404,45,84.0655,18,9,-0.33849999999999625,84.309,0.375,0.375,0.1803665910808768,0.17857142857142858,-0.10127365318653098,-0.23722634681346527
2023,Mexico City Grand Prix,Race,race,AlphaTauri,RIC,83.2575,38,84.0655,18,9,0.8080000000000069,83.58725,0.625,0.625,0.25493827160493826,0.21305555555555555,0.04057543152386005,0.7674245684761469
2023,Mexico City Grand Prix,Race,race,AlphaTauri,TSU,83.917,38,84.0655,18,9,0.14849999999999852,83.58725,0.625,0.625,0.25493827160493826,0.21305555555555555,-0.008871756926109803,0.15737175692610833
2023,Mexico City Grand Prix,Race,race,Alpine,GAS,84.38,43,84.0655,18,9,-0.31449999999999534,84.5115,0.25,0.25,0.5074143692564745,0.5131673881673882,0.03412313799982952,-0.34862313799982486
2023,Mexico City Grand Prix,Race,race,Alpine,OCO,84.643,43,84.0655,18,9,-0.5775000000000006,84.5115,0.25,0.25,0.5074143692564745,0.5131673881673882,-0.12843307985374308,-0.4490669201462575
2023,Mexico City Grand Prix,Race,race,Aston Martin,ALO,85.111,29,84.0655,18,9,-1.045500000000004,84.9725,0.125,0.125,0.6029761904761906,0.6327711640211641,0.016901313346079846,-1.062401313346084
2023,Mexico City Grand Prix,Race,race,Aston Martin,STR,84.834,29,84.0655,18,9,-0.7685000000000031,84.9725,0.125,0.125,0.6029761904761906,0.6327711640211641,-0.2745680106068059,-0.49393198939319716
2023,Mexico City Grand Prix,Race,race,Ferrari,LEC,83.07749999999999,50,84.0655,18,9,0.9880000000000138,83.0465,1.0,1.0,0.722577276524645,0.6189484126984127,0.1958228383996559,0.7921771616003579
2023,Mexico City Grand Prix,Race,race,Ferrari,SAI,83.0155,50,84.0655,18,9,1.0499999999999972,83.0465,1.0,1.0,0.722577276524645,0.6189484126984127,0.13770117581501623,0.912298824184981
2023,Mexico City Grand Prix,Race,race,Haas F1 Team,HUL,84.813,25,84.0655,18,9,-0.7475000000000023,85.0065,0.0,0.0,0.24166666666666664,0.21626984126984128,-0.18641475160805335,-0.561085248391949
2023,Mexico City Grand Prix,Race,race,Haas F1 Team,MAG,85.2,25,84.0655,18,9,-1.1345000000000027,85.0065,0.0,0.0,0.24166666666666664,0.21626984126984128,-0.3934127617582333,-0.7410872382417695
2023,Mexico City Grand Prix,Race,race,McLaren,NOR,83.031,38,84.0655,18,9,1.0344999999999942,83.34100000000001,0.75,0.75,0.5456569664902998,0.6024206349206349,0.2594772926936577,0.7750227073063365
2023,Mexico City Grand Prix,Race,race,McLaren,PIA,83.65100000000001,38,84.0655,18,9,0.41449999999998965,83.34100000000001,0.75,0.75,0.5456569664902998,0.6024206349206349,0.12747228817738215,0.2870277118226075
2023,Mexico City Grand Prix,Race,race,Mercedes,HAM,82.831,51,84.0655,18,9,1.234499999999997,83.13300000000001,0.875,0.875,0.6784325396825397,0.662962962962963,-0.03013038881255811,1.2646303888125552
2023,Mexico City Grand Prix,Race,race,Mercedes,RUS,83.435,51,84.0655,18,9,0.6304999999999978,83.13300000000001,0.875,0.875,0.6784325396825397,0.662962962962963,-0.09081960026679484,0.7213196002667926
2023,Mexico City Grand Prix,Race,race,Williams,ALB,83.409,35,84.0655,18,9,0.6564999999999941,83.959,0.5,0.5,0.3049719887955182,0.33179012345679015,0.26859346837757936,0.38790653162241473
2023,Mexico City Grand Prix,Race,race,Williams,SAR,84.509,35,84.0655,18,9,-0.4435000000000002,83.959,0.5,0.5,0.3049719887955182,0.33179012345679015,0.01964940890246814,-0.46314940890246836
2023,Miami Grand Prix,Qualifying,qualifying,Alfa Romeo,BOT,88.058,5,88.36500000000001,18,9,0.30700000000000216,88.3825,0.5,0.11111111111111116,0.1803665910808768,0.1936813186813187,0.13799208001694666,0.1690079199830555
2023,Miami Grand Prix,Qualifying,qualifying,Alfa Romeo,ZHO,88.707,5,88.36500000000001,18,9,-0.34199999999998454,88.3825,0.5,0.11111111111111116,0.1803665910808768,0.1936813186813187,-0.13799208001694666,-0.20400791998303788
2023,Miami Grand Prix,Qualifying,qualifying,AlphaTauri,DEV,89.517,4,88.36500000000001,18,9,-1.1519999999999868,89.256,0.0,0.33333333333333337,0.25493827160493826,0.2505050505050505,-0.26736583657342095,-0.8846341634265659
2023,Miami Grand Prix,Qualifying,qualifying,AlphaTauri,TSU,88.995,4,88.36500000000001,18,9,-0.6299999999999955,89.256,0.0,0.33333333333333337,0.25493827160493826,0.2505050505050505,-0.01826717338177214,-0.6117328266182234
2023,Miami Grand Prix,Qualifying,qualifying,Alpine,GAS,88.061,5,88.36500000000001,18,9,0.30400000000000205,87.9665,0.75,0.5555555555555556,0.5074143692564745,0.4912367724867725,-0.08121862419797127,0.3852186241979733
2023,Miami Grand Prix,Qualifying,qualifying,Alpine,OCO,87.872,5,88.36500000000001,18,9,0.4930000000000092,87.9665,0.75,0.5555555555555556,0.5074143692564745,0.4912367724867725,-0.06464507161486799,0.5576450716148772
2023,Miami Grand Prix,Qualifying,qualifying,Aston Martin,ALO,88.397,3,88.36500000000001,18,9,-0.031999999999996476,88.4825,0.25,0.6666666666666667,0.6029761904761906,0.5937118437118437,0.14345355062000661,-0.1754535506200031
2023,Miami Grand Prix,Qualifying,qualifying,Aston Martin,STR,88.568,3,88.36500000000001,18,9,-0.20299999999998875,88.4825,0.25,0.6666666666666667,0.6029761904761906,0.5937118437118437,-0.11131040426236238,-0.09168959573762636
2023,Miami Grand Prix,Qualifying,qualifying,Ferrari,LEC,87.804,4,88.36500000000001,18,9,0.561000000000007,87.856,0.875,0.8888888888888888,0.722577276524645,0.6482600732600733,0.4980360426406395,0.06296395735936755
2023,Miami Grand Prix,Qualifying,qualifying,Ferrari,SAI,87.908,4,88.36500000000001,18,9,0.45700000000000784,87.856,0.875,0.8888888888888888,0.722577276524645,0.6482600732600733,0.42089768077579187,0.03610231922421597
2023,Miami Grand Prix,Qualifying,qualifying,Haas F1 Team,HUL,88.524,4,88.36500000000001,18,9,-0.15899999999999181,88.457,0.375,0.2222222222222222,0.24166666666666664,0.19963369963369965,-0.46068755930034505,0.30168755930035324
2023,Miami Grand Prix,Qualifying,qualifying,Haas F1 Team,MAG,88.39,4,88.36500000000001,18,9,-0.024999999999991473,88.457,0.375,0.2222222222222222,0.24166666666666664,0.19963369963369965,-0.47901914619435665,0.4540191461943652
2023,Miami Grand Prix,Qualifying,qualifying,Mercedes,HAM,88.34,5,88.36500000000001,18,9,0.025000000000005684,88.2635,0.625,0.7777777777777778,0.6784325396825397,0.6792735042735043,0.3949955738094543,-0.36999557380944864
2023,Miami Grand Prix,Qualifying,qualifying,Mercedes,RUS,88.187,5,88.36500000000001,18,9,0.17800000000001148,88.2635,0.625,0.7777777777777778,0.6784325396825397,0.6792735042735043,0.45271685282537005,-0.27471685282535857
2023,Miami Grand Prix,Qualifying,qualifying,Red Bull Racing,PER,87.559,4,88.36500000000001,18,9,0.8060000000000116,87.39775,1.0,1.0,0.9392857142857143,0.9583333333333334,0.050894241176247655,0.755105758823764
2023,Miami Grand Prix,Qualifying,qualifying,Red Bull Racing,VER,87.2365,4,88.36500000000001,18,9,1.1285000000000025,87.39775,1.0,1.0,0.9392857142857143,0.9583333333333334,0.44653785362151754,0.681962146378485
2023,Miami Grand Prix,Qualifying,qualifying,Williams,ALB,89.326,3,88.36500000000001,18,9,-0.9609999999999843,89.0445,0.125,0.4444444444444444,0.3049719887955182,0.3486111111111111,0.4053446987189551,-1.3663446987189394
2023,Miami Grand Prix,Qualifying,qualifying,Williams,SAR,88.763,3,88.36500000000001,18,9,-0.39799999999999613,89.0445,0.125,0.4444444444444444,0.3049719887955182,0.3486111111111111,0.048932265649148064,-0.4469322656491442
2023,Miami Grand Prix,Race,race,Alfa Romeo,BOT,92.901,35,92.8895,20,10,-0.011499999999998067,93.2195,0.11111111111111116,0.11111111111111116,0.1803665910808768,0.1936813186813187,0.10127365318653098,-0.11277365318652904
2023,Miami Grand Prix,Race,race,Alfa Romeo,ZHO,93.538,35,92.8895,20,10,-0.6484999999999985,93.2195,0.11111111111111116,0.11111111111111116,0.1803665910808768,0.1936813186813187,-0.10127365318653098,-0.5472263468134675
2023,Miami Grand Prix,Race,race,AlphaTauri,DEV,92.94649999999999,40,92.8895,20,10,-0.05699999999998795,92.95724999999999,0.33333333333333337,0.33333333333333337,0.25493827160493826,0.2505050505050505,-0.2349593387079074,0.17795933870791944
2023,Miami Grand Prix,Race,race,AlphaTauri,TSU,92.968,40,92.8895,20,10,-0.07850000000000534,92.95724999999999,0.33333333333333337,0.33333333333333337,0.25493827160493826,0.2505050505050505,-0.008871756926109803,-0.06962824307389553
2023,Miami Grand Prix,Race,race,Alpine,GAS,92.51650000000001,40,92.8895,20,10,0.37299999999999045,92.811,0.5555555555555556,0.5555555555555556,0.5074143692564745,0.4912367724867725,0.03412313799982952,0.3388768620001609
2023,Miami Grand Prix,Race,race,Alpine,OCO,93.1055,40,92.8895,20,10,-0.21600000000000819,92.811,0.5555555555555556,0.5555555555555556,0.5074143692564745,0.4912367724867725,-0.12843307985374308,-0.0875669201462651
2023,Miami Grand Prix,Race,race,Aston Martin,ALO,91.89500000000001,36,92.8895,20,10,0.994499999999988,92.613,0.6666666666666667,0.6666666666666667,0.6029761904761906,0.5937118437118437,0.016901313346079846,0.9775986866539081
2023,Miami Grand Prix,Race,race,Aston Martin,STR,93.33099999999999,36,92.8895,20,10,-0.4414999999999907,92.613,0.6666666666666667,0.6666666666666667,0.6029761904761906,0.5937118437118437,-0.2745680106068059,-0.16693198939318477
2023,Miami Grand Prix,Race,race,Ferrari,LEC,92.4815,42,92.8895,20,10,0.40800000000000125,92.4075,0.8888888888888888,0.8888888888888888,0.722577276524645,0.6482600732600733,0.1958228383996559,0.21217716160034536
2023,Miami Grand Prix,Race,race,Ferrari,SAI,92.3335,42,92.8895,20,10,0.5559999999999974,92.4075,0.8888888888888888,0.8888888888888888,0.722577276524645,0.6482600732600733,0.13770117581501623,0.41829882418498116
2023,Miami Grand Prix,Race,race,Haas F1 Team,HUL,93.081,33,92.8895,20,10,-0.1915000000000049,92.9675,0.2222222222222222,0.2222222222222222,0.24166666666666664,0.19963369963369965,-0.18641475160805335,-0.005085248391951541
2023,Miami Grand Prix,Race,race,Haas F1 Team,MAG,92.854,33,92.8895,20,10,0.03549999999999898,92.9675,0.2222222222222222,0.2222222222222222,0.24166666666666664,0.19963369963369965,-0.3934127617582333,0.4289127617582323
2023,Miami Grand Prix,Race,race,McLaren,NOR,93.078,40,92.8895,20,10,-0.18850000000000477,93.232,0.0,0.0,0.5456569664902998,0.6158369408369408,0.2594772926936577,-0.4479772926936625
2023,Miami Grand Prix,Race,race,McLaren,PIA,93.386,40,92.8895,20,10,-0.4964999999999975,93.232,0.0,0.0,0.5456569664902998,0.6158369408369408,0.12747228817738215,-0.6239722881773797
2023,Miami Grand Prix,Race,race,Mercedes,HAM,92.878,45,92.8895,20,10,0.011499999999998067,92.5675,0.7777777777777778,0.7777777777777778,0.6784325396825397,0.6792735042735043,-0.03013038881255811,0.04163038881255618
2023,Miami Grand Prix,Race,race,Mercedes,RUS,92.257,45,92.8895,20,10,0.6324999999999932,92.5675,0.7777777777777778,0.7777777777777778,0.6784325396825397,0.6792735042735043,-0.09081960026679484,0.723319600266788
2023,Miami Grand Prix,Race,race,Red Bull Racing,PER,91.498,39,92.8895,20,10,1.3914999999999935,91.7085,1.0,1.0,0.9392857142857143,0.9583333333333334,0.6328857924494375,0.758614207550556
2023,Miami Grand Prix,Race,race,Red Bull Racing,VER,91.919,39,92.8895,20,10,0.9705000000000013,91.7085,1.0,1.0,0.9392857142857143,0.9583333333333334,1.05349042621627,-0.08299042621626884
2023,Miami Grand Prix,Race,race,Williams,ALB,92.3805,28,92.8895,20,10,0.5090000000000003,92.955,0.4444444444444444,0.4444444444444444,0.3049719887955182,0.3486111111111111,0.26859346837757936,0.24040653162242098
2023,Miami Grand Prix,Race,race,Williams,SAR,93.5295,28,92.8895,20,10,-0.6400000000000006,92.955,0.4444444444444444,0.4444444444444444,0.3049719887955182,0.3486111111111111,0.01964940890246814,-0.6596494089024687
2023,Monaco Grand Prix,Qualifying,qualifying,Alfa Romeo,BOT,73.46600000000001,4,72.988,16,8,-0.47800000000000864,73.61975000000001,0.1428571428571429,0.2222222222222222,0.1803665910808768,0.18778344671201813,0.13799208001694666,-0.6159920800169553
2023,Monaco Grand Prix,Qualifying,qualifying,Alfa Romeo,ZHO,73.7735,4,72.988,16,8,-0.785499999999999,73.61975000000001,0.1428571428571429,0.2222222222222222,0.1803665910808768,0.18778344671201813,-0.13799208001694666,-0.6475079199830523
2023,Monaco Grand Prix,Qualifying,qualifying,AlphaTauri,DEV,73.4665,6,72.988,16,8,-0.4784999999999968,73.52,0.2857142857142857,0.33333333333333337,0.25493827160493826,0.2574074074074074,-0.26736583657342095,-0.21113416342657587
2023,Monaco Grand Prix,Qualifying,qualifying,AlphaTauri,TSU,73.5735,6,72.988,16,8,-0.5854999999999961,73.52,0.2857142857142857,0.33333333333333337,0.25493827160493826,0.2574074074074074,-0.01826717338177214,-0.567232826618224
2023,Monaco Grand Prix,Qualifying,qualifying,Alpine,GAS,72.2105,4,72.988,16,8,0.7775000000000034,72.2255,0.8571428571428572,0.5555555555555556,0.5074143692564745,0.49618437118437114,-0.08121862419797127,0.8587186241979747
2023,Monaco Grand Prix,Qualifying,qualifying,Alpine,OCO,72.2405,4,72.988,16,8,0.7475000000000023,72.2255,0.8571428571428572,0.5555555555555556,0.5074143692564745,0.49618437118437114,-0.06464507161486799,0.8121450716148703
2023,Monaco Grand Prix,Qualifying,qualifying,Aston Martin,ALO,72.886,5,72.988,16,8,0.10200000000000387,72.988,0.5714285714285714,0.7777777777777778,0.6029761904761906,0.598922902494331,0.14345355062000661,-0.04145355062000275
2023,Monaco Grand Prix,Qualifying,qualifying,Aston Martin,STR,73.09,5,72.988,16,8,-0.10200000000000387,72.988,0.5714285714285714,0.7777777777777778,0.6029761904761906,0.598922902494331,-0.11131040426236238,0.009310404262358518
2023,Monaco Grand Prix,Qualifying,qualifying,Ferrari,LEC,72.103,5,72.988,16,8,0.8850000000000051,72.1565,1.0,0.8888888888888888,0.722577276524645,0.6654478458049887,0.4980360426406395,0.3869639573593656
2023,Monaco Grand Prix,Qualifying,qualifying,Ferrari,SAI,72.21,5,72.988,16,8,0.7780000000000058,72.1565,1.0,0.8888888888888888,0.722577276524645,0.6654478458049887,0.42089768077579187,0.3571023192242139
2023,Monaco Grand Prix,Qualifying,qualifying,McLaren,NOR,72.8845,6,72.988,16,8,0.10349999999999682,73.023,0.4285714285714286,0.0,0.5456569664902998,0.5645171957671958,0.12450891586109554,-0.021008915861098723
2023,Monaco Grand Prix,Qualifying,qualifying,McLaren,PIA,73.16149999999999,6,72.988,16,8,-0.17349999999999,73.023,0.4285714285714286,0.0,0.5456569664902998,0.5645171957671958,0.03443707754662947,-0.20793707754661947
2023,Monaco Grand Prix,Qualifying,qualifying,Mercedes,HAM,72.438,5,72.988,16,8,0.5499999999999972,72.2945,0.7142857142857143,0.6666666666666667,0.6784325396825397,0.6863095238095237,0.3949955738094543,0.15500442619054283
2023,Monaco Grand Prix,Qualifying,qualifying,Mercedes,RUS,72.151,5,72.988,16,8,0.8370000000000033,72.2945,0.7142857142857143,0.6666666666666667,0.6784325396825397,0.6863095238095237,0.45271685282537005,0.38428314717463324
2023,Monaco Grand Prix,Qualifying,qualifying,Williams,ALB,73.3365,4,72.988,16,8,-0.34850000000000136,73.794,0.0,0.11111111111111116,0.3049719887955182,0.3573232323232323,0.4053446987189551,-0.7538446987189564
2023,Monaco Grand Prix,Qualifying,qualifying,Williams,SAR,74.2515,4,72.988,16,8,-1.2634999999999934,73.794,0.0,0.11111111111111116,0.3049719887955182,0.3573232323232323,0.048932265649148064,-1.3124322656491414
2023,Monaco Grand Prix,Race,race,Alfa Romeo,BOT,79.166,46,78.80600000000001,20,10,-0.3599999999999852,78.95375,0.2222222222222222,0.2222222222222222,0.1803665910808768,0.18778344671201813,0.10127365318653098,-0.4612736531865162
2023,Monaco Grand Prix,Race,race,Alfa Romeo,ZHO,78.7415,46,78.80600000000001,20,10,0.06450000000000955,78.95375,0.2222222222222222,0.2222222222222222,0.1803665910808768,0.18778344671201813,-0.10127365318653098,0.16577365318654053
2023,Monaco Grand Prix,Race,race,AlphaTauri,DEV,79.267,53,78.80600000000001,20,10,-0.4609999999999843,78.917,0.33333333333333337,0.33333333333333337,0.25493827160493826,0.2574074074074074,-0.2349593387079074,-0.22604066129207692
2023,Monaco Grand Prix,Race,race,AlphaTauri,TSU,78.567,53,78.80600000000001,20,10,0.23900000000001853,78.917,0.33333333333333337,0.33333333333333337,0.25493827160493826,0.2574074074074074,-0.008871756926109803,0.24787175692612834
2023,Monaco Grand Prix,Race,race,Alpine,GAS,78.842,21,78.80600000000001,20,10,-0.03599999999998715,78.339,0.5555555555555556,0.5555555555555556,0.5074143692564745,0.49618437118437114,0.03412313799982952,-0.07012313799981668
2023,Monaco Grand Prix,Race,race,Alpine,OCO,77.836,21,78.80600000000001,20,10,0.9700000000000131,78.339,0.5555555555555556,0.5555555555555556,0.5074143692564745,0.49618437118437114,-0.12843307985374308,1.098433079853756
2023,Monaco Grand Prix,Race,race,Aston Martin,ALO,77.391,41,78.80600000000001,20,10,1.4150000000000063,78.1445,0.7777777777777778,0.7777777777777778,0.6029761904761906,0.598922902494331,0.016901313346079846,1.3980986866539264
2023,Monaco Grand Prix,Race,race,Aston Martin,STR,78.898,41,78.80600000000001,20,10,-0.09199999999998454,78.1445,0.7777777777777778,0.7777777777777778,0.6029761904761906,0.598922902494331,-0.2745680106068059,0.18256801060682137
2023,Monaco Grand Prix,Race,race,Ferrari,LEC,78.19,41,78.80600000000001,20,10,0.6160000000000139,78.0985,0.8888888888888888,0.8888888888888888,0.722577276524645,0.6654478458049887,0.1958228383996559,0.420177161600358
2023,Monaco Grand Prix,Race,race,Ferrari,SAI,78.007,41,78.80600000000001,20,10,0.7990000000000066,78.0985,0.8888888888888888,0.8888888888888888,0.722577276524645,0.6654478458049887,0.13770117581501623,0.6612988241849904
2023,Monaco Grand Prix,Race,race,Haas F1 Team,HUL,78.77000000000001,46,78.80600000000001,20,10,0.036000000000001364,78.87225000000001,0.4444444444444444,0.4444444444444444,0.24166666666666664,0.20124716553287983,-0.18641475160805335,0.2224147516080547
2023,Monaco Grand Prix,Race,race,Haas F1 Team,MAG,78.9745,46,78.80600000000001,20,10,-0.16849999999999454,78.87225000000001,0.4444444444444444,0.4444444444444444,0.24166666666666664,0.20124716553287983,-0.3934127617582333,0.22491276175823877
2023,Monaco Grand Prix,Race,race,McLaren,NOR,85.959,9,78.80600000000001,20,10,-7.152999999999992,86.701,0.0,0.0,0.5456569664902998,0.5645171957671958,0.2594772926936577,-7.41247729269365
2023,Monaco Grand Prix,Race,race,McLaren,PIA,87.443,9,78.80600000000001,20,10,-8.636999999999986,86.701,0.0,0.0,0.5456569664902998,0.5645171957671958,0.12747228817738215,-8.764472288177368
2023,Monaco Grand Prix,Race,race,Mercedes,HAM,77.4905,24,78.80600000000001,20,10,1.3155000000000143,78.229,0.6666666666666667,0.6666666666666667,0.6784325396825397,0.6863095238095237,-0.03013038881255811,1.3456303888125725
2023,Monaco Grand Prix,Race,race,Mercedes,RUS,78.9675,24,78.80600000000001,20,10,-0.16149999999998954,78.229,0.6666666666666667,0.6666666666666667,0.6784325396825397,0.6863095238095237,-0.09081960026679484,-0.0706803997331947
2023,Monaco Grand Prix,Race,race,Red Bull Racing,PER,77.128,11,78.80600000000001,20,10,1.6780000000000115,77.3805,1.0,1.0,0.9392857142857143,0.9615384615384616,0.6328857924494375,1.045114207550574
2023,Monaco Grand Prix,Race,race,Red Bull Racing,VER,77.633,11,78.80600000000001,20,10,1.173000000000016,77.3805,1.0,1.0,0.9392857142857143,0.9615384615384616,1.05349042621627,0.11950957378374594
2023,Monaco Grand Prix,Race,race,Williams,ALB,80.443,19,78.80600000000001,20,10,-1.6369999999999862,80.3615,0.11111111111111116,0.11111111111111116,0.3049719887955182,0.3573232323232323,0.26859346837757936,-1.9055934683775657
2023,Monaco Grand Prix,Race,race,Williams,SAR,80.28,19,78.80600000000001,20,10,-1.4739999999999895,80.3615,0.11111111111111116,0.11111111111111116,0.3049719887955182,0.3573232323232323,0.01964940890246814,-1.4936494089024577
2023,Qatar Grand Prix,Qualifying,qualifying,Alfa Romeo,BOT,86.112,3,85.7465,18,9,-0.36549999999999727,87.338,0.0,0.4285714285714286,0.1803665910808768,0.1900793650793651,0.13799208001694666,-0.5034920800169439
2023,Qatar Grand Prix,Qualifying,qualifying,Alfa Romeo,ZHO,88.564,3,85.7465,18,9,-2.8174999999999955,87.338,0.0,0.4285714285714286,0.1803665910808768,0.1900793650793651,-0.13799208001694666,-2.679507919983049
2023,Qatar Grand Prix,Qualifying,qualifying,AlphaTauri,LAW,87.303,4,85.7465,18,9,-1.5564999999999998,86.99925,0.125,0.0,0.25493827160493826,0.26324786324786326,-0.24819032494534726,-1.3083096750546526
2023,Qatar Grand Prix,Qualifying,qualifying,AlphaTauri,TSU,86.69550000000001,4,85.7465,18,9,-0.9490000000000123,86.99925,0.125,0.0,0.25493827160493826,0.26324786324786326,-0.01826717338177214,-0.9307328266182402
2023,Qatar Grand Prix,Qualifying,qualifying,Alpine,GAS,85.06800000000001,4,85.7465,18,9,0.6784999999999854,85.2145,0.75,0.5714285714285714,0.5074143692564745,0.5004251700680272,-0.08121862419797127,0.7597186241979568
2023,Qatar Grand Prix,Qualifying,qualifying,Alpine,OCO,85.36099999999999,4,85.7465,18,9,0.3855000000000075,85.2145,0.75,0.5714285714285714,0.5074143692564745,0.5004251700680272,-0.06464507161486799,0.4501450716148755
2023,Qatar Grand Prix,Qualifying,qualifying,Aston Martin,ALO,85.685,3,85.7465,18,9,0.061499999999995225,86.486,0.375,0.7142857142857143,0.6029761904761906,0.6108465608465609,0.14345355062000661,-0.08195355062001139
2023,Qatar Grand Prix,Qualifying,qualifying,Aston Martin,STR,87.287,3,85.7465,18,9,-1.5405000000000086,86.486,0.375,0.7142857142857143,0.6029761904761906,0.6108465608465609,-0.11131040426236238,-1.4291895957376464
2023,Qatar Grand Prix,Qualifying,qualifying,Ferrari,LEC,85.452,5,85.7465,18,9,0.2944999999999993,85.63,0.5,,0.722577276524645,,0.4980360426406395,-0.20353604264064018
2023,Qatar Grand Prix,Qualifying,qualifying,Ferrari,SAI,85.808,5,85.7465,18,9,-0.061500000000009436,85.63,0.5,,0.722577276524645,,0.42089768077579187,-0.4823976807758013
2023,Qatar Grand Prix,Qualifying,qualifying,McLaren,NOR,84.3865,4,85.7465,18,9,1.3599999999999994,84.50925000000001,1.0,1.0,0.5456569664902998,0.5210927960927961,0.12450891586109554,1.235491084138904
2023,Qatar Grand Prix,Qualifying,qualifying,McLaren,PIA,84.632,4,85.7465,18,9,1.1144999999999925,84.50925000000001,1.0,1.0,0.5456569664902998,0.5210927960927961,0.03443707754662947,1.080062922453363
2023,Qatar Grand Prix,Qualifying,qualifying,Mercedes,HAM,84.381,3,85.7465,18,9,1.3654999999999973,84.604,0.875,,0.6784325396825397,,0.3949955738094543,0.9705044261905429
2023,Qatar Grand Prix,Qualifying,qualifying,Mercedes,RUS,84.827,3,85.7465,18,9,0.9194999999999993,84.604,0.875,,0.6784325396825397,,0.45271685282537005,0.46678314717462926
2023,Qatar Grand Prix,Qualifying,qualifying,Red Bull Racing,PER,85.991,5,85.7465,18,9,-0.24450000000000216,85.499,0.625,0.8571428571428572,0.9392857142857143,0.9642857142857143,0.050894241176247655,-0.2953942411762498
2023,Qatar Grand Prix,Qualifying,qualifying,Red Bull Racing,VER,85.007,5,85.7465,18,9,0.7394999999999925,85.499,0.625,0.8571428571428572,0.9392857142857143,0.9642857142857143,0.44653785362151754,0.29296214637847495
2023,Qatar Grand Prix,Qualifying,qualifying,Williams,ALB,86.6385,4,85.7465,18,9,-0.8919999999999959,86.63374999999999,0.25,0.1428571428571429,0.3049719887955182,0.3368055555555556,0.4053446987189551,-1.297344698718951
2023,Qatar Grand Prix,Qualifying,qualifying,Williams,SAR,86.62899999999999,4,85.7465,18,9,-0.8824999999999932,86.63374999999999,0.25,0.1428571428571429,0.3049719887955182,0.3368055555555556,0.048932265649148064,-0.9314322656491413
2023,Qatar Grand Prix,Race,race,Alfa Romeo,BOT,88.235,29,88.36625,16,8,0.13124999999999432,88.405,0.4285714285714286,0.4285714285714286,0.1803665910808768,0.1900793650793651,0.10127365318653098,0.02997634681346334
2023,Qatar Grand Prix,Race,race,Alfa Romeo,ZHO,88.575,29,88.36625,16,8,-0.2087500000000091,88.405,0.4285714285714286,0.4285714285714286,0.1803665910808768,0.1900793650793651,-0.10127365318653098,-0.10747634681347812
2023,Qatar Grand Prix,Race,race,AlphaTauri,LAW,89.789,30,88.36625,16,8,-1.4227500000000077,89.19725,0.0,0.0,0.25493827160493826,0.26324786324786326,-0.0020845522345543707,-1.4206654477654534
2023,Qatar Grand Prix,Race,race,AlphaTauri,TSU,88.6055,30,88.36625,16,8,-0.23925000000001262,89.19725,0.0,0.0,0.25493827160493826,0.26324786324786326,-0.008871756926109803,-0.2303782430739028
2023,Qatar Grand Prix,Race,race,Alpine,GAS,88.3415,32,88.36625,16,8,0.024749999999997385,88.36625,0.5714285714285714,0.5714285714285714,0.5074143692564745,0.5004251700680272,0.03412313799982952,-0.009373137999832137
2023,Qatar Grand Prix,Race,race,Alpine,OCO,88.39099999999999,32,88.36625,16,8,-0.024749999999997385,88.36625,0.5714285714285714,0.5714285714285714,0.5074143692564745,0.5004251700680272,-0.12843307985374308,0.1036830798537457
2023,Qatar Grand Prix,Race,race,Aston Martin,ALO,87.906,27,88.36625,16,8,0.46024999999998784,88.1615,0.7142857142857143,0.7142857142857143,0.6029761904761906,0.6108465608465609,0.016901313346079846,0.443348686653908
2023,Qatar Grand Prix,Race,race,Aston Martin,STR,88.417,27,88.36625,16,8,-0.050750000000007844,88.1615,0.7142857142857143,0.7142857142857143,0.6029761904761906,0.6108465608465609,-0.2745680106068059,0.22381801060679807
2023,Qatar Grand Prix,Race,race,Haas F1 Team,HUL,88.394,26,88.36625,16,8,-0.02775000000001171,88.5545,0.2857142857142857,0.2857142857142857,0.24166666666666664,0.21746031746031746,-0.18641475160805335,0.15866475160804164
2023,Qatar Grand Prix,Race,race,Haas F1 Team,MAG,88.715,26,88.36625,16,8,-0.34875000000000966,88.5545,0.2857142857142857,0.2857142857142857,0.24166666666666664,0.21746031746031746,-0.3934127617582333,0.044662761758223646
2023,Qatar Grand Prix,Race,race,McLaren,NOR,87.1465,34,88.36625,16,8,1.2197499999999906,86.97125,1.0,1.0,0.5456569664902998,0.5210927960927961,0.2594772926936577,0.9602727073063329
2023,Qatar Grand Prix,Race,race,McLaren,PIA,86.796,34,88.36625,16,8,1.5702499999999873,86.97125,1.0,1.0,0.5456569664902998,0.5210927960927961,0.12747228817738215,1.442777711822605
2023,Qatar Grand Prix,Race,race,Red Bull Racing,PER,87.9885,30,88.36625,16,8,0.3777499999999918,87.88,0.8571428571428572,0.8571428571428572,0.9392857142857143,0.9642857142857143,0.6328857924494375,-0.25513579244944573
2023,Qatar Grand Prix,Race,race,Red Bull Racing,VER,87.7715,30,88.36625,16,8,0.5947499999999906,87.88,0.8571428571428572,0.8571428571428572,0.9392857142857143,0.9642857142857143,1.05349042621627,-0.45874042621627953
2023,Qatar Grand Prix,Race,race,Williams,ALB,88.3155,22,88.36625,16,8,0.050749999999993634,88.84275,0.1428571428571429,0.1428571428571429,0.3049719887955182,0.3368055555555556,0.26859346837757936,-0.21784346837758573
2023,Qatar Grand Prix,Race,race,Williams,SAR,89.37,22,88.36625,16,8,-1.0037500000000108,88.84275,0.1428571428571429,0.1428571428571429,0.3049719887955182,0.3368055555555556,0.01964940890246814,-1.023399408902479
2023,Saudi Arabian Grand Prix,Qualifying,qualifying,Alfa Romeo,BOT,89.988,3,89.3295,12,6,-0.6585000000000036,89.975,0.0,0.11111111111111116,0.1803665910808768,0.20498511904761907,0.13799208001694666,-0.7964920800169503
2023,Saudi Arabian Grand Prix,Qualifying,qualifying,Alfa Romeo,ZHO,89.962,3,89.3295,12,6,-0.6325000000000074,89.975,0.0,0.11111111111111116,0.1803665910808768,0.20498511904761907,-0.13799208001694666,-0.49450791998306076
2023,Saudi Arabian Grand Prix,Qualifying,qualifying,Alpine,GAS,89.411,3,89.3295,12,6,-0.08150000000000546,89.348,0.4,0.7777777777777778,0.5074143692564745,0.5051587301587301,-0.08121862419797127,-0.00028137580203418944
2023,Saudi Arabian Grand Prix,Qualifying,qualifying,Alpine,OCO,89.285,3,89.3295,12,6,0.04449999999999932,89.348,0.4,0.7777777777777778,0.5074143692564745,0.5051587301587301,-0.06464507161486799,0.1091450716148673
2023,Saudi Arabian Grand Prix,Qualifying,qualifying,Aston Martin,ALO,88.757,3,89.3295,12,6,0.5724999999999909,88.887,1.0,0.5555555555555556,0.6029761904761906,0.6173115079365079,0.14345355062000661,0.42904644937998426
2023,Saudi Arabian Grand Prix,Qualifying,qualifying,Aston Martin,STR,89.017,3,89.3295,12,6,0.3125,88.887,1.0,0.5555555555555556,0.6029761904761906,0.6173115079365079,-0.11131040426236238,0.4238104042623624
2023,Saudi Arabian Grand Prix,Qualifying,qualifying,Ferrari,LEC,88.83000000000001,4,89.3295,12,6,0.4994999999999834,88.98475,0.8,0.8888888888888888,0.722577276524645,0.6803439153439154,0.4980360426406395,0.0014639573593439037
2023,Saudi Arabian Grand Prix,Qualifying,qualifying,Ferrari,SAI,89.1395,4,89.3295,12,6,0.18999999999999773,88.98475,0.8,0.8888888888888888,0.722577276524645,0.6803439153439154,0.42089768077579187,-0.23089768077579415
2023,Saudi Arabian Grand Prix,Qualifying,qualifying,Haas F1 Team,HUL,89.6275,4,89.3295,12,6,-0.2980000000000018,89.69024999999999,0.19999999999999996,0.4444444444444444,0.24166666666666664,0.22172619047619047,-0.46068755930034505,0.16268755930034323
2023,Saudi Arabian Grand Prix,Qualifying,qualifying,Haas F1 Team,MAG,89.753,4,89.3295,12,6,-0.4235000000000042,89.69024999999999,0.19999999999999996,0.4444444444444444,0.24166666666666664,0.22172619047619047,-0.47901914619435665,0.05551914619435244
2023,Saudi Arabian Grand Prix,Qualifying,qualifying,Mercedes,HAM,89.374,5,89.3295,12,6,-0.04449999999999932,89.253,0.6,0.6666666666666667,0.6784325396825397,0.685,0.3949955738094543,-0.43949557380945364
2023,Saudi Arabian Grand Prix,Qualifying,qualifying,Mercedes,RUS,89.132,5,89.3295,12,6,0.1974999999999909,89.253,0.6,0.6666666666666667,0.6784325396825397,0.685,0.45271685282537005,-0.25521685282537915
2023,Saudi Arabian Grand Prix,Race,race,Alfa Romeo,BOT,96.24350000000001,18,95.07050000000001,20,10,-1.1730000000000018,95.99375,0.11111111111111116,0.11111111111111116,0.1803665910808768,0.20498511904761907,0.10127365318653098,-1.2742736531865329
2023,Saudi Arabian Grand Prix,Race,race,Alfa Romeo,ZHO,95.744,18,95.07050000000001,20,10,-0.67349999999999,95.99375,0.11111111111111116,0.11111111111111116,0.1803665910808768,0.20498511904761907,-0.10127365318653098,-0.572226346813459
2023,Saudi Arabian Grand Prix,Race,race,AlphaTauri,DEV,95.759,37,95.07050000000001,20,10,-0.6884999999999906,95.436,0.33333333333333337,0.33333333333333337,0.25493827160493826,0.24444444444444446,-0.2349593387079074,-0.45354066129208315
2023,Saudi Arabian Grand Prix,Race,race,AlphaTauri,TSU,95.113,37,95.07050000000001,20,10,-0.04249999999998977,95.436,0.33333333333333337,0.33333333333333337,0.25493827160493826,0.24444444444444446,-0.008871756926109803,-0.03362824307387997
2023,Saudi Arabian Grand Prix,Race,race,Alpine,GAS,94.626,33,95.07050000000001,20,10,0.444500000000005,94.6175,0.7777777777777778,0.7777777777777778,0.5074143692564745,0.5051587301587301,0.03412313799982952,0.4103768620001755
2023,Saudi Arabian Grand Prix,Race,race,Alpine,OCO,94.609,33,95.07050000000001,20,10,0.4615000000000151,94.6175,0.7777777777777778,0.7777777777777778,0.5074143692564745,0.5051587301587301,-0.12843307985374308,0.5899330798537582
2023,Saudi Arabian Grand Prix,Race,race,Aston Martin,ALO,94.7465,8,95.07050000000001,20,10,0.3240000000000123,95.119,0.5555555555555556,0.5555555555555556,0.6029761904761906,0.6173115079365079,0.016901313346079846,0.3070986866539324
2023,Saudi Arabian Grand Prix,Race,race,Aston Martin,STR,95.4915,8,95.07050000000001,20,10,-0.42099999999999227,95.119,0.5555555555555556,0.5555555555555556,0.6029761904761906,0.6173115079365079,-0.2745680106068059,-0.14643198939318636
2023,Saudi Arabian Grand Prix,Race,race,Ferrari,LEC,93.813,26,95.07050000000001,20,10,1.2575000000000074,93.83725000000001,0.8888888888888888,0.8888888888888888,0.722577276524645,0.6803439153439154,0.1958228383996559,1.0616771616003515
2023,Saudi Arabian Grand Prix,Race,race,Ferrari,SAI,93.8615,26,95.07050000000001,20,10,1.2090000000000032,93.83725000000001,0.8888888888888888,0.8888888888888888,0.722577276524645,0.6803439153439154,0.13770117581501623,1.071298824184987
2023,Saudi Arabian Grand Prix,Race,race,Haas F1 Team,HUL,95.028,31,95.07050000000001,20,10,0.04250000000000398,95.15350000000001,0.4444444444444444,0.4444444444444444,0.24166666666666664,0.22172619047619047,-0.18641475160805335,0.22891475160805733
2023,Saudi Arabian Grand Prix,Race,race,Haas F1 Team,MAG,95.279,31,95.07050000000001,20,10,-0.20849999999998658,95.15350000000001,0.4444444444444444,0.4444444444444444,0.24166666666666664,0.22172619047619047,-0.3934127617582333,0.18491276175824672
2023,Saudi Arabian Grand Prix,Race,race,McLaren,NOR,96.12049999999999,12,95.07050000000001,20,10,-1.049999999999983,95.98049999999999,0.2222222222222222,0.2222222222222222,0.5456569664902998,0.5553004535147392,0.2594772926936577,-1.3094772926936407
2023,Saudi Arabian Grand Prix,Race,race,McLaren,PIA,95.84049999999999,12,95.07050000000001,20,10,-0.7699999999999818,95.98049999999999,0.2222222222222222,0.2222222222222222,0.5456569664902998,0.5553004535147392,0.12747228817738215,-0.897472288177364
2023,Saudi Arabian Grand Prix,Race,race,Mercedes,HAM,94.7245,20,95.07050000000001,20,10,0.34600000000000364,94.83375000000001,0.6666666666666667,0.6666666666666667,0.6784325396825397,0.685,-0.03013038881255811,0.3761303888125617
2023,Saudi Arabian Grand Prix,Race,race,Mercedes,RUS,94.943,20,95.07050000000001,20,10,0.12750000000001194,94.83375000000001,0.6666666666666667,0.6666666666666667,0.6784325396825397,0.685,-0.09081960026679484,0.21831960026680677
2023,Saudi Arabian Grand Prix,Race,race,Red Bull Racing,PER,93.0485,40,95.07050000000001,20,10,2.0220000000000056,93.047,1.0,1.0,0.9392857142857143,0.9571428571428572,0.6328857924494375,1.389114207550568
2023,Saudi Arabian Grand Prix,Race,race,Red Bull Racing,VER,93.0455,40,95.07050000000001,20,10,2.0250000000000057,93.047,1.0,1.0,0.9392857142857143,0.9571428571428572,1.05349042621627,0.9715095737837356
2023,Saudi Arabian Grand Prix,Race,race,Williams,ALB,96.622,15,95.07050000000001,20,10,-1.55149999999999,96.113,0.0,0.0,0.3049719887955182,0.32188644688644685,0.26859346837757936,-1.8200934683775696
2023,Saudi Arabian Grand Prix,Race,race,Williams,SAR,95.604,15,95.07050000000001,20,10,-0.5334999999999894,96.113,0.0,0.0,0.3049719887955182,0.32188644688644685,0.01964940890246814,-0.5531494089024576
2023,Singapore Grand Prix,Qualifying,qualifying,Alfa Romeo,BOT,93.653,3,92.32900000000001,12,6,-1.323999999999998,93.73400000000001,0.0,0.1428571428571429,0.1803665910808768,0.19946311858076562,0.13799208001694666,-1.4619920800169448
2023,Singapore Grand Prix,Qualifying,qualifying,Alfa Romeo,ZHO,93.815,3,92.32900000000001,12,6,-1.48599999999999,93.73400000000001,0.0,0.1428571428571429,0.1803665910808768,0.19946311858076562,-0.13799208001694666,-1.3480079199830433
2023,Singapore Grand Prix,Qualifying,qualifying,Alpine,GAS,92.452,3,92.32900000000001,12,6,-0.12299999999999045,92.4105,0.19999999999999996,0.2857142857142857,0.5074143692564745,0.5221974206349206,-0.08121862419797127,-0.04178137580201918
2023,Singapore Grand Prix,Qualifying,qualifying,Alpine,OCO,92.369,3,92.32900000000001,12,6,-0.03999999999999204,92.4105,0.19999999999999996,0.2857142857142857,0.5074143692564745,0.5221974206349206,-0.06464507161486799,0.024645071614875946
2023,Singapore Grand Prix,Qualifying,qualifying,Ferrari,LEC,91.421,3,92.32900000000001,12,6,0.9080000000000013,91.2955,1.0,1.0,0.722577276524645,0.6933779761904761,0.4980360426406395,0.40996395735936175
2023,Singapore Grand Prix,Qualifying,qualifying,Ferrari,SAI,91.17,3,92.32900000000001,12,6,1.159000000000006,91.2955,1.0,1.0,0.722577276524645,0.6933779761904761,0.42089768077579187,0.7381023192242142
2023,Singapore Grand Prix,Qualifying,qualifying,Haas F1 Team,HUL,92.348,3,92.32900000000001,12,6,-0.018999999999991246,92.259,0.6,0.0,0.24166666666666664,0.23482726423902894,-0.46068755930034505,0.4416875593003538
2023,Singapore Grand Prix,Qualifying,qualifying,Haas F1 Team,MAG,92.17,3,92.32900000000001,12,6,0.15900000000000603,92.259,0.6,0.0,0.24166666666666664,0.23482726423902894,-0.47901914619435665,0.6380191461943627
2023,Singapore Grand Prix,Qualifying,qualifying,Mercedes,HAM,91.91,3,92.32900000000001,12,6,0.41900000000001114,91.8265,0.8,0.8571428571428572,0.6784325396825397,0.6838541666666667,0.3949955738094543,0.024004426190556816
2023,Singapore Grand Prix,Qualifying,qualifying,Mercedes,RUS,91.743,3,92.32900000000001,12,6,0.5860000000000127,91.8265,0.8,0.8571428571428572,0.6784325396825397,0.6838541666666667,0.45271685282537005,0.13328314717464268
2023,Singapore Grand Prix,Qualifying,qualifying,Red Bull Racing,PER,92.31,3,92.32900000000001,12,6,0.019000000000005457,92.354,0.4,0.4285714285714286,0.9392857142857143,0.9598214285714286,0.050894241176247655,-0.0318942411762422
2023,Singapore Grand Prix,Qualifying,qualifying,Red Bull Racing,VER,92.398,3,92.32900000000001,12,6,-0.0689999999999884,92.354,0.4,0.4285714285714286,0.9392857142857143,0.9598214285714286,0.44653785362151754,-0.515537853621506
2023,Singapore Grand Prix,Race,race,Alfa Romeo,BOT,101.1285,18,100.45750000000001,16,8,-0.6709999999999923,100.84450000000001,0.1428571428571429,0.1428571428571429,0.1803665910808768,0.19946311858076562,0.10127365318653098,-0.7722736531865233
2023,Singapore Grand Prix,Race,race,Alfa Romeo,ZHO,100.5605,18,100.45750000000001,16,8,-0.10299999999999443,100.84450000000001,0.1428571428571429,0.1428571428571429,0.1803665910808768,0.19946311858076562,-0.10127365318653098,-0.001726346813463453
2023,Singapore Grand Prix,Race,race,Alpine,GAS,100.677,29,100.45750000000001,16,8,-0.21949999999999648,100.53200000000001,0.2857142857142857,0.2857142857142857,0.5074143692564745,0.5221974206349206,0.03412313799982952,-0.253623137999826
2023,Singapore Grand Prix,Race,race,Alpine,OCO,100.387,29,100.45750000000001,16,8,0.07050000000000978,100.53200000000001,0.2857142857142857,0.2857142857142857,0.5074143692564745,0.5221974206349206,-0.12843307985374308,0.19893307985375286
2023,Singapore Grand Prix,Race,race,Ferrari,LEC,99.557,29,100.45750000000001,16,8,0.9005000000000081,99.447,1.0,1.0,0.722577276524645,0.6933779761904761,0.1958228383996559,0.7046771616003522
2023,Singapore Grand Prix,Race,race,Ferrari,SAI,99.337,29,100.45750000000001,16,8,1.120500000000007,99.447,1.0,1.0,0.722577276524645,0.6933779761904761,0.13770117581501623,0.9827988241849908
2023,Singapore Grand Prix,Race,race,Haas F1 Team,HUL,100.786,32,100.45750000000001,16,8,-0.32849999999999113,100.84675,0.0,0.0,0.24166666666666664,0.23482726423902894,-0.18641475160805335,-0.14208524839193779
2023,Singapore Grand Prix,Race,race,Haas F1 Team,MAG,100.9075,32,100.45750000000001,16,8,-0.44999999999998863,100.84675,0.0,0.0,0.24166666666666664,0.23482726423902894,-0.3934127617582333,-0.05658723824175532
2023,Singapore Grand Prix,Race,race,McLaren,NOR,99.663,41,100.45750000000001,16,8,0.7945000000000135,100.0955,0.7142857142857143,0.7142857142857143,0.5456569664902998,0.5330952380952382,0.2594772926936577,0.5350227073063558
2023,Singapore Grand Prix,Race,race,McLaren,PIA,100.528,41,100.45750000000001,16,8,-0.07049999999999557,100.0955,0.7142857142857143,0.7142857142857143,0.5456569664902998,0.5330952380952382,0.12747228817738215,-0.19797228817737772
2023,Singapore Grand Prix,Race,race,Mercedes,HAM,99.6155,42,100.45750000000001,16,8,0.842000000000013,99.67325,0.8571428571428572,0.8571428571428572,0.6784325396825397,0.6838541666666667,-0.03013038881255811,0.8721303888125711
2023,Singapore Grand Prix,Race,race,Mercedes,RUS,99.731,42,100.45750000000001,16,8,0.7265000000000157,99.67325,0.8571428571428572,0.8571428571428572,0.6784325396825397,0.6838541666666667,-0.09081960026679484,0.8173196002668105
2023,Singapore Grand Prix,Race,race,Red Bull Racing,PER,100.5755,34,100.45750000000001,16,8,-0.117999999999995,100.47525,0.4285714285714286,0.4285714285714286,0.9392857142857143,0.9598214285714286,0.6328857924494375,-0.7508857924494325
2023,Singapore Grand Prix,Race,race,Red Bull Racing,VER,100.375,34,100.45750000000001,16,8,0.08250000000001023,100.47525,0.4285714285714286,0.4285714285714286,0.9392857142857143,0.9598214285714286,1.05349042621627,-0.9709904262162599
2023,Singapore Grand Prix,Race,race,Williams,ALB,100.772,37,100.45750000000001,16,8,-0.31449999999999534,100.3305,0.5714285714285714,0.5714285714285714,0.3049719887955182,0.29889455782312924,0.26859346837757936,-0.5830934683775747
2023,Singapore Grand Prix,Race,race,Williams,SAR,99.889,37,100.45750000000001,16,8,0.5685000000000144,100.3305,0.5714285714285714,0.5714285714285714,0.3049719887955182,0.29889455782312924,0.01964940890246814,0.5488505910975463
2023,Spanish Grand Prix,Qualifying,qualifying,Alfa Romeo,BOT,74.613,3,73.8485,16,8,-0.7644999999999982,74.443,0.1428571428571429,0.11111111111111116,0.1803665910808768,0.1963183421516755,0.13799208001694666,-0.9024920800169448
2023,Spanish Grand Prix,Qualifying,qualifying,Alfa Romeo,ZHO,74.273,3,73.8485,16,8,-0.42449999999999477,74.443,0.1428571428571429,0.11111111111111116,0.1803665910808768,0.1963183421516755,-0.13799208001694666,-0.28650791998304814
2023,Spanish Grand Prix,Qualifying,qualifying,AlphaTauri,DEV,74.22749999999999,4,73.8485,16,8,-0.3789999999999907,74.1985,0.2857142857142857,0.33333333333333337,0.25493827160493826,0.25037037037037035,-0.26736583657342095,-0.11163416342656973
2023,Spanish Grand Prix,Qualifying,qualifying,AlphaTauri,TSU,74.1695,4,73.8485,16,8,-0.32099999999999795,74.1985,0.2857142857142857,0.33333333333333337,0.25493827160493826,0.25037037037037035,-0.01826717338177214,-0.3027328266182258
2023,Spanish Grand Prix,Qualifying,qualifying,Alpine,GAS,73.361,4,73.8485,16,8,0.48749999999999716,73.29425,1.0,0.6666666666666667,0.5074143692564745,0.5082866479925303,-0.08121862419797127,0.5687186241979685
2023,Spanish Grand Prix,Qualifying,qualifying,Alpine,OCO,73.22749999999999,4,73.8485,16,8,0.6210000000000093,73.29425,1.0,0.6666666666666667,0.5074143692564745,0.5082866479925303,-0.06464507161486799,0.6856450716148773
2023,Spanish Grand Prix,Qualifying,qualifying,Aston Martin,ALO,73.278,3,73.8485,16,8,0.5704999999999956,73.33500000000001,0.8571428571428572,0.2222222222222222,0.6029761904761906,0.6136788048552755,0.14345355062000661,0.4270464493799889
2023,Spanish Grand Prix,Qualifying,qualifying,Aston Martin,STR,73.392,3,73.8485,16,8,0.45650000000000546,73.33500000000001,0.8571428571428572,0.2222222222222222,0.6029761904761906,0.6136788048552755,-0.11131040426236238,0.5678104042623678
2023,Spanish Grand Prix,Qualifying,qualifying,Ferrari,LEC,75.202,3,73.8485,16,8,-1.3534999999999968,74.765,0.0,0.7777777777777778,0.722577276524645,0.7114145658263304,0.4980360426406395,-1.8515360426406362
2023,Spanish Grand Prix,Qualifying,qualifying,Ferrari,SAI,74.328,3,73.8485,16,8,-0.4795000000000016,74.765,0.0,0.7777777777777778,0.722577276524645,0.7114145658263304,0.42089768077579187,-0.9003976807757934
2023,Spanish Grand Prix,Qualifying,qualifying,McLaren,NOR,73.168,4,73.8485,16,8,0.680499999999995,73.4475,0.7142857142857143,0.4444444444444444,0.5456569664902998,0.5444196428571428,0.12450891586109554,0.5559910841388994
2023,Spanish Grand Prix,Qualifying,qualifying,McLaren,PIA,73.727,4,73.8485,16,8,0.1214999999999975,73.4475,0.7142857142857143,0.4444444444444444,0.5456569664902998,0.5444196428571428,0.03443707754662947,0.08706292245336802
2023,Spanish Grand Prix,Qualifying,qualifying,Mercedes,HAM,73.487,4,73.8485,16,8,0.3615000000000066,73.7285,0.5714285714285714,0.8888888888888888,0.6784325396825397,0.694047619047619,0.3949955738094543,-0.03349557380944773
2023,Spanish Grand Prix,Qualifying,qualifying,Mercedes,RUS,73.97,4,73.8485,16,8,-0.1214999999999975,73.7285,0.5714285714285714,0.8888888888888888,0.6784325396825397,0.694047619047619,0.45271685282537005,-0.5742168528253675
2023,Spanish Grand Prix,Qualifying,qualifying,Red Bull Racing,PER,74.368,4,73.8485,16,8,-0.5194999999999936,73.81375,0.4285714285714286,1.0,0.9392857142857143,0.9285714285714286,0.050894241176247655,-0.5703942411762413
2023,Spanish Grand Prix,Qualifying,qualifying,Red Bull Racing,VER,73.2595,4,73.8485,16,8,0.5889999999999986,73.81375,0.4285714285714286,1.0,0.9392857142857143,0.9285714285714286,0.44653785362151754,0.1424621463784811
2023,Spanish Grand Prix,Race,race,Alfa Romeo,BOT,80.89699999999999,42,80.21525,20,10,-0.6817499999999939,80.6425,0.11111111111111116,0.11111111111111116,0.1803665910808768,0.1963183421516755,0.10127365318653098,-0.7830236531865249
2023,Spanish Grand Prix,Race,race,Alfa Romeo,ZHO,80.388,42,80.21525,20,10,-0.17275000000000773,80.6425,0.11111111111111116,0.11111111111111116,0.1803665910808768,0.1963183421516755,-0.10127365318653098,-0.07147634681347675
2023,Spanish Grand Prix,Race,race,AlphaTauri,DEV,80.49000000000001,42,80.21525,20,10,-0.2747500000000116,80.34075,0.33333333333333337,0.33333333333333337,0.25493827160493826,0.25037037037037035,-0.2349593387079074,-0.03979066129210421
2023,Spanish Grand Prix,Race,race,AlphaTauri,TSU,80.19149999999999,42,80.21525,20,10,0.02375000000000682,80.34075,0.33333333333333337,0.33333333333333337,0.25493827160493826,0.25037037037037035,-0.008871756926109803,0.03262175692611662
2023,Spanish Grand Prix,Race,race,Alpine,GAS,79.437,45,80.21525,20,10,0.7782499999999999,79.838,0.6666666666666667,0.6666666666666667,0.5074143692564745,0.5082866479925303,0.03412313799982952,0.7441268620001704
2023,Spanish Grand Prix,Race,race,Alpine,OCO,80.239,45,80.21525,20,10,-0.02375000000000682,79.838,0.6666666666666667,0.6666666666666667,0.5074143692564745,0.5082866479925303,-0.12843307985374308,0.10468307985373626
2023,Spanish Grand Prix,Race,race,Aston Martin,ALO,80.39150000000001,36,80.21525,20,10,-0.17625000000001023,80.43350000000001,0.2222222222222222,0.2222222222222222,0.6029761904761906,0.6136788048552755,0.016901313346079846,-0.1931513133460901
2023,Spanish Grand Prix,Race,race,Aston Martin,STR,80.4755,36,80.21525,20,10,-0.2602499999999992,80.43350000000001,0.2222222222222222,0.2222222222222222,0.6029761904761906,0.6136788048552755,-0.2745680106068059,0.014318010606806708
2023,Spanish Grand Prix,Race,race,Ferrari,LEC,80.524,28,80.21525,20,10,-0.3087500000000034,79.6395,0.7777777777777778,0.7777777777777778,0.722577276524645,0.7114145658263304,0.1958228383996559,-0.5045728383996593
2023,Spanish Grand Prix,Race,race,Ferrari,SAI,78.755,28,80.21525,20,10,1.460250000000002,79.6395,0.7777777777777778,0.7777777777777778,0.722577276524645,0.7114145658263304,0.13770117581501623,1.3225488241849859
2023,Spanish Grand Prix,Race,race,Haas F1 Team,HUL,79.898,42,80.21525,20,10,0.31725000000000136,80.01425,0.5555555555555556,0.5555555555555556,0.24166666666666664,0.22178130511463845,-0.18641475160805335,0.5036647516080547
2023,Spanish Grand Prix,Race,race,Haas F1 Team,MAG,80.1305,42,80.21525,20,10,0.08474999999999966,80.01425,0.5555555555555556,0.5555555555555556,0.24166666666666664,0.22178130511463845,-0.3934127617582333,0.47816276175823297
2023,Spanish Grand Prix,Race,race,McLaren,NOR,80.125,45,80.21525,20,10,0.0902499999999975,80.287,0.4444444444444444,0.4444444444444444,0.5456569664902998,0.5444196428571428,0.2594772926936577,-0.16922729269366021
2023,Spanish Grand Prix,Race,race,McLaren,PIA,80.449,45,80.21525,20,10,-0.23375000000000057,80.287,0.4444444444444444,0.4444444444444444,0.5456569664902998,0.5444196428571428,0.12747228817738215,-0.3612222881773827
2023,Spanish Grand Prix,Race,race,Mercedes,HAM,79.483,47,80.21525,20,10,0.7322499999999934,79.547,0.8888888888888888,0.8888888888888888,0.6784325396825397,0.694047619047619,-0.03013038881255811,0.7623803888125515
2023,Spanish Grand Prix,Race,race,Mercedes,RUS,79.611,47,80.21525,20,10,0.6042499999999933,79.547,0.8888888888888888,0.8888888888888888,0.6784325396825397,0.694047619047619,-0.09081960026679484,0.6950696002667881
2023,Spanish Grand Prix,Race,race,Red Bull Racing,PER,79.517,50,80.21525,20,10,0.6982500000000016,79.327,1.0,1.0,0.9392857142857143,0.9285714285714286,0.6328857924494375,0.06536420755056405
2023,Spanish Grand Prix,Race,race,Red Bull Racing,VER,79.137,50,80.21525,20,10,1.078249999999997,79.327,1.0,1.0,0.9392857142857143,0.9285714285714286,1.05349042621627,0.02475957378372695
2023,Spanish Grand Prix,Race,race,Williams,ALB,80.754,29,80.21525,20,10,-0.5387500000000074,80.8935,0.0,0.0,0.3049719887955182,0.3170634920634921,0.26859346837757936,-0.8073434683775867
2023,Spanish Grand Prix,Race,race,Williams,SAR,81.033,29,80.21525,20,10,-0.8177500000000038,80.8935,0.0,0.0,0.3049719887955182,0.3170634920634921,0.01964940890246814,-0.8373994089024719
2023,São Paulo Grand Prix,Qualifying,qualifying,Alfa Romeo,BOT,71.455,3,70.8275,16,8,-0.6274999999999977,71.652,0.0,0.0,0.1803665910808768,0.19183375104427738,0.13799208001694666,-0.7654920800169444
2023,São Paulo Grand Prix,Qualifying,qualifying,Alfa Romeo,ZHO,71.849,3,70.8275,16,8,-1.0215000000000032,71.652,0.0,0.0,0.1803665910808768,0.19183375104427738,-0.13799208001694666,-0.8835079199830566
2023,São Paulo Grand Prix,Qualifying,qualifying,Alpine,GAS,70.7895,4,70.8275,16,8,0.0379999999999967,70.83,0.4285714285714286,0.33333333333333337,0.5074143692564745,0.5170855379188712,-0.08121862419797127,0.11921862419796797
2023,São Paulo Grand Prix,Qualifying,qualifying,Alpine,OCO,70.87049999999999,4,70.8275,16,8,-0.042999999999992156,70.83,0.4285714285714286,0.33333333333333337,0.5074143692564745,0.5170855379188712,-0.06464507161486799,0.021645071614875833
2023,São Paulo Grand Prix,Qualifying,qualifying,Aston Martin,ALO,70.8655,4,70.8275,16,8,-0.0379999999999967,70.6675,0.7142857142857143,0.8333333333333334,0.6029761904761906,0.591931216931217,0.14345355062000661,-0.18145355062000332
2023,São Paulo Grand Prix,Qualifying,qualifying,Aston Martin,STR,70.46950000000001,4,70.8275,16,8,0.3579999999999899,70.6675,0.7142857142857143,0.8333333333333334,0.6029761904761906,0.591931216931217,-0.11131040426236238,0.46931040426235227
2023,São Paulo Grand Prix,Qualifying,qualifying,Ferrari,LEC,70.729,4,70.8275,16,8,0.09850000000000136,70.85575,0.2857142857142857,,0.722577276524645,,0.4980360426406395,-0.39953604264063813
2023,São Paulo Grand Prix,Qualifying,qualifying,Ferrari,SAI,70.9825,4,70.8275,16,8,-0.15500000000000114,70.85575,0.2857142857142857,,0.722577276524645,,0.42089768077579187,-0.575897680775793
2023,São Paulo Grand Prix,Qualifying,qualifying,Haas F1 Team,HUL,70.623,5,70.8275,16,8,0.2044999999999959,70.821,0.5714285714285714,,0.24166666666666664,,-0.46068755930034505,0.6651875593003409
2023,São Paulo Grand Prix,Qualifying,qualifying,Haas F1 Team,MAG,71.019,5,70.8275,16,8,-0.1915000000000049,70.821,0.5714285714285714,,0.24166666666666664,,-0.47901914619435665,0.28751914619435176
2023,São Paulo Grand Prix,Qualifying,qualifying,Mercedes,HAM,70.352,3,70.8275,16,8,0.4754999999999967,70.33500000000001,1.0,0.16666666666666663,0.6784325396825397,0.7048721340388008,0.3949955738094543,0.08050442619054238
2023,São Paulo Grand Prix,Qualifying,qualifying,Mercedes,RUS,70.318,3,70.8275,16,8,0.5095000000000027,70.33500000000001,1.0,0.16666666666666663,0.6784325396825397,0.7048721340388008,0.45271685282537005,0.056783147174632675
2023,São Paulo Grand Prix,Qualifying,qualifying,Red Bull Racing,PER,70.519,4,70.8275,16,8,0.3084999999999951,70.51225,0.8571428571428572,1.0,0.9392857142857143,0.9325396825396824,0.050894241176247655,0.2576057588237475
2023,São Paulo Grand Prix,Qualifying,qualifying,Red Bull Racing,VER,70.5055,4,70.8275,16,8,0.32200000000000273,70.51225,0.8571428571428572,1.0,0.9392857142857143,0.9325396825396824,0.44653785362151754,-0.12453785362151482
2023,São Paulo Grand Prix,Qualifying,qualifying,Williams,ALB,71.545,3,70.8275,16,8,-0.7175000000000011,71.51400000000001,0.1428571428571429,,0.3049719887955182,,0.4053446987189551,-1.1228446987189562
2023,São Paulo Grand Prix,Qualifying,qualifying,Williams,SAR,71.483,3,70.8275,16,8,-0.6555000000000035,71.51400000000001,0.1428571428571429,,0.3049719887955182,,0.048932265649148064,-0.7044322656491516
2023,São Paulo Grand Prix,Race,race,Alfa Romeo,BOT,76.9,14,76.1065,14,7,-0.7935000000000088,76.95500000000001,0.0,0.0,0.1803665910808768,0.19183375104427738,0.10127365318653098,-0.8947736531865398
2023,São Paulo Grand Prix,Race,race,Alfa Romeo,ZHO,77.01,14,76.1065,14,7,-0.9035000000000082,76.95500000000001,0.0,0.0,0.1803665910808768,0.19183375104427738,-0.10127365318653098,-0.8022263468134772
2023,São Paulo Grand Prix,Race,race,AlphaTauri,RIC,76.1,53,76.1065,14,7,0.006500000000002615,76.1065,0.5,0.5,0.25493827160493826,0.25555555555555554,0.04057543152386005,-0.03407543152385743
2023,São Paulo Grand Prix,Race,race,AlphaTauri,TSU,76.113,53,76.1065,14,7,-0.006500000000002615,76.1065,0.5,0.5,0.25493827160493826,0.25555555555555554,-0.008871756926109803,0.0023717569261071884
2023,São Paulo Grand Prix,Race,race,Alpine,GAS,75.9815,46,76.1065,14,7,0.125,76.18299999999999,0.33333333333333337,0.33333333333333337,0.5074143692564745,0.5170855379188712,0.03412313799982952,0.09087686200017048
2023,São Paulo Grand Prix,Race,race,Alpine,OCO,76.3845,46,76.1065,14,7,-0.2780000000000058,76.18299999999999,0.33333333333333337,0.33333333333333337,0.5074143692564745,0.5170855379188712,-0.12843307985374308,-0.14956692014626272
2023,São Paulo Grand Prix,Race,race,Aston Martin,ALO,75.944,49,76.1065,14,7,0.16249999999999432,75.93700000000001,0.8333333333333334,0.8333333333333334,0.6029761904761906,0.591931216931217,0.016901313346079846,0.14559868665391446
2023,São Paulo Grand Prix,Race,race,Aston Martin,STR,75.93,49,76.1065,14,7,0.1764999999999901,75.93700000000001,0.8333333333333334,0.8333333333333334,0.6029761904761906,0.591931216931217,-0.2745680106068059,0.451068010606796
2023,São Paulo Grand Prix,Race,race,McLaren,NOR,75.57849999999999,48,76.1065,14,7,0.5280000000000058,75.97574999999999,0.6666666666666667,0.6666666666666667,0.5456569664902998,0.5385387488328665,0.2594772926936577,0.2685227073063481
2023,São Paulo Grand Prix,Race,race,McLaren,PIA,76.37299999999999,48,76.1065,14,7,-0.2664999999999935,75.97574999999999,0.6666666666666667,0.6666666666666667,0.5456569664902998,0.5385387488328665,0.12747228817738215,-0.3939722881773757
2023,São Paulo Grand Prix,Race,race,Mercedes,HAM,76.363,41,76.1065,14,7,-0.2565000000000026,76.511,0.16666666666666663,0.16666666666666663,0.6784325396825397,0.7048721340388008,-0.03013038881255811,-0.2263696111874445
2023,São Paulo Grand Prix,Race,race,Mercedes,RUS,76.659,41,76.1065,14,7,-0.5525000000000091,76.511,0.16666666666666663,0.16666666666666663,0.6784325396825397,0.7048721340388008,-0.09081960026679484,-0.4616803997332143
2023,São Paulo Grand Prix,Race,race,Red Bull Racing,PER,75.848,53,76.1065,14,7,0.25849999999999795,75.64349999999999,1.0,1.0,0.9392857142857143,0.9325396825396824,0.6328857924494375,-0.3743857924494396
2023,São Paulo Grand Prix,Race,race,Red Bull Racing,VER,75.439,53,76.1065,14,7,0.667500000000004,75.64349999999999,1.0,1.0,0.9392857142857143,0.9325396825396824,1.05349042621627,-0.3859904262162661
2023,United States Grand Prix,Qualifying,qualifying,Alfa Romeo,BOT,96.082,5,95.61,16,8,-0.4719999999999942,96.0985,0.1428571428571429,0.1428571428571429,0.1803665910808768,0.1822420634920635,0.13799208001694666,-0.6099920800169408
2023,United States Grand Prix,Qualifying,qualifying,Alfa Romeo,ZHO,96.115,5,95.61,16,8,-0.5049999999999955,96.0985,0.1428571428571429,0.1428571428571429,0.1803665910808768,0.1822420634920635,-0.13799208001694666,-0.3670079199830488
2023,United States Grand Prix,Qualifying,qualifying,AlphaTauri,RIC,96.32499999999999,4,95.61,16,8,-0.7149999999999892,96.08824999999999,0.2857142857142857,0.0,0.25493827160493826,0.2699346405228758,-0.1338069192715026,-0.5811930807284866
2023,United States Grand Prix,Qualifying,qualifying,AlphaTauri,TSU,95.8515,4,95.61,16,8,-0.24150000000000205,96.08824999999999,0.2857142857142857,0.0,0.25493827160493826,0.2699346405228758,-0.01826717338177214,-0.2232328266182299
2023,United States Grand Prix,Qualifying,qualifying,Alpine,GAS,95.38149999999999,4,95.61,16,8,0.22850000000001103,95.44399999999999,0.5714285714285714,,0.5074143692564745,,-0.08121862419797127,0.3097186241979823
2023,United States Grand Prix,Qualifying,qualifying,Alpine,OCO,95.50649999999999,4,95.61,16,8,0.10350000000001103,95.44399999999999,0.5714285714285714,,0.5074143692564745,,-0.06464507161486799,0.16814507161487902
2023,United States Grand Prix,Qualifying,qualifying,Aston Martin,ALO,96.866,3,95.61,16,8,-1.2560000000000002,96.745,0.0,0.5714285714285714,0.6029761904761906,0.6046365914786967,0.14345355062000661,-1.3994535506200068
2023,United States Grand Prix,Qualifying,qualifying,Aston Martin,STR,96.624,3,95.61,16,8,-1.0139999999999958,96.745,0.0,0.5714285714285714,0.6029761904761906,0.6046365914786967,-0.11131040426236238,-0.9026895957376334
2023,United States Grand Prix,Qualifying,qualifying,Ferrari,LEC,94.9165,4,95.61,16,8,0.6935000000000002,95.07724999999999,1.0,0.8571428571428572,0.722577276524645,0.7151014109347442,0.4980360426406395,0.19546395735936073
2023,United States Grand Prix,Qualifying,qualifying,Ferrari,SAI,95.238,4,95.61,16,8,0.3719999999999999,95.07724999999999,1.0,0.8571428571428572,0.722577276524645,0.7151014109347442,0.42089768077579187,-0.048897680775791985
2023,United States Grand Prix,Qualifying,qualifying,McLaren,NOR,95.705,3,95.61,16,8,-0.09499999999999886,95.6405,0.4285714285714286,,0.5456569664902998,,0.12450891586109554,-0.2195089158610944
2023,United States Grand Prix,Qualifying,qualifying,McLaren,PIA,95.576,3,95.61,16,8,0.034000000000006025,95.6405,0.4285714285714286,,0.5456569664902998,,0.03443707754662947,-0.00043707754662344195
2023,United States Grand Prix,Qualifying,qualifying,Mercedes,HAM,95.0625,4,95.61,16,8,0.5474999999999994,95.35325,0.7142857142857143,0.7142857142857143,0.6784325396825397,0.6765455304928989,0.3949955738094543,0.1525044261905451
2023,United States Grand Prix,Qualifying,qualifying,Mercedes,RUS,95.644,4,95.61,16,8,-0.034000000000006025,95.35325,0.7142857142857143,0.7142857142857143,0.6784325396825397,0.6765455304928989,0.45271685282537005,-0.4867168528253761
2023,United States Grand Prix,Qualifying,qualifying,Red Bull Racing,PER,95.524,3,95.61,16,8,0.08599999999999852,95.30250000000001,0.8571428571428572,1.0,0.9392857142857143,0.9360902255639098,0.050894241176247655,0.03510575882375087
2023,United States Grand Prix,Qualifying,qualifying,Red Bull Racing,VER,95.081,3,95.61,16,8,0.5289999999999964,95.30250000000001,0.8571428571428572,1.0,0.9392857142857143,0.9360902255639098,0.44653785362151754,0.08246214637847882
2023,United States Grand Prix,Race,race,Alfa Romeo,BOT,102.67,38,102.4735,16,8,-0.19650000000000034,102.80675,0.1428571428571429,0.1428571428571429,0.1803665910808768,0.1822420634920635,0.10127365318653098,-0.2977736531865313
2023,United States Grand Prix,Race,race,Alfa Romeo,ZHO,102.9435,38,102.4735,16,8,-0.46999999999999886,102.80675,0.1428571428571429,0.1428571428571429,0.1803665910808768,0.1822420634920635,-0.10127365318653098,-0.3687263468134679
2023,United States Grand Prix,Race,race,AlphaTauri,RIC,103.363,27,102.4735,16,8,-0.8894999999999982,102.9755,0.0,0.0,0.25493827160493826,0.2699346405228758,0.04057543152386005,-0.9300754315238582
2023,United States Grand Prix,Race,race,AlphaTauri,TSU,102.588,27,102.4735,16,8,-0.1144999999999925,102.9755,0.0,0.0,0.25493827160493826,0.2699346405228758,-0.008871756926109803,-0.10562824307388269
2023,United States Grand Prix,Race,race,Aston Martin,ALO,102.559,27,102.4735,16,8,-0.08549999999999613,102.014,0.5714285714285714,0.5714285714285714,0.6029761904761906,0.6046365914786967,0.016901313346079846,-0.10240131334607598
2023,United States Grand Prix,Race,race,Aston Martin,STR,101.469,27,102.4735,16,8,1.0045000000000073,102.014,0.5714285714285714,0.5714285714285714,0.6029761904761906,0.6046365914786967,-0.2745680106068059,1.2790680106068133
2023,United States Grand Prix,Race,race,Ferrari,LEC,102.055,31,102.4735,16,8,0.41849999999999454,101.47,0.8571428571428572,0.8571428571428572,0.722577276524645,0.7151014109347442,0.1958228383996559,0.22267716160033865
2023,United States Grand Prix,Race,race,Ferrari,SAI,100.885,31,102.4735,16,8,1.5884999999999962,101.47,0.8571428571428572,0.8571428571428572,0.722577276524645,0.7151014109347442,0.13770117581501623,1.45079882418498
2023,United States Grand Prix,Race,race,Haas F1 Team,HUL,102.53200000000001,36,102.4735,16,8,-0.05850000000000932,102.66050000000001,0.2857142857142857,0.2857142857142857,0.24166666666666664,0.23934837092731828,-0.18641475160805335,0.12791475160804402
2023,United States Grand Prix,Race,race,Haas F1 Team,MAG,102.789,36,102.4735,16,8,-0.3155000000000001,102.66050000000001,0.2857142857142857,0.2857142857142857,0.24166666666666664,0.23934837092731828,-0.3934127617582333,0.0779127617582332
2023,United States Grand Prix,Race,race,Mercedes,HAM,101.506,39,102.4735,16,8,0.9675000000000011,101.75,0.7142857142857143,0.7142857142857143,0.6784325396825397,0.6765455304928989,-0.03013038881255811,0.9976303888125593
2023,United States Grand Prix,Race,race,Mercedes,RUS,101.994,39,102.4735,16,8,0.4795000000000016,101.75,0.7142857142857143,0.7142857142857143,0.6784325396825397,0.6765455304928989,-0.09081960026679484,0.5703196002667964
2023,United States Grand Prix,Race,race,Red Bull Racing,PER,101.335,41,102.4735,16,8,1.1385000000000076,101.269,1.0,1.0,0.9392857142857143,0.9360902255639098,0.6328857924494375,0.5056142075505701
2023,United States Grand Prix,Race,race,Red Bull Racing,VER,101.203,41,102.4735,16,8,1.2704999999999984,101.269,1.0,1.0,0.9392857142857143,0.9360902255639098,1.05349042621627,0.21700957378372832
2023,United States Grand Prix,Race,race,Williams,ALB,102.679,39,102.4735,16,8,-0.20550000000000068,102.547,0.4285714285714286,0.4285714285714286,0.3049719887955182,0.29724702380952384,0.26859346837757936,-0.47409346837758004
2023,United States Grand Prix,Race,race,Williams,SAR,102.415,39,102.4735,16,8,0.05849999999999511,102.547,0.4285714285714286,0.4285714285714286,0.3049719887955182,0.29724702380952384,0.01964940890246814,0.038850591097526976
2024,Abu Dhabi Grand Prix,Qualifying,qualifying,Aston Martin,ALO,83.85,4,83.63,12,6,-0.21999999999999886,83.88575,0.0,0.5,0.41736111111111107,,0.14345355062000661,-0.3634535506200055
2024,Abu Dhabi Grand Prix,Qualifying,qualifying,Aston Martin,STR,83.92150000000001,4,83.63,12,6,-0.2915000000000134,83.88575,0.0,0.5,0.41736111111111107,,-0.11131040426236238,-0.18018959573765103
2024,Abu Dhabi Grand Prix,Qualifying,qualifying,Ferrari,LEC,83.709,3,83.63,12,6,-0.07900000000000773,83.598,0.6,1.0,0.7934782608695652,,0.4980360426406395,-0.5770360426406472
2024,Abu Dhabi Grand Prix,Qualifying,qualifying,Ferrari,SAI,83.487,3,83.63,12,6,0.14300000000000068,83.598,0.6,1.0,0.7934782608695652,,0.42089768077579187,-0.2778976807757912
2024,Abu Dhabi Grand Prix,Qualifying,qualifying,Haas F1 Team,HUL,83.522,3,83.63,12,6,0.10799999999998988,83.6995,0.19999999999999996,0.125,0.37247474747474746,,-0.46068755930034505,0.5686875593003349
2024,Abu Dhabi Grand Prix,Qualifying,qualifying,Haas F1 Team,MAG,83.877,3,83.63,12,6,-0.2469999999999999,83.6995,0.19999999999999996,0.125,0.37247474747474746,,-0.47901914619435665,0.23201914619435676
2024,Abu Dhabi Grand Prix,Qualifying,qualifying,McLaren,NOR,82.949,3,83.63,12,6,0.6809999999999974,82.967,1.0,0.875,0.8485507246376811,,0.12450891586109554,0.5564910841389018
2024,Abu Dhabi Grand Prix,Qualifying,qualifying,McLaren,PIA,82.985,3,83.63,12,6,0.644999999999996,82.967,1.0,0.875,0.8485507246376811,,0.03443707754662947,0.6105629224533665
2024,Abu Dhabi Grand Prix,Qualifying,qualifying,RB,LAW,83.77000000000001,4,83.63,12,6,-0.14000000000001478,83.6755,0.4,0.625,0.29958333333333337,,-0.24819032494534726,0.10819032494533248
2024,Abu Dhabi Grand Prix,Qualifying,qualifying,RB,TSU,83.581,4,83.63,12,6,0.04899999999999238,83.6755,0.4,0.625,0.29958333333333337,,-0.01826717338177214,0.06726717338176452
2024,Abu Dhabi Grand Prix,Qualifying,qualifying,Red Bull Racing,PER,83.679,3,83.63,12,6,-0.049000000000006594,83.33850000000001,0.8,,0.7876984126984128,,0.050894241176247655,-0.09989424117625426
2024,Abu Dhabi Grand Prix,Qualifying,qualifying,Red Bull Racing,VER,82.998,3,83.63,12,6,0.6319999999999908,83.33850000000001,0.8,,0.7876984126984128,,0.44653785362151754,0.18546214637847325
2024,Abu Dhabi Grand Prix,Race,race,Alpine,DOO,90.0805,32,89.756,18,9,-0.32450000000000045,89.85075,0.375,0.375,0.25628654970760234,,-0.4703648855874647,0.14586488558746424
2024,Abu Dhabi Grand Prix,Race,race,Alpine,GAS,89.62100000000001,32,89.756,18,9,0.1349999999999909,89.85075,0.375,0.375,0.25628654970760234,,0.03412313799982952,0.10087686200016138
2024,Abu Dhabi Grand Prix,Race,race,Aston Martin,ALO,89.672,37,89.756,18,9,0.08400000000000318,89.8175,0.5,0.5,0.41736111111111107,,0.016901313346079846,0.06709868665392334
2024,Abu Dhabi Grand Prix,Race,race,Aston Martin,STR,89.963,37,89.756,18,9,-0.20699999999999363,89.8175,0.5,0.5,0.41736111111111107,,-0.2745680106068059,0.06756801060681228
2024,Abu Dhabi Grand Prix,Race,race,Ferrari,LEC,88.571,39,89.756,18,9,1.1850000000000023,88.452,1.0,1.0,0.7934782608695652,,0.1958228383996559,0.9891771616003464
2024,Abu Dhabi Grand Prix,Race,race,Ferrari,SAI,88.333,39,89.756,18,9,1.4230000000000018,88.452,1.0,1.0,0.7934782608695652,,0.13770117581501623,1.2852988241849856
2024,Abu Dhabi Grand Prix,Race,race,Haas F1 Team,HUL,89.84,22,89.756,18,9,-0.08400000000000318,90.05575,0.125,0.125,0.37247474747474746,,-0.18641475160805335,0.10241475160805016
2024,Abu Dhabi Grand Prix,Race,race,Haas F1 Team,MAG,90.2715,22,89.756,18,9,-0.515500000000003,90.05575,0.125,0.125,0.37247474747474746,,-0.3934127617582333,-0.12208723824176965
2024,Abu Dhabi Grand Prix,Race,race,Kick Sauber,BOT,89.883,19,89.756,18,9,-0.12699999999999534,89.9845,0.25,0.25,0.13492063492063494,,0.10127365318653098,-0.22827365318652632
2024,Abu Dhabi Grand Prix,Race,race,Kick Sauber,ZHO,90.086,19,89.756,18,9,-0.3299999999999983,89.9845,0.25,0.25,0.13492063492063494,,-0.10127365318653098,-0.22872634681346732
2024,Abu Dhabi Grand Prix,Race,race,McLaren,NOR,88.077,24,89.756,18,9,1.679000000000002,88.871,0.875,0.875,0.8485507246376811,,0.2594772926936577,1.4195227073063443
2024,Abu Dhabi Grand Prix,Race,race,McLaren,PIA,89.66499999999999,24,89.756,18,9,0.09100000000000819,88.871,0.875,0.875,0.8485507246376811,,0.12747228817738215,-0.03647228817737397
2024,Abu Dhabi Grand Prix,Race,race,Mercedes,HAM,89.616,39,89.756,18,9,0.14000000000000057,89.1515,0.75,0.75,0.7617724867724869,,-0.03013038881255811,0.17013038881255868
2024,Abu Dhabi Grand Prix,Race,race,Mercedes,RUS,88.687,39,89.756,18,9,1.0690000000000026,89.1515,0.75,0.75,0.7617724867724869,,-0.09081960026679484,1.1598196002667975
2024,Abu Dhabi Grand Prix,Race,race,RB,LAW,89.587,35,89.756,18,9,0.16899999999999693,89.74549999999999,0.625,0.625,0.29958333333333337,,-0.0020845522345543707,0.1710845522345513
2024,Abu Dhabi Grand Prix,Race,race,RB,TSU,89.904,35,89.756,18,9,-0.14799999999999613,89.74549999999999,0.625,0.625,0.29958333333333337,,-0.008871756926109803,-0.13912824307388633
2024,Abu Dhabi Grand Prix,Race,race,Williams,ALB,90.035,18,89.756,18,9,-0.27899999999999636,90.14725,0.0,0.0,0.20833333333333334,,0.26859346837757936,-0.5475934683775757
2024,Abu Dhabi Grand Prix,Race,race,Williams,COL,90.2595,18,89.756,18,9,-0.5035000000000025,90.14725,0.0,0.0,0.20833333333333334,,0.06255266167480363,-0.5660526616748062
2024,Australian Grand Prix,Qualifying,qualifying,Alpine,GAS,78.088,3,77.0195,14,7,-1.0685000000000002,78.1525,0.16666666666666663,0.33333333333333337,0.25628654970760234,0.375,-0.08121862419797127,-0.9872813758020289
2024,Australian Grand Prix,Qualifying,qualifying,Alpine,OCO,78.217,3,77.0195,14,7,-1.1975000000000051,78.1525,0.16666666666666663,0.33333333333333337,0.25628654970760234,0.375,-0.06464507161486799,-1.1328549283851372
2024,Australian Grand Prix,Qualifying,qualifying,Aston Martin,ALO,76.95,4,77.0195,14,7,0.06949999999999079,77.0195,0.5,0.5,0.41736111111111107,0.5,0.14345355062000661,-0.07395355062001582
2024,Australian Grand Prix,Qualifying,qualifying,Aston Martin,STR,77.089,4,77.0195,14,7,-0.069500000000005,77.0195,0.5,0.5,0.41736111111111107,0.5,-0.11131040426236238,0.04181040426235738
2024,Australian Grand Prix,Qualifying,qualifying,Ferrari,LEC,76.569,3,77.0195,14,7,0.450499999999991,76.45,0.8333333333333334,1.0,0.7934782608695652,1.0,0.4980360426406395,-0.04753604264064848
2024,Australian Grand Prix,Qualifying,qualifying,Ferrari,SAI,76.331,3,77.0195,14,7,0.6884999999999906,76.45,0.8333333333333334,1.0,0.7934782608695652,1.0,0.42089768077579187,0.2676023192241987
2024,Australian Grand Prix,Qualifying,qualifying,Kick Sauber,BOT,77.882,3,77.0195,14,7,-0.8625000000000114,78.1585,0.0,0.0,0.13492063492063494,0.25,0.13799208001694666,-1.000492080016958
2024,Australian Grand Prix,Qualifying,qualifying,Kick Sauber,ZHO,78.435,3,77.0195,14,7,-1.4155000000000086,78.1585,0.0,0.0,0.13492063492063494,0.25,-0.13799208001694666,-1.277507919983062
2024,Australian Grand Prix,Qualifying,qualifying,McLaren,NOR,76.597,3,77.0195,14,7,0.42249999999999943,76.59899999999999,0.6666666666666667,0.8333333333333334,0.8485507246376811,0.875,0.12450891586109554,0.2979910841389039
2024,Australian Grand Prix,Qualifying,qualifying,McLaren,PIA,76.601,3,77.0195,14,7,0.41849999999999454,76.59899999999999,0.6666666666666667,0.8333333333333334,0.8485507246376811,0.875,0.03443707754662947,0.3840629224533651
2024,Australian Grand Prix,Qualifying,qualifying,Mercedes,HAM,77.626,4,77.0195,14,7,-0.6065000000000111,77.459,0.33333333333333337,,0.7617724867724869,,0.3949955738094543,-1.0014955738094655
2024,Australian Grand Prix,Qualifying,qualifying,Mercedes,RUS,77.292,4,77.0195,14,7,-0.27250000000000796,77.459,0.33333333333333337,,0.7617724867724869,,0.45271685282537005,-0.725216852825378
2024,Australian Grand Prix,Qualifying,qualifying,Red Bull Racing,PER,76.5445,4,77.0195,14,7,0.4749999999999943,76.381,1.0,,0.7876984126984128,,0.050894241176247655,0.4241057588237467
2024,Australian Grand Prix,Qualifying,qualifying,Red Bull Racing,VER,76.2175,4,77.0195,14,7,0.8019999999999925,76.381,1.0,,0.7876984126984128,,0.44653785362151754,0.35546214637847495
2024,Australian Grand Prix,Race,race,Alpine,GAS,82.933,33,82.85175,14,7,-0.08125000000001137,82.917,0.33333333333333337,0.33333333333333337,0.25628654970760234,0.375,0.03412313799982952,-0.11537313799984089
2024,Australian Grand Prix,Race,race,Alpine,OCO,82.901,33,82.85175,14,7,-0.04925000000000068,82.917,0.33333333333333337,0.33333333333333337,0.25628654970760234,0.375,-0.12843307985374308,0.0791830798537424
2024,Australian Grand Prix,Race,race,Aston Martin,ALO,82.769,27,82.85175,14,7,0.08274999999999011,82.815,0.5,0.5,0.41736111111111107,0.5,0.016901313346079846,0.06584868665391026
2024,Australian Grand Prix,Race,race,Aston Martin,STR,82.861,27,82.85175,14,7,-0.00925000000000864,82.815,0.5,0.5,0.41736111111111107,0.5,-0.2745680106068059,0.26531801060679727
2024,Australian Grand Prix,Race,race,Ferrari,LEC,81.84649999999999,34,82.85175,14,7,1.0052500000000038,81.64399999999999,1.0,1.0,0.7934782608695652,1.0,0.1958228383996559,0.8094271616003479
2024,Australian Grand Prix,Race,race,Ferrari,SAI,81.44149999999999,34,82.85175,14,7,1.4102500000000049,81.64399999999999,1.0,1.0,0.7934782608695652,1.0,0.13770117581501623,1.2725488241849887
2024,Australian Grand Prix,Race,race,Haas F1 Team,HUL,82.21000000000001,32,82.85175,14,7,0.6417499999999876,82.66375000000001,0.6666666666666667,0.6666666666666667,0.37247474747474746,0.125,-0.18641475160805335,0.8281647516080409
2024,Australian Grand Prix,Race,race,Haas F1 Team,MAG,83.1175,32,82.85175,14,7,-0.26575000000001125,82.66375000000001,0.6666666666666667,0.6666666666666667,0.37247474747474746,0.125,-0.3934127617582333,0.12766276175822205
2024,Australian Grand Prix,Race,race,Kick Sauber,BOT,82.84299999999999,34,82.85175,14,7,0.008750000000006253,82.935,0.0,0.0,0.13492063492063494,0.25,0.10127365318653098,-0.09252365318652472
2024,Australian Grand Prix,Race,race,Kick Sauber,ZHO,83.027,34,82.85175,14,7,-0.17525000000000546,82.935,0.0,0.0,0.13492063492063494,0.25,-0.10127365318653098,-0.07397634681347448
2024,Australian Grand Prix,Race,race,McLaren,NOR,81.642,37,82.85175,14,7,1.2097499999999997,81.8155,0.8333333333333334,0.8333333333333334,0.8485507246376811,0.875,0.2594772926936577,0.950272707306342
2024,Australian Grand Prix,Race,race,McLaren,PIA,81.989,37,82.85175,14,7,0.8627499999999912,81.8155,0.8333333333333334,0.8333333333333334,0.8485507246376811,0.875,0.12747228817738215,0.735277711822609
2024,Australian Grand Prix,Race,race,RB,RIC,82.975,34,82.85175,14,7,-0.12324999999999875,82.91775,0.16666666666666663,0.16666666666666663,0.29958333333333337,0.625,0.04057543152386005,-0.1638254315238588
2024,Australian Grand Prix,Race,race,RB,TSU,82.8605,34,82.85175,14,7,-0.008750000000006253,82.91775,0.16666666666666663,0.16666666666666663,0.29958333333333337,0.625,-0.008871756926109803,0.00012175692610355039
2024,Austrian Grand Prix,Qualifying,qualifying,Alpine,GAS,65.359,3,65.4455,20,10,0.08650000000000091,65.339,0.5555555555555556,0.4444444444444444,0.25628654970760234,0.3541666666666667,-0.08121862419797127,0.16771862419797218
2024,Austrian Grand Prix,Qualifying,qualifying,Alpine,OCO,65.319,3,65.4455,20,10,0.12649999999999295,65.339,0.5555555555555556,0.4444444444444444,0.25628654970760234,0.3541666666666667,-0.06464507161486799,0.19114507161486094
2024,Austrian Grand Prix,Qualifying,qualifying,Aston Martin,ALO,65.836,3,65.4455,20,10,-0.39050000000000296,65.896,0.2222222222222222,0.2222222222222222,0.41736111111111107,0.5,0.14345355062000661,-0.5339535506200096
2024,Austrian Grand Prix,Qualifying,qualifying,Aston Martin,STR,65.956,3,65.4455,20,10,-0.5105000000000075,65.896,0.2222222222222222,0.2222222222222222,0.41736111111111107,0.5,-0.11131040426236238,-0.3991895957376451
2024,Austrian Grand Prix,Qualifying,qualifying,Ferrari,LEC,65.104,3,65.4455,20,10,0.34149999999999636,65.1695,0.6666666666666667,0.7777777777777778,0.7934782608695652,1.0,0.4980360426406395,-0.15653604264064314
2024,Austrian Grand Prix,Qualifying,qualifying,Ferrari,SAI,65.235,3,65.4455,20,10,0.21049999999999613,65.1695,0.6666666666666667,0.7777777777777778,0.7934782608695652,1.0,0.42089768077579187,-0.21039768077579574
2024,Austrian Grand Prix,Qualifying,qualifying,Haas F1 Team,HUL,65.596,5,65.4455,20,10,-0.15050000000000807,65.564,0.4444444444444444,0.5555555555555556,0.37247474747474746,0.39583333333333337,-0.46068755930034505,0.310187559300337
2024,Austrian Grand Prix,Qualifying,qualifying,Haas F1 Team,MAG,65.532,5,65.4455,20,10,-0.08650000000000091,65.564,0.4444444444444444,0.5555555555555556,0.37247474747474746,0.39583333333333337,-0.47901914619435665,0.39251914619435574
2024,Austrian Grand Prix,Qualifying,qualifying,Kick Sauber,BOT,65.894,3,65.4455,20,10,-0.4485000000000099,66.015,0.0,0.11111111111111116,0.13492063492063494,0.125,0.13799208001694666,-0.5864920800169565
2024,Austrian Grand Prix,Qualifying,qualifying,Kick Sauber,ZHO,66.136,3,65.4455,20,10,-0.6905000000000001,66.015,0.0,0.11111111111111116,0.13492063492063494,0.125,-0.13799208001694666,-0.5525079199830535
2024,Austrian Grand Prix,Qualifying,qualifying,McLaren,NOR,64.787,3,65.4455,20,10,0.6584999999999894,64.9175,0.8888888888888888,0.8888888888888888,0.8485507246376811,0.8541666666666667,0.12450891586109554,0.5339910841388938
2024,Austrian Grand Prix,Qualifying,qualifying,McLaren,PIA,65.048,3,65.4455,20,10,0.39749999999999375,64.9175,0.8888888888888888,0.8888888888888888,0.8485507246376811,0.8541666666666667,0.03443707754662947,0.3630629224533643
2024,Austrian Grand Prix,Qualifying,qualifying,Mercedes,HAM,65.083,4,65.4455,20,10,0.36249999999999716,65.03399999999999,0.7777777777777778,1.0,0.7617724867724869,0.75,0.3949955738094543,-0.03249557380945717
2024,Austrian Grand Prix,Qualifying,qualifying,Mercedes,RUS,64.985,4,65.4455,20,10,0.46049999999999613,65.03399999999999,0.7777777777777778,1.0,0.7617724867724869,0.75,0.45271685282537005,0.007783147174626082
2024,Austrian Grand Prix,Qualifying,qualifying,RB,RIC,65.569,5,65.4455,20,10,-0.12350000000000705,65.566,0.33333333333333337,0.33333333333333337,0.29958333333333337,0.3958333333333333,-0.1338069192715026,0.010306919271495546
2024,Austrian Grand Prix,Qualifying,qualifying,RB,TSU,65.563,5,65.4455,20,10,-0.11750000000000682,65.566,0.33333333333333337,0.33333333333333337,0.29958333333333337,0.3958333333333333,-0.01826717338177214,-0.09923282661823468
2024,Austrian Grand Prix,Qualifying,qualifying,Red Bull Racing,PER,65.197,4,65.4455,20,10,0.24849999999999284,64.82225,1.0,0.6666666666666667,0.7876984126984128,,0.050894241176247655,0.19760575882374518
2024,Austrian Grand Prix,Qualifying,qualifying,Red Bull Racing,VER,64.44749999999999,4,65.4455,20,10,0.9980000000000047,64.82225,1.0,0.6666666666666667,0.7876984126984128,,0.44653785362151754,0.5514621463784871
2024,Austrian Grand Prix,Qualifying,qualifying,Williams,ALB,65.823,3,65.4455,20,10,-0.3774999999999977,65.973,0.11111111111111116,0.0,0.20833333333333334,0.0,0.4053446987189551,-0.7828446987189528
2024,Austrian Grand Prix,Qualifying,qualifying,Williams,SAR,66.123,3,65.4455,20,10,-0.6775000000000091,65.973,0.11111111111111116,0.0,0.20833333333333334,0.0,0.048932265649148064,-0.7264322656491572
2024,Austrian Grand Prix,Race,race,Alpine,GAS,71.2065,52,71.20975,20,10,0.003249999999994202,71.25875,0.4444444444444444,0.4444444444444444,0.25628654970760234,0.3541666666666667,0.03412313799982952,-0.03087313799983532
2024,Austrian Grand Prix,Race,race,Alpine,OCO,71.311,52,71.20975,20,10,-0.10125000000000739,71.25875,0.4444444444444444,0.4444444444444444,0.25628654970760234,0.3541666666666667,-0.12843307985374308,0.027183079853735692
2024,Austrian Grand Prix,Race,race,Aston Martin,ALO,71.3905,44,71.20975,20,10,-0.1807500000000033,71.3665,0.2222222222222222,0.2222222222222222,0.41736111111111107,0.5,0.016901313346079846,-0.19765131334608316
2024,Austrian Grand Prix,Race,race,Aston Martin,STR,71.3425,44,71.20975,20,10,-0.13275000000000148,71.3665,0.2222222222222222,0.2222222222222222,0.41736111111111107,0.5,-0.2745680106068059,0.14181801060680443
2024,Austrian Grand Prix,Race,race,Ferrari,LEC,70.6305,42,71.20975,20,10,0.5792500000000018,70.41024999999999,0.7777777777777778,0.7777777777777778,0.7934782608695652,1.0,0.1958228383996559,0.38342716160034596
2024,Austrian Grand Prix,Race,race,Ferrari,SAI,70.19,42,71.20975,20,10,1.019750000000002,70.41024999999999,0.7777777777777778,0.7777777777777778,0.7934782608695652,1.0,0.13770117581501623,0.8820488241849858
2024,Austrian Grand Prix,Race,race,Haas F1 Team,HUL,71.026,53,71.20975,20,10,0.1837500000000034,71.11949999999999,0.5555555555555556,0.5555555555555556,0.37247474747474746,0.39583333333333337,-0.18641475160805335,0.37016475160805673
2024,Austrian Grand Prix,Race,race,Haas F1 Team,MAG,71.213,53,71.20975,20,10,-0.003249999999994202,71.11949999999999,0.5555555555555556,0.5555555555555556,0.37247474747474746,0.39583333333333337,-0.3934127617582333,0.3901627617582391
2024,Austrian Grand Prix,Race,race,Kick Sauber,BOT,71.6055,46,71.20975,20,10,-0.3957500000000067,71.69575,0.11111111111111116,0.11111111111111116,0.13492063492063494,0.125,0.10127365318653098,-0.4970236531865377
2024,Austrian Grand Prix,Race,race,Kick Sauber,ZHO,71.786,46,71.20975,20,10,-0.5762500000000017,71.69575,0.11111111111111116,0.11111111111111116,0.13492063492063494,0.125,-0.10127365318653098,-0.47497634681347073
2024,Austrian Grand Prix,Race,race,McLaren,NOR,70.161,49,71.20975,20,10,1.0487499999999983,70.384,0.8888888888888888,0.8888888888888888,0.8485507246376811,0.8541666666666667,0.2594772926936577,0.7892727073063406
2024,Austrian Grand Prix,Race,race,McLaren,PIA,70.607,49,71.20975,20,10,0.6027500000000003,70.384,0.8888888888888888,0.8888888888888888,0.8485507246376811,0.8541666666666667,0.12747228817738215,0.4752777118226182
2024,Austrian Grand Prix,Race,race,Mercedes,HAM,70.50450000000001,48,71.20975,20,10,0.7052499999999924,70.31475,1.0,1.0,0.7617724867724869,0.75,-0.03013038881255811,0.7353803888125505
2024,Austrian Grand Prix,Race,race,Mercedes,RUS,70.125,48,71.20975,20,10,1.0847499999999997,70.31475,1.0,1.0,0.7617724867724869,0.75,-0.09081960026679484,1.1755696002667946
2024,Austrian Grand Prix,Race,race,RB,RIC,71.373,46,71.20975,20,10,-0.163250000000005,71.35575,0.33333333333333337,0.33333333333333337,0.29958333333333337,0.3958333333333333,0.04057543152386005,-0.20382543152386506
2024,Austrian Grand Prix,Race,race,RB,TSU,71.33850000000001,46,71.20975,20,10,-0.1287500000000108,71.35575,0.33333333333333337,0.33333333333333337,0.29958333333333337,0.3958333333333333,-0.008871756926109803,-0.11987824307390099
2024,Austrian Grand Prix,Race,race,Red Bull Racing,PER,70.902,48,71.20975,20,10,0.30774999999999864,70.48225,0.6666666666666667,0.6666666666666667,0.7876984126984128,,0.6328857924494375,-0.3251357924494389
2024,Austrian Grand Prix,Race,race,Red Bull Racing,VER,70.0625,48,71.20975,20,10,1.1472499999999997,70.48225,0.6666666666666667,0.6666666666666667,0.7876984126984128,,1.05349042621627,0.09375957378372957
2024,Austrian Grand Prix,Race,race,Williams,ALB,71.627,31,71.20975,20,10,-0.4172499999999957,71.7975,0.0,0.0,0.20833333333333334,0.0,0.26859346837757936,-0.685843468377575
2024,Austrian Grand Prix,Race,race,Williams,SAR,71.968,31,71.20975,20,10,-0.7582500000000039,71.7975,0.0,0.0,0.20833333333333334,0.0,0.01964940890246814,-0.777899408902472
2024,Azerbaijan Grand Prix,Qualifying,qualifying,Aston Martin,ALO,103.587,3,102.74549999999999,12,6,-0.8415000000000106,103.70150000000001,0.0,0.25,0.41736111111111107,0.40740740740740744,0.14345355062000661,-0.9849535506200172
2024,Azerbaijan Grand Prix,Qualifying,qualifying,Aston Martin,STR,103.816,3,102.74549999999999,12,6,-1.0705000000000098,103.70150000000001,0.0,0.25,0.41736111111111107,0.40740740740740744,-0.11131040426236238,-0.9591895957376474
2024,Azerbaijan Grand Prix,Qualifying,qualifying,Ferrari,LEC,101.833,4,102.74549999999999,12,6,0.9124999999999943,101.996,1.0,1.0,0.7934782608695652,0.9259259259259259,0.4980360426406395,0.4144639573593548
2024,Azerbaijan Grand Prix,Qualifying,qualifying,Ferrari,SAI,102.15899999999999,4,102.74549999999999,12,6,0.5865000000000009,101.996,1.0,1.0,0.7934782608695652,0.9259259259259259,0.42089768077579187,0.16560231922420904
2024,Azerbaijan Grand Prix,Qualifying,qualifying,Haas F1 Team,BEA,103.18,3,102.74549999999999,12,6,-0.4345000000000141,103.3295,0.19999999999999996,0.5,0.37247474747474746,0.4490740740740741,0.1909954717993887,-0.6254954717994028
2024,Azerbaijan Grand Prix,Qualifying,qualifying,Haas F1 Team,HUL,103.479,3,102.74549999999999,12,6,-0.7335000000000065,103.3295,0.19999999999999996,0.5,0.37247474747474746,0.4490740740740741,-0.46068755930034505,-0.27281244069966143
2024,Azerbaijan Grand Prix,Qualifying,qualifying,Mercedes,HAM,102.632,4,102.74549999999999,12,6,0.11349999999998772,102.38875,0.6,0.625,0.7617724867724869,0.875,0.3949955738094543,-0.2814955738094666
2024,Azerbaijan Grand Prix,Qualifying,qualifying,Mercedes,RUS,102.1455,4,102.74549999999999,12,6,0.5999999999999943,102.38875,0.6,0.625,0.7617724867724869,0.875,0.45271685282537005,0.14728314717462426
2024,Azerbaijan Grand Prix,Qualifying,qualifying,Red Bull Racing,PER,102.045,3,102.74549999999999,12,6,0.700499999999991,102.0435,0.8,0.875,0.7876984126984128,0.6666666666666667,0.050894241176247655,0.6496057588237434
2024,Azerbaijan Grand Prix,Qualifying,qualifying,Red Bull Racing,VER,102.042,3,102.74549999999999,12,6,0.7034999999999911,102.0435,0.8,0.875,0.7876984126984128,0.6666666666666667,0.44653785362151754,0.2569621463784736
2024,Azerbaijan Grand Prix,Qualifying,qualifying,Williams,ALB,102.859,3,102.74549999999999,12,6,-0.11350000000000193,102.8745,0.4,0.375,0.20833333333333334,0.0,0.4053446987189551,-0.518844698718957
2024,Azerbaijan Grand Prix,Qualifying,qualifying,Williams,COL,102.89,3,102.74549999999999,12,6,-0.14450000000000784,102.8745,0.4,0.375,0.20833333333333334,0.0,-0.24517484313212232,0.10067484313211447
2024,Azerbaijan Grand Prix,Race,race,Alpine,GAS,109.479,41,108.7695,18,9,-0.7095000000000056,109.7115,0.125,0.125,0.25628654970760234,0.38425925925925924,0.03412313799982952,-0.743623137999835
2024,Azerbaijan Grand Prix,Race,race,Alpine,OCO,109.944,41,108.7695,18,9,-1.174500000000009,109.7115,0.125,0.125,0.25628654970760234,0.38425925925925924,-0.12843307985374308,-1.046066920146266
2024,Azerbaijan Grand Prix,Race,race,Aston Martin,ALO,109.102,20,108.7695,18,9,-0.33250000000001023,109.68275,0.25,0.25,0.41736111111111107,0.40740740740740744,0.016901313346079846,-0.3494013133460901
2024,Azerbaijan Grand Prix,Race,race,Aston Martin,STR,110.2635,20,108.7695,18,9,-1.4939999999999998,109.68275,0.25,0.25,0.41736111111111107,0.40740740740740744,-0.2745680106068059,-1.2194319893931937
2024,Azerbaijan Grand Prix,Race,race,Ferrari,LEC,107.858,35,108.7695,18,9,0.9114999999999895,107.72550000000001,1.0,1.0,0.7934782608695652,0.9259259259259259,0.1958228383996559,0.7156771616003337
2024,Azerbaijan Grand Prix,Race,race,Ferrari,SAI,107.593,35,108.7695,18,9,1.17649999999999,107.72550000000001,1.0,1.0,0.7934782608695652,0.9259259259259259,0.13770117581501623,1.038798824184974
2024,Azerbaijan Grand Prix,Race,race,Haas F1 Team,BEA,108.6405,32,108.7695,18,9,0.12899999999999068,108.50125,0.5,0.5,0.37247474747474746,0.4490740740740741,0.0345295176463184,0.09447048235367228
2024,Azerbaijan Grand Prix,Race,race,Haas F1 Team,HUL,108.362,32,108.7695,18,9,0.40749999999999886,108.50125,0.5,0.5,0.37247474747474746,0.4490740740740741,-0.18641475160805335,0.5939147516080522
2024,Azerbaijan Grand Prix,Race,race,Kick Sauber,BOT,109.6075,34,108.7695,18,9,-0.8380000000000081,109.99549999999999,0.0,0.0,0.13492063492063494,0.12037037037037039,0.10127365318653098,-0.9392736531865391
2024,Azerbaijan Grand Prix,Race,race,Kick Sauber,ZHO,110.3835,34,108.7695,18,9,-1.6140000000000043,109.99549999999999,0.0,0.0,0.13492063492063494,0.12037037037037039,-0.10127365318653098,-1.5127263468134733
2024,Azerbaijan Grand Prix,Race,race,McLaren,NOR,108.8985,40,108.7695,18,9,-0.1290000000000049,108.33099999999999,0.75,0.75,0.8485507246376811,0.8657407407407408,0.2594772926936577,-0.3884772926936626
2024,Azerbaijan Grand Prix,Race,race,McLaren,PIA,107.7635,40,108.7695,18,9,1.0060000000000002,108.33099999999999,0.75,0.75,0.8485507246376811,0.8657407407407408,0.12747228817738215,0.878527711822618
2024,Azerbaijan Grand Prix,Race,race,Mercedes,HAM,108.495,39,108.7695,18,9,0.2744999999999891,108.394,0.625,0.625,0.7617724867724869,0.875,-0.03013038881255811,0.30463038881254717
2024,Azerbaijan Grand Prix,Race,race,Mercedes,RUS,108.293,39,108.7695,18,9,0.47649999999998727,108.394,0.625,0.625,0.7617724867724869,0.875,-0.09081960026679484,0.5673196002667821
2024,Azerbaijan Grand Prix,Race,race,Red Bull Racing,PER,107.687,34,108.7695,18,9,1.082499999999996,108.0445,0.875,0.875,0.7876984126984128,0.6666666666666667,0.6328857924494375,0.4496142075505585
2024,Azerbaijan Grand Prix,Race,race,Red Bull Racing,VER,108.40199999999999,34,108.7695,18,9,0.3675000000000068,108.0445,0.875,0.875,0.7876984126984128,0.6666666666666667,1.05349042621627,-0.6859904262162633
2024,Azerbaijan Grand Prix,Race,race,Williams,ALB,109.189,28,108.7695,18,9,-0.4194999999999993,109.21449999999999,0.375,0.375,0.20833333333333334,0.0,0.26859346837757936,-0.6880934683775787
2024,Azerbaijan Grand Prix,Race,race,Williams,COL,109.24,28,108.7695,18,9,-0.47050000000000125,109.21449999999999,0.375,0.375,0.20833333333333334,0.0,0.06255266167480363,-0.5330526616748049
2024,Bahrain Grand Prix,Qualifying,qualifying,Alpine,GAS,91.281,3,90.36525,16,8,-0.9157500000000027,91.271,0.0,0.0,0.25628654970760234,0.3194444444444444,-0.08121862419797127,-0.8345313758020314
2024,Bahrain Grand Prix,Qualifying,qualifying,Alpine,OCO,91.261,3,90.36525,16,8,-0.8957499999999925,91.271,0.0,0.0,0.25628654970760234,0.3194444444444444,-0.06464507161486799,-0.8311049283851245
2024,Bahrain Grand Prix,Qualifying,qualifying,Aston Martin,ALO,90.136,3,90.36525,16,8,0.2292500000000075,90.5,0.4285714285714286,0.5555555555555556,0.41736111111111107,0.3680555555555556,0.14345355062000661,0.08579644938000089
2024,Bahrain Grand Prix,Qualifying,qualifying,Aston Martin,STR,90.864,3,90.36525,16,8,-0.49875000000000114,90.5,0.4285714285714286,0.5555555555555556,0.41736111111111107,0.3680555555555556,-0.11131040426236238,-0.38743959573763875
2024,Bahrain Grand Prix,Qualifying,qualifying,Ferrari,LEC,89.4435,4,90.36525,16,8,0.921750000000003,89.517,1.0,0.8888888888888888,0.7934782608695652,0.9444444444444444,0.4980360426406395,0.42371395735936346
2024,Bahrain Grand Prix,Qualifying,qualifying,Ferrari,SAI,89.59049999999999,4,90.36525,16,8,0.7747500000000116,89.517,1.0,0.8888888888888888,0.7934782608695652,0.9444444444444444,0.42089768077579187,0.3538523192242197
2024,Bahrain Grand Prix,Qualifying,qualifying,Haas F1 Team,HUL,90.59450000000001,4,90.36525,16,8,-0.2292500000000075,90.75125,0.1428571428571429,0.33333333333333337,0.37247474747474746,0.4618055555555556,-0.46068755930034505,0.23143755930033755
2024,Bahrain Grand Prix,Qualifying,qualifying,Haas F1 Team,MAG,90.908,4,90.36525,16,8,-0.5427499999999981,90.75125,0.1428571428571429,0.33333333333333337,0.37247474747474746,0.4618055555555556,-0.47901914619435665,-0.06373085380564142
2024,Bahrain Grand Prix,Qualifying,qualifying,McLaren,NOR,89.679,3,90.36525,16,8,0.6862500000000011,90.1515,0.5714285714285714,0.6666666666666667,0.8485507246376811,0.8368055555555556,0.12450891586109554,0.5617410841389056
2024,Bahrain Grand Prix,Qualifying,qualifying,McLaren,PIA,90.624,3,90.36525,16,8,-0.25874999999999204,90.1515,0.5714285714285714,0.6666666666666667,0.8485507246376811,0.8368055555555556,0.03443707754662947,-0.2931870775466215
2024,Bahrain Grand Prix,Qualifying,qualifying,Mercedes,HAM,90.04050000000001,4,90.36525,16,8,0.32474999999999454,89.9015,0.7142857142857143,0.7777777777777778,0.7617724867724869,0.7916666666666666,0.3949955738094543,-0.07024557380945978
2024,Bahrain Grand Prix,Qualifying,qualifying,Mercedes,RUS,89.76249999999999,4,90.36525,16,8,0.6027500000000146,89.9015,0.7142857142857143,0.7777777777777778,0.7617724867724869,0.7916666666666666,0.45271685282537005,0.1500331471746445
2024,Bahrain Grand Prix,Qualifying,qualifying,RB,RIC,90.7935,4,90.36525,16,8,-0.42824999999999136,90.73724999999999,0.2857142857142857,0.2222222222222222,0.29958333333333337,0.375,-0.1338069192715026,-0.2944430807284888
2024,Bahrain Grand Prix,Qualifying,qualifying,RB,TSU,90.681,4,90.36525,16,8,-0.3157499999999942,90.73724999999999,0.2857142857142857,0.2222222222222222,0.29958333333333337,0.375,-0.01826717338177214,-0.29748282661822206
2024,Bahrain Grand Prix,Qualifying,qualifying,Red Bull Racing,PER,89.932,3,90.36525,16,8,0.433250000000001,89.65299999999999,0.8571428571428572,1.0,0.7876984126984128,0.7708333333333334,0.050894241176247655,0.3823557588237534
2024,Bahrain Grand Prix,Qualifying,qualifying,Red Bull Racing,VER,89.374,3,90.36525,16,8,0.991250000000008,89.65299999999999,0.8571428571428572,1.0,0.7876984126984128,0.7708333333333334,0.44653785362151754,0.5447121463784904
2024,Bahrain Grand Prix,Race,race,Alpine,GAS,97.9085,32,97.16,20,10,-0.748500000000007,98.0305,0.0,0.0,0.25628654970760234,0.3194444444444444,0.03412313799982952,-0.7826231379998365
2024,Bahrain Grand Prix,Race,race,Alpine,OCO,98.1525,32,97.16,20,10,-0.9925000000000068,98.0305,0.0,0.0,0.25628654970760234,0.3194444444444444,-0.12843307985374308,-0.8640669201462637
2024,Bahrain Grand Prix,Race,race,Aston Martin,ALO,97.088,38,97.16,20,10,0.07200000000000273,97.16,0.5555555555555556,0.5555555555555556,0.41736111111111107,0.3680555555555556,0.016901313346079846,0.05509868665392288
2024,Bahrain Grand Prix,Race,race,Aston Martin,STR,97.232,38,97.16,20,10,-0.07200000000000273,97.16,0.5555555555555556,0.5555555555555556,0.41736111111111107,0.3680555555555556,-0.2745680106068059,0.20256801060680318
2024,Bahrain Grand Prix,Race,race,Ferrari,LEC,96.76,41,97.16,20,10,0.3999999999999915,96.432,0.8888888888888888,0.8888888888888888,0.7934782608695652,0.9444444444444444,0.1958228383996559,0.20417716160033558
2024,Bahrain Grand Prix,Race,race,Ferrari,SAI,96.104,41,97.16,20,10,1.0559999999999974,96.432,0.8888888888888888,0.8888888888888888,0.7934782608695652,0.9444444444444444,0.13770117581501623,0.9182988241849812
2024,Bahrain Grand Prix,Race,race,Haas F1 Team,HUL,96.858,39,97.16,20,10,0.3019999999999925,97.4115,0.33333333333333337,0.33333333333333337,0.37247474747474746,0.4618055555555556,-0.18641475160805335,0.4884147516080458
2024,Bahrain Grand Prix,Race,race,Haas F1 Team,MAG,97.965,39,97.16,20,10,-0.8050000000000068,97.4115,0.33333333333333337,0.33333333333333337,0.37247474747474746,0.4618055555555556,-0.3934127617582333,-0.4115872382417735
2024,Bahrain Grand Prix,Race,race,Kick Sauber,BOT,97.34,38,97.16,20,10,-0.18000000000000682,97.37275,0.4444444444444444,0.4444444444444444,0.13492063492063494,0.09027777777777779,0.10127365318653098,-0.2812736531865378
2024,Bahrain Grand Prix,Race,race,Kick Sauber,ZHO,97.4055,38,97.16,20,10,-0.24550000000000693,97.37275,0.4444444444444444,0.4444444444444444,0.13492063492063494,0.09027777777777779,-0.10127365318653098,-0.14422634681347596
2024,Bahrain Grand Prix,Race,race,McLaren,NOR,96.50450000000001,42,97.16,20,10,0.6554999999999893,96.6055,0.6666666666666667,0.6666666666666667,0.8485507246376811,0.8368055555555556,0.2594772926936577,0.3960227073063316
2024,Bahrain Grand Prix,Race,race,McLaren,PIA,96.7065,42,97.16,20,10,0.45349999999999113,96.6055,0.6666666666666667,0.6666666666666667,0.8485507246376811,0.8368055555555556,0.12747228817738215,0.326027711822609
2024,Bahrain Grand Prix,Race,race,Mercedes,HAM,96.666,41,97.16,20,10,0.4939999999999998,96.44999999999999,0.7777777777777778,0.7777777777777778,0.7617724867724869,0.7916666666666666,-0.03013038881255811,0.5241303888125579
2024,Bahrain Grand Prix,Race,race,Mercedes,RUS,96.234,41,97.16,20,10,0.9260000000000019,96.44999999999999,0.7777777777777778,0.7777777777777778,0.7617724867724869,0.7916666666666666,-0.09081960026679484,1.0168196002667969
2024,Bahrain Grand Prix,Race,race,RB,RIC,98.0015,30,97.16,20,10,-0.8414999999999964,97.88925,0.2222222222222222,0.2222222222222222,0.29958333333333337,0.375,0.04057543152386005,-0.8820754315238564
2024,Bahrain Grand Prix,Race,race,RB,TSU,97.777,30,97.16,20,10,-0.6170000000000044,97.88925,0.2222222222222222,0.2222222222222222,0.29958333333333337,0.375,-0.008871756926109803,-0.6081282430738947
2024,Bahrain Grand Prix,Race,race,Red Bull Racing,PER,96.188,38,97.16,20,10,0.9719999999999942,95.90899999999999,1.0,1.0,0.7876984126984128,0.7708333333333334,0.6328857924494375,0.33911420755055666
2024,Bahrain Grand Prix,Race,race,Red Bull Racing,VER,95.63,38,97.16,20,10,1.5300000000000011,95.90899999999999,1.0,1.0,0.7876984126984128,0.7708333333333334,1.05349042621627,0.47650957378373104
2024,Bahrain Grand Prix,Race,race,Williams,ALB,98.074,32,97.16,20,10,-0.9140000000000015,97.9045,0.11111111111111116,0.11111111111111116,0.20833333333333334,0.125,0.26859346837757936,-1.182593468377581
2024,Bahrain Grand Prix,Race,race,Williams,SAR,97.735,32,97.16,20,10,-0.5750000000000028,97.9045,0.11111111111111116,0.11111111111111116,0.20833333333333334,0.125,0.01964940890246814,-0.594649408902471
2024,Belgian Grand Prix,Qualifying,qualifying,Alpine,GAS,115.058,1,117.31899999999999,14,7,2.2609999999999815,114.92150000000001,1.0,0.25,0.25628654970760234,0.25555555555555554,-0.08121862419797127,2.342218624197953
2024,Belgian Grand Prix,Qualifying,qualifying,Alpine,OCO,114.785,1,117.31899999999999,14,7,2.533999999999992,114.92150000000001,1.0,0.25,0.25628654970760234,0.25555555555555554,-0.06464507161486799,2.5986450716148597
2024,Belgian Grand Prix,Qualifying,qualifying,Aston Martin,ALO,117.11699999999999,4,117.31899999999999,14,7,0.20199999999999818,117.48225,0.5,0.375,0.41736111111111107,0.40555555555555556,0.14345355062000661,0.058546449379991566
2024,Belgian Grand Prix,Qualifying,qualifying,Aston Martin,STR,117.8475,4,117.31899999999999,14,7,-0.5285000000000082,117.48225,0.5,0.375,0.41736111111111107,0.40555555555555556,-0.11131040426236238,-0.4171895957376458
2024,Belgian Grand Prix,Qualifying,qualifying,Haas F1 Team,HUL,118.45,3,117.31899999999999,14,7,-1.1310000000000144,118.4185,0.16666666666666663,0.0,0.37247474747474746,0.43611111111111117,-0.46068755930034505,-0.6703124406996694
2024,Belgian Grand Prix,Qualifying,qualifying,Haas F1 Team,MAG,118.387,3,117.31899999999999,14,7,-1.068000000000012,118.4185,0.16666666666666663,0.0,0.37247474747474746,0.43611111111111117,-0.47901914619435665,-0.5889808538056553
2024,Belgian Grand Prix,Qualifying,qualifying,Kick Sauber,BOT,117.27,3,117.31899999999999,14,7,0.04899999999999238,118.0895,0.33333333333333337,,0.13492063492063494,,0.13799208001694666,-0.08899208001695427
2024,Belgian Grand Prix,Qualifying,qualifying,Kick Sauber,ZHO,118.909,3,117.31899999999999,14,7,-1.5900000000000176,118.0895,0.33333333333333337,,0.13492063492063494,,-0.13799208001694666,-1.4520079199830709
2024,Belgian Grand Prix,Qualifying,qualifying,RB,RIC,116.618,3,117.31899999999999,14,7,0.7009999999999934,116.842,0.6666666666666667,0.125,0.29958333333333337,0.3368055555555556,-0.1338069192715026,0.834806919271496
2024,Belgian Grand Prix,Qualifying,qualifying,RB,TSU,117.066,3,117.31899999999999,14,7,0.2529999999999859,116.842,0.6666666666666667,0.125,0.29958333333333337,0.3368055555555556,-0.01826717338177214,0.27126717338175804
2024,Belgian Grand Prix,Qualifying,qualifying,Red Bull Racing,PER,117.368,2,117.31899999999999,14,7,-0.049000000000006594,116.41925,0.8333333333333334,0.75,0.7876984126984128,0.8472222222222223,0.050894241176247655,-0.09989424117625426
2024,Belgian Grand Prix,Qualifying,qualifying,Red Bull Racing,VER,115.4705,2,117.31899999999999,14,7,1.8484999999999872,116.41925,0.8333333333333334,0.75,0.7876984126984128,0.8472222222222223,0.44653785362151754,1.4019621463784695
2024,Belgian Grand Prix,Qualifying,qualifying,Williams,ALB,118.434,3,117.31899999999999,14,7,-1.115000000000009,118.58500000000001,0.0,0.5,0.20833333333333334,0.12152777777777779,0.4053446987189551,-1.5203446987189642
2024,Belgian Grand Prix,Qualifying,qualifying,Williams,SAR,118.736,3,117.31899999999999,14,7,-1.4170000000000158,118.58500000000001,0.0,0.5,0.20833333333333334,0.12152777777777779,0.048932265649148064,-1.4659322656491638
2024,Belgian Grand Prix,Race,race,Alpine,GAS,109.8075,30,109.04775000000001,18,9,-0.7597499999999968,109.51,0.25,0.25,0.25628654970760234,0.25555555555555554,0.03412313799982952,-0.7938731379998263
2024,Belgian Grand Prix,Race,race,Alpine,OCO,109.2125,30,109.04775000000001,18,9,-0.16474999999999795,109.51,0.25,0.25,0.25628654970760234,0.25555555555555554,-0.12843307985374308,-0.03631692014625487
2024,Belgian Grand Prix,Race,race,Aston Martin,ALO,109.0535,32,109.04775000000001,18,9,-0.005749999999991928,109.3075,0.375,0.375,0.41736111111111107,0.40555555555555556,0.016901313346079846,-0.022651313346071775
2024,Belgian Grand Prix,Race,race,Aston Martin,STR,109.5615,32,109.04775000000001,18,9,-0.5137499999999875,109.3075,0.375,0.375,0.41736111111111107,0.40555555555555556,-0.2745680106068059,-0.23918198939318158
2024,Belgian Grand Prix,Race,race,Ferrari,LEC,107.971,29,109.04775000000001,18,9,1.076750000000004,108.5065,0.625,0.625,0.7934782608695652,0.9333333333333332,0.1958228383996559,0.8809271616003482
2024,Belgian Grand Prix,Race,race,Ferrari,SAI,109.042,29,109.04775000000001,18,9,0.005750000000006139,108.5065,0.625,0.625,0.7934782608695652,0.9333333333333332,0.13770117581501623,-0.1319511758150101
2024,Belgian Grand Prix,Race,race,Haas F1 Team,HUL,109.71950000000001,16,109.04775000000001,18,9,-0.671750000000003,110.408,0.0,0.0,0.37247474747474746,0.43611111111111117,-0.18641475160805335,-0.48533524839194964
2024,Belgian Grand Prix,Race,race,Haas F1 Team,MAG,111.09649999999999,16,109.04775000000001,18,9,-2.048749999999984,110.408,0.0,0.0,0.37247474747474746,0.43611111111111117,-0.3934127617582333,-1.6553372382417508
2024,Belgian Grand Prix,Race,race,McLaren,NOR,107.85900000000001,30,109.04775000000001,18,9,1.1887499999999989,108.01400000000001,1.0,1.0,0.8485507246376811,0.8027777777777778,0.2594772926936577,0.9292727073063412
2024,Belgian Grand Prix,Race,race,McLaren,PIA,108.169,30,109.04775000000001,18,9,0.8787500000000108,108.01400000000001,1.0,1.0,0.8485507246376811,0.8027777777777778,0.12747228817738215,0.7512777118226286
2024,Belgian Grand Prix,Race,race,Mercedes,HAM,108.2875,18,109.04775000000001,18,9,0.7602500000000134,108.42975,0.875,0.875,0.7617724867724869,0.7881944444444444,-0.03013038881255811,0.7903803888125716
2024,Belgian Grand Prix,Race,race,Mercedes,RUS,108.572,18,109.04775000000001,18,9,0.475750000000005,108.42975,0.875,0.875,0.7617724867724869,0.7881944444444444,-0.09081960026679484,0.5665696002667998
2024,Belgian Grand Prix,Race,race,RB,RIC,109.471,23,109.04775000000001,18,9,-0.4232499999999959,109.54599999999999,0.125,0.125,0.29958333333333337,0.3368055555555556,0.04057543152386005,-0.46382543152385597
2024,Belgian Grand Prix,Race,race,RB,TSU,109.621,23,109.04775000000001,18,9,-0.5732499999999874,109.54599999999999,0.125,0.125,0.29958333333333337,0.3368055555555556,-0.008871756926109803,-0.5643782430738776
2024,Belgian Grand Prix,Race,race,Red Bull Racing,PER,108.492,25,109.04775000000001,18,9,0.5557500000000033,108.4615,0.75,0.75,0.7876984126984128,0.8472222222222223,0.6328857924494375,-0.07713579244943425
2024,Belgian Grand Prix,Race,race,Red Bull Racing,VER,108.431,25,109.04775000000001,18,9,0.6167500000000103,108.4615,0.75,0.75,0.7876984126984128,0.8472222222222223,1.05349042621627,-0.43674042621625975
2024,Belgian Grand Prix,Race,race,Williams,ALB,109.1385,32,109.04775000000001,18,9,-0.09074999999998568,109.05799999999999,0.5,0.5,0.20833333333333334,0.12152777777777779,0.26859346837757936,-0.35934346837756503
2024,Belgian Grand Prix,Race,race,Williams,SAR,108.97749999999999,32,109.04775000000001,18,9,0.07025000000001569,109.05799999999999,0.5,0.5,0.20833333333333334,0.12152777777777779,0.01964940890246814,0.050600591097547554
2024,British Grand Prix,Qualifying,qualifying,Aston Martin,ALO,87.098,4,87.19800000000001,12,6,0.10000000000000853,87.1725,0.6,0.5,0.41736111111111107,0.40046296296296297,0.14345355062000661,-0.04345355061999809
2024,British Grand Prix,Qualifying,qualifying,Aston Martin,STR,87.247,4,87.19800000000001,12,6,-0.04899999999999238,87.1725,0.6,0.5,0.41736111111111107,0.40046296296296297,-0.11131040426236238,0.06231040426237
2024,British Grand Prix,Qualifying,qualifying,Ferrari,LEC,87.667,3,87.19800000000001,12,6,-0.4689999999999941,87.408,0.4,0.625,0.7934782608695652,0.8819444444444443,0.4980360426406395,-0.9670360426406336
2024,British Grand Prix,Qualifying,qualifying,Ferrari,SAI,87.149,3,87.19800000000001,12,6,0.049000000000006594,87.408,0.4,0.625,0.7934782608695652,0.8819444444444443,0.42089768077579187,-0.3718976807757853
2024,British Grand Prix,Qualifying,qualifying,McLaren,NOR,86.559,3,87.19800000000001,12,6,0.63900000000001,86.752,1.0,0.75,0.8485507246376811,0.8356481481481483,0.12450891586109554,0.5144910841389144
2024,British Grand Prix,Qualifying,qualifying,McLaren,PIA,86.945,3,87.19800000000001,12,6,0.2530000000000143,86.752,1.0,0.75,0.8485507246376811,0.8356481481481483,0.03443707754662947,0.21856292245338485
2024,British Grand Prix,Qualifying,qualifying,Mercedes,HAM,86.77,5,87.19800000000001,12,6,0.4280000000000115,86.768,0.8,0.875,0.7617724867724869,0.8055555555555556,0.3949955738094543,0.03300442619055716
2024,British Grand Prix,Qualifying,qualifying,Mercedes,RUS,86.766,5,87.19800000000001,12,6,0.43200000000000216,86.768,0.8,0.875,0.7617724867724869,0.8055555555555556,0.45271685282537005,-0.020716852825367893
2024,British Grand Prix,Qualifying,qualifying,RB,RIC,88.596,3,87.19800000000001,12,6,-1.3979999999999961,88.4685,0.0,0.25,0.29958333333333337,0.29444444444444445,-0.1338069192715026,-1.2641930807284936
2024,British Grand Prix,Qualifying,qualifying,RB,TSU,88.341,3,87.19800000000001,12,6,-1.1429999999999865,88.4685,0.0,0.25,0.29958333333333337,0.29444444444444445,-0.01826717338177214,-1.1247328266182144
2024,British Grand Prix,Qualifying,qualifying,Williams,ALB,87.553,3,87.19800000000001,12,6,-0.35499999999998977,87.7575,0.19999999999999996,0.125,0.20833333333333334,0.19722222222222224,0.4053446987189551,-0.7603446987189448
2024,British Grand Prix,Qualifying,qualifying,Williams,SAR,87.962,3,87.19800000000001,12,6,-0.7639999999999958,87.7575,0.19999999999999996,0.125,0.20833333333333334,0.19722222222222224,0.048932265649148064,-0.8129322656491439
2024,British Grand Prix,Race,race,Aston Martin,ALO,92.5325,22,92.57775000000001,18,9,0.045250000000010004,92.58125,0.5,0.5,0.41736111111111107,0.40046296296296297,0.016901313346079846,0.028348686653930158
2024,British Grand Prix,Race,race,Aston Martin,STR,92.63,22,92.57775000000001,18,9,-0.052249999999986585,92.58125,0.5,0.5,0.41736111111111107,0.40046296296296297,-0.2745680106068059,0.22231801060681933
2024,British Grand Prix,Race,race,Ferrari,LEC,92.662,15,92.57775000000001,18,9,-0.08424999999999727,92.4565,0.625,0.625,0.7934782608695652,0.8819444444444443,0.1958228383996559,-0.28007283839965313
2024,British Grand Prix,Race,race,Ferrari,SAI,92.251,15,92.57775000000001,18,9,0.3267500000000041,92.4565,0.625,0.625,0.7934782608695652,0.8819444444444443,0.13770117581501623,0.18904882418498786
2024,British Grand Prix,Race,race,Haas F1 Team,HUL,92.468,23,92.57775000000001,18,9,0.10975000000000534,92.604,0.375,0.375,0.37247474747474746,0.363425925925926,-0.18641475160805335,0.29616475160805866
2024,British Grand Prix,Race,race,Haas F1 Team,MAG,92.74,23,92.57775000000001,18,9,-0.16224999999998602,92.604,0.375,0.375,0.37247474747474746,0.363425925925926,-0.3934127617582333,0.2311627617582473
2024,British Grand Prix,Race,race,Kick Sauber,BOT,92.973,11,92.57775000000001,18,9,-0.3952499999999901,93.122,0.0,0.0,0.13492063492063494,0.16111111111111112,0.10127365318653098,-0.4965236531865211
2024,British Grand Prix,Race,race,Kick Sauber,ZHO,93.271,11,92.57775000000001,18,9,-0.6932499999999919,93.122,0.0,0.0,0.13492063492063494,0.16111111111111112,-0.10127365318653098,-0.5919763468134609
2024,British Grand Prix,Race,race,McLaren,NOR,91.863,16,92.57775000000001,18,9,0.7147500000000093,91.8925,0.75,0.75,0.8485507246376811,0.8356481481481483,0.2594772926936577,0.4552727073063516
2024,British Grand Prix,Race,race,McLaren,PIA,91.922,16,92.57775000000001,18,9,0.6557500000000118,91.8925,0.75,0.75,0.8485507246376811,0.8356481481481483,0.12747228817738215,0.5282777118226296
2024,British Grand Prix,Race,race,Mercedes,HAM,91.676,16,92.57775000000001,18,9,0.9017500000000069,91.65075,0.875,0.875,0.7617724867724869,0.8055555555555556,-0.03013038881255811,0.9318803888125651
2024,British Grand Prix,Race,race,Mercedes,RUS,91.6255,16,92.57775000000001,18,9,0.9522500000000065,91.65075,0.875,0.875,0.7617724867724869,0.8055555555555556,-0.09081960026679484,1.0430696002668014
2024,British Grand Prix,Race,race,RB,RIC,92.926,23,92.57775000000001,18,9,-0.34824999999999307,92.7745,0.25,0.25,0.29958333333333337,0.29444444444444445,0.04057543152386005,-0.3888254315238531
2024,British Grand Prix,Race,race,RB,TSU,92.623,23,92.57775000000001,18,9,-0.045249999999995794,92.7745,0.25,0.25,0.29958333333333337,0.29444444444444445,-0.008871756926109803,-0.03637824307388599
2024,British Grand Prix,Race,race,Red Bull Racing,PER,92.491,13,92.57775000000001,18,9,0.08675000000000921,91.017,1.0,1.0,0.7876984126984128,0.8229166666666667,0.6328857924494375,-0.5461357924494283
2024,British Grand Prix,Race,race,Red Bull Racing,VER,89.543,13,92.57775000000001,18,9,3.0347500000000025,91.017,1.0,1.0,0.7876984126984128,0.8229166666666667,1.05349042621627,1.9812595737837324
2024,British Grand Prix,Race,race,Williams,ALB,92.96,16,92.57775000000001,18,9,-0.3822499999999849,92.98525000000001,0.125,0.125,0.20833333333333334,0.19722222222222224,0.26859346837757936,-0.6508434683775642
2024,British Grand Prix,Race,race,Williams,SAR,93.01050000000001,16,92.57775000000001,18,9,-0.43274999999999864,92.98525000000001,0.125,0.125,0.20833333333333334,0.19722222222222224,0.01964940890246814,-0.45239940890246677
2024,Canadian Grand Prix,Qualifying,qualifying,Aston Martin,ALO,72.781,3,72.7715,14,7,-0.009500000000002728,72.9675,0.16666666666666663,0.8888888888888888,0.41736111111111107,0.41468253968253965,0.14345355062000661,-0.15295355062000934
2024,Canadian Grand Prix,Qualifying,qualifying,Aston Martin,STR,73.154,3,72.7715,14,7,-0.3824999999999932,72.9675,0.16666666666666663,0.8888888888888888,0.41736111111111107,0.41468253968253965,-0.11131040426236238,-0.2711895957376308
2024,Canadian Grand Prix,Qualifying,qualifying,Ferrari,LEC,72.773,3,72.7715,14,7,-0.0014999999999929514,72.85,0.33333333333333337,0.11111111111111116,0.7934782608695652,0.8452380952380951,0.4980360426406395,-0.49953604264063245
2024,Canadian Grand Prix,Qualifying,qualifying,Ferrari,SAI,72.927,3,72.7715,14,7,-0.15550000000000352,72.85,0.33333333333333337,0.11111111111111116,0.7934782608695652,0.8452380952380951,0.42089768077579187,-0.5763976807757953
2024,Canadian Grand Prix,Qualifying,qualifying,Haas F1 Team,HUL,74.119,3,72.7715,14,7,-1.3474999999999966,73.848,0.0,0.5555555555555556,0.37247474747474746,0.3650793650793651,-0.46068755930034505,-0.8868124406996516
2024,Canadian Grand Prix,Qualifying,qualifying,Haas F1 Team,MAG,73.577,3,72.7715,14,7,-0.805499999999995,73.848,0.0,0.5555555555555556,0.37247474747474746,0.3650793650793651,-0.47901914619435665,-0.32648085380563835
2024,Canadian Grand Prix,Qualifying,qualifying,McLaren,NOR,72.77,4,72.7715,14,7,0.0015000000000071623,72.67325,0.8333333333333334,1.0,0.8485507246376811,0.8234126984126985,0.12450891586109554,-0.12300891586108838
2024,Canadian Grand Prix,Qualifying,qualifying,McLaren,PIA,72.57650000000001,4,72.7715,14,7,0.19499999999999318,72.67325,0.8333333333333334,1.0,0.8485507246376811,0.8234126984126985,0.03443707754662947,0.1605629224533637
2024,Canadian Grand Prix,Qualifying,qualifying,Mercedes,HAM,72.29050000000001,4,72.7715,14,7,0.48099999999999454,72.15175,1.0,0.7777777777777778,0.7617724867724869,0.8171296296296297,0.3949955738094543,0.08600442619054022
2024,Canadian Grand Prix,Qualifying,qualifying,Mercedes,RUS,72.013,4,72.7715,14,7,0.758499999999998,72.15175,1.0,0.7777777777777778,0.7617724867724869,0.8171296296296297,0.45271685282537005,0.3057831471746279
2024,Canadian Grand Prix,Qualifying,qualifying,RB,RIC,72.7505,4,72.7715,14,7,0.021000000000000796,72.7205,0.6666666666666667,0.6666666666666667,0.29958333333333337,0.28703703703703703,-0.1338069192715026,0.1548069192715034
2024,Canadian Grand Prix,Qualifying,qualifying,RB,TSU,72.6905,4,72.7715,14,7,0.08100000000000307,72.7205,0.6666666666666667,0.6666666666666667,0.29958333333333337,0.28703703703703703,-0.01826717338177214,0.09926717338177521
2024,Canadian Grand Prix,Qualifying,qualifying,Williams,ALB,72.9,3,72.7715,14,7,-0.1285000000000025,72.82,0.5,0.0,0.20833333333333334,0.1851851851851852,0.4053446987189551,-0.5338446987189576
2024,Canadian Grand Prix,Qualifying,qualifying,Williams,SAR,72.74,3,72.7715,14,7,0.0315000000000083,72.82,0.5,0.0,0.20833333333333334,0.1851851851851852,0.048932265649148064,-0.017432265649139765
2024,Canadian Grand Prix,Race,race,Alpine,GAS,88.6945,14,87.2205,20,10,-1.4740000000000038,88.45225,0.33333333333333337,0.33333333333333337,0.25628654970760234,0.2546296296296296,0.03412313799982952,-1.5081231379998332
2024,Canadian Grand Prix,Race,race,Alpine,OCO,88.21000000000001,14,87.2205,20,10,-0.9895000000000067,88.45225,0.33333333333333337,0.33333333333333337,0.25628654970760234,0.2546296296296296,-0.12843307985374308,-0.8610669201462636
2024,Canadian Grand Prix,Race,race,Aston Martin,ALO,85.596,33,87.2205,20,10,1.6244999999999976,86.10300000000001,0.8888888888888888,0.8888888888888888,0.41736111111111107,0.41468253968253965,0.016901313346079846,1.6075986866539178
2024,Canadian Grand Prix,Race,race,Aston Martin,STR,86.61,33,87.2205,20,10,0.6105000000000018,86.10300000000001,0.8888888888888888,0.8888888888888888,0.41736111111111107,0.41468253968253965,-0.2745680106068059,0.8850680106068077
2024,Canadian Grand Prix,Race,race,Ferrari,LEC,88.50200000000001,14,87.2205,20,10,-1.2815000000000083,88.52075,0.11111111111111116,0.11111111111111116,0.7934782608695652,0.8452380952380951,0.1958228383996559,-1.4773228383996642
2024,Canadian Grand Prix,Race,race,Ferrari,SAI,88.5395,14,87.2205,20,10,-1.3190000000000026,88.52075,0.11111111111111116,0.11111111111111116,0.7934782608695652,0.8452380952380951,0.13770117581501623,-1.4567011758150188
2024,Canadian Grand Prix,Race,race,Haas F1 Team,HUL,86.395,13,87.2205,20,10,0.8255000000000052,87.00450000000001,0.5555555555555556,0.5555555555555556,0.37247474747474746,0.3650793650793651,-0.18641475160805335,1.0119147516080587
2024,Canadian Grand Prix,Race,race,Haas F1 Team,MAG,87.614,13,87.2205,20,10,-0.39350000000000307,87.00450000000001,0.5555555555555556,0.5555555555555556,0.37247474747474746,0.3650793650793651,-0.3934127617582333,-8.723824176976036e-05
2024,Canadian Grand Prix,Race,race,Kick Sauber,BOT,88.099,18,87.2205,20,10,-0.8785000000000025,88.46875,0.2222222222222222,0.2222222222222222,0.13492063492063494,0.13425925925925927,0.10127365318653098,-0.9797736531865335
2024,Canadian Grand Prix,Race,race,Kick Sauber,ZHO,88.8385,18,87.2205,20,10,-1.617999999999995,88.46875,0.2222222222222222,0.2222222222222222,0.13492063492063494,0.13425925925925927,-0.10127365318653098,-1.516726346813464
2024,Canadian Grand Prix,Race,race,McLaren,NOR,85.412,25,87.2205,20,10,1.8084999999999951,85.5905,1.0,1.0,0.8485507246376811,0.8234126984126985,0.2594772926936577,1.5490227073063374
2024,Canadian Grand Prix,Race,race,McLaren,PIA,85.769,25,87.2205,20,10,1.4514999999999958,85.5905,1.0,1.0,0.8485507246376811,0.8234126984126985,0.12747228817738215,1.3240277118226136
2024,Canadian Grand Prix,Race,race,Mercedes,HAM,86.432,24,87.2205,20,10,0.7884999999999991,86.62950000000001,0.7777777777777778,0.7777777777777778,0.7617724867724869,0.8171296296296297,-0.03013038881255811,0.8186303888125572
2024,Canadian Grand Prix,Race,race,Mercedes,RUS,86.827,24,87.2205,20,10,0.39350000000000307,86.62950000000001,0.7777777777777778,0.7777777777777778,0.7617724867724869,0.8171296296296297,-0.09081960026679484,0.4843196002667979
2024,Canadian Grand Prix,Race,race,RB,RIC,86.554,23,87.2205,20,10,0.6664999999999992,86.6885,0.6666666666666667,0.6666666666666667,0.29958333333333337,0.28703703703703703,0.04057543152386005,0.6259245684761392
2024,Canadian Grand Prix,Race,race,RB,TSU,86.823,23,87.2205,20,10,0.39750000000000796,86.6885,0.6666666666666667,0.6666666666666667,0.29958333333333337,0.28703703703703703,-0.008871756926109803,0.40637175692611777
2024,Canadian Grand Prix,Race,race,Red Bull Racing,PER,87.837,20,87.2205,20,10,-0.616500000000002,87.2105,0.4444444444444444,0.4444444444444444,0.7876984126984128,0.8583333333333334,0.6328857924494375,-1.2493857924494396
2024,Canadian Grand Prix,Race,race,Red Bull Racing,VER,86.584,20,87.2205,20,10,0.6364999999999981,87.2105,0.4444444444444444,0.4444444444444444,0.7876984126984128,0.8583333333333334,1.05349042621627,-0.416990426216272
2024,Canadian Grand Prix,Race,race,Williams,ALB,88.699,14,87.2205,20,10,-1.4784999999999968,88.98525000000001,0.0,0.0,0.20833333333333334,0.1851851851851852,0.26859346837757936,-1.7470934683775763
2024,Canadian Grand Prix,Race,race,Williams,SAR,89.2715,14,87.2205,20,10,-2.051000000000002,88.98525000000001,0.0,0.0,0.20833333333333334,0.1851851851851852,0.01964940890246814,-2.07064940890247
2024,Chinese Grand Prix,Qualifying,qualifying,Alpine,GAS,95.983,5,94.66,10,5,-1.3230000000000075,95.6695,0.0,0.33333333333333337,0.25628654970760234,0.26587301587301587,-0.08121862419797127,-1.2417813758020362
2024,Chinese Grand Prix,Qualifying,qualifying,Alpine,OCO,95.356,5,94.66,10,5,-0.695999999999998,95.6695,0.0,0.33333333333333337,0.25628654970760234,0.26587301587301587,-0.06464507161486799,-0.63135492838513
2024,Chinese Grand Prix,Qualifying,qualifying,Aston Martin,ALO,94.801,3,94.66,10,5,-0.14100000000000534,94.9465,0.25,0.5555555555555556,0.41736111111111107,0.4739583333333333,0.14345355062000661,-0.284453550620012
2024,Chinese Grand Prix,Qualifying,qualifying,Aston Martin,STR,95.092,3,94.66,10,5,-0.43200000000000216,94.9465,0.25,0.5555555555555556,0.41736111111111107,0.4739583333333333,-0.11131040426236238,-0.3206895957376398
2024,Chinese Grand Prix,Qualifying,qualifying,Ferrari,LEC,94.729,3,94.66,10,5,-0.06900000000000261,94.54849999999999,0.5,0.8888888888888888,0.7934782608695652,0.7534722222222222,0.4980360426406395,-0.5670360426406421
2024,Chinese Grand Prix,Qualifying,qualifying,Ferrari,SAI,94.368,3,94.66,10,5,0.2920000000000016,94.54849999999999,0.5,0.8888888888888888,0.7934782608695652,0.7534722222222222,0.42089768077579187,-0.12889768077579028
2024,Chinese Grand Prix,Qualifying,qualifying,McLaren,NOR,94.46,3,94.66,10,5,0.20000000000000284,94.5255,0.75,0.7777777777777778,0.8485507246376811,0.8454861111111112,0.12450891586109554,0.0754910841389073
2024,Chinese Grand Prix,Qualifying,qualifying,McLaren,PIA,94.591,3,94.66,10,5,0.06900000000000261,94.5255,0.75,0.7777777777777778,0.8485507246376811,0.8454861111111112,0.03443707754662947,0.03456292245337315
2024,Chinese Grand Prix,Qualifying,qualifying,Red Bull Racing,PER,94.24799999999999,4,94.66,10,5,0.41200000000000614,94.059,1.0,1.0,0.7876984126984128,0.7893518518518517,0.050894241176247655,0.3611057588237585
2024,Chinese Grand Prix,Qualifying,qualifying,Red Bull Racing,VER,93.87,4,94.66,10,5,0.789999999999992,94.059,1.0,1.0,0.7876984126984128,0.7893518518518517,0.44653785362151754,0.3434621463784745
2024,Chinese Grand Prix,Race,race,Alpine,GAS,101.9245,18,101.5035,20,10,-0.42099999999999227,102.16225,0.33333333333333337,0.33333333333333337,0.25628654970760234,0.26587301587301587,0.03412313799982952,-0.4551231379998218
2024,Chinese Grand Prix,Race,race,Alpine,OCO,102.4,18,101.5035,20,10,-0.8965000000000032,102.16225,0.33333333333333337,0.33333333333333337,0.25628654970760234,0.26587301587301587,-0.12843307985374308,-0.7680669201462601
2024,Chinese Grand Prix,Race,race,Aston Martin,ALO,101.251,17,101.5035,20,10,0.2524999999999977,101.3615,0.5555555555555556,0.5555555555555556,0.41736111111111107,0.4739583333333333,0.016901313346079846,0.23559868665391787
2024,Chinese Grand Prix,Race,race,Aston Martin,STR,101.472,17,101.5035,20,10,0.0315000000000083,101.3615,0.5555555555555556,0.5555555555555556,0.41736111111111107,0.4739583333333333,-0.2745680106068059,0.3060680106068142
2024,Chinese Grand Prix,Race,race,Ferrari,LEC,100.366,29,101.5035,20,10,1.1375000000000028,100.4905,0.8888888888888888,0.8888888888888888,0.7934782608695652,0.7534722222222222,0.1958228383996559,0.941677161600347
2024,Chinese Grand Prix,Race,race,Ferrari,SAI,100.615,29,101.5035,20,10,0.8885000000000076,100.4905,0.8888888888888888,0.8888888888888888,0.7934782608695652,0.7534722222222222,0.13770117581501623,0.7507988241849914
2024,Chinese Grand Prix,Race,race,Haas F1 Team,HUL,102.00800000000001,14,101.5035,20,10,-0.5045000000000073,102.8695,0.11111111111111116,0.11111111111111116,0.37247474747474746,0.3888888888888889,-0.18641475160805335,-0.31808524839195396
2024,Chinese Grand Prix,Race,race,Haas F1 Team,MAG,103.731,14,101.5035,20,10,-2.227499999999992,102.8695,0.11111111111111116,0.11111111111111116,0.37247474747474746,0.3888888888888889,-0.3934127617582333,-1.8340872382417588
2024,Chinese Grand Prix,Race,race,Kick Sauber,BOT,102.548,15,101.5035,20,10,-1.0444999999999993,102.8685,0.2222222222222222,0.2222222222222222,0.13492063492063494,0.1468253968253968,0.10127365318653098,-1.1457736531865303
2024,Chinese Grand Prix,Race,race,Kick Sauber,ZHO,103.189,15,101.5035,20,10,-1.6854999999999905,102.8685,0.2222222222222222,0.2222222222222222,0.13492063492063494,0.1468253968253968,-0.10127365318653098,-1.5842263468134594
2024,Chinese Grand Prix,Race,race,McLaren,NOR,99.938,32,101.5035,20,10,1.5655000000000001,100.71799999999999,0.7777777777777778,0.7777777777777778,0.8485507246376811,0.8454861111111112,0.2594772926936577,1.3060227073063424
2024,Chinese Grand Prix,Race,race,McLaren,PIA,101.49799999999999,32,101.5035,20,10,0.005500000000012051,100.71799999999999,0.7777777777777778,0.7777777777777778,0.8485507246376811,0.8454861111111112,0.12747228817738215,-0.1219722881773701
2024,Chinese Grand Prix,Race,race,Mercedes,HAM,101.315,27,101.5035,20,10,0.18850000000000477,100.99799999999999,0.6666666666666667,0.6666666666666667,0.7617724867724869,0.8115079365079365,-0.03013038881255811,0.2186303888125629
2024,Chinese Grand Prix,Race,race,Mercedes,RUS,100.681,27,101.5035,20,10,0.8225000000000051,100.99799999999999,0.6666666666666667,0.6666666666666667,0.7617724867724869,0.8115079365079365,-0.09081960026679484,0.9133196002667999
2024,Chinese Grand Prix,Race,race,RB,RIC,103.487,9,101.5035,20,10,-1.9834999999999923,102.964,0.0,0.0,0.29958333333333337,0.3412698412698413,0.04057543152386005,-2.0240754315238525
2024,Chinese Grand Prix,Race,race,RB,TSU,102.441,9,101.5035,20,10,-0.9375,102.964,0.0,0.0,0.29958333333333337,0.3412698412698413,-0.008871756926109803,-0.9286282430738902
2024,Chinese Grand Prix,Race,race,Red Bull Racing,PER,100.038,37,101.5035,20,10,1.4655000000000058,99.7355,1.0,1.0,0.7876984126984128,0.7893518518518517,0.6328857924494375,0.8326142075505683
2024,Chinese Grand Prix,Race,race,Red Bull Racing,VER,99.433,37,101.5035,20,10,2.0704999999999956,99.7355,1.0,1.0,0.7876984126984128,0.7893518518518517,1.05349042621627,1.0170095737837255
2024,Chinese Grand Prix,Race,race,Williams,ALB,101.509,27,101.5035,20,10,-0.00549999999999784,101.92750000000001,0.4444444444444444,0.4444444444444444,0.20833333333333334,0.15873015873015875,0.26859346837757936,-0.2740934683775772
2024,Chinese Grand Prix,Race,race,Williams,SAR,102.346,27,101.5035,20,10,-0.8425000000000011,101.92750000000001,0.4444444444444444,0.4444444444444444,0.20833333333333334,0.15873015873015875,0.01964940890246814,-0.8621494089024693
2024,Dutch Grand Prix,Qualifying,qualifying,Aston Martin,ALO,70.845,3,71.2875,16,8,0.44249999999999545,70.851,0.8571428571428572,0.5555555555555556,0.41736111111111107,0.4830246913580247,0.14345355062000661,0.2990464493799888
2024,Dutch Grand Prix,Qualifying,qualifying,Aston Martin,STR,70.857,3,71.2875,16,8,0.430499999999995,70.851,0.8571428571428572,0.5555555555555556,0.41736111111111107,0.4830246913580247,-0.11131040426236238,0.5418104042623574
2024,Dutch Grand Prix,Qualifying,qualifying,Ferrari,LEC,71.06,3,71.2875,16,8,0.22749999999999204,71.13,0.5714285714285714,0.6666666666666667,0.7934782608695652,0.7685185185185185,0.4980360426406395,-0.27053604264064746
2024,Dutch Grand Prix,Qualifying,qualifying,Ferrari,SAI,71.2,3,71.2875,16,8,0.08749999999999147,71.13,0.5714285714285714,0.6666666666666667,0.7934782608695652,0.7685185185185185,0.42089768077579187,-0.3333976807758004
2024,Dutch Grand Prix,Qualifying,qualifying,Haas F1 Team,HUL,71.832,5,71.2875,16,8,-0.5444999999999993,71.731,0.2857142857142857,0.11111111111111116,0.37247474747474746,0.3580246913580247,-0.46068755930034505,-0.08381244069965427
2024,Dutch Grand Prix,Qualifying,qualifying,Haas F1 Team,MAG,71.63,5,71.2875,16,8,-0.34250000000000114,71.731,0.2857142857142857,0.11111111111111116,0.37247474747474746,0.3580246913580247,-0.47901914619435665,0.1365191461943555
2024,Dutch Grand Prix,Qualifying,qualifying,Kick Sauber,BOT,72.537,3,71.2875,16,8,-1.2495000000000118,73.128,0.0,0.0,0.13492063492063494,0.15625,0.13799208001694666,-1.3874920800169586
2024,Dutch Grand Prix,Qualifying,qualifying,Kick Sauber,ZHO,73.719,3,71.2875,16,8,-2.4314999999999998,73.128,0.0,0.0,0.13492063492063494,0.15625,-0.13799208001694666,-2.2935079199830533
2024,Dutch Grand Prix,Qualifying,qualifying,McLaren,NOR,70.074,3,71.2875,16,8,1.2134999999999962,70.1335,1.0,1.0,0.8485507246376811,0.837962962962963,0.12450891586109554,1.0889910841389008
2024,Dutch Grand Prix,Qualifying,qualifying,McLaren,PIA,70.193,3,71.2875,16,8,1.0944999999999965,70.1335,1.0,1.0,0.8485507246376811,0.837962962962963,0.03443707754662947,1.060062922453367
2024,Dutch Grand Prix,Qualifying,qualifying,Mercedes,HAM,71.375,3,71.2875,16,8,-0.08750000000000568,71.6395,0.4285714285714286,0.8888888888888888,0.7617724867724869,0.7934027777777778,0.3949955738094543,-0.48249557380946
2024,Dutch Grand Prix,Qualifying,qualifying,Mercedes,RUS,71.904,3,71.2875,16,8,-0.616500000000002,71.6395,0.4285714285714286,0.8888888888888888,0.7617724867724869,0.7934027777777778,0.45271685282537005,-1.069216852825372
2024,Dutch Grand Prix,Qualifying,qualifying,RB,RIC,72.343,3,71.2875,16,8,-1.0555000000000092,72.356,0.1428571428571429,0.33333333333333337,0.29958333333333337,0.2986111111111111,-0.1338069192715026,-0.9216930807285066
2024,Dutch Grand Prix,Qualifying,qualifying,RB,TSU,72.369,3,71.2875,16,8,-1.0815000000000055,72.356,0.1428571428571429,0.33333333333333337,0.29958333333333337,0.2986111111111111,-0.01826717338177214,-1.0632328266182334
2024,Dutch Grand Prix,Qualifying,qualifying,Red Bull Racing,PER,71.1,3,71.2875,16,8,0.1875,70.9555,0.7142857142857143,0.7777777777777778,0.7876984126984128,0.8194444444444444,0.050894241176247655,0.13660575882375234
2024,Dutch Grand Prix,Qualifying,qualifying,Red Bull Racing,VER,70.811,3,71.2875,16,8,0.47649999999998727,70.9555,0.7142857142857143,0.7777777777777778,0.7876984126984128,0.8194444444444444,0.44653785362151754,0.029962146378469723
2024,Dutch Grand Prix,Race,race,Alpine,GAS,76.03800000000001,52,76.01150000000001,20,10,-0.026499999999998636,76.12100000000001,0.4444444444444444,0.4444444444444444,0.25628654970760234,0.2743055555555556,0.03412313799982952,-0.06062313799982816
2024,Dutch Grand Prix,Race,race,Alpine,OCO,76.20400000000001,52,76.01150000000001,20,10,-0.19249999999999545,76.12100000000001,0.4444444444444444,0.4444444444444444,0.25628654970760234,0.2743055555555556,-0.12843307985374308,-0.06406692014625237
2024,Dutch Grand Prix,Race,race,Aston Martin,ALO,76.1315,54,76.01150000000001,20,10,-0.11999999999999034,76.054,0.5555555555555556,0.5555555555555556,0.41736111111111107,0.4830246913580247,0.016901313346079846,-0.1369013133460702
2024,Dutch Grand Prix,Race,race,Aston Martin,STR,75.9765,54,76.01150000000001,20,10,0.0350000000000108,76.054,0.5555555555555556,0.5555555555555556,0.41736111111111107,0.4830246913580247,-0.2745680106068059,0.3095680106068167
2024,Dutch Grand Prix,Race,race,Ferrari,LEC,75.27250000000001,52,76.01150000000001,20,10,0.7390000000000043,75.18775000000001,0.6666666666666667,0.6666666666666667,0.7934782608695652,0.7685185185185185,0.1958228383996559,0.5431771616003485
2024,Dutch Grand Prix,Race,race,Ferrari,SAI,75.10300000000001,52,76.01150000000001,20,10,0.9085000000000036,75.18775000000001,0.6666666666666667,0.6666666666666667,0.7934782608695652,0.7685185185185185,0.13770117581501623,0.7707988241849875
2024,Dutch Grand Prix,Race,race,Haas F1 Team,HUL,76.41749999999999,44,76.01150000000001,20,10,-0.4059999999999775,76.75049999999999,0.11111111111111116,0.11111111111111116,0.37247474747474746,0.3580246913580247,-0.18641475160805335,-0.21958524839192414
2024,Dutch Grand Prix,Race,race,Haas F1 Team,MAG,77.08349999999999,44,76.01150000000001,20,10,-1.0719999999999743,76.75049999999999,0.11111111111111116,0.11111111111111116,0.37247474747474746,0.3580246913580247,-0.3934127617582333,-0.678587238241741
2024,Dutch Grand Prix,Race,race,Kick Sauber,BOT,76.83,42,76.01150000000001,20,10,-0.818499999999986,77.04400000000001,0.0,0.0,0.13492063492063494,0.15625,0.10127365318653098,-0.919773653186517
2024,Dutch Grand Prix,Race,race,Kick Sauber,ZHO,77.25800000000001,42,76.01150000000001,20,10,-1.2464999999999975,77.04400000000001,0.0,0.0,0.13492063492063494,0.15625,-0.10127365318653098,-1.1452263468134665
2024,Dutch Grand Prix,Race,race,McLaren,NOR,74.9015,60,76.01150000000001,20,10,1.1100000000000136,75.0305,1.0,1.0,0.8485507246376811,0.837962962962963,0.2594772926936577,0.8505227073063559
2024,Dutch Grand Prix,Race,race,McLaren,PIA,75.15950000000001,60,76.01150000000001,20,10,0.8520000000000039,75.0305,1.0,1.0,0.8485507246376811,0.837962962962963,0.12747228817738215,0.7245277118226217
2024,Dutch Grand Prix,Race,race,Mercedes,HAM,75.435,33,76.01150000000001,20,10,0.57650000000001,75.1405,0.8888888888888888,0.8888888888888888,0.7617724867724869,0.7934027777777778,-0.03013038881255811,0.6066303888125681
2024,Dutch Grand Prix,Race,race,Mercedes,RUS,74.846,33,76.01150000000001,20,10,1.1655000000000086,75.1405,0.8888888888888888,0.8888888888888888,0.7617724867724869,0.7934027777777778,-0.09081960026679484,1.2563196002668036
2024,Dutch Grand Prix,Race,race,RB,RIC,75.985,40,76.01150000000001,20,10,0.026500000000012847,76.19725,0.33333333333333337,0.33333333333333337,0.29958333333333337,0.2986111111111111,0.04057543152386005,-0.014075431523847201
2024,Dutch Grand Prix,Race,race,RB,TSU,76.40950000000001,40,76.01150000000001,20,10,-0.39799999999999613,76.19725,0.33333333333333337,0.33333333333333337,0.29958333333333337,0.2986111111111111,-0.008871756926109803,-0.3891282430738863
2024,Dutch Grand Prix,Race,race,Red Bull Racing,PER,75.18299999999999,56,76.01150000000001,20,10,0.8285000000000196,75.16375,0.7777777777777778,0.7777777777777778,0.7876984126984128,0.8194444444444444,0.6328857924494375,0.195614207550582
2024,Dutch Grand Prix,Race,race,Red Bull Racing,VER,75.1445,56,76.01150000000001,20,10,0.8670000000000186,75.16375,0.7777777777777778,0.7777777777777778,0.7876984126984128,0.8194444444444444,1.05349042621627,-0.18649042621625145
2024,Dutch Grand Prix,Race,race,Williams,ALB,76.457,45,76.01150000000001,20,10,-0.44549999999998136,76.6485,0.2222222222222222,0.2222222222222222,0.20833333333333334,0.19444444444444445,0.26859346837757936,-0.7140934683775607
2024,Dutch Grand Prix,Race,race,Williams,SAR,76.84,45,76.01150000000001,20,10,-0.8284999999999911,76.6485,0.2222222222222222,0.2222222222222222,0.20833333333333334,0.19444444444444445,0.01964940890246814,-0.8481494089024593
2024,Emilia Romagna Grand Prix,Qualifying,qualifying,Alpine,GAS,76.381,3,75.49825,12,6,-0.8827500000000015,76.47149999999999,0.0,0.11111111111111116,0.25628654970760234,0.29320987654320985,-0.08121862419797127,-0.8015313758020302
2024,Emilia Romagna Grand Prix,Qualifying,qualifying,Alpine,OCO,76.562,3,75.49825,12,6,-1.0637499999999989,76.47149999999999,0.0,0.11111111111111116,0.25628654970760234,0.29320987654320985,-0.06464507161486799,-0.9991049283851309
2024,Emilia Romagna Grand Prix,Qualifying,qualifying,Ferrari,LEC,75.172,4,75.49825,12,6,0.3262500000000017,75.30975,0.8,0.8888888888888888,0.7934782608695652,0.7583333333333333,0.4980360426406395,-0.1717860426406378
2024,Emilia Romagna Grand Prix,Qualifying,qualifying,Ferrari,SAI,75.44749999999999,4,75.49825,12,6,0.050750000000007844,75.30975,0.8,0.8888888888888888,0.7934782608695652,0.7583333333333333,0.42089768077579187,-0.370147680775784
2024,Emilia Romagna Grand Prix,Qualifying,qualifying,McLaren,NOR,74.942,3,75.49825,12,6,0.5562500000000057,75.04499999999999,1.0,1.0,0.8485507246376811,0.8541666666666666,0.12450891586109554,0.43174108413891016
2024,Emilia Romagna Grand Prix,Qualifying,qualifying,McLaren,PIA,75.148,3,75.49825,12,6,0.3502500000000026,75.04499999999999,1.0,1.0,0.8485507246376811,0.8541666666666666,0.03443707754662947,0.31581292245337317
2024,Emilia Romagna Grand Prix,Qualifying,qualifying,Mercedes,HAM,75.78550000000001,4,75.49825,12,6,-0.28725000000001444,75.6585,0.4,0.7777777777777778,0.7617724867724869,0.8040123456790123,0.3949955738094543,-0.6822455738094688
2024,Emilia Romagna Grand Prix,Qualifying,qualifying,Mercedes,RUS,75.5315,4,75.49825,12,6,-0.03324999999999534,75.6585,0.4,0.7777777777777778,0.7617724867724869,0.8040123456790123,0.45271685282537005,-0.4859668528253654
2024,Emilia Romagna Grand Prix,Qualifying,qualifying,RB,RIC,75.967,3,75.49825,12,6,-0.46875,75.71600000000001,0.19999999999999996,0.2222222222222222,0.29958333333333337,0.30246913580246915,-0.1338069192715026,-0.33494308072849743
2024,Emilia Romagna Grand Prix,Qualifying,qualifying,RB,TSU,75.465,3,75.49825,12,6,0.03324999999999534,75.71600000000001,0.19999999999999996,0.2222222222222222,0.29958333333333337,0.30246913580246915,-0.01826717338177214,0.05151717338176748
2024,Emilia Romagna Grand Prix,Qualifying,qualifying,Red Bull Racing,PER,75.853,3,75.49825,12,6,-0.3547499999999957,75.61949999999999,0.6,0.6666666666666667,0.7876984126984128,0.8142361111111112,0.050894241176247655,-0.4056442411762433
2024,Emilia Romagna Grand Prix,Qualifying,qualifying,Red Bull Racing,VER,75.386,3,75.49825,12,6,0.11225000000000307,75.61949999999999,0.6,0.6666666666666667,0.7876984126984128,0.8142361111111112,0.44653785362151754,-0.3342878536215145
2024,Emilia Romagna Grand Prix,Race,race,Alpine,GAS,82.007,37,81.8655,20,10,-0.14150000000000773,82.28450000000001,0.11111111111111116,0.11111111111111116,0.25628654970760234,0.29320987654320985,0.03412313799982952,-0.17562313799983725
2024,Emilia Romagna Grand Prix,Race,race,Alpine,OCO,82.562,37,81.8655,20,10,-0.6965000000000003,82.28450000000001,0.11111111111111116,0.11111111111111116,0.25628654970760234,0.29320987654320985,-0.12843307985374308,-0.5680669201462573
2024,Emilia Romagna Grand Prix,Race,race,Aston Martin,ALO,81.7895,34,81.8655,20,10,0.0759999999999934,81.55600000000001,0.5555555555555556,0.5555555555555556,0.41736111111111107,0.49027777777777776,0.016901313346079846,0.05909868665391356
2024,Emilia Romagna Grand Prix,Race,race,Aston Martin,STR,81.3225,34,81.8655,20,10,0.5429999999999922,81.55600000000001,0.5555555555555556,0.5555555555555556,0.41736111111111107,0.49027777777777776,-0.2745680106068059,0.8175680106067981
2024,Emilia Romagna Grand Prix,Race,race,Ferrari,LEC,80.8505,46,81.8655,20,10,1.0150000000000006,80.923,0.8888888888888888,0.8888888888888888,0.7934782608695652,0.7583333333333333,0.1958228383996559,0.8191771616003447
2024,Emilia Romagna Grand Prix,Race,race,Ferrari,SAI,80.99549999999999,46,81.8655,20,10,0.8700000000000045,80.923,0.8888888888888888,0.8888888888888888,0.7934782608695652,0.7583333333333333,0.13770117581501623,0.7322988241849884
2024,Emilia Romagna Grand Prix,Race,race,Haas F1 Team,HUL,82.38650000000001,30,81.8655,20,10,-0.521000000000015,81.99075,0.4444444444444444,0.4444444444444444,0.37247474747474746,0.33333333333333337,-0.18641475160805335,-0.3345852483919617
2024,Emilia Romagna Grand Prix,Race,race,Haas F1 Team,MAG,81.595,30,81.8655,20,10,0.2704999999999984,81.99075,0.4444444444444444,0.4444444444444444,0.37247474747474746,0.33333333333333337,-0.3934127617582333,0.6639127617582317
2024,Emilia Romagna Grand Prix,Race,race,Kick Sauber,BOT,82.59700000000001,34,81.8655,20,10,-0.7315000000000111,82.81200000000001,0.0,0.0,0.13492063492063494,0.1388888888888889,0.10127365318653098,-0.8327736531865422
2024,Emilia Romagna Grand Prix,Race,race,Kick Sauber,ZHO,83.027,34,81.8655,20,10,-1.1615000000000038,82.81200000000001,0.0,0.0,0.13492063492063494,0.1388888888888889,-0.10127365318653098,-1.0602263468134727
2024,Emilia Romagna Grand Prix,Race,race,McLaren,NOR,80.80699999999999,52,81.8655,20,10,1.0585000000000093,80.85374999999999,1.0,1.0,0.8485507246376811,0.8541666666666666,0.2594772926936577,0.7990227073063516
2024,Emilia Romagna Grand Prix,Race,race,McLaren,PIA,80.9005,52,81.8655,20,10,0.9650000000000034,80.85374999999999,1.0,1.0,0.8485507246376811,0.8541666666666666,0.12747228817738215,0.8375277118226212
2024,Emilia Romagna Grand Prix,Race,race,Mercedes,HAM,81.179,40,81.8655,20,10,0.6864999999999952,81.213,0.7777777777777778,0.7777777777777778,0.7617724867724869,0.8040123456790123,-0.03013038881255811,0.7166303888125534
2024,Emilia Romagna Grand Prix,Race,race,Mercedes,RUS,81.247,40,81.8655,20,10,0.6184999999999974,81.213,0.7777777777777778,0.7777777777777778,0.7617724867724869,0.8040123456790123,-0.09081960026679484,0.7093196002667922
2024,Emilia Romagna Grand Prix,Race,race,RB,RIC,82.251,42,81.8655,20,10,-0.3855000000000075,82.23525000000001,0.2222222222222222,0.2222222222222222,0.29958333333333337,0.30246913580246915,0.04057543152386005,-0.42607543152386756
2024,Emilia Romagna Grand Prix,Race,race,RB,TSU,82.2195,42,81.8655,20,10,-0.3539999999999992,82.23525000000001,0.2222222222222222,0.2222222222222222,0.29958333333333337,0.30246913580246915,-0.008871756926109803,-0.3451282430738894
2024,Emilia Romagna Grand Prix,Race,race,Red Bull Racing,PER,81.94149999999999,48,81.8655,20,10,-0.0759999999999934,81.35125,0.6666666666666667,0.6666666666666667,0.7876984126984128,0.8142361111111112,0.6328857924494375,-0.708885792449431
2024,Emilia Romagna Grand Prix,Race,race,Red Bull Racing,VER,80.761,48,81.8655,20,10,1.1045000000000016,81.35125,0.6666666666666667,0.6666666666666667,0.7876984126984128,0.8142361111111112,1.05349042621627,0.0510095737837315
2024,Emilia Romagna Grand Prix,Race,race,Williams,ALB,82.0275,18,81.8655,20,10,-0.16200000000000614,81.99775,0.33333333333333337,0.33333333333333337,0.20833333333333334,0.19753086419753085,0.26859346837757936,-0.4305934683775855
2024,Emilia Romagna Grand Prix,Race,race,Williams,SAR,81.96799999999999,18,81.8655,20,10,-0.10249999999999204,81.99775,0.33333333333333337,0.33333333333333337,0.20833333333333334,0.19753086419753085,0.01964940890246814,-0.12214940890246018
2024,Hungarian Grand Prix,Qualifying,qualifying,Ferrari,LEC,75.905,1,76.31649999999999,8,4,0.41149999999998954,76.05449999999999,0.6666666666666667,0.8888888888888888,0.7934782608695652,0.7702020202020201,0.4980360426406395,-0.08653604264064996
2024,Hungarian Grand Prix,Qualifying,qualifying,Ferrari,SAI,76.204,1,76.31649999999999,8,4,0.11249999999999716,76.05449999999999,0.6666666666666667,0.8888888888888888,0.7934782608695652,0.7702020202020201,0.42089768077579187,-0.3083976807757947
2024,Hungarian Grand Prix,Qualifying,qualifying,McLaren,NOR,75.227,1,76.31649999999999,8,4,1.0894999999999868,75.545,1.0,0.6666666666666667,0.8485507246376811,0.8674242424242423,0.12450891586109554,0.9649910841388912
2024,Hungarian Grand Prix,Qualifying,qualifying,McLaren,PIA,75.863,1,76.31649999999999,8,4,0.45349999999999113,75.545,1.0,0.6666666666666667,0.8485507246376811,0.8674242424242423,0.03443707754662947,0.4190629224533617
2024,Hungarian Grand Prix,Qualifying,qualifying,RB,RIC,76.587,1,76.31649999999999,8,4,-0.2705000000000126,76.53200000000001,0.0,0.4444444444444444,0.29958333333333337,0.29444444444444445,-0.1338069192715026,-0.13669308072851002
2024,Hungarian Grand Prix,Qualifying,qualifying,RB,TSU,76.477,1,76.31649999999999,8,4,-0.1605000000000132,76.53200000000001,0.0,0.4444444444444444,0.29958333333333337,0.29444444444444445,-0.01826717338177214,-0.14223282661824105
2024,Hungarian Grand Prix,Qualifying,qualifying,Williams,ALB,76.429,1,76.31649999999999,8,4,-0.11250000000001137,76.486,0.33333333333333337,0.2222222222222222,0.20833333333333334,0.2111111111111111,0.4053446987189551,-0.5178446987189664
2024,Hungarian Grand Prix,Qualifying,qualifying,Williams,SAR,76.543,1,76.31649999999999,8,4,-0.2265000000000157,76.486,0.33333333333333337,0.2222222222222222,0.20833333333333334,0.2111111111111111,0.048932265649148064,-0.27543226564916373
2024,Hungarian Grand Prix,Race,race,Alpine,GAS,85.6865,22,84.1675,20,10,-1.5189999999999912,85.60575,0.0,0.0,0.25628654970760234,0.275,0.03412313799982952,-1.5531231379998207
2024,Hungarian Grand Prix,Race,race,Alpine,OCO,85.525,22,84.1675,20,10,-1.3575000000000017,85.60575,0.0,0.0,0.25628654970760234,0.275,-0.12843307985374308,-1.2290669201462587
2024,Hungarian Grand Prix,Race,race,Aston Martin,ALO,84.076,43,84.1675,20,10,0.09150000000001057,84.1545,0.5555555555555556,0.5555555555555556,0.41736111111111107,0.49621212121212116,0.016901313346079846,0.07459868665393073
2024,Hungarian Grand Prix,Race,race,Aston Martin,STR,84.233,43,84.1675,20,10,-0.06550000000000011,84.1545,0.5555555555555556,0.5555555555555556,0.41736111111111107,0.49621212121212116,-0.2745680106068059,0.2090680106068058
2024,Hungarian Grand Prix,Race,race,Ferrari,LEC,83.3375,48,84.1675,20,10,0.8299999999999983,83.35825,0.8888888888888888,0.8888888888888888,0.7934782608695652,0.7702020202020201,0.1958228383996559,0.6341771616003424
2024,Hungarian Grand Prix,Race,race,Ferrari,SAI,83.379,48,84.1675,20,10,0.7884999999999991,83.35825,0.8888888888888888,0.8888888888888888,0.7934782608695652,0.7702020202020201,0.13770117581501623,0.6507988241849829
2024,Hungarian Grand Prix,Race,race,Haas F1 Team,HUL,84.6815,48,84.1675,20,10,-0.5139999999999958,84.8255,0.33333333333333337,0.33333333333333337,0.37247474747474746,0.3434343434343435,-0.18641475160805335,-0.3275852483919425
2024,Hungarian Grand Prix,Race,race,Haas F1 Team,MAG,84.9695,48,84.1675,20,10,-0.8019999999999925,84.8255,0.33333333333333337,0.33333333333333337,0.37247474747474746,0.3434343434343435,-0.3934127617582333,-0.4085872382417592
2024,Hungarian Grand Prix,Race,race,Kick Sauber,BOT,85.109,42,84.1675,20,10,-0.9414999999999907,85.26974999999999,0.11111111111111116,0.11111111111111116,0.13492063492063494,0.125,0.10127365318653098,-1.0427736531865217
2024,Hungarian Grand Prix,Race,race,Kick Sauber,ZHO,85.4305,42,84.1675,20,10,-1.262999999999991,85.26974999999999,0.11111111111111116,0.11111111111111116,0.13492063492063494,0.125,-0.10127365318653098,-1.16172634681346
2024,Hungarian Grand Prix,Race,race,McLaren,NOR,83.645,56,84.1675,20,10,0.522500000000008,83.59174999999999,0.6666666666666667,0.6666666666666667,0.8485507246376811,0.8674242424242423,0.2594772926936577,0.26302270730635025
2024,Hungarian Grand Prix,Race,race,McLaren,PIA,83.5385,56,84.1675,20,10,0.6290000000000049,83.59174999999999,0.6666666666666667,0.6666666666666667,0.8485507246376811,0.8674242424242423,0.12747228817738215,0.5015277118226227
2024,Hungarian Grand Prix,Race,race,Mercedes,HAM,83.332,49,84.1675,20,10,0.8355000000000103,83.217,1.0,1.0,0.7617724867724869,0.8013888888888889,-0.03013038881255811,0.8656303888125685
2024,Hungarian Grand Prix,Race,race,Mercedes,RUS,83.102,49,84.1675,20,10,1.0655000000000001,83.217,1.0,1.0,0.7617724867724869,0.8013888888888889,-0.09081960026679484,1.156319600266795
2024,Hungarian Grand Prix,Race,race,RB,RIC,85.32650000000001,36,84.1675,20,10,-1.159000000000006,84.71425,0.4444444444444444,0.4444444444444444,0.29958333333333337,0.29444444444444445,0.04057543152386005,-1.199575431523866
2024,Hungarian Grand Prix,Race,race,RB,TSU,84.102,36,84.1675,20,10,0.06550000000000011,84.71425,0.4444444444444444,0.4444444444444444,0.29958333333333337,0.29444444444444445,-0.008871756926109803,0.07437175692610992
2024,Hungarian Grand Prix,Race,race,Red Bull Racing,PER,82.927,47,84.1675,20,10,1.2404999999999973,83.465,0.7777777777777778,0.7777777777777778,0.7876984126984128,0.7978395061728395,0.6328857924494375,0.6076142075505597
2024,Hungarian Grand Prix,Race,race,Red Bull Racing,VER,84.003,47,84.1675,20,10,0.16450000000000387,83.465,0.7777777777777778,0.7777777777777778,0.7876984126984128,0.7978395061728395,1.05349042621627,-0.8889904262162662
2024,Hungarian Grand Prix,Race,race,Williams,ALB,84.842,48,84.1675,20,10,-0.6744999999999948,84.86425,0.2222222222222222,0.2222222222222222,0.20833333333333334,0.2111111111111111,0.26859346837757936,-0.9430934683775741
2024,Hungarian Grand Prix,Race,race,Williams,SAR,84.8865,48,84.1675,20,10,-0.7189999999999941,84.86425,0.2222222222222222,0.2222222222222222,0.20833333333333334,0.2111111111111111,0.01964940890246814,-0.7386494089024622
2024,Italian Grand Prix,Qualifying,qualifying,Alpine,GAS,80.8785,4,79.86475,12,6,-1.0137500000000017,80.85175000000001,0.0,0.125,0.25628654970760234,0.25,-0.08121862419797127,-0.9325313758020304
2024,Italian Grand Prix,Qualifying,qualifying,Alpine,OCO,80.825,4,79.86475,12,6,-0.960250000000002,80.85175000000001,0.0,0.125,0.25628654970760234,0.25,-0.06464507161486799,-0.8956049283851341
2024,Italian Grand Prix,Qualifying,qualifying,Ferrari,LEC,79.8555,4,79.86475,12,6,0.00924999999999443,79.80275,0.6,0.875,0.7934782608695652,0.7800925925925926,0.4980360426406395,-0.48878604264064507
2024,Italian Grand Prix,Qualifying,qualifying,Ferrari,SAI,79.75,4,79.86475,12,6,0.1147500000000008,79.80275,0.6,0.875,0.7934782608695652,0.7800925925925926,0.42089768077579187,-0.3061476807757911
2024,Italian Grand Prix,Qualifying,qualifying,Haas F1 Team,HUL,80.434,3,79.86475,12,6,-0.5692499999999967,80.645,0.19999999999999996,0.25,0.37247474747474746,0.3425925925925926,-0.46068755930034505,-0.10856244069965165
2024,Italian Grand Prix,Qualifying,qualifying,Haas F1 Team,MAG,80.856,3,79.86475,12,6,-0.9912499999999937,80.645,0.19999999999999996,0.25,0.37247474747474746,0.3425925925925926,-0.47901914619435665,-0.512230853805637
2024,Italian Grand Prix,Qualifying,qualifying,McLaren,NOR,79.401,3,79.86475,12,6,0.46375000000000455,79.531,1.0,1.0,0.8485507246376811,0.8506944444444445,0.12450891586109554,0.339241084138909
2024,Italian Grand Prix,Qualifying,qualifying,McLaren,PIA,79.661,3,79.86475,12,6,0.20374999999999943,79.531,1.0,1.0,0.8485507246376811,0.8506944444444445,0.03443707754662947,0.16931292245336996
2024,Italian Grand Prix,Qualifying,qualifying,Mercedes,HAM,79.62100000000001,4,79.86475,12,6,0.24374999999999147,79.672,0.8,0.75,0.7617724867724869,0.8194444444444445,0.3949955738094543,-0.15124557380946285
2024,Italian Grand Prix,Qualifying,qualifying,Mercedes,RUS,79.723,4,79.86475,12,6,0.14175000000000182,79.672,0.8,0.75,0.7617724867724869,0.8194444444444445,0.45271685282537005,-0.31096685282536823
2024,Italian Grand Prix,Qualifying,qualifying,Red Bull Racing,PER,80.216,3,79.86475,12,6,-0.3512499999999932,80.04499999999999,0.4,0.625,0.7876984126984128,0.7958333333333334,0.050894241176247655,-0.4021442411762408
2024,Italian Grand Prix,Qualifying,qualifying,Red Bull Racing,VER,79.874,3,79.86475,12,6,-0.00924999999999443,80.04499999999999,0.4,0.625,0.7876984126984128,0.7958333333333334,0.44653785362151754,-0.455787853621512
2024,Italian Grand Prix,Race,race,Alpine,GAS,85.781,26,84.74725000000001,18,9,-1.0337499999999977,85.9125,0.125,0.125,0.25628654970760234,0.25,0.03412313799982952,-1.0678731379998272
2024,Italian Grand Prix,Race,race,Alpine,OCO,86.044,26,84.74725000000001,18,9,-1.2967499999999887,85.9125,0.125,0.125,0.25628654970760234,0.25,-0.12843307985374308,-1.1683169201462458
2024,Italian Grand Prix,Race,race,Aston Martin,ALO,84.67,35,84.74725000000001,18,9,0.07725000000000648,84.76650000000001,0.5,0.5,0.41736111111111107,0.5011574074074074,0.016901313346079846,0.060348686653926634
2024,Italian Grand Prix,Race,race,Aston Martin,STR,84.863,35,84.74725000000001,18,9,-0.11574999999999136,84.76650000000001,0.5,0.5,0.41736111111111107,0.5011574074074074,-0.2745680106068059,0.15881801060681455
2024,Italian Grand Prix,Race,race,Ferrari,LEC,83.71600000000001,38,84.74725000000001,18,9,1.03125,83.7485,0.875,0.875,0.7934782608695652,0.7800925925925926,0.1958228383996559,0.8354271616003441
2024,Italian Grand Prix,Race,race,Ferrari,SAI,83.781,38,84.74725000000001,18,9,0.9662500000000023,83.7485,0.875,0.875,0.7934782608695652,0.7800925925925926,0.13770117581501623,0.8285488241849861
2024,Italian Grand Prix,Race,race,Haas F1 Team,HUL,85.4855,24,84.74725000000001,18,9,-0.7382499999999936,85.13325,0.25,0.25,0.37247474747474746,0.3425925925925926,-0.18641475160805335,-0.5518352483919403
2024,Italian Grand Prix,Race,race,Haas F1 Team,MAG,84.781,24,84.74725000000001,18,9,-0.033749999999997726,85.13325,0.25,0.25,0.37247474747474746,0.3425925925925926,-0.3934127617582333,0.3596627617582356
2024,Italian Grand Prix,Race,race,Kick Sauber,BOT,86.3365,34,84.74725000000001,18,9,-1.5892499999999927,86.0875,0.0,0.0,0.13492063492063494,0.12373737373737374,0.10127365318653098,-1.6905236531865238
2024,Italian Grand Prix,Race,race,Kick Sauber,ZHO,85.8385,34,84.74725000000001,18,9,-1.091249999999988,86.0875,0.0,0.0,0.13492063492063494,0.12373737373737374,-0.10127365318653098,-0.989976346813457
2024,Italian Grand Prix,Race,race,McLaren,NOR,83.395,38,84.74725000000001,18,9,1.3522500000000122,83.33375000000001,1.0,1.0,0.8485507246376811,0.8506944444444445,0.2594772926936577,1.0927727073063545
2024,Italian Grand Prix,Race,race,McLaren,PIA,83.27250000000001,38,84.74725000000001,18,9,1.4747500000000002,83.33375000000001,1.0,1.0,0.8485507246376811,0.8506944444444445,0.12747228817738215,1.347277711822618
2024,Italian Grand Prix,Race,race,Mercedes,HAM,83.445,33,84.74725000000001,18,9,1.302250000000015,84.0025,0.75,0.75,0.7617724867724869,0.8194444444444445,-0.03013038881255811,1.3323803888125731
2024,Italian Grand Prix,Race,race,Mercedes,RUS,84.56,33,84.74725000000001,18,9,0.1872500000000059,84.0025,0.75,0.75,0.7617724867724869,0.8194444444444445,-0.09081960026679484,0.2780696002668007
2024,Italian Grand Prix,Race,race,Red Bull Racing,PER,84.7135,34,84.74725000000001,18,9,0.03375000000001194,84.53649999999999,0.625,0.625,0.7876984126984128,0.7958333333333334,0.6328857924494375,-0.5991357924494256
2024,Italian Grand Prix,Race,race,Red Bull Racing,VER,84.3595,34,84.74725000000001,18,9,0.38775000000001114,84.53649999999999,0.625,0.625,0.7876984126984128,0.7958333333333334,1.05349042621627,-0.665740426216259
2024,Italian Grand Prix,Race,race,Williams,ALB,85.059,42,84.74725000000001,18,9,-0.3117499999999893,85.0155,0.375,0.375,0.20833333333333334,0.21212121212121213,0.26859346837757936,-0.5803434683775687
2024,Italian Grand Prix,Race,race,Williams,COL,84.972,42,84.74725000000001,18,9,-0.22474999999998602,85.0155,0.375,0.375,0.20833333333333334,0.21212121212121213,0.06255266167480363,-0.28730266167478963
2024,Japanese Grand Prix,Qualifying,qualifying,Ferrari,LEC,89.196,3,89.04675,10,5,-0.149249999999995,89.14750000000001,0.25,0.5,0.7934782608695652,0.7873931623931624,0.4980360426406395,-0.6472860426406345
2024,Japanese Grand Prix,Qualifying,qualifying,Ferrari,SAI,89.099,3,89.04675,10,5,-0.052250000000000796,89.14750000000001,0.25,0.5,0.7934782608695652,0.7873931623931624,0.42089768077579187,-0.47314768077579267
2024,Japanese Grand Prix,Qualifying,qualifying,McLaren,NOR,88.585,3,89.04675,10,5,0.4617500000000092,88.8,0.75,0.8333333333333334,0.8485507246376811,0.8621794871794872,0.12450891586109554,0.3372410841389137
2024,Japanese Grand Prix,Qualifying,qualifying,McLaren,PIA,89.015,3,89.04675,10,5,0.03175000000000239,88.8,0.75,0.8333333333333334,0.8485507246376811,0.8621794871794872,0.03443707754662947,-0.00268707754662708
2024,Japanese Grand Prix,Qualifying,qualifying,Mercedes,HAM,88.88,4,89.04675,10,5,0.1667500000000075,88.97925,0.5,0.6666666666666667,0.7617724867724869,0.8136574074074074,0.3949955738094543,-0.22824557380944682
2024,Japanese Grand Prix,Qualifying,qualifying,Mercedes,RUS,89.07849999999999,4,89.04675,10,5,-0.03174999999998818,88.97925,0.5,0.6666666666666667,0.7617724867724869,0.8136574074074074,0.45271685282537005,-0.48446685282535823
2024,Japanese Grand Prix,Qualifying,qualifying,RB,RIC,89.916,4,89.04675,10,5,-0.8692499999999939,89.857,0.0,,0.29958333333333337,,-0.1338069192715026,-0.7354430807284913
2024,Japanese Grand Prix,Qualifying,qualifying,RB,TSU,89.798,4,89.04675,10,5,-0.7512499999999989,89.857,0.0,,0.29958333333333337,,-0.01826717338177214,-0.7329828266182268
2024,Japanese Grand Prix,Qualifying,qualifying,Red Bull Racing,PER,88.605,3,89.04675,10,5,0.441749999999999,88.4225,1.0,1.0,0.7876984126984128,0.7803030303030304,0.050894241176247655,0.39085575882375134
2024,Japanese Grand Prix,Qualifying,qualifying,Red Bull Racing,VER,88.24,3,89.04675,10,5,0.8067500000000081,88.4225,1.0,1.0,0.7876984126984128,0.7803030303030304,0.44653785362151754,0.3602121463784905
2024,Japanese Grand Prix,Race,race,Alpine,GAS,98.8835,34,97.28475,14,7,-1.5987499999999955,98.9085,0.0,0.0,0.25628654970760234,0.23958333333333334,0.03412313799982952,-1.632873137999825
2024,Japanese Grand Prix,Race,race,Alpine,OCO,98.93350000000001,34,97.28475,14,7,-1.6487500000000068,98.9085,0.0,0.0,0.25628654970760234,0.23958333333333334,-0.12843307985374308,-1.5203169201462639
2024,Japanese Grand Prix,Race,race,Aston Martin,ALO,97.453,25,97.28475,14,7,-0.16825000000000045,97.789,0.33333333333333337,0.33333333333333337,0.41736111111111107,0.5010683760683761,0.016901313346079846,-0.18515131334608032
2024,Japanese Grand Prix,Race,race,Aston Martin,STR,98.125,25,97.28475,14,7,-0.8402499999999975,97.789,0.33333333333333337,0.33333333333333337,0.41736111111111107,0.5010683760683761,-0.2745680106068059,-0.5656819893931916
2024,Japanese Grand Prix,Race,race,Ferrari,LEC,97.523,27,97.28475,14,7,-0.23824999999999363,97.21199999999999,0.5,0.5,0.7934782608695652,0.7873931623931624,0.1958228383996559,-0.4340728383996495
2024,Japanese Grand Prix,Race,race,Ferrari,SAI,96.901,27,97.28475,14,7,0.38375000000000625,97.21199999999999,0.5,0.5,0.7934782608695652,0.7873931623931624,0.13770117581501623,0.24604882418499002
2024,Japanese Grand Prix,Race,race,Haas F1 Team,HUL,99.042,21,97.28475,14,7,-1.757249999999999,98.352,0.16666666666666663,0.16666666666666663,0.37247474747474746,0.3354700854700855,-0.18641475160805335,-1.5708352483919457
2024,Japanese Grand Prix,Race,race,Haas F1 Team,MAG,97.662,21,97.28475,14,7,-0.37725000000000364,98.352,0.16666666666666663,0.16666666666666663,0.37247474747474746,0.3354700854700855,-0.3934127617582333,0.01616276175822967
2024,Japanese Grand Prix,Race,race,McLaren,NOR,96.4015,32,97.28475,14,7,0.8832500000000039,96.759,0.8333333333333334,0.8333333333333334,0.8485507246376811,0.8621794871794872,0.2594772926936577,0.6237727073063462
2024,Japanese Grand Prix,Race,race,McLaren,PIA,97.1165,32,97.28475,14,7,0.16825000000000045,96.759,0.8333333333333334,0.8333333333333334,0.8485507246376811,0.8621794871794872,0.12747228817738215,0.0407777118226183
2024,Japanese Grand Prix,Race,race,Mercedes,HAM,96.6115,32,97.28475,14,7,0.6732499999999959,96.81975,0.6666666666666667,0.6666666666666667,0.7617724867724869,0.8136574074074074,-0.03013038881255811,0.703380388812554
2024,Japanese Grand Prix,Race,race,Mercedes,RUS,97.02799999999999,32,97.28475,14,7,0.2567500000000109,96.81975,0.6666666666666667,0.6666666666666667,0.7617724867724869,0.8136574074074074,-0.09081960026679484,0.3475696002668057
2024,Japanese Grand Prix,Race,race,Red Bull Racing,PER,96.61449999999999,38,97.28475,14,7,0.67025000000001,96.517,1.0,1.0,0.7876984126984128,0.7803030303030304,0.6328857924494375,0.03736420755057246
2024,Japanese Grand Prix,Race,race,Red Bull Racing,VER,96.4195,38,97.28475,14,7,0.8652500000000032,96.517,1.0,1.0,0.7876984126984128,0.7803030303030304,1.05349042621627,-0.1882404262162669
2024,Las Vegas Grand Prix,Qualifying,qualifying,Alpine,GAS,93.756,4,93.6385,16,8,-0.11750000000000682,93.97675,0.4285714285714286,,0.25628654970760234,,-0.08121862419797127,-0.036281375802035554
2024,Las Vegas Grand Prix,Qualifying,qualifying,Alpine,OCO,94.19749999999999,4,93.6385,16,8,-0.5589999999999975,93.97675,0.4285714285714286,,0.25628654970760234,,-0.06464507161486799,-0.4943549283851295
2024,Las Vegas Grand Prix,Qualifying,qualifying,Ferrari,LEC,93.016,3,93.6385,16,8,0.6224999999999881,93.019,0.8571428571428572,0.875,0.7934782608695652,0.7668650793650793,0.4980360426406395,0.12446395735934856
2024,Las Vegas Grand Prix,Qualifying,qualifying,Ferrari,SAI,93.022,3,93.6385,16,8,0.6164999999999878,93.019,0.8571428571428572,0.875,0.7934782608695652,0.7668650793650793,0.42089768077579187,0.19560231922419596
2024,Las Vegas Grand Prix,Qualifying,qualifying,Haas F1 Team,HUL,93.273,3,93.6385,16,8,0.36549999999999727,93.39699999999999,0.5714285714285714,0.375,0.37247474747474746,0.32341269841269843,-0.46068755930034505,0.8261875593003423
2024,Las Vegas Grand Prix,Qualifying,qualifying,Haas F1 Team,MAG,93.521,3,93.6385,16,8,0.11749999999999261,93.39699999999999,0.5714285714285714,0.375,0.37247474747474746,0.32341269841269843,-0.47901914619435665,0.5965191461943493
2024,Las Vegas Grand Prix,Qualifying,qualifying,Kick Sauber,BOT,95.163,3,93.6385,16,8,-1.5245000000000033,95.14349999999999,0.0,0.125,0.13492063492063494,0.11342592592592593,0.13799208001694666,-1.66249208001695
2024,Las Vegas Grand Prix,Qualifying,qualifying,Kick Sauber,ZHO,95.124,3,93.6385,16,8,-1.4855000000000018,95.14349999999999,0.0,0.125,0.13492063492063494,0.11342592592592593,-0.13799208001694666,-1.347507919983055
2024,Las Vegas Grand Prix,Qualifying,qualifying,McLaren,NOR,93.168,4,93.6385,16,8,0.47049999999998704,93.12650000000001,0.7142857142857143,0.625,0.8485507246376811,0.8601190476190476,0.12450891586109554,0.3459910841388915
2024,Las Vegas Grand Prix,Qualifying,qualifying,McLaren,PIA,93.08500000000001,4,93.6385,16,8,0.5534999999999854,93.12650000000001,0.7142857142857143,0.625,0.8485507246376811,0.8601190476190476,0.03443707754662947,0.519062922453356
2024,Las Vegas Grand Prix,Qualifying,qualifying,Mercedes,HAM,93.0505,4,93.6385,16,8,0.5879999999999939,92.94825,1.0,1.0,0.7617724867724869,0.8023504273504274,0.3949955738094543,0.19300442619053954
2024,Las Vegas Grand Prix,Qualifying,qualifying,Mercedes,RUS,92.846,4,93.6385,16,8,0.7924999999999898,92.94825,1.0,1.0,0.7617724867724869,0.8023504273504274,0.45271685282537005,0.3397831471746197
2024,Las Vegas Grand Prix,Qualifying,qualifying,RB,LAW,94.842,3,93.6385,16,8,-1.2035000000000053,94.547,0.1428571428571429,0.25,0.29958333333333337,0.30808080808080807,-0.24819032494534726,-0.9553096750546581
2024,Las Vegas Grand Prix,Qualifying,qualifying,RB,TSU,94.252,3,93.6385,16,8,-0.6135000000000019,94.547,0.1428571428571429,0.25,0.29958333333333337,0.30808080808080807,-0.01826717338177214,-0.5952328266182298
2024,Las Vegas Grand Prix,Qualifying,qualifying,Red Bull Racing,PER,94.612,3,93.6385,16,8,-0.9735000000000014,94.20599999999999,0.2857142857142857,0.75,0.7876984126984128,0.7986111111111112,0.050894241176247655,-1.024394241176249
2024,Las Vegas Grand Prix,Qualifying,qualifying,Red Bull Racing,VER,93.8,3,93.6385,16,8,-0.16150000000000375,94.20599999999999,0.2857142857142857,0.75,0.7876984126984128,0.7986111111111112,0.44653785362151754,-0.6080378536215213
2024,Las Vegas Grand Prix,Race,race,Aston Martin,ALO,98.482,26,98.39150000000001,18,9,-0.09049999999999159,98.31775,0.5,0.5,0.41736111111111107,0.48908730158730157,0.016901313346079846,-0.10740131334607143
2024,Las Vegas Grand Prix,Race,race,Aston Martin,STR,98.15350000000001,26,98.39150000000001,18,9,0.23799999999999955,98.31775,0.5,0.5,0.41736111111111107,0.48908730158730157,-0.2745680106068059,0.5125680106068055
2024,Las Vegas Grand Prix,Race,race,Ferrari,LEC,97.3715,32,98.39150000000001,18,9,1.0200000000000102,97.57,0.875,0.875,0.7934782608695652,0.7668650793650793,0.1958228383996559,0.8241771616003544
2024,Las Vegas Grand Prix,Race,race,Ferrari,SAI,97.7685,32,98.39150000000001,18,9,0.6230000000000047,97.57,0.875,0.875,0.7934782608695652,0.7668650793650793,0.13770117581501623,0.48529882418498843
2024,Las Vegas Grand Prix,Race,race,Haas F1 Team,HUL,98.779,24,98.39150000000001,18,9,-0.38749999999998863,98.91875,0.375,0.375,0.37247474747474746,0.32341269841269843,-0.18641475160805335,-0.20108524839193528
2024,Las Vegas Grand Prix,Race,race,Haas F1 Team,MAG,99.05850000000001,24,98.39150000000001,18,9,-0.6670000000000016,98.91875,0.375,0.375,0.37247474747474746,0.32341269841269843,-0.3934127617582333,-0.2735872382417683
2024,Las Vegas Grand Prix,Race,race,Kick Sauber,BOT,99.53200000000001,26,98.39150000000001,18,9,-1.140500000000003,99.31425,0.125,0.125,0.13492063492063494,0.11342592592592593,0.10127365318653098,-1.241773653186534
2024,Las Vegas Grand Prix,Race,race,Kick Sauber,ZHO,99.09649999999999,26,98.39150000000001,18,9,-0.7049999999999841,99.31425,0.125,0.125,0.13492063492063494,0.11342592592592593,-0.10127365318653098,-0.603726346813453
2024,Las Vegas Grand Prix,Race,race,McLaren,NOR,98.236,27,98.39150000000001,18,9,0.15550000000000352,98.2685,0.625,0.625,0.8485507246376811,0.8601190476190476,0.2594772926936577,-0.10397729269365419
2024,Las Vegas Grand Prix,Race,race,McLaren,PIA,98.301,27,98.39150000000001,18,9,0.0905000000000058,98.2685,0.625,0.625,0.8485507246376811,0.8601190476190476,0.12747228817738215,-0.036972288177376356
2024,Las Vegas Grand Prix,Race,race,Mercedes,HAM,97.091,33,98.39150000000001,18,9,1.3005000000000138,97.35,1.0,1.0,0.7617724867724869,0.8023504273504274,-0.03013038881255811,1.330630388812572
2024,Las Vegas Grand Prix,Race,race,Mercedes,RUS,97.609,33,98.39150000000001,18,9,0.7825000000000131,97.35,1.0,1.0,0.7617724867724869,0.8023504273504274,-0.09081960026679484,0.8733196002668079
2024,Las Vegas Grand Prix,Race,race,RB,LAW,99.385,27,98.39150000000001,18,9,-0.9934999999999974,98.9805,0.25,0.25,0.29958333333333337,0.30808080808080807,-0.0020845522345543707,-0.991415447765443
2024,Las Vegas Grand Prix,Race,race,RB,TSU,98.576,27,98.39150000000001,18,9,-0.18449999999998568,98.9805,0.25,0.25,0.29958333333333337,0.30808080808080807,-0.008871756926109803,-0.17562824307387587
2024,Las Vegas Grand Prix,Race,race,Red Bull Racing,PER,98.1,29,98.39150000000001,18,9,0.2915000000000134,97.907,0.75,0.75,0.7876984126984128,0.7986111111111112,0.6328857924494375,-0.34138579244942413
2024,Las Vegas Grand Prix,Race,race,Red Bull Racing,VER,97.714,29,98.39150000000001,18,9,0.6775000000000091,97.907,0.75,0.75,0.7876984126984128,0.7986111111111112,1.05349042621627,-0.375990426216261
2024,Las Vegas Grand Prix,Race,race,Williams,ALB,99.066,17,98.39150000000001,18,9,-0.6744999999999948,99.32,0.0,0.0,0.20833333333333334,0.22569444444444445,0.26859346837757936,-0.9430934683775741
2024,Las Vegas Grand Prix,Race,race,Williams,COL,99.574,17,98.39150000000001,18,9,-1.1824999999999903,99.32,0.0,0.0,0.20833333333333334,0.22569444444444445,0.06255266167480363,-1.245052661674794
2024,Mexico City Grand Prix,Qualifying,qualifying,Aston Martin,ALO,77.307,3,77.2445,12,6,-0.0625,77.43,0.19999999999999996,,0.41736111111111107,,0.14345355062000661,-0.20595355062000661
2024,Mexico City Grand Prix,Qualifying,qualifying,Aston Martin,STR,77.553,3,77.2445,12,6,-0.3084999999999951,77.43,0.19999999999999996,,0.41736111111111107,,-0.11131040426236238,-0.19718959573763273
2024,Mexico City Grand Prix,Qualifying,qualifying,Ferrari,LEC,76.528,4,77.2445,12,6,0.7164999999999964,76.4065,1.0,0.8333333333333334,0.7934782608695652,0.774074074074074,0.4980360426406395,0.21846395735935686
2024,Mexico City Grand Prix,Qualifying,qualifying,Ferrari,SAI,76.285,4,77.2445,12,6,0.9595000000000056,76.4065,1.0,0.8333333333333334,0.7934782608695652,0.774074074074074,0.42089768077579187,0.5386023192242138
2024,Mexico City Grand Prix,Qualifying,qualifying,Haas F1 Team,HUL,77.485,3,77.2445,12,6,-0.24049999999999727,77.333,0.4,0.5,0.37247474747474746,0.32685185185185184,-0.46068755930034505,0.22018755930034778
2024,Mexico City Grand Prix,Qualifying,qualifying,Haas F1 Team,MAG,77.181,3,77.2445,12,6,0.06350000000000477,77.333,0.4,0.5,0.37247474747474746,0.32685185185185184,-0.47901914619435665,0.5425191461943615
2024,Mexico City Grand Prix,Qualifying,qualifying,Kick Sauber,BOT,77.65,3,77.2445,12,6,-0.4055000000000035,77.95150000000001,0.0,0.0,0.13492063492063494,0.11431623931623933,0.13799208001694666,-0.5434920800169502
2024,Mexico City Grand Prix,Qualifying,qualifying,Kick Sauber,ZHO,78.253,3,77.2445,12,6,-1.008499999999998,77.95150000000001,0.0,0.0,0.13492063492063494,0.11431623931623933,-0.13799208001694666,-0.8705079199830513
2024,Mexico City Grand Prix,Qualifying,qualifying,Mercedes,HAM,76.712,3,77.2445,12,6,0.5324999999999989,76.6105,0.8,0.6666666666666667,0.7617724867724869,0.816468253968254,0.3949955738094543,0.13750442619054454
2024,Mexico City Grand Prix,Qualifying,qualifying,Mercedes,RUS,76.509,3,77.2445,12,6,0.7355000000000018,76.6105,0.8,0.6666666666666667,0.7617724867724869,0.816468253968254,0.45271685282537005,0.28278314717463177
2024,Mexico City Grand Prix,Qualifying,qualifying,RB,LAW,77.38,3,77.2445,12,6,-0.1354999999999933,77.281,0.6,,0.29958333333333337,,-0.24819032494534726,0.11269032494535397
2024,Mexico City Grand Prix,Qualifying,qualifying,RB,TSU,77.182,3,77.2445,12,6,0.0625,77.281,0.6,,0.29958333333333337,,-0.01826717338177214,0.08076717338177214
2024,Mexico City Grand Prix,Race,race,Alpine,GAS,82.27250000000001,42,81.61599999999999,14,7,-0.6565000000000225,82.76625000000001,0.16666666666666663,0.16666666666666663,0.25628654970760234,0.22115384615384615,0.03412313799982952,-0.690623137999852
2024,Mexico City Grand Prix,Race,race,Alpine,OCO,83.26,42,81.61599999999999,14,7,-1.6440000000000197,82.76625000000001,0.16666666666666663,0.16666666666666663,0.25628654970760234,0.22115384615384615,-0.12843307985374308,-1.5155669201462767
2024,Mexico City Grand Prix,Race,race,Ferrari,LEC,80.975,53,81.61599999999999,14,7,0.6409999999999911,80.9075,0.8333333333333334,0.8333333333333334,0.7934782608695652,0.774074074074074,0.1958228383996559,0.44517716160033527
2024,Mexico City Grand Prix,Race,race,Ferrari,SAI,80.84,53,81.61599999999999,14,7,0.775999999999982,80.9075,0.8333333333333334,0.8333333333333334,0.7934782608695652,0.774074074074074,0.13770117581501623,0.6382988241849659
2024,Mexico City Grand Prix,Race,race,Haas F1 Team,HUL,81.8825,52,81.61599999999999,14,7,-0.26650000000000773,81.667,0.5,0.5,0.37247474747474746,0.32685185185185184,-0.18641475160805335,-0.08008524839195438
2024,Mexico City Grand Prix,Race,race,Haas F1 Team,MAG,81.4515,52,81.61599999999999,14,7,0.16449999999998965,81.667,0.5,0.5,0.37247474747474746,0.32685185185185184,-0.3934127617582333,0.5579127617582229
2024,Mexico City Grand Prix,Race,race,Kick Sauber,BOT,83.241,47,81.61599999999999,14,7,-1.6250000000000142,83.36500000000001,0.0,0.0,0.13492063492063494,0.11431623931623933,0.10127365318653098,-1.7262736531865452
2024,Mexico City Grand Prix,Race,race,Kick Sauber,ZHO,83.489,47,81.61599999999999,14,7,-1.8730000000000189,83.36500000000001,0.0,0.0,0.13492063492063494,0.11431623931623933,-0.10127365318653098,-1.7717263468134878
2024,Mexico City Grand Prix,Race,race,McLaren,NOR,80.7065,44,81.61599999999999,14,7,0.90949999999998,80.82600000000001,1.0,1.0,0.8485507246376811,0.8444444444444444,0.2594772926936577,0.6500227073063223
2024,Mexico City Grand Prix,Race,race,McLaren,PIA,80.94550000000001,44,81.61599999999999,14,7,0.6704999999999757,80.82600000000001,1.0,1.0,0.8485507246376811,0.8444444444444444,0.12747228817738215,0.5430277118225935
2024,Mexico City Grand Prix,Race,race,Mercedes,HAM,81.33600000000001,50,81.61599999999999,14,7,0.2799999999999727,81.37775,0.6666666666666667,0.6666666666666667,0.7617724867724869,0.816468253968254,-0.03013038881255811,0.3101303888125308
2024,Mexico City Grand Prix,Race,race,Mercedes,RUS,81.4195,50,81.61599999999999,14,7,0.19649999999998613,81.37775,0.6666666666666667,0.6666666666666667,0.7617724867724869,0.816468253968254,-0.09081960026679484,0.28731960026678094
2024,Mexico City Grand Prix,Race,race,Red Bull Racing,PER,83.094,24,81.61599999999999,14,7,-1.4780000000000086,82.43724999999999,0.33333333333333337,0.33333333333333337,0.7876984126984128,0.7948717948717949,0.6328857924494375,-2.110885792449446
2024,Mexico City Grand Prix,Race,race,Red Bull Racing,VER,81.78049999999999,24,81.61599999999999,14,7,-0.16450000000000387,82.43724999999999,0.33333333333333337,0.33333333333333337,0.7876984126984128,0.7948717948717949,1.05349042621627,-1.217990426216274
2024,Miami Grand Prix,Qualifying,qualifying,Alpine,GAS,88.617,5,88.32249999999999,16,8,-0.29450000000001353,88.501,0.4285714285714286,0.2222222222222222,0.25628654970760234,0.2172619047619048,-0.08121862419797127,-0.21328137580204226
2024,Miami Grand Prix,Qualifying,qualifying,Alpine,OCO,88.385,5,88.32249999999999,16,8,-0.06250000000001421,88.501,0.4285714285714286,0.2222222222222222,0.25628654970760234,0.2172619047619048,-0.06464507161486799,0.0021450716148537774
2024,Miami Grand Prix,Qualifying,qualifying,Aston Martin,ALO,88.586,5,88.32249999999999,16,8,-0.2635000000000076,88.553,0.2857142857142857,0.33333333333333337,0.41736111111111107,0.4898148148148148,0.14345355062000661,-0.40695355062001426
2024,Miami Grand Prix,Qualifying,qualifying,Aston Martin,STR,88.52,5,88.32249999999999,16,8,-0.19750000000000512,88.553,0.2857142857142857,0.33333333333333337,0.41736111111111107,0.4898148148148148,-0.11131040426236238,-0.08618959573764273
2024,Miami Grand Prix,Qualifying,qualifying,Ferrari,LEC,87.666,4,88.32249999999999,16,8,0.6564999999999941,87.76474999999999,0.8571428571428572,1.0,0.7934782608695652,0.7777777777777778,0.4980360426406395,0.1584639573593546
2024,Miami Grand Prix,Qualifying,qualifying,Ferrari,SAI,87.8635,4,88.32249999999999,16,8,0.458999999999989,87.76474999999999,0.8571428571428572,1.0,0.7934782608695652,0.7777777777777778,0.42089768077579187,0.0381023192241971
2024,Miami Grand Prix,Qualifying,qualifying,Haas F1 Team,HUL,88.945,3,88.32249999999999,16,8,-0.6225000000000023,88.83699999999999,0.0,0.4444444444444444,0.37247474747474746,0.3376736111111111,-0.46068755930034505,-0.16181244069965722
2024,Miami Grand Prix,Qualifying,qualifying,Haas F1 Team,MAG,88.729,3,88.32249999999999,16,8,-0.4065000000000083,88.83699999999999,0.0,0.4444444444444444,0.37247474747474746,0.3376736111111111,-0.47901914619435665,0.07251914619434835
2024,Miami Grand Prix,Qualifying,qualifying,McLaren,NOR,87.94399999999999,4,88.32249999999999,16,8,0.3785000000000025,87.91024999999999,0.7142857142857143,0.6666666666666667,0.8485507246376811,0.8541666666666667,0.12450891586109554,0.253991084138907
2024,Miami Grand Prix,Qualifying,qualifying,McLaren,PIA,87.8765,4,88.32249999999999,16,8,0.44599999999999795,87.91024999999999,0.7142857142857143,0.6666666666666667,0.8485507246376811,0.8541666666666667,0.03443707754662947,0.4115629224533685
2024,Miami Grand Prix,Qualifying,qualifying,Mercedes,HAM,88.25999999999999,4,88.32249999999999,16,8,0.0625,88.17775,0.5714285714285714,0.8888888888888888,0.7617724867724869,0.8064814814814816,0.3949955738094543,-0.3324955738094543
2024,Miami Grand Prix,Qualifying,qualifying,Mercedes,RUS,88.0955,4,88.32249999999999,16,8,0.22699999999998965,88.17775,0.5714285714285714,0.8888888888888888,0.7617724867724869,0.8064814814814816,0.45271685282537005,-0.2257168528253804
2024,Miami Grand Prix,Qualifying,qualifying,RB,RIC,88.618,3,88.32249999999999,16,8,-0.2955000000000041,88.58699999999999,0.1428571428571429,0.7777777777777778,0.29958333333333337,0.30324074074074076,-0.1338069192715026,-0.1616930807285015
2024,Miami Grand Prix,Qualifying,qualifying,RB,TSU,88.556,3,88.32249999999999,16,8,-0.23350000000000648,88.58699999999999,0.1428571428571429,0.7777777777777778,0.29958333333333337,0.30324074074074076,-0.01826717338177214,-0.21523282661823434
2024,Miami Grand Prix,Qualifying,qualifying,Red Bull Racing,PER,87.79650000000001,4,88.32249999999999,16,8,0.525999999999982,87.64725000000001,1.0,0.5555555555555556,0.7876984126984128,0.7619047619047619,0.050894241176247655,0.4751057588237344
2024,Miami Grand Prix,Qualifying,qualifying,Red Bull Racing,VER,87.498,4,88.32249999999999,16,8,0.8244999999999862,87.64725000000001,1.0,0.5555555555555556,0.7876984126984128,0.7619047619047619,0.44653785362151754,0.3779621463784687
2024,Miami Grand Prix,Race,race,Alpine,GAS,93.104,22,93.05600000000001,20,10,-0.04799999999998761,93.10475,0.2222222222222222,0.2222222222222222,0.25628654970760234,0.2172619047619048,0.03412313799982952,-0.08212313799981713
2024,Miami Grand Prix,Race,race,Alpine,OCO,93.1055,22,93.05600000000001,20,10,-0.04949999999999477,93.10475,0.2222222222222222,0.2222222222222222,0.25628654970760234,0.2172619047619048,-0.12843307985374308,0.07893307985374831
2024,Miami Grand Prix,Race,race,Aston Martin,ALO,93.1515,28,93.05600000000001,20,10,-0.09549999999998704,93.0735,0.33333333333333337,0.33333333333333337,0.41736111111111107,0.4898148148148148,0.016901313346079846,-0.11240131334606689
2024,Miami Grand Prix,Race,race,Aston Martin,STR,92.99549999999999,28,93.05600000000001,20,10,0.06050000000001887,93.0735,0.33333333333333337,0.33333333333333337,0.41736111111111107,0.4898148148148148,-0.2745680106068059,0.3350680106068248
2024,Miami Grand Prix,Race,race,Ferrari,LEC,91.9605,30,93.05600000000001,20,10,1.0955000000000155,91.76724999999999,1.0,1.0,0.7934782608695652,0.7777777777777778,0.1958228383996559,0.8996771616003596
2024,Miami Grand Prix,Race,race,Ferrari,SAI,91.574,30,93.05600000000001,20,10,1.4820000000000135,91.76724999999999,1.0,1.0,0.7934782608695652,0.7777777777777778,0.13770117581501623,1.3442988241849974
2024,Miami Grand Prix,Race,race,Haas F1 Team,HUL,93.5495,30,93.05600000000001,20,10,-0.4934999999999832,93.06625,0.4444444444444444,0.4444444444444444,0.37247474747474746,0.3376736111111111,-0.18641475160805335,-0.30708524839192985
2024,Miami Grand Prix,Race,race,Haas F1 Team,MAG,92.583,30,93.05600000000001,20,10,0.4730000000000132,93.06625,0.4444444444444444,0.4444444444444444,0.37247474747474746,0.3376736111111111,-0.3934127617582333,0.8664127617582464
2024,Miami Grand Prix,Race,race,Kick Sauber,BOT,93.00800000000001,26,93.05600000000001,20,10,0.04800000000000182,93.56925000000001,0.11111111111111116,0.11111111111111116,0.13492063492063494,0.10615079365079365,0.10127365318653098,-0.05327365318652916
2024,Miami Grand Prix,Race,race,Kick Sauber,ZHO,94.1305,26,93.05600000000001,20,10,-1.0744999999999862,93.56925000000001,0.11111111111111116,0.11111111111111116,0.13492063492063494,0.10615079365079365,-0.10127365318653098,-0.9732263468134552
2024,Miami Grand Prix,Race,race,McLaren,NOR,93.15,29,93.05600000000001,20,10,-0.09399999999999409,93.01400000000001,0.6666666666666667,0.6666666666666667,0.8485507246376811,0.8541666666666667,0.2594772926936577,-0.3534772926936518
2024,Miami Grand Prix,Race,race,McLaren,PIA,92.878,29,93.05600000000001,20,10,0.17800000000001148,93.01400000000001,0.6666666666666667,0.6666666666666667,0.8485507246376811,0.8541666666666667,0.12747228817738215,0.05052771182262933
2024,Miami Grand Prix,Race,race,Mercedes,HAM,92.932,25,93.05600000000001,20,10,0.12400000000000944,92.7635,0.8888888888888888,0.8888888888888888,0.7617724867724869,0.8064814814814816,-0.03013038881255811,0.15413038881256755
2024,Miami Grand Prix,Race,race,Mercedes,RUS,92.595,25,93.05600000000001,20,10,0.46100000000001273,92.7635,0.8888888888888888,0.8888888888888888,0.7617724867724869,0.8064814814814816,-0.09081960026679484,0.5518196002668075
2024,Miami Grand Prix,Race,race,RB,RIC,93.4485,32,93.05600000000001,20,10,-0.3924999999999841,92.90075,0.7777777777777778,0.7777777777777778,0.29958333333333337,0.30324074074074076,0.04057543152386005,-0.43307543152384415
2024,Miami Grand Prix,Race,race,RB,TSU,92.35300000000001,32,93.05600000000001,20,10,0.703000000000003,92.90075,0.7777777777777778,0.7777777777777778,0.29958333333333337,0.30324074074074076,-0.008871756926109803,0.7118717569261127
2024,Miami Grand Prix,Race,race,Red Bull Racing,PER,93.174,19,93.05600000000001,20,10,-0.117999999999995,93.047,0.5555555555555556,0.5555555555555556,0.7876984126984128,0.7619047619047619,0.6328857924494375,-0.7508857924494325
2024,Miami Grand Prix,Race,race,Red Bull Racing,VER,92.92,19,93.05600000000001,20,10,0.1360000000000099,93.047,0.5555555555555556,0.5555555555555556,0.7876984126984128,0.7619047619047619,1.05349042621627,-0.9174904262162602
2024,Miami Grand Prix,Race,race,Williams,ALB,93.96,15,93.05600000000001,20,10,-0.9039999999999822,93.8825,0.0,0.0,0.20833333333333334,0.20833333333333334,0.26859346837757936,-1.1725934683775616
2024,Miami Grand Prix,Race,race,Williams,SAR,93.805,15,93.05600000000001,20,10,-0.7489999999999952,93.8825,0.0,0.0,0.20833333333333334,0.20833333333333334,0.01964940890246814,-0.7686494089024634
2024,Monaco Grand Prix,Qualifying,qualifying,Alpine,GAS,72.6155,6,72.066,20,10,-0.5494999999999948,72.34175,0.2222222222222222,,0.25628654970760234,,-0.08121862419797127,-0.4682813758020235
2024,Monaco Grand Prix,Qualifying,qualifying,Alpine,OCO,72.06800000000001,6,72.066,20,10,-0.0020000000000095497,72.34175,0.2222222222222222,,0.25628654970760234,,-0.06464507161486799,0.06264507161485844
2024,Monaco Grand Prix,Qualifying,qualifying,Aston Martin,ALO,72.118,3,72.066,20,10,-0.0519999999999925,72.1785,0.4444444444444444,0.0,0.41736111111111107,0.4800347222222222,0.14345355062000661,-0.1954535506199991
2024,Monaco Grand Prix,Qualifying,qualifying,Aston Martin,STR,72.239,3,72.066,20,10,-0.17300000000000182,72.1785,0.4444444444444444,0.0,0.41736111111111107,0.4800347222222222,-0.11131040426236238,-0.061689595737639435
2024,Monaco Grand Prix,Qualifying,qualifying,Ferrari,LEC,70.825,5,72.066,20,10,1.2409999999999997,70.95,0.8888888888888888,0.8333333333333334,0.7934782608695652,0.7908496732026143,0.4980360426406395,0.7429639573593602
2024,Monaco Grand Prix,Qualifying,qualifying,Ferrari,SAI,71.075,5,72.066,20,10,0.9909999999999997,70.95,0.8888888888888888,0.8333333333333334,0.7934782608695652,0.7908496732026143,0.42089768077579187,0.5701023192242078
2024,Monaco Grand Prix,Qualifying,qualifying,Haas F1 Team,HUL,72.286,5,72.066,20,10,-0.21999999999999886,72.126,0.5555555555555556,,0.37247474747474746,,-0.46068755930034505,0.2406875593003462
2024,Monaco Grand Prix,Qualifying,qualifying,Haas F1 Team,MAG,71.966,5,72.066,20,10,0.10000000000000853,72.126,0.5555555555555556,,0.37247474747474746,,-0.47901914619435665,0.5790191461943652
2024,Monaco Grand Prix,Qualifying,qualifying,Kick Sauber,BOT,73.2125,4,72.066,20,10,-1.1465000000000032,73.45575,0.0,0.33333333333333337,0.13492063492063494,0.10648148148148148,0.13799208001694666,-1.28449208001695
2024,Monaco Grand Prix,Qualifying,qualifying,Kick Sauber,ZHO,73.699,4,72.066,20,10,-1.6329999999999956,73.45575,0.0,0.33333333333333337,0.13492063492063494,0.10648148148148148,-0.13799208001694666,-1.4950079199830488
2024,Monaco Grand Prix,Qualifying,qualifying,McLaren,NOR,71.156,4,72.066,20,10,0.9099999999999966,70.878,1.0,1.0,0.8485507246376811,0.8431372549019608,0.12450891586109554,0.785491084138901
2024,Monaco Grand Prix,Qualifying,qualifying,McLaren,PIA,70.6,4,72.066,20,10,1.4660000000000082,70.878,1.0,1.0,0.8485507246376811,0.8431372549019608,0.03443707754662947,1.4315629224533788
2024,Monaco Grand Prix,Qualifying,qualifying,Mercedes,HAM,71.04249999999999,4,72.066,20,10,1.0235000000000127,70.983,0.7777777777777778,0.6666666666666667,0.7617724867724869,0.8116319444444444,0.3949955738094543,0.6285044261905584
2024,Monaco Grand Prix,Qualifying,qualifying,Mercedes,RUS,70.9235,4,72.066,20,10,1.1424999999999983,70.983,0.7777777777777778,0.6666666666666667,0.7617724867724869,0.8116319444444444,0.45271685282537005,0.6897831471746283
2024,Monaco Grand Prix,Qualifying,qualifying,RB,RIC,72.064,3,72.066,20,10,0.0020000000000095497,71.6605,0.6666666666666667,0.5,0.29958333333333337,0.33974358974358976,-0.1338069192715026,0.13580691927151214
2024,Monaco Grand Prix,Qualifying,qualifying,RB,TSU,71.257,3,72.066,20,10,0.8089999999999975,71.6605,0.6666666666666667,0.5,0.29958333333333337,0.33974358974358976,-0.01826717338177214,0.8272671733817696
2024,Monaco Grand Prix,Qualifying,qualifying,Red Bull Racing,PER,72.698,5,72.066,20,10,-0.6319999999999908,72.334,0.33333333333333337,,0.7876984126984128,,0.050894241176247655,-0.6828942411762384
2024,Monaco Grand Prix,Qualifying,qualifying,Red Bull Racing,VER,71.97,5,72.066,20,10,0.09600000000000364,72.334,0.33333333333333337,,0.7876984126984128,,0.44653785362151754,-0.3505378536215139
2024,Monaco Grand Prix,Qualifying,qualifying,Williams,ALB,72.59,4,72.066,20,10,-0.5240000000000009,72.5175,0.11111111111111116,0.16666666666666663,0.20833333333333334,0.19345238095238096,0.4053446987189551,-0.929344698718956
2024,Monaco Grand Prix,Qualifying,qualifying,Williams,SAR,72.445,4,72.066,20,10,-0.3789999999999907,72.5175,0.11111111111111116,0.16666666666666663,0.20833333333333334,0.19345238095238096,0.048932265649148064,-0.4279322656491387
2024,Monaco Grand Prix,Race,race,Aston Martin,ALO,81.11,35,80.18925,14,7,-0.9207499999999982,80.904,0.0,0.0,0.41736111111111107,0.4800347222222222,0.016901313346079846,-0.937651313346078
2024,Monaco Grand Prix,Race,race,Aston Martin,STR,80.698,35,80.18925,14,7,-0.508749999999992,80.904,0.0,0.0,0.41736111111111107,0.4800347222222222,-0.2745680106068059,-0.23418198939318613
2024,Monaco Grand Prix,Race,race,Ferrari,LEC,78.445,67,80.18925,14,7,1.744250000000008,78.455,0.8333333333333334,0.8333333333333334,0.7934782608695652,0.7908496732026143,0.1958228383996559,1.5484271616003522
2024,Monaco Grand Prix,Race,race,Ferrari,SAI,78.465,67,80.18925,14,7,1.7242499999999978,78.455,0.8333333333333334,0.8333333333333334,0.7934782608695652,0.7908496732026143,0.13770117581501623,1.5865488241849817
2024,Monaco Grand Prix,Race,race,Kick Sauber,BOT,80.239,51,80.18925,14,7,-0.04975000000000307,80.661,0.33333333333333337,0.33333333333333337,0.13492063492063494,0.10648148148148148,0.10127365318653098,-0.15102365318653405
2024,Monaco Grand Prix,Race,race,Kick Sauber,ZHO,81.083,51,80.18925,14,7,-0.8937499999999972,80.661,0.33333333333333337,0.33333333333333337,0.13492063492063494,0.10648148148148148,-0.10127365318653098,-0.7924763468134661
2024,Monaco Grand Prix,Race,race,McLaren,NOR,78.303,67,80.18925,14,7,1.886250000000004,78.351,1.0,1.0,0.8485507246376811,0.8431372549019608,0.2594772926936577,1.6267727073063463
2024,Monaco Grand Prix,Race,race,McLaren,PIA,78.399,67,80.18925,14,7,1.7902500000000003,78.351,1.0,1.0,0.8485507246376811,0.8431372549019608,0.12747228817738215,1.6627777118226181
2024,Monaco Grand Prix,Race,race,Mercedes,HAM,79.0175,44,80.18925,14,7,1.171750000000003,79.06450000000001,0.6666666666666667,0.6666666666666667,0.7617724867724869,0.8116319444444444,-0.03013038881255811,1.201880388812561
2024,Monaco Grand Prix,Race,race,Mercedes,RUS,79.1115,44,80.18925,14,7,1.0777499999999947,79.06450000000001,0.6666666666666667,0.6666666666666667,0.7617724867724869,0.8116319444444444,-0.09081960026679484,1.1685696002667896
2024,Monaco Grand Prix,Race,race,RB,RIC,80.82849999999999,66,80.18925,14,7,-0.6392499999999899,80.484,0.5,0.5,0.29958333333333337,0.33974358974358976,0.04057543152386005,-0.6798254315238499
2024,Monaco Grand Prix,Race,race,RB,TSU,80.1395,66,80.18925,14,7,0.04975000000000307,80.484,0.5,0.5,0.29958333333333337,0.33974358974358976,-0.008871756926109803,0.05862175692611287
2024,Monaco Grand Prix,Race,race,Williams,ALB,80.463,45,80.18925,14,7,-0.2737499999999926,80.73949999999999,0.16666666666666663,0.16666666666666663,0.20833333333333334,0.19345238095238096,0.26859346837757936,-0.542343468377572
2024,Monaco Grand Prix,Race,race,Williams,SAR,81.016,45,80.18925,14,7,-0.8267500000000041,80.73949999999999,0.16666666666666663,0.16666666666666663,0.20833333333333334,0.19345238095238096,0.01964940890246814,-0.8463994089024722
2024,Qatar Grand Prix,Qualifying,qualifying,Aston Martin,ALO,81.608,3,81.87275,18,9,0.26474999999999227,81.874,0.5,,0.41736111111111107,,0.14345355062000661,0.12129644937998565
2024,Qatar Grand Prix,Qualifying,qualifying,Aston Martin,STR,82.14,3,81.87275,18,9,-0.2672500000000042,81.874,0.5,,0.41736111111111107,,-0.11131040426236238,-0.15593959573764182
2024,Qatar Grand Prix,Qualifying,qualifying,Ferrari,LEC,81.0,5,81.87275,18,9,0.8727499999999964,81.0995,0.625,1.0,0.7934782608695652,0.79320987654321,0.4980360426406395,0.37471395735935686
2024,Qatar Grand Prix,Qualifying,qualifying,Ferrari,SAI,81.199,5,81.87275,18,9,0.6737499999999983,81.0995,0.625,1.0,0.7934782608695652,0.79320987654321,0.42089768077579187,0.2528523192242064
2024,Qatar Grand Prix,Qualifying,qualifying,Haas F1 Team,HUL,82.484,3,81.87275,18,9,-0.6112499999999983,82.538,0.125,0.33333333333333337,0.37247474747474746,0.34395424836601307,-0.46068755930034505,-0.15056244069965324
2024,Qatar Grand Prix,Qualifying,qualifying,Haas F1 Team,MAG,82.592,3,81.87275,18,9,-0.7192500000000024,82.538,0.125,0.33333333333333337,0.37247474747474746,0.34395424836601307,-0.47901914619435665,-0.24023085380564574
2024,Qatar Grand Prix,Qualifying,qualifying,Kick Sauber,BOT,82.1375,6,81.87275,18,9,-0.2647500000000065,82.13749999999999,0.375,0.0,0.13492063492063494,0.12065972222222224,0.13799208001694666,-0.4027420800169531
2024,Qatar Grand Prix,Qualifying,qualifying,Kick Sauber,ZHO,82.13749999999999,6,81.87275,18,9,-0.26474999999999227,82.13749999999999,0.375,0.0,0.13492063492063494,0.12065972222222224,-0.13799208001694666,-0.1267579199830456
2024,Qatar Grand Prix,Qualifying,qualifying,McLaren,NOR,80.983,3,81.87275,18,9,0.8897499999999923,81.061,0.875,0.8333333333333334,0.8485507246376811,0.8518518518518519,0.12450891586109554,0.7652410841388967
2024,Qatar Grand Prix,Qualifying,qualifying,McLaren,PIA,81.139,3,81.87275,18,9,0.7337500000000006,81.061,0.875,0.8333333333333334,0.8485507246376811,0.8518518518518519,0.03443707754662947,0.6993129224533711
2024,Qatar Grand Prix,Qualifying,qualifying,Mercedes,HAM,81.095,5,81.87275,18,9,0.7777499999999975,81.082,0.75,0.5,0.7617724867724869,0.8031045751633987,0.3949955738094543,0.3827544261905432
2024,Qatar Grand Prix,Qualifying,qualifying,Mercedes,RUS,81.069,5,81.87275,18,9,0.8037499999999937,81.082,0.75,0.5,0.7617724867724869,0.8031045751633987,0.45271685282537005,0.3510331471746237
2024,Qatar Grand Prix,Qualifying,qualifying,RB,LAW,82.416,3,81.87275,18,9,-0.5432500000000005,82.418,0.25,0.16666666666666663,0.29958333333333337,0.3511904761904762,-0.24819032494534726,-0.2950596750546532
2024,Qatar Grand Prix,Qualifying,qualifying,RB,TSU,82.42,3,81.87275,18,9,-0.5472500000000053,82.418,0.25,0.16666666666666663,0.29958333333333337,0.3511904761904762,-0.01826717338177214,-0.5289828266182333
2024,Qatar Grand Prix,Qualifying,qualifying,Red Bull Racing,PER,81.425,3,81.87275,18,9,0.4477499999999992,81.02250000000001,1.0,0.6666666666666667,0.7876984126984128,0.7481481481481482,0.050894241176247655,0.39685575882375157
2024,Qatar Grand Prix,Qualifying,qualifying,Red Bull Racing,VER,80.62,3,81.87275,18,9,1.2527499999999918,81.02250000000001,1.0,0.6666666666666667,0.7876984126984128,0.7481481481481482,0.44653785362151754,0.8062121463784743
2024,Qatar Grand Prix,Qualifying,qualifying,Williams,ALB,82.481,3,81.87275,18,9,-0.6082499999999982,82.68,0.0,,0.20833333333333334,,0.4053446987189551,-1.0135946987189532
2024,Qatar Grand Prix,Qualifying,qualifying,Williams,COL,82.879,3,81.87275,18,9,-1.0062500000000085,82.68,0.0,,0.20833333333333334,,-0.24517484313212232,-0.7610751568678862
2024,Qatar Grand Prix,Race,race,Ferrari,LEC,84.90450000000001,36,85.906,14,7,1.001499999999993,85.04725,1.0,1.0,0.7934782608695652,0.79320987654321,0.1958228383996559,0.8056771616003371
2024,Qatar Grand Prix,Race,race,Ferrari,SAI,85.19,36,85.906,14,7,0.7160000000000082,85.04725,1.0,1.0,0.7934782608695652,0.79320987654321,0.13770117581501623,0.578298824184992
2024,Qatar Grand Prix,Race,race,Haas F1 Team,HUL,87.81,14,85.906,14,7,-1.9039999999999964,86.241,0.33333333333333337,0.33333333333333337,0.37247474747474746,0.34395424836601307,-0.18641475160805335,-1.717585248391943
2024,Qatar Grand Prix,Race,race,Haas F1 Team,MAG,84.672,14,85.906,14,7,1.2340000000000089,86.241,0.33333333333333337,0.33333333333333337,0.37247474747474746,0.34395424836601307,-0.3934127617582333,1.6274127617582421
2024,Qatar Grand Prix,Race,race,Kick Sauber,BOT,87.7715,18,85.906,14,7,-1.8654999999999973,87.48875000000001,0.0,0.0,0.13492063492063494,0.12065972222222224,0.10127365318653098,-1.9667736531865283
2024,Qatar Grand Prix,Race,race,Kick Sauber,ZHO,87.206,18,85.906,14,7,-1.2999999999999972,87.48875000000001,0.0,0.0,0.13492063492063494,0.12065972222222224,-0.10127365318653098,-1.1987263468134661
2024,Qatar Grand Prix,Race,race,McLaren,NOR,84.9685,26,85.906,14,7,0.9375,85.14675,0.8333333333333334,0.8333333333333334,0.8485507246376811,0.8518518518518519,0.2594772926936577,0.6780227073063423
2024,Qatar Grand Prix,Race,race,McLaren,PIA,85.325,26,85.906,14,7,0.5810000000000031,85.14675,0.8333333333333334,0.8333333333333334,0.8485507246376811,0.8518518518518519,0.12747228817738215,0.4535277118226209
2024,Qatar Grand Prix,Race,race,Mercedes,HAM,86.353,24,85.906,14,7,-0.4469999999999885,86.096,0.5,0.5,0.7617724867724869,0.8031045751633987,-0.03013038881255811,-0.41686961118743043
2024,Qatar Grand Prix,Race,race,Mercedes,RUS,85.839,24,85.906,14,7,0.06700000000000728,86.096,0.5,0.5,0.7617724867724869,0.8031045751633987,-0.09081960026679484,0.1578196002668021
2024,Qatar Grand Prix,Race,race,RB,LAW,87.21549999999999,40,85.906,14,7,-1.3094999999999857,87.25825,0.16666666666666663,0.16666666666666663,0.29958333333333337,0.3511904761904762,-0.0020845522345543707,-1.3074154477654314
2024,Qatar Grand Prix,Race,race,RB,TSU,87.301,40,85.906,14,7,-1.394999999999996,87.25825,0.16666666666666663,0.16666666666666663,0.29958333333333337,0.3511904761904762,-0.008871756926109803,-1.3861282430738862
2024,Qatar Grand Prix,Race,race,Red Bull Racing,PER,85.973,23,85.906,14,7,-0.06699999999999307,85.4405,0.6666666666666667,0.6666666666666667,0.7876984126984128,0.7481481481481482,0.6328857924494375,-0.6998857924494306
2024,Qatar Grand Prix,Race,race,Red Bull Racing,VER,84.908,23,85.906,14,7,0.9980000000000047,85.4405,0.6666666666666667,0.6666666666666667,0.7876984126984128,0.7481481481481482,1.05349042621627,-0.05549042621626543
2024,Saudi Arabian Grand Prix,Qualifying,qualifying,Aston Martin,ALO,87.988,3,88.55425,14,7,0.5662499999999966,88.283,0.8333333333333334,,0.41736111111111107,,0.14345355062000661,0.42279644937998995
2024,Saudi Arabian Grand Prix,Qualifying,qualifying,Aston Martin,STR,88.578,3,88.55425,14,7,-0.02375000000000682,88.283,0.8333333333333334,,0.41736111111111107,,-0.11131040426236238,0.08756040426235556
2024,Saudi Arabian Grand Prix,Qualifying,qualifying,Ferrari,BEA,88.984,5,88.55425,14,7,-0.4297499999999985,88.651,0.33333333333333337,0.75,0.7934782608695652,0.8040935672514621,0.1909954717993887,-0.6207454717993872
2024,Saudi Arabian Grand Prix,Qualifying,qualifying,Ferrari,LEC,88.318,5,88.55425,14,7,0.2362499999999983,88.651,0.33333333333333337,0.75,0.7934782608695652,0.8040935672514621,0.4980360426406395,-0.2617860426406412
2024,Saudi Arabian Grand Prix,Qualifying,qualifying,Haas F1 Team,HUL,89.173,3,88.55425,14,7,-0.6187500000000057,89.12950000000001,0.0,0.5,0.37247474747474746,0.34336419753086417,-0.46068755930034505,-0.15806244069966063
2024,Saudi Arabian Grand Prix,Qualifying,qualifying,Haas F1 Team,MAG,89.086,3,88.55425,14,7,-0.5317500000000024,89.12950000000001,0.0,0.5,0.37247474747474746,0.34336419753086417,-0.47901914619435665,-0.05273085380564574
2024,Saudi Arabian Grand Prix,Qualifying,qualifying,McLaren,NOR,88.53049999999999,4,88.55425,14,7,0.02375000000000682,88.43225,0.6666666666666667,,0.8485507246376811,,0.12450891586109554,-0.10075891586108872
2024,Saudi Arabian Grand Prix,Qualifying,qualifying,McLaren,PIA,88.334,4,88.55425,14,7,0.22024999999999295,88.43225,0.6666666666666667,,0.8485507246376811,,0.03443707754662947,0.18581292245336348
2024,Saudi Arabian Grand Prix,Qualifying,qualifying,Mercedes,HAM,88.807,3,88.55425,14,7,-0.252750000000006,88.6275,0.5,,0.7617724867724869,,0.3949955738094543,-0.6477455738094604
2024,Saudi Arabian Grand Prix,Qualifying,qualifying,Mercedes,RUS,88.448,3,88.55425,14,7,0.10625000000000284,88.6275,0.5,,0.7617724867724869,,0.45271685282537005,-0.3464668528253672
2024,Saudi Arabian Grand Prix,Qualifying,qualifying,RB,RIC,89.056,4,88.55425,14,7,-0.5017500000000013,88.93975,0.16666666666666663,0.0,0.29958333333333337,0.33888888888888885,-0.1338069192715026,-0.3679430807284987
2024,Saudi Arabian Grand Prix,Qualifying,qualifying,RB,TSU,88.8235,4,88.55425,14,7,-0.26924999999999955,88.93975,0.16666666666666663,0.0,0.29958333333333337,0.33888888888888885,-0.01826717338177214,-0.2509828266182274
2024,Saudi Arabian Grand Prix,Qualifying,qualifying,Red Bull Racing,PER,88.14949999999999,4,88.55425,14,7,0.40475000000000705,88.00399999999999,1.0,1.0,0.7876984126984128,0.7430555555555556,0.050894241176247655,0.3538557588237594
2024,Saudi Arabian Grand Prix,Qualifying,qualifying,Red Bull Racing,VER,87.85849999999999,4,88.55425,14,7,0.6957500000000039,88.00399999999999,1.0,1.0,0.7876984126984128,0.7430555555555556,0.44653785362151754,0.24921214637848632
2024,Saudi Arabian Grand Prix,Race,race,Ferrari,BEA,93.379,35,94.3285,10,5,0.9495000000000005,93.22149999999999,0.75,0.75,0.7934782608695652,0.8040935672514621,0.0345295176463184,0.9149704823536821
2024,Saudi Arabian Grand Prix,Race,race,Ferrari,LEC,93.064,35,94.3285,10,5,1.2645000000000124,93.22149999999999,0.75,0.75,0.7934782608695652,0.8040935672514621,0.1958228383996559,1.0686771616003565
2024,Saudi Arabian Grand Prix,Race,race,Haas F1 Team,HUL,92.752,15,94.3285,10,5,1.57650000000001,94.1525,0.5,0.5,0.37247474747474746,0.34336419753086417,-0.18641475160805335,1.7629147516080634
2024,Saudi Arabian Grand Prix,Race,race,Haas F1 Team,MAG,95.553,15,94.3285,10,5,-1.224499999999992,94.1525,0.5,0.5,0.37247474747474746,0.34336419753086417,-0.3934127617582333,-0.8310872382417587
2024,Saudi Arabian Grand Prix,Race,race,RB,RIC,95.606,39,94.3285,10,5,-1.2774999999999892,95.4865,0.0,0.0,0.29958333333333337,0.33888888888888885,0.04057543152386005,-1.3180754315238492
2024,Saudi Arabian Grand Prix,Race,race,RB,TSU,95.367,39,94.3285,10,5,-1.038499999999999,95.4865,0.0,0.0,0.29958333333333337,0.33888888888888885,-0.008871756926109803,-1.0296282430738892
2024,Saudi Arabian Grand Prix,Race,race,Red Bull Racing,PER,92.782,39,94.3285,10,5,1.5465000000000089,92.767,1.0,1.0,0.7876984126984128,0.7430555555555556,0.6328857924494375,0.9136142075505713
2024,Saudi Arabian Grand Prix,Race,race,Red Bull Racing,VER,92.752,39,94.3285,10,5,1.57650000000001,92.767,1.0,1.0,0.7876984126984128,0.7430555555555556,1.05349042621627,0.5230095737837399
2024,Saudi Arabian Grand Prix,Race,race,Williams,ALB,95.278,41,94.3285,10,5,-0.9495000000000005,95.3195,0.25,0.25,0.20833333333333334,0.19166666666666668,0.26859346837757936,-1.21809346837758
2024,Saudi Arabian Grand Prix,Race,race,Williams,SAR,95.361,41,94.3285,10,5,-1.0324999999999989,95.3195,0.25,0.25,0.20833333333333334,0.19166666666666668,0.01964940890246814,-1.052149408902467
2024,Singapore Grand Prix,Qualifying,qualifying,Alpine,GAS,91.724,3,90.81075,16,8,-0.913250000000005,91.487,0.1428571428571429,0.11111111111111116,0.25628654970760234,0.2175925925925926,-0.08121862419797127,-0.8320313758020337
2024,Singapore Grand Prix,Qualifying,qualifying,Alpine,OCO,91.25,3,90.81075,16,8,-0.43925000000000125,91.487,0.1428571428571429,0.11111111111111116,0.25628654970760234,0.2175925925925926,-0.06464507161486799,-0.37460492838513326
2024,Singapore Grand Prix,Qualifying,qualifying,Ferrari,LEC,90.5375,4,90.81075,16,8,0.27325000000000443,90.66075,0.7142857142857143,0.6666666666666667,0.7934782608695652,0.8013888888888889,0.4980360426406395,-0.22478604264063506
2024,Singapore Grand Prix,Qualifying,qualifying,Ferrari,SAI,90.78399999999999,4,90.81075,16,8,0.026750000000006935,90.66075,0.7142857142857143,0.6666666666666667,0.7934782608695652,0.8013888888888889,0.42089768077579187,-0.39414768077578494
2024,Singapore Grand Prix,Qualifying,qualifying,Haas F1 Team,HUL,90.549,4,90.81075,16,8,0.26174999999999216,90.69325,0.4285714285714286,0.5555555555555556,0.37247474747474746,0.3516081871345029,-0.46068755930034505,0.7224375593003372
2024,Singapore Grand Prix,Qualifying,qualifying,Haas F1 Team,MAG,90.8375,4,90.81075,16,8,-0.026750000000006935,90.69325,0.4285714285714286,0.5555555555555556,0.37247474747474746,0.3516081871345029,-0.47901914619435665,0.4522691461943497
2024,Singapore Grand Prix,Qualifying,qualifying,Kick Sauber,BOT,92.058,3,90.81075,16,8,-1.2472500000000082,92.286,0.0,0.0,0.13492063492063494,0.11356209150326799,0.13799208001694666,-1.385242080016955
2024,Singapore Grand Prix,Qualifying,qualifying,Kick Sauber,ZHO,92.514,3,90.81075,16,8,-1.703249999999997,92.286,0.0,0.0,0.13492063492063494,0.11356209150326799,-0.13799208001694666,-1.5652579199830503
2024,Singapore Grand Prix,Qualifying,qualifying,McLaren,NOR,90.00450000000001,4,90.81075,16,8,0.8062499999999915,90.1485,1.0,1.0,0.8485507246376811,0.8508771929824562,0.12450891586109554,0.6817410841388959
2024,Singapore Grand Prix,Qualifying,qualifying,McLaren,PIA,90.29249999999999,4,90.81075,16,8,0.518250000000009,90.1485,1.0,1.0,0.8485507246376811,0.8508771929824562,0.03443707754662947,0.48381292245337953
2024,Singapore Grand Prix,Qualifying,qualifying,Mercedes,HAM,90.161,4,90.81075,16,8,0.6497499999999974,90.3215,0.8571428571428572,0.7777777777777778,0.7617724867724869,0.7862654320987654,0.3949955738094543,0.25475442619054306
2024,Singapore Grand Prix,Qualifying,qualifying,Mercedes,RUS,90.482,4,90.81075,16,8,0.32874999999999943,90.3215,0.8571428571428572,0.7777777777777778,0.7617724867724869,0.7862654320987654,0.45271685282537005,-0.12396685282537062
2024,Singapore Grand Prix,Qualifying,qualifying,Red Bull Racing,PER,91.10849999999999,4,90.81075,16,8,-0.2977499999999935,90.68625,0.5714285714285714,0.8888888888888888,0.7876984126984128,0.7581699346405228,0.050894241176247655,-0.34864424117624115
2024,Singapore Grand Prix,Qualifying,qualifying,Red Bull Racing,VER,90.264,4,90.81075,16,8,0.546750000000003,90.68625,0.5714285714285714,0.8888888888888888,0.7876984126984128,0.7581699346405228,0.44653785362151754,0.10021214637848541
2024,Singapore Grand Prix,Qualifying,qualifying,Williams,ALB,90.85300000000001,4,90.81075,16,8,-0.04225000000000989,90.99525,0.2857142857142857,0.33333333333333337,0.20833333333333334,0.1953125,0.4053446987189551,-0.447594698718965
2024,Singapore Grand Prix,Qualifying,qualifying,Williams,COL,91.13749999999999,4,90.81075,16,8,-0.3267499999999899,90.99525,0.2857142857142857,0.33333333333333337,0.20833333333333334,0.1953125,-0.24517484313212232,-0.08157515686786757
2024,Singapore Grand Prix,Race,race,Alpine,GAS,99.6005,22,98.86500000000001,20,10,-0.7354999999999876,99.52600000000001,0.11111111111111116,0.11111111111111116,0.25628654970760234,0.2175925925925926,0.03412313799982952,-0.7696231379998171
2024,Singapore Grand Prix,Race,race,Alpine,OCO,99.45150000000001,22,98.86500000000001,20,10,-0.5865000000000009,99.52600000000001,0.11111111111111116,0.11111111111111116,0.25628654970760234,0.2175925925925926,-0.12843307985374308,-0.4580669201462578
2024,Singapore Grand Prix,Race,race,Aston Martin,ALO,98.5825,36,98.86500000000001,20,10,0.2825000000000131,99.04749999999999,0.4444444444444444,0.4444444444444444,0.41736111111111107,0.45179738562091504,0.016901313346079846,0.2655986866539332
2024,Singapore Grand Prix,Race,race,Aston Martin,STR,99.51249999999999,36,98.86500000000001,20,10,-0.6474999999999795,99.04749999999999,0.4444444444444444,0.4444444444444444,0.41736111111111107,0.45179738562091504,-0.2745680106068059,-0.3729319893931736
2024,Singapore Grand Prix,Race,race,Ferrari,LEC,97.266,27,98.86500000000001,20,10,1.5990000000000038,98.028,0.6666666666666667,0.6666666666666667,0.7934782608695652,0.8013888888888889,0.1958228383996559,1.4031771616003479
2024,Singapore Grand Prix,Race,race,Ferrari,SAI,98.79,27,98.86500000000001,20,10,0.07500000000000284,98.028,0.6666666666666667,0.6666666666666667,0.7934782608695652,0.8013888888888889,0.13770117581501623,-0.06270117581501339
2024,Singapore Grand Prix,Race,race,Haas F1 Team,HUL,98.31,40,98.86500000000001,20,10,0.5550000000000068,98.81975,0.5555555555555556,0.5555555555555556,0.37247474747474746,0.3516081871345029,-0.18641475160805335,0.7414147516080601
2024,Singapore Grand Prix,Race,race,Haas F1 Team,MAG,99.3295,40,98.86500000000001,20,10,-0.4644999999999868,98.81975,0.5555555555555556,0.5555555555555556,0.37247474747474746,0.3516081871345029,-0.3934127617582333,-0.0710872382417535
2024,Singapore Grand Prix,Race,race,Kick Sauber,BOT,99.706,43,98.86500000000001,20,10,-0.840999999999994,99.658,0.0,0.0,0.13492063492063494,0.11356209150326799,0.10127365318653098,-0.942273653186525
2024,Singapore Grand Prix,Race,race,Kick Sauber,ZHO,99.61,43,98.86500000000001,20,10,-0.7449999999999903,99.658,0.0,0.0,0.13492063492063494,0.11356209150326799,-0.10127365318653098,-0.6437263468134593
2024,Singapore Grand Prix,Race,race,McLaren,NOR,96.758,45,98.86500000000001,20,10,2.1070000000000135,97.229,1.0,1.0,0.8485507246376811,0.8508771929824562,0.2594772926936577,1.8475227073063558
2024,Singapore Grand Prix,Race,race,McLaren,PIA,97.7,45,98.86500000000001,20,10,1.1650000000000063,97.229,1.0,1.0,0.8485507246376811,0.8508771929824562,0.12747228817738215,1.037527711822624
2024,Singapore Grand Prix,Race,race,Mercedes,HAM,98.0705,28,98.86500000000001,20,10,0.7945000000000135,97.77175,0.7777777777777778,0.7777777777777778,0.7617724867724869,0.7862654320987654,-0.03013038881255811,0.8246303888125717
2024,Singapore Grand Prix,Race,race,Mercedes,RUS,97.473,28,98.86500000000001,20,10,1.3920000000000101,97.77175,0.7777777777777778,0.7777777777777778,0.7617724867724869,0.7862654320987654,-0.09081960026679484,1.482819600266805
2024,Singapore Grand Prix,Race,race,RB,RIC,99.033,32,98.86500000000001,20,10,-0.16799999999999216,99.17775,0.2222222222222222,0.2222222222222222,0.29958333333333337,0.3177083333333333,0.04057543152386005,-0.20857543152385222
2024,Singapore Grand Prix,Race,race,RB,TSU,99.3225,32,98.86500000000001,20,10,-0.457499999999996,99.17775,0.2222222222222222,0.2222222222222222,0.29958333333333337,0.3177083333333333,-0.008871756926109803,-0.4486282430738862
2024,Singapore Grand Prix,Race,race,Red Bull Racing,PER,98.407,49,98.86500000000001,20,10,0.4580000000000126,97.739,0.8888888888888888,0.8888888888888888,0.7876984126984128,0.7581699346405228,0.6328857924494375,-0.17488579244942493
2024,Singapore Grand Prix,Race,race,Red Bull Racing,VER,97.071,49,98.86500000000001,20,10,1.7940000000000111,97.739,0.8888888888888888,0.8888888888888888,0.7876984126984128,0.7581699346405228,1.05349042621627,0.740509573783741
2024,Singapore Grand Prix,Race,race,Williams,ALB,99.285,9,98.86500000000001,20,10,-0.4199999999999875,99.1125,0.33333333333333337,0.33333333333333337,0.20833333333333334,0.1953125,0.26859346837757936,-0.6885934683775669
2024,Singapore Grand Prix,Race,race,Williams,COL,98.94,9,98.86500000000001,20,10,-0.07499999999998863,99.1125,0.33333333333333337,0.33333333333333337,0.20833333333333334,0.1953125,0.06255266167480363,-0.13755266167479224
2024,Spanish Grand Prix,Qualifying,qualifying,Alpine,GAS,72.182,3,72.453,16,8,0.2710000000000008,72.279,0.5714285714285714,0.4444444444444444,0.25628654970760234,0.2109375,-0.08121862419797127,0.35221862419797206
2024,Spanish Grand Prix,Qualifying,qualifying,Alpine,OCO,72.376,3,72.453,16,8,0.07699999999999818,72.279,0.5714285714285714,0.4444444444444444,0.25628654970760234,0.2109375,-0.06464507161486799,0.14164507161486617
2024,Spanish Grand Prix,Qualifying,qualifying,Aston Martin,ALO,72.53,4,72.453,16,8,-0.07699999999999818,72.9765,0.2857142857142857,0.2222222222222222,0.41736111111111107,0.4513888888888889,0.14345355062000661,-0.2204535506200048
2024,Spanish Grand Prix,Qualifying,qualifying,Aston Martin,STR,73.423,4,72.453,16,8,-0.9699999999999989,72.9765,0.2857142857142857,0.2222222222222222,0.41736111111111107,0.4513888888888889,-0.11131040426236238,-0.8586895957376365
2024,Spanish Grand Prix,Qualifying,qualifying,Ferrari,LEC,72.038,3,72.453,16,8,0.41500000000000625,71.9765,0.8571428571428572,0.5555555555555556,0.7934782608695652,0.7949735449735449,0.4980360426406395,-0.08303604264063325
2024,Spanish Grand Prix,Qualifying,qualifying,Ferrari,SAI,71.915,3,72.453,16,8,0.5379999999999967,71.9765,0.8571428571428572,0.5555555555555556,0.7934782608695652,0.7949735449735449,0.42089768077579187,0.11710231922420483
2024,Spanish Grand Prix,Qualifying,qualifying,Kick Sauber,BOT,72.62,4,72.453,16,8,-0.1670000000000016,73.16725,0.1428571428571429,0.7777777777777778,0.13492063492063494,0.1072530864197531,0.13799208001694666,-0.3049920800169482
2024,Spanish Grand Prix,Qualifying,qualifying,Kick Sauber,ZHO,73.7145,4,72.453,16,8,-1.261499999999998,73.16725,0.1428571428571429,0.7777777777777778,0.13492063492063494,0.1072530864197531,-0.13799208001694666,-1.1235079199830513
2024,Spanish Grand Prix,Qualifying,qualifying,McLaren,NOR,71.872,3,72.453,16,8,0.5810000000000031,72.207,0.7142857142857143,1.0,0.8485507246376811,0.8583333333333334,0.12450891586109554,0.45649108413890754
2024,Spanish Grand Prix,Qualifying,qualifying,McLaren,PIA,72.542,3,72.453,16,8,-0.08899999999999864,72.207,0.7142857142857143,1.0,0.8485507246376811,0.8583333333333334,0.03443707754662947,-0.12343707754662811
2024,Spanish Grand Prix,Qualifying,qualifying,Mercedes,HAM,71.804,4,72.453,16,8,0.6490000000000009,71.815,1.0,0.6666666666666667,0.7617724867724869,0.7858187134502924,0.3949955738094543,0.2540044261905466
2024,Spanish Grand Prix,Qualifying,qualifying,Mercedes,RUS,71.826,4,72.453,16,8,0.6270000000000095,71.815,1.0,0.6666666666666667,0.7617724867724869,0.7858187134502924,0.45271685282537005,0.1742831471746395
2024,Spanish Grand Prix,Qualifying,qualifying,RB,RIC,73.269,3,72.453,16,8,-0.8160000000000025,73.334,0.0,0.11111111111111116,0.29958333333333337,0.31209150326797386,-0.1338069192715026,-0.6821930807284999
2024,Spanish Grand Prix,Qualifying,qualifying,RB,TSU,73.399,3,72.453,16,8,-0.945999999999998,73.334,0.0,0.11111111111111116,0.29958333333333337,0.31209150326797386,-0.01826717338177214,-0.9277328266182259
2024,Spanish Grand Prix,Qualifying,qualifying,Red Bull Racing,PER,73.061,3,72.453,16,8,-0.6080000000000041,72.367,0.4285714285714286,0.8888888888888888,0.7876984126984128,0.7654320987654322,0.050894241176247655,-0.6588942411762517
2024,Spanish Grand Prix,Qualifying,qualifying,Red Bull Racing,VER,71.673,3,72.453,16,8,0.7800000000000011,72.367,0.4285714285714286,0.8888888888888888,0.7876984126984128,0.7654320987654322,0.44653785362151754,0.3334621463784836
2024,Spanish Grand Prix,Race,race,Alpine,GAS,80.203,55,80.495,20,10,0.2920000000000016,80.3865,0.4444444444444444,0.4444444444444444,0.25628654970760234,0.2109375,0.03412313799982952,0.25787686200017207
2024,Spanish Grand Prix,Race,race,Alpine,OCO,80.57,55,80.495,20,10,-0.07499999999998863,80.3865,0.4444444444444444,0.4444444444444444,0.25628654970760234,0.2109375,-0.12843307985374308,0.05343307985375445
2024,Spanish Grand Prix,Race,race,Aston Martin,ALO,81.05,41,80.495,20,10,-0.5549999999999926,81.131,0.2222222222222222,0.2222222222222222,0.41736111111111107,0.4513888888888889,0.016901313346079846,-0.5719013133460724
2024,Spanish Grand Prix,Race,race,Aston Martin,STR,81.212,41,80.495,20,10,-0.7169999999999987,81.131,0.2222222222222222,0.2222222222222222,0.41736111111111107,0.4513888888888889,-0.2745680106068059,-0.44243198939319284
2024,Spanish Grand Prix,Race,race,Ferrari,LEC,79.981,27,80.495,20,10,0.51400000000001,80.3035,0.5555555555555556,0.5555555555555556,0.7934782608695652,0.7949735449735449,0.1958228383996559,0.31817716160035414
2024,Spanish Grand Prix,Race,race,Ferrari,SAI,80.626,27,80.495,20,10,-0.13100000000000023,80.3035,0.5555555555555556,0.5555555555555556,0.7934782608695652,0.7949735449735449,0.13770117581501623,-0.26870117581501646
2024,Spanish Grand Prix,Race,race,Haas F1 Team,HUL,80.122,41,80.495,20,10,0.37300000000000466,80.6345,0.33333333333333337,0.33333333333333337,0.37247474747474746,0.3618055555555556,-0.18641475160805335,0.559414751608058
2024,Spanish Grand Prix,Race,race,Haas F1 Team,MAG,81.147,41,80.495,20,10,-0.652000000000001,80.6345,0.33333333333333337,0.33333333333333337,0.37247474747474746,0.3618055555555556,-0.3934127617582333,-0.2585872382417677
2024,Spanish Grand Prix,Race,race,Kick Sauber,BOT,80.85300000000001,18,80.495,20,10,-0.3580000000000041,80.19575,0.7777777777777778,0.7777777777777778,0.13492063492063494,0.1072530864197531,0.10127365318653098,-0.45927365318653507
2024,Spanish Grand Prix,Race,race,Kick Sauber,ZHO,79.5385,18,80.495,20,10,0.9565000000000055,80.19575,0.7777777777777778,0.7777777777777778,0.13492063492063494,0.1072530864197531,-0.10127365318653098,1.0577736531865365
2024,Spanish Grand Prix,Race,race,McLaren,NOR,79.505,52,80.495,20,10,0.9900000000000091,79.6665,1.0,1.0,0.8485507246376811,0.8583333333333334,0.2594772926936577,0.7305227073063514
2024,Spanish Grand Prix,Race,race,McLaren,PIA,79.828,52,80.495,20,10,0.6670000000000016,79.6665,1.0,1.0,0.8485507246376811,0.8583333333333334,0.12747228817738215,0.5395277118226194
2024,Spanish Grand Prix,Race,race,Mercedes,HAM,80.29249999999999,28,80.495,20,10,0.20250000000001478,80.28524999999999,0.6666666666666667,0.6666666666666667,0.7617724867724869,0.7858187134502924,-0.03013038881255811,0.2326303888125729
2024,Spanish Grand Prix,Race,race,Mercedes,RUS,80.27799999999999,28,80.495,20,10,0.21700000000001296,80.28524999999999,0.6666666666666667,0.6666666666666667,0.7617724867724869,0.7858187134502924,-0.09081960026679484,0.30781960026680777
2024,Spanish Grand Prix,Race,race,RB,RIC,81.358,35,80.495,20,10,-0.8629999999999995,81.4345,0.11111111111111116,0.11111111111111116,0.29958333333333337,0.31209150326797386,0.04057543152386005,-0.9035754315238596
2024,Spanish Grand Prix,Race,race,RB,TSU,81.511,35,80.495,20,10,-1.0159999999999911,81.4345,0.11111111111111116,0.11111111111111116,0.29958333333333337,0.31209150326797386,-0.008871756926109803,-1.0071282430738813
2024,Spanish Grand Prix,Race,race,Red Bull Racing,PER,80.42,43,80.495,20,10,0.07500000000000284,80.1135,0.8888888888888888,0.8888888888888888,0.7876984126984128,0.7654320987654322,0.6328857924494375,-0.5578857924494347
2024,Spanish Grand Prix,Race,race,Red Bull Racing,VER,79.807,43,80.495,20,10,0.6880000000000024,80.1135,0.8888888888888888,0.8888888888888888,0.7876984126984128,0.7654320987654322,1.05349042621627,-0.3654904262162677
2024,Spanish Grand Prix,Race,race,Williams,ALB,82.217,21,80.495,20,10,-1.7219999999999942,82.387,0.0,0.0,0.20833333333333334,0.2034313725490196,0.26859346837757936,-1.9905934683775737
2024,Spanish Grand Prix,Race,race,Williams,SAR,82.557,21,80.495,20,10,-2.0619999999999976,82.387,0.0,0.0,0.20833333333333334,0.2034313725490196,0.01964940890246814,-2.0816494089024657
2024,São Paulo Grand Prix,Qualifying,qualifying,Alpine,GAS,89.614,1,89.32,8,4,-0.29400000000001114,90.81200000000001,0.0,0.8,0.25628654970760234,0.2246732026143791,-0.08121862419797127,-0.21278137580203987
2024,São Paulo Grand Prix,Qualifying,qualifying,Alpine,OCO,92.01,1,89.32,8,4,-2.690000000000012,90.81200000000001,0.0,0.8,0.25628654970760234,0.2246732026143791,-0.06464507161486799,-2.625354928385144
2024,São Paulo Grand Prix,Qualifying,qualifying,Aston Martin,ALO,88.707,1,89.32,8,4,0.6129999999999995,89.0075,0.6666666666666667,,0.41736111111111107,,0.14345355062000661,0.4695464493799929
2024,São Paulo Grand Prix,Qualifying,qualifying,Aston Martin,STR,89.308,1,89.32,8,4,0.011999999999986244,89.0075,0.6666666666666667,,0.41736111111111107,,-0.11131040426236238,0.12331040426234863
2024,São Paulo Grand Prix,Qualifying,qualifying,Ferrari,LEC,89.332,1,89.32,8,4,-0.012000000000000455,89.369,0.33333333333333337,,0.7934782608695652,,0.4980360426406395,-0.51003604264064
2024,São Paulo Grand Prix,Qualifying,qualifying,Ferrari,SAI,89.406,1,89.32,8,4,-0.08600000000001273,89.369,0.33333333333333337,,0.7934782608695652,,0.42089768077579187,-0.5068976807758045
2024,São Paulo Grand Prix,Qualifying,qualifying,Red Bull Racing,PER,88.158,1,89.32,8,4,1.161999999999992,87.9645,1.0,1.0,0.7876984126984128,0.7719298245614035,0.050894241176247655,1.1111057588237443
2024,São Paulo Grand Prix,Qualifying,qualifying,Red Bull Racing,VER,87.771,1,89.32,8,4,1.5489999999999924,87.9645,1.0,1.0,0.7876984126984128,0.7719298245614035,0.44653785362151754,1.1024621463784747
2024,São Paulo Grand Prix,Race,race,Alpine,GAS,82.1585,16,82.443,12,6,0.2844999999999942,82.147,0.8,0.8,0.25628654970760234,0.2246732026143791,0.03412313799982952,0.2503768620001647
2024,São Paulo Grand Prix,Race,race,Alpine,OCO,82.13550000000001,16,82.443,12,6,0.30749999999999034,82.147,0.8,0.8,0.25628654970760234,0.2246732026143791,-0.12843307985374308,0.4359330798537334
2024,São Paulo Grand Prix,Race,race,Kick Sauber,BOT,83.241,17,82.443,12,6,-0.7980000000000018,83.5235,0.0,0.0,0.13492063492063494,0.1425438596491228,0.10127365318653098,-0.8992736531865329
2024,São Paulo Grand Prix,Race,race,Kick Sauber,ZHO,83.806,17,82.443,12,6,-1.3629999999999995,83.5235,0.0,0.0,0.13492063492063494,0.1425438596491228,-0.10127365318653098,-1.2617263468134685
2024,São Paulo Grand Prix,Race,race,McLaren,NOR,82.137,17,82.443,12,6,0.3059999999999974,82.17949999999999,0.6,0.6,0.8485507246376811,0.8650793650793651,0.2594772926936577,0.04652270730633967
2024,São Paulo Grand Prix,Race,race,McLaren,PIA,82.222,17,82.443,12,6,0.22100000000000364,82.17949999999999,0.6,0.6,0.8485507246376811,0.8650793650793651,0.12747228817738215,0.09352771182262148
2024,São Paulo Grand Prix,Race,race,Mercedes,HAM,82.901,17,82.443,12,6,-0.4579999999999984,82.531,0.4,0.4,0.7617724867724869,0.7798611111111111,-0.03013038881255811,-0.4278696111874403
2024,São Paulo Grand Prix,Race,race,Mercedes,RUS,82.161,17,82.443,12,6,0.2819999999999965,82.531,0.4,0.4,0.7617724867724869,0.7798611111111111,-0.09081960026679484,0.3728196002667913
2024,São Paulo Grand Prix,Race,race,RB,LAW,82.953,17,82.443,12,6,-0.5100000000000051,82.80850000000001,0.19999999999999996,0.19999999999999996,0.29958333333333337,0.30092592592592593,-0.0020845522345543707,-0.5079154477654507
2024,São Paulo Grand Prix,Race,race,RB,TSU,82.664,17,82.443,12,6,-0.22100000000000364,82.80850000000001,0.19999999999999996,0.19999999999999996,0.29958333333333337,0.30092592592592593,-0.008871756926109803,-0.21212824307389383
2024,São Paulo Grand Prix,Race,race,Red Bull Racing,PER,82.83449999999999,16,82.443,12,6,-0.3914999999999935,82.139,1.0,1.0,0.7876984126984128,0.7719298245614035,0.6328857924494375,-1.024385792449431
2024,São Paulo Grand Prix,Race,race,Red Bull Racing,VER,81.4435,16,82.443,12,6,0.9994999999999976,82.139,1.0,1.0,0.7876984126984128,0.7719298245614035,1.05349042621627,-0.05399042621627248
2024,United States Grand Prix,Qualifying,qualifying,Alpine,GAS,93.55,5,93.5675,14,7,0.017499999999998295,93.768,0.33333333333333337,0.25,0.25628654970760234,0.2566358024691358,-0.08121862419797127,0.09871862419796956
2024,United States Grand Prix,Qualifying,qualifying,Alpine,OCO,93.986,5,93.5675,14,7,-0.41850000000000875,93.768,0.33333333333333337,0.25,0.25628654970760234,0.2566358024691358,-0.06464507161486799,-0.35385492838514077
2024,United States Grand Prix,Qualifying,qualifying,Aston Martin,ALO,93.9625,4,93.5675,14,7,-0.39500000000001023,93.96325,0.16666666666666663,0.0,0.41736111111111107,0.4393274853801169,0.14345355062000661,-0.5384535506200169
2024,United States Grand Prix,Qualifying,qualifying,Aston Martin,STR,93.964,4,93.5675,14,7,-0.3965000000000032,93.96325,0.16666666666666663,0.0,0.41736111111111107,0.4393274853801169,-0.11131040426236238,-0.2851895957376408
2024,United States Grand Prix,Qualifying,qualifying,Ferrari,LEC,92.962,3,93.5675,14,7,0.6054999999999922,92.899,1.0,1.0,0.7934782608695652,0.7840909090909091,0.4980360426406395,0.10746395735935266
2024,United States Grand Prix,Qualifying,qualifying,Ferrari,SAI,92.836,3,93.5675,14,7,0.7314999999999969,92.899,1.0,1.0,0.7934782608695652,0.7840909090909091,0.42089768077579187,0.31060231922420506
2024,United States Grand Prix,Qualifying,qualifying,Haas F1 Team,HUL,93.6265,4,93.5675,14,7,-0.0589999999999975,93.60575,0.5,0.625,0.37247474747474746,0.36044973544973546,-0.46068755930034505,0.40168755930034755
2024,United States Grand Prix,Qualifying,qualifying,Haas F1 Team,MAG,93.585,4,93.5675,14,7,-0.017499999999998295,93.60575,0.5,0.625,0.37247474747474746,0.36044973544973546,-0.47901914619435665,0.46151914619435835
2024,United States Grand Prix,Qualifying,qualifying,Kick Sauber,BOT,94.258,3,93.5675,14,7,-0.6905000000000001,94.685,0.0,0.125,0.13492063492063494,0.13541666666666669,0.13799208001694666,-0.8284920800169467
2024,United States Grand Prix,Qualifying,qualifying,Kick Sauber,ZHO,95.112,3,93.5675,14,7,-1.5444999999999993,94.685,0.0,0.125,0.13492063492063494,0.13541666666666669,-0.13799208001694666,-1.4065079199830526
2024,United States Grand Prix,Qualifying,qualifying,McLaren,NOR,93.23349999999999,4,93.5675,14,7,0.3340000000000032,93.3765,0.6666666666666667,0.75,0.8485507246376811,0.853030303030303,0.12450891586109554,0.20949108413890766
2024,United States Grand Prix,Qualifying,qualifying,McLaren,PIA,93.5195,4,93.5675,14,7,0.04800000000000182,93.3765,0.6666666666666667,0.75,0.8485507246376811,0.853030303030303,0.03443707754662947,0.013562922453372352
2024,United States Grand Prix,Qualifying,qualifying,Red Bull Racing,PER,93.26,3,93.5675,14,7,0.30749999999999034,92.922,0.8333333333333334,0.875,0.7876984126984128,0.7833333333333334,0.050894241176247655,0.2566057588237427
2024,United States Grand Prix,Qualifying,qualifying,Red Bull Racing,VER,92.584,3,93.5675,14,7,0.9834999999999923,92.922,0.8333333333333334,0.875,0.7876984126984128,0.7833333333333334,0.44653785362151754,0.5369621463784747
2024,United States Grand Prix,Race,race,Alpine,GAS,101.035,22,100.19925,18,9,-0.8357499999999902,100.63275,0.25,0.25,0.25628654970760234,0.2566358024691358,0.03412313799982952,-0.8698731379998197
2024,United States Grand Prix,Race,race,Alpine,OCO,100.2305,22,100.19925,18,9,-0.03125,100.63275,0.25,0.25,0.25628654970760234,0.2566358024691358,-0.12843307985374308,0.09718307985374308
2024,United States Grand Prix,Race,race,Aston Martin,ALO,100.4205,30,100.19925,18,9,-0.22124999999999773,101.003,0.0,0.0,0.41736111111111107,0.4393274853801169,0.016901313346079846,-0.2381513133460776
2024,United States Grand Prix,Race,race,Aston Martin,STR,101.5855,30,100.19925,18,9,-1.3862499999999898,101.003,0.0,0.0,0.41736111111111107,0.4393274853801169,-0.2745680106068059,-1.1116819893931837
2024,United States Grand Prix,Race,race,Ferrari,LEC,98.667,39,100.19925,18,9,1.5322500000000048,98.846,1.0,1.0,0.7934782608695652,0.7840909090909091,0.1958228383996559,1.336427161600349
2024,United States Grand Prix,Race,race,Ferrari,SAI,99.025,39,100.19925,18,9,1.1742500000000007,98.846,1.0,1.0,0.7934782608695652,0.7840909090909091,0.13770117581501623,1.0365488241849845
2024,United States Grand Prix,Race,race,Haas F1 Team,HUL,99.391,23,100.19925,18,9,0.808250000000001,100.0085,0.625,0.625,0.37247474747474746,0.36044973544973546,-0.18641475160805335,0.9946647516080543
2024,United States Grand Prix,Race,race,Haas F1 Team,MAG,100.626,23,100.19925,18,9,-0.4267499999999984,100.0085,0.625,0.625,0.37247474747474746,0.36044973544973546,-0.3934127617582333,-0.0333372382417651
2024,United States Grand Prix,Race,race,Kick Sauber,BOT,101.147,23,100.19925,18,9,-0.9477499999999992,100.6575,0.125,0.125,0.13492063492063494,0.13541666666666669,0.10127365318653098,-1.0490236531865302
2024,United States Grand Prix,Race,race,Kick Sauber,ZHO,100.168,23,100.19925,18,9,0.03125,100.6575,0.125,0.125,0.13492063492063494,0.13541666666666669,-0.10127365318653098,0.13252365318653098
2024,United States Grand Prix,Race,race,McLaren,NOR,99.5005,38,100.19925,18,9,0.698750000000004,99.49000000000001,0.75,0.75,0.8485507246376811,0.853030303030303,0.2594772926936577,0.43927270730634627
2024,United States Grand Prix,Race,race,McLaren,PIA,99.4795,38,100.19925,18,9,0.7197500000000048,99.49000000000001,0.75,0.75,0.8485507246376811,0.853030303030303,0.12747228817738215,0.5922777118226226
2024,United States Grand Prix,Race,race,RB,LAW,100.6375,36,100.19925,18,9,-0.4382499999999965,100.51075,0.375,0.375,0.29958333333333337,0.29561403508771933,-0.0020845522345543707,-0.4361654477654421
2024,United States Grand Prix,Race,race,RB,TSU,100.384,36,100.19925,18,9,-0.18474999999999397,100.51075,0.375,0.375,0.29958333333333337,0.29561403508771933,-0.008871756926109803,-0.17587824307388417
2024,United States Grand Prix,Race,race,Red Bull Racing,PER,99.63749999999999,36,100.19925,18,9,0.5617500000000177,99.3715,0.875,0.875,0.7876984126984128,0.7833333333333334,0.6328857924494375,-0.07113579244941981
2024,United States Grand Prix,Race,race,Red Bull Racing,VER,99.1055,36,100.19925,18,9,1.09375,99.3715,0.875,0.875,0.7876984126984128,0.7833333333333334,1.05349042621627,0.04025957378372991
2024,United States Grand Prix,Race,race,Williams,ALB,101.5625,22,100.19925,18,9,-1.3632499999999936,100.1665,0.5,0.5,0.20833333333333334,0.19212962962962965,0.26859346837757936,-1.631843468377573
2024,United States Grand Prix,Race,race,Williams,COL,98.7705,22,100.19925,18,9,1.428750000000008,100.1665,0.5,0.5,0.20833333333333334,0.19212962962962965,0.06255266167480363,1.3661973383252044
2025,Abu Dhabi Grand Prix,Qualifying,qualifying,Aston Martin,ALO,83.0535,4,83.20625,14,7,0.1527499999999975,83.21950000000001,0.5,0.0,0.3057142857142857,,0.14345355062000661,0.009296449379990884
2025,Abu Dhabi Grand Prix,Qualifying,qualifying,Aston Martin,STR,83.38550000000001,4,83.20625,14,7,-0.17925000000001035,83.21950000000001,0.5,0.0,0.3057142857142857,,-0.11131040426236238,-0.06793959573764796
2025,Abu Dhabi Grand Prix,Qualifying,qualifying,Haas F1 Team,BEA,83.254,3,83.20625,14,7,-0.04775000000000773,83.2205,0.33333333333333337,0.6666666666666667,0.29614748677248676,,0.1909954717993887,-0.23874547179939642
2025,Abu Dhabi Grand Prix,Qualifying,qualifying,Haas F1 Team,OCO,83.187,3,83.20625,14,7,0.019249999999999545,83.2205,0.33333333333333337,0.6666666666666667,0.29614748677248676,,-0.06464507161486799,0.08389507161486753
2025,Abu Dhabi Grand Prix,Qualifying,qualifying,Kick Sauber,BOR,83.664,3,83.20625,14,7,-0.4577500000000043,83.5685,0.0,0.5555555555555556,0.24415204678362576,,-0.5535069083600311,0.09575690836002682
2025,Abu Dhabi Grand Prix,Qualifying,qualifying,Kick Sauber,HUL,83.473,3,83.20625,14,7,-0.2667500000000018,83.5685,0.0,0.5555555555555556,0.24415204678362576,,-0.46068755930034505,0.19393755930034323
2025,Abu Dhabi Grand Prix,Qualifying,qualifying,McLaren,NOR,82.751,3,83.20625,14,7,0.4552499999999924,82.6865,1.0,0.8888888888888888,0.9608585858585859,,0.12450891586109554,0.33074108413889686
2025,Abu Dhabi Grand Prix,Qualifying,qualifying,McLaren,PIA,82.622,3,83.20625,14,7,0.5842499999999973,82.6865,1.0,0.8888888888888888,0.9608585858585859,,0.03443707754662947,0.5498129224533678
2025,Abu Dhabi Grand Prix,Qualifying,qualifying,Mercedes,ANT,83.2255,4,83.20625,14,7,-0.019249999999999545,83.20124999999999,0.6666666666666667,0.33333333333333337,0.6664862914862915,,0.23237994816558635,-0.2516299481655859
2025,Abu Dhabi Grand Prix,Qualifying,qualifying,Mercedes,RUS,83.17699999999999,4,83.20625,14,7,0.02925000000000466,83.20124999999999,0.6666666666666667,0.33333333333333337,0.6664862914862915,,0.45271685282537005,-0.4234668528253654
2025,Abu Dhabi Grand Prix,Qualifying,qualifying,Racing Bulls,HAD,83.3425,4,83.20625,14,7,-0.13625000000000398,83.3485,0.16666666666666663,0.11111111111111116,0.38076341647770223,,-0.14520422670120633,0.008954226701202356
2025,Abu Dhabi Grand Prix,Qualifying,qualifying,Racing Bulls,LAW,83.3545,4,83.20625,14,7,-0.14825000000000443,83.3485,0.16666666666666663,0.11111111111111116,0.38076341647770223,,-0.24819032494534726,0.09994032494534283
2025,Abu Dhabi Grand Prix,Qualifying,qualifying,Red Bull Racing,TSU,83.083,3,83.20625,14,7,0.12324999999999875,82.91749999999999,0.8333333333333334,0.7777777777777778,0.6423160173160173,,-0.01826717338177214,0.1415171733817709
2025,Abu Dhabi Grand Prix,Qualifying,qualifying,Red Bull Racing,VER,82.752,3,83.20625,14,7,0.4542500000000018,82.91749999999999,0.8333333333333334,0.7777777777777778,0.6423160173160173,,0.44653785362151754,0.007712146378484275
2025,Abu Dhabi Grand Prix,Race,race,Alpine,COL,89.844,40,89.743,20,10,-0.10099999999999909,89.81299999999999,0.4444444444444444,0.4444444444444444,0.28111946532999166,,0.06255266167480363,-0.1635526616748027
2025,Abu Dhabi Grand Prix,Race,race,Alpine,GAS,89.782,40,89.743,20,10,-0.03900000000000148,89.81299999999999,0.4444444444444444,0.4444444444444444,0.28111946532999166,,0.03412313799982952,-0.073123137999831
2025,Abu Dhabi Grand Prix,Race,race,Aston Martin,ALO,89.836,45,89.743,20,10,-0.09300000000000352,89.9045,0.0,0.0,0.3057142857142857,,0.016901313346079846,-0.10990131334608337
2025,Abu Dhabi Grand Prix,Race,race,Aston Martin,STR,89.973,45,89.743,20,10,-0.23000000000000398,89.9045,0.0,0.0,0.3057142857142857,,-0.2745680106068059,0.04456801060680193
2025,Abu Dhabi Grand Prix,Race,race,Ferrari,HAM,89.24,33,89.743,20,10,0.5030000000000001,89.0655,1.0,1.0,0.7150103519668738,,-0.03013038881255811,0.5331303888125583
2025,Abu Dhabi Grand Prix,Race,race,Ferrari,LEC,88.891,33,89.743,20,10,0.8519999999999897,89.0655,1.0,1.0,0.7150103519668738,,0.1958228383996559,0.6561771616003338
2025,Abu Dhabi Grand Prix,Race,race,Haas F1 Team,BEA,89.70400000000001,42,89.743,20,10,0.03899999999998727,89.56200000000001,0.6666666666666667,0.6666666666666667,0.29614748677248676,,0.0345295176463184,0.00447048235366887
2025,Abu Dhabi Grand Prix,Race,race,Haas F1 Team,OCO,89.42,42,89.743,20,10,0.3229999999999933,89.56200000000001,0.6666666666666667,0.6666666666666667,0.29614748677248676,,-0.12843307985374308,0.4514330798537364
2025,Abu Dhabi Grand Prix,Race,race,Kick Sauber,BOR,90.058,37,89.743,20,10,-0.31500000000001194,89.74700000000001,0.5555555555555556,0.5555555555555556,0.24415204678362576,,-0.23563312919797155,-0.07936687080204038
2025,Abu Dhabi Grand Prix,Race,race,Kick Sauber,HUL,89.436,37,89.743,20,10,0.30699999999998795,89.74700000000001,0.5555555555555556,0.5555555555555556,0.24415204678362576,,-0.18641475160805335,0.49341475160804127
2025,Abu Dhabi Grand Prix,Race,race,McLaren,NOR,88.65700000000001,32,89.743,20,10,1.0859999999999843,89.0685,0.8888888888888888,0.8888888888888888,0.9608585858585859,,0.2594772926936577,0.8265227073063266
2025,Abu Dhabi Grand Prix,Race,race,McLaren,PIA,89.48,32,89.743,20,10,0.262999999999991,89.0685,0.8888888888888888,0.8888888888888888,0.9608585858585859,,0.12747228817738215,0.13552771182260887
2025,Abu Dhabi Grand Prix,Race,race,Mercedes,ANT,90.129,29,89.743,20,10,-0.3860000000000099,89.85900000000001,0.33333333333333337,0.33333333333333337,0.6664862914862915,,-0.24773778002094068,-0.1382622199790692
2025,Abu Dhabi Grand Prix,Race,race,Mercedes,RUS,89.589,29,89.743,20,10,0.15399999999999636,89.85900000000001,0.33333333333333337,0.33333333333333337,0.6664862914862915,,-0.09081960026679484,0.2448196002667912
2025,Abu Dhabi Grand Prix,Race,race,Racing Bulls,HAD,90.1695,40,89.743,20,10,-0.4265000000000043,89.87325,0.11111111111111116,0.11111111111111116,0.38076341647770223,,0.19209060622006915,-0.6185906062200734
2025,Abu Dhabi Grand Prix,Race,race,Racing Bulls,LAW,89.577,40,89.743,20,10,0.16599999999999682,89.87325,0.11111111111111116,0.11111111111111116,0.38076341647770223,,-0.0020845522345543707,0.16808455223455118
2025,Abu Dhabi Grand Prix,Race,race,Red Bull Racing,TSU,90.06450000000001,46,89.743,20,10,-0.32150000000001455,89.20675,0.7777777777777778,0.7777777777777778,0.6423160173160173,,-0.008871756926109803,-0.31262824307390474
2025,Abu Dhabi Grand Prix,Race,race,Red Bull Racing,VER,88.34899999999999,46,89.743,20,10,1.3940000000000055,89.20675,0.7777777777777778,0.7777777777777778,0.6423160173160173,,1.05349042621627,0.34050957378373536
2025,Abu Dhabi Grand Prix,Race,race,Williams,ALB,89.807,29,89.743,20,10,-0.06400000000000716,89.8655,0.2222222222222222,0.2222222222222222,0.4249622071050642,,0.26859346837757936,-0.3325934683775865
2025,Abu Dhabi Grand Prix,Race,race,Williams,SAI,89.924,29,89.743,20,10,-0.1810000000000116,89.8655,0.2222222222222222,0.2222222222222222,0.4249622071050642,,0.13770117581501623,-0.3187011758150278
2025,Australian Grand Prix,Qualifying,qualifying,Alpine,DOO,76.862,4,76.1715,12,6,-0.6905000000000001,76.71925,0.0,,0.28111946532999166,,0.11898813623457953,-0.8094881362345796
2025,Australian Grand Prix,Qualifying,qualifying,Alpine,GAS,76.57650000000001,4,76.1715,12,6,-0.40500000000001535,76.71925,0.0,,0.28111946532999166,,-0.08121862419797127,-0.3237813758020441
2025,Australian Grand Prix,Qualifying,qualifying,Aston Martin,ALO,76.453,3,76.1715,12,6,-0.2815000000000083,76.70150000000001,0.19999999999999996,0.16666666666666663,0.3057142857142857,0.0,0.14345355062000661,-0.42495355062001494
2025,Australian Grand Prix,Qualifying,qualifying,Aston Martin,STR,76.95,3,76.1715,12,6,-0.7785000000000082,76.70150000000001,0.19999999999999996,0.16666666666666663,0.3057142857142857,0.0,-0.11131040426236238,-0.6671895957376458
2025,Australian Grand Prix,Qualifying,qualifying,Ferrari,HAM,76.073,3,76.1715,12,6,0.09850000000000136,75.94999999999999,0.8,0.6666666666666667,0.7150103519668738,1.0,0.3949955738094543,-0.29649557380945296
2025,Australian Grand Prix,Qualifying,qualifying,Ferrari,LEC,75.827,3,76.1715,12,6,0.3444999999999965,75.94999999999999,0.8,0.6666666666666667,0.7150103519668738,1.0,0.4980360426406395,-0.15353604264064302
2025,Australian Grand Prix,Qualifying,qualifying,McLaren,NOR,75.415,3,76.1715,12,6,0.7564999999999884,75.4415,1.0,1.0,0.9608585858585859,0.8888888888888888,0.12450891586109554,0.6319910841388928
2025,Australian Grand Prix,Qualifying,qualifying,McLaren,PIA,75.468,3,76.1715,12,6,0.7034999999999911,75.4415,1.0,1.0,0.9608585858585859,0.8888888888888888,0.03443707754662947,0.6690629224533616
2025,Australian Grand Prix,Qualifying,qualifying,Racing Bulls,HAD,76.445,3,76.1715,12,6,-0.2734999999999985,76.335,0.4,,0.38076341647770223,,-0.14520422670120633,-0.1282957732987922
2025,Australian Grand Prix,Qualifying,qualifying,Racing Bulls,TSU,76.225,3,76.1715,12,6,-0.05349999999999966,76.335,0.4,,0.38076341647770223,,-0.01826717338177214,-0.03523282661822752
2025,Australian Grand Prix,Qualifying,qualifying,Williams,ALB,76.019,3,76.1715,12,6,0.1524999999999892,76.0685,0.6,,0.4249622071050642,,0.4053446987189551,-0.2528446987189659
2025,Australian Grand Prix,Qualifying,qualifying,Williams,SAI,76.118,3,76.1715,12,6,0.05349999999999966,76.0685,0.6,,0.4249622071050642,,0.42089768077579187,-0.3673976807757922
2025,Australian Grand Prix,Race,race,Aston Martin,ALO,91.665,13,90.876,14,7,-0.7890000000000015,91.8785,0.16666666666666663,0.16666666666666663,0.3057142857142857,0.0,0.016901313346079846,-0.8059013133460813
2025,Australian Grand Prix,Race,race,Aston Martin,STR,92.092,13,90.876,14,7,-1.215999999999994,91.8785,0.16666666666666663,0.16666666666666663,0.3057142857142857,0.0,-0.2745680106068059,-0.9414319893931881
2025,Australian Grand Prix,Race,race,Ferrari,HAM,90.5885,16,90.876,14,7,0.2875000000000085,90.35075,0.6666666666666667,0.6666666666666667,0.7150103519668738,1.0,-0.03013038881255811,0.3176303888125666
2025,Australian Grand Prix,Race,race,Ferrari,LEC,90.113,16,90.876,14,7,0.7630000000000052,90.35075,0.6666666666666667,0.6666666666666667,0.7150103519668738,1.0,0.1958228383996559,0.5671771616003494
2025,Australian Grand Prix,Race,race,Haas F1 Team,BEA,91.94200000000001,16,90.876,14,7,-1.0660000000000025,92.18100000000001,0.0,0.0,0.29614748677248676,0.6666666666666667,0.0345295176463184,-1.1005295176463208
2025,Australian Grand Prix,Race,race,Haas F1 Team,OCO,92.42,16,90.876,14,7,-1.543999999999997,92.18100000000001,0.0,0.0,0.29614748677248676,0.6666666666666667,-0.12843307985374308,-1.415566920146254
2025,Australian Grand Prix,Race,race,Kick Sauber,BOR,91.406,15,90.876,14,7,-0.5300000000000011,91.262,0.33333333333333337,0.33333333333333337,0.24415204678362576,0.5555555555555556,-0.23563312919797155,-0.2943668708020296
2025,Australian Grand Prix,Race,race,Kick Sauber,HUL,91.118,15,90.876,14,7,-0.24199999999999022,91.262,0.33333333333333337,0.33333333333333337,0.24415204678362576,0.5555555555555556,-0.18641475160805335,-0.055585248391936876
2025,Australian Grand Prix,Race,race,McLaren,NOR,89.1285,18,90.876,14,7,1.7475000000000023,89.17125,1.0,1.0,0.9608585858585859,0.8888888888888888,0.2594772926936577,1.4880227073063446
2025,Australian Grand Prix,Race,race,McLaren,PIA,89.214,18,90.876,14,7,1.6620000000000061,89.17125,1.0,1.0,0.9608585858585859,0.8888888888888888,0.12747228817738215,1.534527711822624
2025,Australian Grand Prix,Race,race,Mercedes,ANT,90.634,16,90.876,14,7,0.24200000000000443,90.30175,0.8333333333333334,0.8333333333333334,0.6664862914862915,0.33333333333333337,-0.24773778002094068,0.48973778002094515
2025,Australian Grand Prix,Race,race,Mercedes,RUS,89.9695,16,90.876,14,7,0.9065000000000083,90.30175,0.8333333333333334,0.8333333333333334,0.6664862914862915,0.33333333333333337,-0.09081960026679484,0.9973196002668031
2025,Australian Grand Prix,Race,race,Red Bull Racing,LAW,91.804,12,90.876,14,7,-0.9279999999999973,90.6875,0.5,0.5,0.6423160173160173,0.7777777777777778,-0.0020845522345543707,-0.9259154477654429
2025,Australian Grand Prix,Race,race,Red Bull Racing,VER,89.571,12,90.876,14,7,1.3050000000000068,90.6875,0.5,0.5,0.6423160173160173,0.7777777777777778,1.05349042621627,0.25150957378373673
2025,Austrian Grand Prix,Qualifying,qualifying,Alpine,COL,66.06700000000001,4,65.262,12,6,-0.8050000000000068,65.72625000000001,0.19999999999999996,0.16666666666666663,0.28111946532999166,0.4444444444444444,-0.24517484313212232,-0.5598251568678845
2025,Austrian Grand Prix,Qualifying,qualifying,Alpine,GAS,65.38550000000001,4,65.262,12,6,-0.12350000000000705,65.72625000000001,0.19999999999999996,0.16666666666666663,0.28111946532999166,0.4444444444444444,-0.08121862419797127,-0.04228137580203578
2025,Austrian Grand Prix,Qualifying,qualifying,Ferrari,HAM,64.9245,4,65.262,12,6,0.3375000000000057,64.86525,0.8,0.8333333333333334,0.7150103519668738,0.8333333333333334,0.3949955738094543,-0.05749557380944864
2025,Austrian Grand Prix,Qualifying,qualifying,Ferrari,LEC,64.806,4,65.262,12,6,0.45600000000000307,64.86525,0.8,0.8333333333333334,0.7150103519668738,0.8333333333333334,0.4980360426406395,-0.04203604264063643
2025,Austrian Grand Prix,Qualifying,qualifying,Haas F1 Team,BEA,65.86,3,65.262,12,6,-0.597999999999999,65.80250000000001,0.0,0.0,0.29614748677248676,0.33333333333333337,0.1909954717993887,-0.7889954717993877
2025,Austrian Grand Prix,Qualifying,qualifying,Haas F1 Team,OCO,65.745,3,65.262,12,6,-0.4830000000000041,65.80250000000001,0.0,0.0,0.29614748677248676,0.33333333333333337,-0.06464507161486799,-0.4183549283851361
2025,Austrian Grand Prix,Qualifying,qualifying,McLaren,NOR,64.41,3,65.262,12,6,0.8520000000000039,64.483,1.0,1.0,0.9608585858585859,0.9444444444444444,0.12450891586109554,0.7274910841389083
2025,Austrian Grand Prix,Qualifying,qualifying,McLaren,PIA,64.556,3,65.262,12,6,0.7060000000000031,64.483,1.0,1.0,0.9608585858585859,0.9444444444444444,0.03443707754662947,0.6715629224533736
2025,Austrian Grand Prix,Qualifying,qualifying,Mercedes,ANT,65.276,3,65.262,12,6,-0.013999999999995794,65.068,0.6,,0.6664862914862915,,0.23237994816558635,-0.24637994816558215
2025,Austrian Grand Prix,Qualifying,qualifying,Mercedes,RUS,64.86,3,65.262,12,6,0.402000000000001,65.068,0.6,,0.6664862914862915,,0.45271685282537005,-0.05071685282536903
2025,Austrian Grand Prix,Qualifying,qualifying,Racing Bulls,HAD,65.344,3,65.262,12,6,-0.08199999999999363,65.29599999999999,0.4,0.5,0.38076341647770223,0.11111111111111116,-0.14520422670120633,0.0632042267012127
2025,Austrian Grand Prix,Qualifying,qualifying,Racing Bulls,LAW,65.248,3,65.262,12,6,0.013999999999995794,65.29599999999999,0.4,0.5,0.38076341647770223,0.11111111111111116,-0.24819032494534726,0.26219032494534306
2025,Austrian Grand Prix,Race,race,Alpine,COL,70.9385,44,70.837,14,7,-0.10150000000000148,70.974,0.16666666666666663,0.16666666666666663,0.28111946532999166,0.4444444444444444,0.06255266167480363,-0.1640526616748051
2025,Austrian Grand Prix,Race,race,Alpine,GAS,71.0095,44,70.837,14,7,-0.17249999999999943,70.974,0.16666666666666663,0.16666666666666663,0.28111946532999166,0.4444444444444444,0.03412313799982952,-0.20662313799982895
2025,Austrian Grand Prix,Race,race,Aston Martin,ALO,70.727,37,70.837,14,7,0.10999999999999943,70.947,0.33333333333333337,0.33333333333333337,0.3057142857142857,0.08333333333333331,0.016901313346079846,0.09309868665391959
2025,Austrian Grand Prix,Race,race,Aston Martin,STR,71.167,37,70.837,14,7,-0.3299999999999983,70.947,0.33333333333333337,0.33333333333333337,0.3057142857142857,0.08333333333333331,-0.2745680106068059,-0.05543198939319238
2025,Austrian Grand Prix,Race,race,Ferrari,HAM,70.09649999999999,52,70.837,14,7,0.7405000000000115,69.929,0.8333333333333334,0.8333333333333334,0.7150103519668738,0.8333333333333334,-0.03013038881255811,0.7706303888125696
2025,Austrian Grand Prix,Race,race,Ferrari,LEC,69.7615,52,70.837,14,7,1.0755000000000052,69.929,0.8333333333333334,0.8333333333333334,0.7150103519668738,0.8333333333333334,0.1958228383996559,0.8796771616003494
2025,Austrian Grand Prix,Race,race,Haas F1 Team,BEA,71.189,34,70.837,14,7,-0.35199999999998965,71.03725,0.0,0.0,0.29614748677248676,0.33333333333333337,0.0345295176463184,-0.38652951764630805
2025,Austrian Grand Prix,Race,race,Haas F1 Team,OCO,70.88550000000001,34,70.837,14,7,-0.048500000000004206,71.03725,0.0,0.0,0.29614748677248676,0.33333333333333337,-0.12843307985374308,0.07993307985373888
2025,Austrian Grand Prix,Race,race,Kick Sauber,BOR,70.93950000000001,36,70.837,14,7,-0.10250000000000625,70.864,0.6666666666666667,0.6666666666666667,0.24415204678362576,0.4444444444444445,-0.23563312919797155,0.1331331291979653
2025,Austrian Grand Prix,Race,race,Kick Sauber,HUL,70.7885,36,70.837,14,7,0.048500000000004206,70.864,0.6666666666666667,0.6666666666666667,0.24415204678362576,0.4444444444444445,-0.18641475160805335,0.23491475160805755
2025,Austrian Grand Prix,Race,race,McLaren,NOR,69.55350000000001,44,70.837,14,7,1.2834999999999894,69.5025,1.0,1.0,0.9608585858585859,0.9444444444444444,0.2594772926936577,1.0240227073063317
2025,Austrian Grand Prix,Race,race,McLaren,PIA,69.4515,44,70.837,14,7,1.3855000000000075,69.5025,1.0,1.0,0.9608585858585859,0.9444444444444444,0.12747228817738215,1.2580277118226253
2025,Austrian Grand Prix,Race,race,Racing Bulls,HAD,71.258,51,70.837,14,7,-0.42099999999999227,70.896,0.5,0.5,0.38076341647770223,0.11111111111111116,0.19209060622006915,-0.6130906062200614
2025,Austrian Grand Prix,Race,race,Racing Bulls,LAW,70.534,51,70.837,14,7,0.30299999999999727,70.896,0.5,0.5,0.38076341647770223,0.11111111111111116,-0.0020845522345543707,0.30508455223455166
2025,Azerbaijan Grand Prix,Qualifying,qualifying,Red Bull Racing,TSU,101.967,3,101.649,2,1,-0.31799999999999784,101.649,0.5,0.75,0.6423160173160173,0.6388888888888888,-0.01826717338177214,-0.2997328266182257
2025,Azerbaijan Grand Prix,Qualifying,qualifying,Red Bull Racing,VER,101.331,3,101.649,2,1,0.31799999999999784,101.649,0.5,0.75,0.6423160173160173,0.6388888888888888,0.44653785362151754,-0.1285378536215197
2025,Azerbaijan Grand Prix,Race,race,Alpine,COL,106.73349999999999,30,105.85849999999999,18,9,-0.875,107.08624999999999,0.125,0.125,0.28111946532999166,0.3055555555555555,0.06255266167480363,-0.9375526616748037
2025,Azerbaijan Grand Prix,Race,race,Alpine,GAS,107.439,30,105.85849999999999,18,9,-1.5805000000000007,107.08624999999999,0.125,0.125,0.28111946532999166,0.3055555555555555,0.03412313799982952,-1.6146231379998301
2025,Azerbaijan Grand Prix,Race,race,Aston Martin,ALO,106.63149999999999,22,105.85849999999999,18,9,-0.7729999999999961,106.583,0.375,0.375,0.3057142857142857,0.16666666666666666,0.016901313346079846,-0.7899013133460759
2025,Azerbaijan Grand Prix,Race,race,Aston Martin,STR,106.53450000000001,22,105.85849999999999,18,9,-0.6760000000000161,106.583,0.375,0.375,0.3057142857142857,0.16666666666666666,-0.2745680106068059,-0.40143198939321023
2025,Azerbaijan Grand Prix,Race,race,Ferrari,HAM,105.856,27,105.85849999999999,18,9,0.0024999999999977263,105.64099999999999,0.5,0.5,0.7150103519668738,0.8333333333333334,-0.03013038881255811,0.03263038881255584
2025,Azerbaijan Grand Prix,Race,race,Ferrari,LEC,105.426,27,105.85849999999999,18,9,0.43249999999999034,105.64099999999999,0.5,0.5,0.7150103519668738,0.8333333333333334,0.1958228383996559,0.23667716160033445
2025,Azerbaijan Grand Prix,Race,race,Haas F1 Team,BEA,107.316,17,105.85849999999999,18,9,-1.4575000000000102,107.362,0.0,0.0,0.29614748677248676,0.22222222222222224,0.0345295176463184,-1.4920295176463285
2025,Azerbaijan Grand Prix,Race,race,Haas F1 Team,OCO,107.408,17,105.85849999999999,18,9,-1.549500000000009,107.362,0.0,0.0,0.29614748677248676,0.22222222222222224,-0.12843307985374308,-1.421066920146266
2025,Azerbaijan Grand Prix,Race,race,Kick Sauber,BOR,106.78399999999999,26,105.85849999999999,18,9,-0.9254999999999995,106.96449999999999,0.25,0.25,0.24415204678362576,0.5185185185185186,-0.23563312919797155,-0.689866870802028
2025,Azerbaijan Grand Prix,Race,race,Kick Sauber,HUL,107.145,26,105.85849999999999,18,9,-1.2865000000000038,106.96449999999999,0.25,0.25,0.24415204678362576,0.5185185185185186,-0.18641475160805335,-1.1000852483919503
2025,Azerbaijan Grand Prix,Race,race,Mercedes,ANT,104.917,27,105.85849999999999,18,9,0.9414999999999907,105.148,1.0,1.0,0.6664862914862915,0.5833333333333334,-0.24773778002094068,1.1892377800209313
2025,Azerbaijan Grand Prix,Race,race,Mercedes,RUS,105.379,27,105.85849999999999,18,9,0.4794999999999874,105.148,1.0,1.0,0.6664862914862915,0.5833333333333334,-0.09081960026679484,0.5703196002667822
2025,Azerbaijan Grand Prix,Race,race,Racing Bulls,HAD,104.729,28,105.85849999999999,18,9,1.129499999999993,105.23150000000001,0.875,0.875,0.38076341647770223,0.3055555555555556,0.19209060622006915,0.9374093937799239
2025,Azerbaijan Grand Prix,Race,race,Racing Bulls,LAW,105.73400000000001,28,105.85849999999999,18,9,0.1244999999999834,105.23150000000001,0.875,0.875,0.38076341647770223,0.3055555555555556,-0.0020845522345543707,0.12658455223453777
2025,Azerbaijan Grand Prix,Race,race,Red Bull Racing,TSU,105.617,33,105.85849999999999,18,9,0.24149999999998784,105.26400000000001,0.75,0.75,0.6423160173160173,0.6388888888888888,-0.008871756926109803,0.25037175692609764
2025,Azerbaijan Grand Prix,Race,race,Red Bull Racing,VER,104.911,33,105.85849999999999,18,9,0.9474999999999909,105.26400000000001,0.75,0.75,0.6423160173160173,0.6388888888888888,1.05349042621627,-0.10599042621627919
2025,Azerbaijan Grand Prix,Race,race,Williams,ALB,105.861,23,105.85849999999999,18,9,-0.002500000000011937,105.369,0.625,0.625,0.4249622071050642,0.2222222222222222,0.26859346837757936,-0.2710934683775913
2025,Azerbaijan Grand Prix,Race,race,Williams,SAI,104.877,23,105.85849999999999,18,9,0.9814999999999969,105.369,0.625,0.625,0.4249622071050642,0.2222222222222222,0.13770117581501623,0.8437988241849808
2025,Bahrain Grand Prix,Qualifying,qualifying,Alpine,DOO,91.3805,4,91.0375,12,6,-0.3430000000000035,91.4325,0.19999999999999996,0.6666666666666667,0.28111946532999166,0.24537037037037035,0.11898813623457953,-0.46198813623458307
2025,Bahrain Grand Prix,Qualifying,qualifying,Alpine,GAS,91.4845,4,91.0375,12,6,-0.44700000000000273,91.4325,0.19999999999999996,0.6666666666666667,0.28111946532999166,0.24537037037037035,-0.08121862419797127,-0.36578137580203146
2025,Bahrain Grand Prix,Qualifying,qualifying,Aston Martin,ALO,91.916,3,91.0375,12,6,-0.8785000000000025,92.31,0.0,0.2222222222222222,0.3057142857142857,0.21875,0.14345355062000661,-1.021953550620009
2025,Bahrain Grand Prix,Qualifying,qualifying,Aston Martin,STR,92.704,3,91.0375,12,6,-1.6664999999999992,92.31,0.0,0.2222222222222222,0.3057142857142857,0.21875,-0.11131040426236238,-1.555189595737637
2025,Bahrain Grand Prix,Qualifying,qualifying,Ferrari,HAM,91.009,3,91.0375,12,6,0.028499999999993975,91.0325,0.6,0.8888888888888888,0.7150103519668738,0.75,0.3949955738094543,-0.36649557380946035
2025,Bahrain Grand Prix,Qualifying,qualifying,Ferrari,LEC,91.056,3,91.0375,12,6,-0.01850000000000307,91.0325,0.6,0.8888888888888888,0.7150103519668738,0.75,0.4980360426406395,-0.5165360426406426
2025,Bahrain Grand Prix,Qualifying,qualifying,McLaren,NOR,90.396,3,91.0375,12,6,0.6414999999999935,90.31450000000001,1.0,1.0,0.9608585858585859,0.9629629629629629,0.12450891586109554,0.5169910841388979
2025,Bahrain Grand Prix,Qualifying,qualifying,McLaren,PIA,90.233,3,91.0375,12,6,0.8044999999999902,90.31450000000001,1.0,1.0,0.9608585858585859,0.9629629629629629,0.03443707754662947,0.7700629224533607
2025,Bahrain Grand Prix,Qualifying,qualifying,Mercedes,ANT,90.947,4,91.0375,12,6,0.09049999999999159,90.7305,0.8,0.5555555555555556,0.6664862914862915,0.7222222222222223,0.23237994816558635,-0.14187994816559477
2025,Bahrain Grand Prix,Qualifying,qualifying,Mercedes,RUS,90.51400000000001,4,91.0375,12,6,0.5234999999999843,90.7305,0.8,0.5555555555555556,0.6664862914862915,0.7222222222222223,0.45271685282537005,0.07078314717461426
2025,Bahrain Grand Prix,Qualifying,qualifying,Red Bull Racing,TSU,91.303,3,91.0375,12,6,-0.26550000000000296,91.161,0.4,0.7777777777777778,0.6423160173160173,0.6759259259259259,-0.01826717338177214,-0.24723282661823082
2025,Bahrain Grand Prix,Qualifying,qualifying,Red Bull Racing,VER,91.019,3,91.0375,12,6,0.01849999999998886,91.161,0.4,0.7777777777777778,0.6423160173160173,0.6759259259259259,0.44653785362151754,-0.4280378536215287
2025,Bahrain Grand Prix,Race,race,Alpine,DOO,98.553,40,98.5585,20,10,0.00549999999999784,98.3205,0.6666666666666667,0.6666666666666667,0.28111946532999166,0.24537037037037035,-0.4703648855874647,0.47586488558746254
2025,Bahrain Grand Prix,Race,race,Alpine,GAS,98.088,40,98.5585,20,10,0.47050000000000125,98.3205,0.6666666666666667,0.6666666666666667,0.28111946532999166,0.24537037037037035,0.03412313799982952,0.43637686200017173
2025,Bahrain Grand Prix,Race,race,Aston Martin,ALO,98.679,33,98.5585,20,10,-0.12050000000000693,98.7565,0.2222222222222222,0.2222222222222222,0.3057142857142857,0.21875,0.016901313346079846,-0.1374013133460868
2025,Bahrain Grand Prix,Race,race,Aston Martin,STR,98.834,33,98.5585,20,10,-0.27550000000000807,98.7565,0.2222222222222222,0.2222222222222222,0.3057142857142857,0.21875,-0.2745680106068059,-0.0009319893932021595
2025,Bahrain Grand Prix,Race,race,Ferrari,HAM,97.648,42,98.5585,20,10,0.910499999999999,97.655,0.8888888888888888,0.8888888888888888,0.7150103519668738,0.75,-0.03013038881255811,0.9406303888125571
2025,Bahrain Grand Prix,Race,race,Ferrari,LEC,97.662,42,98.5585,20,10,0.896499999999989,97.655,0.8888888888888888,0.8888888888888888,0.7150103519668738,0.75,0.1958228383996559,0.7006771616003331
2025,Bahrain Grand Prix,Race,race,Haas F1 Team,BEA,99.1985,16,98.5585,20,10,-0.6400000000000006,98.60825,0.4444444444444444,0.4444444444444444,0.29614748677248676,0.16666666666666669,0.0345295176463184,-0.674529517646319
2025,Bahrain Grand Prix,Race,race,Haas F1 Team,OCO,98.018,16,98.5585,20,10,0.5404999999999944,98.60825,0.4444444444444444,0.4444444444444444,0.29614748677248676,0.16666666666666669,-0.12843307985374308,0.6689330798537375
2025,Bahrain Grand Prix,Race,race,Kick Sauber,BOR,98.987,22,98.5585,20,10,-0.42849999999999966,99.12625,0.0,0.0,0.24415204678362576,0.45138888888888895,-0.23563312919797155,-0.1928668708020281
2025,Bahrain Grand Prix,Race,race,Kick Sauber,HUL,99.2655,22,98.5585,20,10,-0.7070000000000078,99.12625,0.0,0.0,0.24415204678362576,0.45138888888888895,-0.18641475160805335,-0.5205852483919545
2025,Bahrain Grand Prix,Race,race,McLaren,NOR,97.76150000000001,36,98.5585,20,10,0.7969999999999828,97.62975,1.0,1.0,0.9608585858585859,0.9629629629629629,0.2594772926936577,0.5375227073063251
2025,Bahrain Grand Prix,Race,race,McLaren,PIA,97.498,36,98.5585,20,10,1.0604999999999905,97.62975,1.0,1.0,0.9608585858585859,0.9629629629629629,0.12747228817738215,0.9330277118226082
2025,Bahrain Grand Prix,Race,race,Mercedes,ANT,98.564,23,98.5585,20,10,-0.00549999999999784,98.363,0.5555555555555556,0.5555555555555556,0.6664862914862915,0.7222222222222223,-0.24773778002094068,0.24223778002094284
2025,Bahrain Grand Prix,Race,race,Mercedes,RUS,98.162,23,98.5585,20,10,0.396499999999989,98.363,0.5555555555555556,0.5555555555555556,0.6664862914862915,0.7222222222222223,-0.09081960026679484,0.4873196002667838
2025,Bahrain Grand Prix,Race,race,Racing Bulls,HAD,98.623,21,98.5585,20,10,-0.06450000000000955,99.116,0.11111111111111116,0.11111111111111116,0.38076341647770223,0.4953703703703704,0.19209060622006915,-0.2565906062200787
2025,Bahrain Grand Prix,Race,race,Racing Bulls,LAW,99.609,21,98.5585,20,10,-1.0504999999999995,99.116,0.11111111111111116,0.11111111111111116,0.38076341647770223,0.4953703703703704,-0.0020845522345543707,-1.0484154477654453
2025,Bahrain Grand Prix,Race,race,Red Bull Racing,TSU,98.959,15,98.5585,20,10,-0.40050000000000807,98.152,0.7777777777777778,0.7777777777777778,0.6423160173160173,0.6759259259259259,-0.008871756926109803,-0.39162824307389826
2025,Bahrain Grand Prix,Race,race,Red Bull Racing,VER,97.345,15,98.5585,20,10,1.2134999999999962,98.152,0.7777777777777778,0.7777777777777778,0.6423160173160173,0.6759259259259259,1.05349042621627,0.16000957378372616
2025,Bahrain Grand Prix,Race,race,Williams,ALB,98.474,27,98.5585,20,10,0.08449999999999136,98.636,0.33333333333333337,0.33333333333333337,0.4249622071050642,0.4236111111111111,0.26859346837757936,-0.184093468377588
2025,Bahrain Grand Prix,Race,race,Williams,SAI,98.798,27,98.5585,20,10,-0.2395000000000067,98.636,0.33333333333333337,0.33333333333333337,0.4249622071050642,0.4236111111111111,0.13770117581501623,-0.37720117581502294
2025,Belgian Grand Prix,Qualifying,qualifying,Haas F1 Team,BEA,101.617,3,101.54975,12,6,-0.06725000000000136,101.7505,0.19999999999999996,0.75,0.29614748677248676,0.22222222222222224,0.1909954717993887,-0.25824547179939006
2025,Belgian Grand Prix,Qualifying,qualifying,Haas F1 Team,OCO,101.884,3,101.54975,12,6,-0.33424999999999727,101.7505,0.19999999999999996,0.75,0.29614748677248676,0.22222222222222224,-0.06464507161486799,-0.2696049283851293
2025,Belgian Grand Prix,Qualifying,qualifying,Kick Sauber,BOR,101.9405,4,101.54975,12,6,-0.39074999999999704,101.91999999999999,0.0,0.5,0.24415204678362576,0.36111111111111116,-0.5535069083600311,0.1627569083600341
2025,Belgian Grand Prix,Qualifying,qualifying,Kick Sauber,HUL,101.89949999999999,4,101.54975,12,6,-0.349749999999986,101.91999999999999,0.0,0.5,0.24415204678362576,0.36111111111111116,-0.46068755930034505,0.11093755930035903
2025,Belgian Grand Prix,Qualifying,qualifying,McLaren,NOR,100.696,4,101.54975,12,6,0.8537500000000051,100.6975,1.0,,0.9608585858585859,,0.12450891586109554,0.7292410841389095
2025,Belgian Grand Prix,Qualifying,qualifying,McLaren,PIA,100.69900000000001,4,101.54975,12,6,0.8507499999999908,100.6975,1.0,,0.9608585858585859,,0.03443707754662947,0.8163129224533613
2025,Belgian Grand Prix,Qualifying,qualifying,Racing Bulls,HAD,101.436,4,101.54975,12,6,0.11374999999999602,101.48825000000001,0.6,0.0,0.38076341647770223,0.3993055555555556,-0.14520422670120633,0.2589542267012024
2025,Belgian Grand Prix,Qualifying,qualifying,Racing Bulls,LAW,101.54050000000001,4,101.54975,12,6,0.00924999999999443,101.48825000000001,0.6,0.0,0.38076341647770223,0.3993055555555556,-0.24819032494534726,0.2574403249453417
2025,Belgian Grand Prix,Qualifying,qualifying,Red Bull Racing,TSU,101.284,3,101.54975,12,6,0.26574999999999704,101.1175,0.8,0.875,0.6423160173160173,0.7013888888888888,-0.01826717338177214,0.2840171733817692
2025,Belgian Grand Prix,Qualifying,qualifying,Red Bull Racing,VER,100.951,3,101.54975,12,6,0.5987500000000097,101.1175,0.8,0.875,0.6423160173160173,0.7013888888888888,0.44653785362151754,0.15221214637849212
2025,Belgian Grand Prix,Qualifying,qualifying,Williams,ALB,101.559,3,101.54975,12,6,-0.00924999999999443,101.6585,0.4,0.25,0.4249622071050642,0.39351851851851855,0.4053446987189551,-0.41459469871894955
2025,Belgian Grand Prix,Qualifying,qualifying,Williams,SAI,101.758,3,101.54975,12,6,-0.2082499999999925,101.6585,0.4,0.25,0.4249622071050642,0.39351851851851855,0.42089768077579187,-0.6291476807757843
2025,Belgian Grand Prix,Race,race,Alpine,COL,109.21,15,108.174,18,9,-1.0359999999999872,108.99549999999999,0.125,0.125,0.28111946532999166,0.3506944444444444,0.06255266167480363,-1.0985526616747907
2025,Belgian Grand Prix,Race,race,Alpine,GAS,108.781,15,108.174,18,9,-0.6069999999999993,108.99549999999999,0.125,0.125,0.28111946532999166,0.3506944444444444,0.03412313799982952,-0.6411231379998288
2025,Belgian Grand Prix,Race,race,Aston Martin,ALO,108.491,15,108.174,18,9,-0.31699999999999307,108.4185,0.375,0.375,0.3057142857142857,0.21944444444444447,0.016901313346079846,-0.3339013133460729
2025,Belgian Grand Prix,Race,race,Aston Martin,STR,108.346,15,108.174,18,9,-0.17199999999999704,108.4185,0.375,0.375,0.3057142857142857,0.21944444444444447,-0.2745680106068059,0.10256801060680887
2025,Belgian Grand Prix,Race,race,Ferrari,HAM,107.258,32,108.174,18,9,0.916000000000011,106.97200000000001,1.0,1.0,0.7150103519668738,0.7777777777777778,-0.03013038881255811,0.9461303888125692
2025,Belgian Grand Prix,Race,race,Ferrari,LEC,106.686,32,108.174,18,9,1.4879999999999995,106.97200000000001,1.0,1.0,0.7150103519668738,0.7777777777777778,0.1958228383996559,1.2921771616003437
2025,Belgian Grand Prix,Race,race,Haas F1 Team,BEA,108.002,33,108.174,18,9,0.17200000000001125,107.9735,0.75,0.75,0.29614748677248676,0.22222222222222224,0.0345295176463184,0.13747048235369286
2025,Belgian Grand Prix,Race,race,Haas F1 Team,OCO,107.945,33,108.174,18,9,0.22900000000001342,107.9735,0.75,0.75,0.29614748677248676,0.22222222222222224,-0.12843307985374308,0.3574330798537565
2025,Belgian Grand Prix,Race,race,Kick Sauber,BOR,107.823,23,108.174,18,9,0.3510000000000133,108.14349999999999,0.5,0.5,0.24415204678362576,0.36111111111111116,-0.23563312919797155,0.5866331291979848
2025,Belgian Grand Prix,Race,race,Kick Sauber,HUL,108.464,23,108.174,18,9,-0.28999999999999204,108.14349999999999,0.5,0.5,0.24415204678362576,0.36111111111111116,-0.18641475160805335,-0.1035852483919387
2025,Belgian Grand Prix,Race,race,Mercedes,ANT,108.5555,20,108.174,18,9,-0.3814999999999884,108.044,0.625,0.625,0.6664862914862915,0.6805555555555556,-0.24773778002094068,-0.13376221997904772
2025,Belgian Grand Prix,Race,race,Mercedes,RUS,107.5325,20,108.174,18,9,0.6415000000000077,108.044,0.625,0.625,0.6664862914862915,0.6805555555555556,-0.09081960026679484,0.7323196002668025
2025,Belgian Grand Prix,Race,race,Racing Bulls,HAD,122.531,9,108.174,18,9,-14.357,122.62950000000001,0.0,0.0,0.38076341647770223,0.3993055555555556,0.19209060622006915,-14.54909060622007
2025,Belgian Grand Prix,Race,race,Racing Bulls,LAW,122.728,9,108.174,18,9,-14.553999999999988,122.62950000000001,0.0,0.0,0.38076341647770223,0.3993055555555556,-0.0020845522345543707,-14.551915447765433
2025,Belgian Grand Prix,Race,race,Red Bull Racing,TSU,107.9525,32,108.174,18,9,0.22150000000000603,107.31125,0.875,0.875,0.6423160173160173,0.7013888888888888,-0.008871756926109803,0.23037175692611583
2025,Belgian Grand Prix,Race,race,Red Bull Racing,VER,106.66999999999999,32,108.174,18,9,1.504000000000019,107.31125,0.875,0.875,0.6423160173160173,0.7013888888888888,1.05349042621627,0.450509573783749
2025,Belgian Grand Prix,Race,race,Williams,ALB,107.6945,16,108.174,18,9,0.4795000000000016,108.53575000000001,0.25,0.25,0.4249622071050642,0.39351851851851855,0.26859346837757936,0.21090653162242223
2025,Belgian Grand Prix,Race,race,Williams,SAI,109.37700000000001,16,108.174,18,9,-1.203000000000003,108.53575000000001,0.25,0.25,0.4249622071050642,0.39351851851851855,0.13770117581501623,-1.3407011758150191
2025,British Grand Prix,Qualifying,qualifying,Ferrari,HAM,85.1125,4,85.80525,12,6,0.6927500000000038,85.1625,1.0,0.6,0.7150103519668738,0.8148148148148149,0.3949955738094543,0.2977544261905494
2025,British Grand Prix,Qualifying,qualifying,Ferrari,LEC,85.2125,4,85.80525,12,6,0.5927499999999952,85.1625,1.0,0.6,0.7150103519668738,0.8148148148148149,0.4980360426406395,0.09471395735935573
2025,British Grand Prix,Qualifying,qualifying,Haas F1 Team,BEA,85.969,4,85.80525,12,6,-0.16374999999999318,86.015,0.0,0.8,0.29614748677248676,0.3101851851851852,0.1909954717993887,-0.3547454717993819
2025,British Grand Prix,Qualifying,qualifying,Haas F1 Team,OCO,86.061,4,85.80525,12,6,-0.25575000000000614,86.015,0.0,0.8,0.29614748677248676,0.3101851851851852,-0.06464507161486799,-0.19110492838513815
2025,British Grand Prix,Qualifying,qualifying,McLaren,NOR,85.199,4,85.80525,12,6,0.6062500000000028,85.20150000000001,0.8,1.0,0.9608585858585859,0.9722222222222222,0.12450891586109554,0.4817410841389073
2025,British Grand Prix,Qualifying,qualifying,McLaren,PIA,85.20400000000001,4,85.80525,12,6,0.6012499999999932,85.20150000000001,0.8,1.0,0.9608585858585859,0.9722222222222222,0.03443707754662947,0.5668129224533637
2025,British Grand Prix,Qualifying,qualifying,Mercedes,ANT,86.217,3,85.80525,12,6,-0.41174999999999784,85.92699999999999,0.6,,0.6664862914862915,,0.23237994816558635,-0.6441299481655842
2025,British Grand Prix,Qualifying,qualifying,Mercedes,RUS,85.637,3,85.80525,12,6,0.16825000000000045,85.92699999999999,0.6,,0.6664862914862915,,0.45271685282537005,-0.2844668528253696
2025,British Grand Prix,Qualifying,qualifying,Red Bull Racing,TSU,86.374,4,85.80525,12,6,-0.5687499999999943,86.00775,0.4,0.0,0.6423160173160173,0.736111111111111,-0.01826717338177214,-0.5504828266182222
2025,British Grand Prix,Qualifying,qualifying,Red Bull Racing,VER,85.64150000000001,4,85.80525,12,6,0.16374999999999318,86.00775,0.4,0.0,0.6423160173160173,0.736111111111111,0.44653785362151754,-0.28278785362152437
2025,British Grand Prix,Qualifying,qualifying,Williams,ALB,86.0075,4,85.80525,12,6,-0.20224999999999227,86.01275,0.19999999999999996,0.19999999999999996,0.4249622071050642,0.3576388888888889,0.4053446987189551,-0.6075946987189473
2025,British Grand Prix,Qualifying,qualifying,Williams,SAI,86.018,4,85.80525,12,6,-0.21274999999999977,86.01275,0.19999999999999996,0.19999999999999996,0.4249622071050642,0.3576388888888889,0.42089768077579187,-0.6336476807757916
2025,British Grand Prix,Race,race,Aston Martin,ALO,104.158,13,103.877,12,6,-0.2810000000000059,103.9805,0.4,0.4,0.3057142857142857,0.24537037037037038,0.016901313346079846,-0.29790131334608577
2025,British Grand Prix,Race,race,Aston Martin,STR,103.803,13,103.877,12,6,0.07399999999999807,103.9805,0.4,0.4,0.3057142857142857,0.24537037037037038,-0.2745680106068059,0.348568010606804
2025,British Grand Prix,Race,race,Ferrari,HAM,102.0055,22,103.877,12,6,1.8714999999999975,102.97825,0.6,0.6,0.7150103519668738,0.8148148148148149,-0.03013038881255811,1.9016303888125556
2025,British Grand Prix,Race,race,Ferrari,LEC,103.951,22,103.877,12,6,-0.07399999999999807,102.97825,0.6,0.6,0.7150103519668738,0.8148148148148149,0.1958228383996559,-0.26982283839965393
2025,British Grand Prix,Race,race,Haas F1 Team,BEA,103.157,17,103.877,12,6,0.7199999999999989,102.594,0.8,0.8,0.29614748677248676,0.3101851851851852,0.0345295176463184,0.6854704823536805
2025,British Grand Prix,Race,race,Haas F1 Team,OCO,102.031,17,103.877,12,6,1.8459999999999894,102.594,0.8,0.8,0.29614748677248676,0.3101851851851852,-0.12843307985374308,1.9744330798537324
2025,British Grand Prix,Race,race,McLaren,NOR,101.2735,26,103.877,12,6,2.603499999999997,101.3785,1.0,1.0,0.9608585858585859,0.9722222222222222,0.2594772926936577,2.344022707306339
2025,British Grand Prix,Race,race,McLaren,PIA,101.48349999999999,26,103.877,12,6,2.393500000000003,101.3785,1.0,1.0,0.9608585858585859,0.9722222222222222,0.12747228817738215,2.266027711822621
2025,British Grand Prix,Race,race,Red Bull Racing,TSU,104.72800000000001,26,103.877,12,6,-0.8510000000000133,104.37950000000001,0.0,0.0,0.6423160173160173,0.736111111111111,-0.008871756926109803,-0.8421282430739035
2025,British Grand Prix,Race,race,Red Bull Racing,VER,104.031,26,103.877,12,6,-0.15400000000001057,104.37950000000001,0.0,0.0,0.6423160173160173,0.736111111111111,1.05349042621627,-1.2074904262162807
2025,British Grand Prix,Race,race,Williams,ALB,104.082,25,103.877,12,6,-0.2049999999999983,104.1845,0.19999999999999996,0.19999999999999996,0.4249622071050642,0.3576388888888889,0.26859346837757936,-0.47359346837757765
2025,British Grand Prix,Race,race,Williams,SAI,104.287,25,103.877,12,6,-0.4100000000000108,104.1845,0.19999999999999996,0.19999999999999996,0.4249622071050642,0.3576388888888889,0.13770117581501623,-0.547701175815027
2025,Canadian Grand Prix,Qualifying,qualifying,Alpine,COL,72.779,3,72.63149999999999,16,8,-0.14750000000000796,72.8485,0.2857142857142857,0.11111111111111116,0.28111946532999166,0.3055555555555555,-0.24517484313212232,0.09767484313211436
2025,Canadian Grand Prix,Qualifying,qualifying,Alpine,GAS,72.918,3,72.63149999999999,16,8,-0.28650000000001796,72.8485,0.2857142857142857,0.11111111111111116,0.28111946532999166,0.3055555555555555,-0.08121862419797127,-0.2052813758020467
2025,Canadian Grand Prix,Qualifying,qualifying,Ferrari,HAM,71.85650000000001,4,72.63149999999999,16,8,0.7749999999999773,71.781,0.7142857142857143,0.7777777777777778,0.7150103519668738,0.7841269841269841,0.3949955738094543,0.38000442619052294
2025,Canadian Grand Prix,Qualifying,qualifying,Ferrari,LEC,71.7055,4,72.63149999999999,16,8,0.9259999999999877,71.781,0.7142857142857143,0.7777777777777778,0.7150103519668738,0.7841269841269841,0.4980360426406395,0.4279639573593482
2025,Canadian Grand Prix,Qualifying,qualifying,Haas F1 Team,BEA,72.733,4,72.63149999999999,16,8,-0.10150000000001569,72.96325,0.1428571428571429,0.4444444444444444,0.29614748677248676,0.3801587301587302,0.1909954717993887,-0.2924954717994044
2025,Canadian Grand Prix,Qualifying,qualifying,Haas F1 Team,OCO,73.1935,4,72.63149999999999,16,8,-0.5620000000000118,72.96325,0.1428571428571429,0.4444444444444444,0.29614748677248676,0.3801587301587302,-0.06464507161486799,-0.49735492838514384
2025,Canadian Grand Prix,Qualifying,qualifying,McLaren,NOR,71.923,3,72.63149999999999,16,8,0.7084999999999866,71.598,1.0,1.0,0.9608585858585859,0.9777777777777779,0.12450891586109554,0.583991084138891
2025,Canadian Grand Prix,Qualifying,qualifying,McLaren,PIA,71.273,3,72.63149999999999,16,8,1.3584999999999923,71.598,1.0,1.0,0.9608585858585859,0.9777777777777779,0.03443707754662947,1.3240629224533629
2025,Canadian Grand Prix,Qualifying,qualifying,Mercedes,ANT,71.7815,4,72.63149999999999,16,8,0.8499999999999943,71.66225,0.8571428571428572,0.8888888888888888,0.6664862914862915,0.6694444444444445,0.23237994816558635,0.6176200518344079
2025,Canadian Grand Prix,Qualifying,qualifying,Mercedes,RUS,71.543,4,72.63149999999999,16,8,1.088499999999982,71.66225,0.8571428571428572,0.8888888888888888,0.6664862914862915,0.6694444444444445,0.45271685282537005,0.635783147174612
2025,Canadian Grand Prix,Qualifying,qualifying,Racing Bulls,HAD,72.654,3,72.63149999999999,16,8,-0.022500000000007958,72.666,0.4285714285714286,0.0,0.38076341647770223,0.3194444444444445,-0.14520422670120633,0.12270422670119838
2025,Canadian Grand Prix,Qualifying,qualifying,Racing Bulls,LAW,72.678,3,72.63149999999999,16,8,-0.04650000000000887,72.666,0.4285714285714286,0.0,0.38076341647770223,0.3194444444444445,-0.24819032494534726,0.2016903249453384
2025,Canadian Grand Prix,Qualifying,qualifying,Red Bull Racing,TSU,72.609,3,72.63149999999999,16,8,0.022499999999993747,72.441,0.5714285714285714,0.5555555555555556,0.6423160173160173,0.6134259259259259,-0.01826717338177214,0.04076717338176589
2025,Canadian Grand Prix,Qualifying,qualifying,Red Bull Racing,VER,72.273,3,72.63149999999999,16,8,0.35849999999999227,72.441,0.5714285714285714,0.5555555555555556,0.6423160173160173,0.6134259259259259,0.44653785362151754,-0.08803785362152527
2025,Canadian Grand Prix,Qualifying,qualifying,Williams,ALB,73.185,3,72.63149999999999,16,8,-0.5535000000000139,73.042,0.0,0.33333333333333337,0.4249622071050642,0.32611111111111113,0.4053446987189551,-0.9588446987189689
2025,Canadian Grand Prix,Qualifying,qualifying,Williams,SAI,72.899,3,72.63149999999999,16,8,-0.2675000000000125,73.042,0.0,0.33333333333333337,0.4249622071050642,0.32611111111111113,0.42089768077579187,-0.6883976807758043
2025,Canadian Grand Prix,Race,race,Alpine,COL,77.1965,48,76.8635,20,10,-0.3329999999999984,77.42025000000001,0.11111111111111116,0.11111111111111116,0.28111946532999166,0.3055555555555555,0.06255266167480363,-0.395552661674802
2025,Canadian Grand Prix,Race,race,Alpine,GAS,77.644,48,76.8635,20,10,-0.7805000000000035,77.42025000000001,0.11111111111111116,0.11111111111111116,0.28111946532999166,0.3055555555555555,0.03412313799982952,-0.814623137999833
2025,Canadian Grand Prix,Race,race,Aston Martin,ALO,76.58,43,76.8635,20,10,0.28350000000000364,76.6485,0.6666666666666667,0.6666666666666667,0.3057142857142857,0.26746031746031745,0.016901313346079846,0.2665986866539238
2025,Canadian Grand Prix,Race,race,Aston Martin,STR,76.717,43,76.8635,20,10,0.14650000000000318,76.6485,0.6666666666666667,0.6666666666666667,0.3057142857142857,0.26746031746031745,-0.2745680106068059,0.4210680106068091
2025,Canadian Grand Prix,Race,race,Ferrari,HAM,75.997,47,76.8635,20,10,0.866500000000002,75.836,0.7777777777777778,0.7777777777777778,0.7150103519668738,0.7841269841269841,-0.03013038881255811,0.8966303888125602
2025,Canadian Grand Prix,Race,race,Ferrari,LEC,75.675,47,76.8635,20,10,1.1885000000000048,75.836,0.7777777777777778,0.7777777777777778,0.7150103519668738,0.7841269841269841,0.1958228383996559,0.9926771616003489
2025,Canadian Grand Prix,Race,race,Haas F1 Team,BEA,76.903,43,76.8635,20,10,-0.039500000000003865,77.09100000000001,0.4444444444444444,0.4444444444444444,0.29614748677248676,0.3801587301587302,0.0345295176463184,-0.07402951764632226
2025,Canadian Grand Prix,Race,race,Haas F1 Team,OCO,77.279,43,76.8635,20,10,-0.41549999999999443,77.09100000000001,0.4444444444444444,0.4444444444444444,0.29614748677248676,0.3801587301587302,-0.12843307985374308,-0.28706692014625135
2025,Canadian Grand Prix,Race,race,Kick Sauber,BOR,77.551,51,76.8635,20,10,-0.6875,77.1875,0.2222222222222222,0.2222222222222222,0.24415204678362576,0.3842592592592593,-0.23563312919797155,-0.4518668708020285
2025,Canadian Grand Prix,Race,race,Kick Sauber,HUL,76.824,51,76.8635,20,10,0.039500000000003865,77.1875,0.2222222222222222,0.2222222222222222,0.24415204678362576,0.3842592592592593,-0.18641475160805335,0.2259147516080572
2025,Canadian Grand Prix,Race,race,McLaren,NOR,75.2625,48,76.8635,20,10,1.600999999999999,75.47025,1.0,1.0,0.9608585858585859,0.9777777777777779,0.2594772926936577,1.3415227073063414
2025,Canadian Grand Prix,Race,race,McLaren,PIA,75.678,48,76.8635,20,10,1.1855000000000047,75.47025,1.0,1.0,0.9608585858585859,0.9777777777777779,0.12747228817738215,1.0580277118226225
2025,Canadian Grand Prix,Race,race,Mercedes,ANT,75.5375,52,76.8635,20,10,1.3260000000000076,75.56025,0.8888888888888888,0.8888888888888888,0.6664862914862915,0.6694444444444445,-0.24773778002094068,1.5737377800209482
2025,Canadian Grand Prix,Race,race,Mercedes,RUS,75.583,52,76.8635,20,10,1.2805000000000035,75.56025,0.8888888888888888,0.8888888888888888,0.6664862914862915,0.6694444444444445,-0.09081960026679484,1.3713196002667984
2025,Canadian Grand Prix,Race,race,Racing Bulls,HAD,77.256,36,76.8635,20,10,-0.3924999999999983,77.468,0.0,0.0,0.38076341647770223,0.3194444444444445,0.19209060622006915,-0.5845906062200674
2025,Canadian Grand Prix,Race,race,Racing Bulls,LAW,77.68,36,76.8635,20,10,-0.8165000000000049,77.468,0.0,0.0,0.38076341647770223,0.3194444444444445,-0.0020845522345543707,-0.8144154477654505
2025,Canadian Grand Prix,Race,race,Red Bull Racing,TSU,77.4395,30,76.8635,20,10,-0.5759999999999934,76.65674999999999,0.5555555555555556,0.5555555555555556,0.6423160173160173,0.6134259259259259,-0.008871756926109803,-0.5671282430738837
2025,Canadian Grand Prix,Race,race,Red Bull Racing,VER,75.874,30,76.8635,20,10,0.9895000000000067,76.65674999999999,0.5555555555555556,0.5555555555555556,0.6423160173160173,0.6134259259259259,1.05349042621627,-0.06399042621626339
2025,Canadian Grand Prix,Race,race,Williams,ALB,77.039,22,76.8635,20,10,-0.17549999999999955,77.15125,0.33333333333333337,0.33333333333333337,0.4249622071050642,0.32611111111111113,0.26859346837757936,-0.4440934683775789
2025,Canadian Grand Prix,Race,race,Williams,SAI,77.2635,22,76.8635,20,10,-0.3999999999999915,77.15125,0.33333333333333337,0.33333333333333337,0.4249622071050642,0.32611111111111113,0.13770117581501623,-0.5377011758150076
2025,Chinese Grand Prix,Qualifying,qualifying,Aston Martin,ALO,91.87,5,91.52025,14,7,-0.3497500000000002,91.8965,0.16666666666666663,,0.3057142857142857,,0.14345355062000661,-0.49320355062000687
2025,Chinese Grand Prix,Qualifying,qualifying,Aston Martin,STR,91.923,5,91.52025,14,7,-0.4027499999999975,91.8965,0.16666666666666663,,0.3057142857142857,,-0.11131040426236238,-0.2914395957376351
2025,Chinese Grand Prix,Qualifying,qualifying,Ferrari,HAM,91.321,4,91.52025,14,7,0.19925000000000637,91.283,0.8333333333333334,0.75,0.7150103519668738,0.7833333333333333,0.3949955738094543,-0.19574557380944796
2025,Chinese Grand Prix,Qualifying,qualifying,Ferrari,LEC,91.245,4,91.52025,14,7,0.2752499999999998,91.283,0.8333333333333334,0.75,0.7150103519668738,0.7833333333333333,0.4980360426406395,-0.22278604264063973
2025,Chinese Grand Prix,Qualifying,qualifying,Kick Sauber,BOR,92.157,3,91.52025,14,7,-0.6367499999999922,92.096,0.0,0.125,0.24415204678362576,0.3611111111111111,-0.5535069083600311,-0.08324309163996102
2025,Chinese Grand Prix,Qualifying,qualifying,Kick Sauber,HUL,92.035,3,91.52025,14,7,-0.5147499999999923,92.096,0.0,0.125,0.24415204678362576,0.3611111111111111,-0.46068755930034505,-0.05406244069964722
2025,Chinese Grand Prix,Qualifying,qualifying,McLaren,NOR,90.793,3,91.52025,14,7,0.727249999999998,90.9965,1.0,1.0,0.9608585858585859,0.9814814814814815,0.12450891586109554,0.6027410841389024
2025,Chinese Grand Prix,Qualifying,qualifying,McLaren,PIA,91.2,3,91.52025,14,7,0.3202500000000015,90.9965,1.0,1.0,0.9608585858585859,0.9814814814814815,0.03443707754662947,0.28581292245337203
2025,Chinese Grand Prix,Qualifying,qualifying,Mercedes,ANT,91.5925,4,91.52025,14,7,-0.07224999999999682,91.369,0.6666666666666667,0.875,0.6664862914862915,0.7060185185185185,0.23237994816558635,-0.3046299481655832
2025,Chinese Grand Prix,Qualifying,qualifying,Mercedes,RUS,91.1455,4,91.52025,14,7,0.3747500000000059,91.369,0.6666666666666667,0.875,0.6664862914862915,0.7060185185185185,0.45271685282537005,-0.07796685282536414
2025,Chinese Grand Prix,Qualifying,qualifying,Racing Bulls,HAD,91.448,3,91.52025,14,7,0.07225000000001103,91.4365,0.5,0.375,0.38076341647770223,0.2662037037037037,-0.14520422670120633,0.21745422670121736
2025,Chinese Grand Prix,Qualifying,qualifying,Racing Bulls,TSU,91.425,3,91.52025,14,7,0.09525000000000716,91.4365,0.5,0.375,0.38076341647770223,0.2662037037037037,-0.01826717338177214,0.1135171733817793
2025,Chinese Grand Prix,Qualifying,qualifying,Williams,ALB,91.608,4,91.52025,14,7,-0.08774999999999977,91.85575,0.33333333333333337,0.5,0.4249622071050642,0.32731481481481484,0.4053446987189551,-0.4930946987189549
2025,Chinese Grand Prix,Qualifying,qualifying,Williams,SAI,92.1035,4,91.52025,14,7,-0.5832499999999925,91.85575,0.33333333333333337,0.5,0.4249622071050642,0.32731481481481484,0.42089768077579187,-1.0041476807757843
2025,Chinese Grand Prix,Race,race,Alpine,DOO,98.144,45,97.77375,18,9,-0.37024999999999864,98.051,0.25,0.25,0.28111946532999166,0.27314814814814814,-0.4703648855874647,0.10011488558746606
2025,Chinese Grand Prix,Race,race,Alpine,GAS,97.958,45,97.77375,18,9,-0.1842499999999916,98.051,0.25,0.25,0.28111946532999166,0.27314814814814814,0.03412313799982952,-0.2183731379998211
2025,Chinese Grand Prix,Race,race,Ferrari,HAM,97.493,30,97.77375,18,9,0.2807500000000118,97.392,0.75,0.75,0.7150103519668738,0.7833333333333333,-0.03013038881255811,0.3108803888125699
2025,Chinese Grand Prix,Race,race,Ferrari,LEC,97.291,30,97.77375,18,9,0.48275000000001,97.392,0.75,0.75,0.7150103519668738,0.7833333333333333,0.1958228383996559,0.28692716160035414
2025,Chinese Grand Prix,Race,race,Haas F1 Team,BEA,98.9725,22,97.77375,18,9,-1.1987499999999898,98.467,0.0,0.0,0.29614748677248676,0.38819444444444445,0.0345295176463184,-1.233279517646308
2025,Chinese Grand Prix,Race,race,Haas F1 Team,OCO,97.9615,22,97.77375,18,9,-0.1877499999999941,98.467,0.0,0.0,0.29614748677248676,0.38819444444444445,-0.12843307985374308,-0.059316920146251007
2025,Chinese Grand Prix,Race,race,Kick Sauber,BOR,99.0815,24,97.77375,18,9,-1.3077499999999986,98.44775,0.125,0.125,0.24415204678362576,0.3611111111111111,-0.23563312919797155,-1.072116870802027
2025,Chinese Grand Prix,Race,race,Kick Sauber,HUL,97.814,24,97.77375,18,9,-0.04024999999998613,98.44775,0.125,0.125,0.24415204678362576,0.3611111111111111,-0.18641475160805335,0.14616475160806722
2025,Chinese Grand Prix,Race,race,McLaren,NOR,96.854,45,97.77375,18,9,0.9197500000000076,96.8245,1.0,1.0,0.9608585858585859,0.9814814814814815,0.2594772926936577,0.6602727073063499
2025,Chinese Grand Prix,Race,race,McLaren,PIA,96.795,45,97.77375,18,9,0.9787500000000051,96.8245,1.0,1.0,0.9608585858585859,0.9814814814814815,0.12747228817738215,0.8512777118226229
2025,Chinese Grand Prix,Race,race,Mercedes,ANT,97.7385,42,97.77375,18,9,0.03525000000000489,97.226,0.875,0.875,0.6664862914862915,0.7060185185185185,-0.24773778002094068,0.2829877800209456
2025,Chinese Grand Prix,Race,race,Mercedes,RUS,96.71350000000001,42,97.77375,18,9,1.0602499999999964,97.226,0.875,0.875,0.6664862914862915,0.7060185185185185,-0.09081960026679484,1.1510696002667913
2025,Chinese Grand Prix,Race,race,Racing Bulls,HAD,97.977,32,97.77375,18,9,-0.20324999999999704,97.89075,0.375,0.375,0.38076341647770223,0.2662037037037037,0.19209060622006915,-0.39534060622006617
2025,Chinese Grand Prix,Race,race,Racing Bulls,TSU,97.8045,32,97.77375,18,9,-0.030749999999997613,97.89075,0.375,0.375,0.38076341647770223,0.2662037037037037,-0.008871756926109803,-0.02187824307388781
2025,Chinese Grand Prix,Race,race,Red Bull Racing,LAW,97.743,24,97.77375,18,9,0.030750000000011823,97.57424999999999,0.625,0.625,0.6423160173160173,0.6051587301587301,-0.0020845522345543707,0.032834552234566196
2025,Chinese Grand Prix,Race,race,Red Bull Racing,VER,97.40549999999999,24,97.77375,18,9,0.3682500000000175,97.57424999999999,0.625,0.625,0.6423160173160173,0.6051587301587301,1.05349042621627,-0.6852404262162526
2025,Chinese Grand Prix,Race,race,Williams,ALB,97.505,38,97.77375,18,9,0.26875000000001137,97.72125,0.5,0.5,0.4249622071050642,0.32731481481481484,0.26859346837757936,0.00015653162243201013
2025,Chinese Grand Prix,Race,race,Williams,SAI,97.9375,38,97.77375,18,9,-0.16374999999999318,97.72125,0.5,0.5,0.4249622071050642,0.32731481481481484,0.13770117581501623,-0.3014511758150094
2025,Dutch Grand Prix,Qualifying,qualifying,Alpine,COL,70.561,3,69.68950000000001,16,8,-0.8714999999999975,70.302,0.1428571428571429,0.2222222222222222,0.28111946532999166,0.2698412698412698,-0.24517484313212232,-0.6263251568678752
2025,Dutch Grand Prix,Qualifying,qualifying,Alpine,GAS,70.043,3,69.68950000000001,16,8,-0.3534999999999968,70.302,0.1428571428571429,0.2222222222222222,0.28111946532999166,0.2698412698412698,-0.08121862419797127,-0.27228137580202555
2025,Dutch Grand Prix,Qualifying,qualifying,Ferrari,HAM,69.458,4,69.68950000000001,16,8,0.23150000000001114,69.44800000000001,0.8571428571428572,0.5555555555555556,0.7150103519668738,0.7796296296296297,0.3949955738094543,-0.16349557380944318
2025,Dutch Grand Prix,Qualifying,qualifying,Ferrari,LEC,69.438,4,69.68950000000001,16,8,0.25150000000000716,69.44800000000001,0.8571428571428572,0.5555555555555556,0.7150103519668738,0.7796296296296297,0.4980360426406395,-0.24653604264063234
2025,Dutch Grand Prix,Qualifying,qualifying,Haas F1 Team,BEA,70.319,3,69.68950000000001,16,8,-0.6294999999999931,70.481,0.0,0.0,0.29614748677248676,0.3450617283950617,0.1909954717993887,-0.8204954717993818
2025,Dutch Grand Prix,Qualifying,qualifying,Haas F1 Team,OCO,70.643,3,69.68950000000001,16,8,-0.9534999999999911,70.481,0.0,0.0,0.29614748677248676,0.3450617283950617,-0.06464507161486799,-0.8888549283851231
2025,Dutch Grand Prix,Qualifying,qualifying,McLaren,NOR,68.812,4,69.68950000000001,16,8,0.8775000000000119,68.8355,1.0,1.0,0.9608585858585859,0.9841269841269842,0.12450891586109554,0.7529910841389164
2025,Dutch Grand Prix,Qualifying,qualifying,McLaren,PIA,68.85900000000001,4,69.68950000000001,16,8,0.8305000000000007,68.8355,1.0,1.0,0.9608585858585859,0.9841269841269842,0.03443707754662947,0.7960629224533712
2025,Dutch Grand Prix,Qualifying,qualifying,Mercedes,ANT,69.723,4,69.68950000000001,16,8,-0.03349999999998943,69.68950000000001,0.5714285714285714,0.8888888888888888,0.6664862914862915,0.7301587301587301,0.23237994816558635,-0.2658799481655758
2025,Dutch Grand Prix,Qualifying,qualifying,Mercedes,RUS,69.656,4,69.68950000000001,16,8,0.03350000000000364,69.68950000000001,0.5714285714285714,0.8888888888888888,0.6664862914862915,0.7301587301587301,0.45271685282537005,-0.4192168528253664
2025,Dutch Grand Prix,Qualifying,qualifying,Racing Bulls,HAD,69.477,4,69.68950000000001,16,8,0.21250000000000568,69.545,0.7142857142857143,0.6666666666666667,0.38076341647770223,0.28174603174603174,-0.14520422670120633,0.35770422670121205
2025,Dutch Grand Prix,Qualifying,qualifying,Racing Bulls,LAW,69.613,4,69.68950000000001,16,8,0.07650000000001,69.545,0.7142857142857143,0.6666666666666667,0.38076341647770223,0.28174603174603174,-0.24819032494534726,0.32469032494535727
2025,Dutch Grand Prix,Qualifying,qualifying,Red Bull Racing,TSU,70.04050000000001,4,69.68950000000001,16,8,-0.3509999999999991,69.77825,0.4285714285714286,0.33333333333333337,0.6423160173160173,0.6076388888888888,-0.01826717338177214,-0.33273282661822695
2025,Dutch Grand Prix,Qualifying,qualifying,Red Bull Racing,VER,69.51599999999999,4,69.68950000000001,16,8,0.17350000000001842,69.77825,0.4285714285714286,0.33333333333333337,0.6423160173160173,0.6076388888888888,0.44653785362151754,-0.2730378536214991
2025,Dutch Grand Prix,Qualifying,qualifying,Williams,ALB,69.86500000000001,4,69.68950000000001,16,8,-0.17549999999999955,69.86875,0.2857142857142857,0.11111111111111116,0.4249622071050642,0.351984126984127,0.4053446987189551,-0.5808446987189546
2025,Dutch Grand Prix,Qualifying,qualifying,Williams,SAI,69.8725,4,69.68950000000001,16,8,-0.18299999999999272,69.86875,0.2857142857142857,0.11111111111111116,0.4249622071050642,0.351984126984127,0.42089768077579187,-0.6038976807757845
2025,Dutch Grand Prix,Race,race,Alpine,COL,76.367,21,76.18075,20,10,-0.18625000000000114,76.4605,0.2222222222222222,0.2222222222222222,0.28111946532999166,0.2698412698412698,0.06255266167480363,-0.24880266167480475
2025,Dutch Grand Prix,Race,race,Alpine,GAS,76.554,21,76.18075,20,10,-0.37324999999999875,76.4605,0.2222222222222222,0.2222222222222222,0.28111946532999166,0.2698412698412698,0.03412313799982952,-0.40737313799982827
2025,Dutch Grand Prix,Race,race,Aston Martin,ALO,76.1815,26,76.18075,20,10,-0.0007499999999964757,76.10225,0.7777777777777778,0.7777777777777778,0.3057142857142857,0.3173611111111111,0.016901313346079846,-0.017651313346076322
2025,Dutch Grand Prix,Race,race,Aston Martin,STR,76.023,26,76.18075,20,10,0.15775000000000716,76.10225,0.7777777777777778,0.7777777777777778,0.3057142857142857,0.3173611111111111,-0.2745680106068059,0.4323180106068131
2025,Dutch Grand Prix,Race,race,Ferrari,HAM,76.179,19,76.18075,20,10,0.0017500000000012506,76.1795,0.5555555555555556,0.5555555555555556,0.7150103519668738,0.7796296296296297,-0.03013038881255811,0.03188038881255936
2025,Dutch Grand Prix,Race,race,Ferrari,LEC,76.18,19,76.18075,20,10,0.0007499999999964757,76.1795,0.5555555555555556,0.5555555555555556,0.7150103519668738,0.7796296296296297,0.1958228383996559,-0.19507283839965942
2025,Dutch Grand Prix,Race,race,Haas F1 Team,BEA,76.593,45,76.18075,20,10,-0.4122500000000002,76.63300000000001,0.0,0.0,0.29614748677248676,0.3450617283950617,0.0345295176463184,-0.4467795176463186
2025,Dutch Grand Prix,Race,race,Haas F1 Team,OCO,76.673,45,76.18075,20,10,-0.4922499999999985,76.63300000000001,0.0,0.0,0.29614748677248676,0.3450617283950617,-0.12843307985374308,-0.36381692014625544
2025,Dutch Grand Prix,Race,race,Kick Sauber,BOR,76.614,27,76.18075,20,10,-0.433250000000001,76.242,0.4444444444444444,0.4444444444444444,0.24415204678362576,0.3315972222222222,-0.23563312919797155,-0.19761687080202947
2025,Dutch Grand Prix,Race,race,Kick Sauber,HUL,75.87,27,76.18075,20,10,0.31074999999999875,76.242,0.4444444444444444,0.4444444444444444,0.24415204678362576,0.3315972222222222,-0.18641475160805335,0.49716475160805207
2025,Dutch Grand Prix,Race,race,McLaren,NOR,74.795,45,76.18075,20,10,1.3857500000000016,74.793,1.0,1.0,0.9608585858585859,0.9841269841269842,0.2594772926936577,1.1262727073063439
2025,Dutch Grand Prix,Race,race,McLaren,PIA,74.791,45,76.18075,20,10,1.3897500000000065,74.793,1.0,1.0,0.9608585858585859,0.9841269841269842,0.12747228817738215,1.2622777118226243
2025,Dutch Grand Prix,Race,race,Mercedes,ANT,75.1775,44,76.18075,20,10,1.0032500000000084,75.42675,0.8888888888888888,0.8888888888888888,0.6664862914862915,0.7301587301587301,-0.24773778002094068,1.250987780020949
2025,Dutch Grand Prix,Race,race,Mercedes,RUS,75.676,44,76.18075,20,10,0.5047500000000014,75.42675,0.8888888888888888,0.8888888888888888,0.6664862914862915,0.7301587301587301,-0.09081960026679484,0.5955696002667962
2025,Dutch Grand Prix,Race,race,Racing Bulls,HAD,75.905,27,76.18075,20,10,0.27575000000000216,76.1165,0.6666666666666667,0.6666666666666667,0.38076341647770223,0.28174603174603174,0.19209060622006915,0.083659393779933
2025,Dutch Grand Prix,Race,race,Racing Bulls,LAW,76.328,27,76.18075,20,10,-0.14724999999999966,76.1165,0.6666666666666667,0.6666666666666667,0.38076341647770223,0.28174603174603174,-0.0020845522345543707,-0.1451654477654453
2025,Dutch Grand Prix,Race,race,Red Bull Racing,TSU,76.791,23,76.18075,20,10,-0.6102499999999935,76.2955,0.33333333333333337,0.33333333333333337,0.6423160173160173,0.6076388888888888,-0.008871756926109803,-0.6013782430738838
2025,Dutch Grand Prix,Race,race,Red Bull Racing,VER,75.8,23,76.18075,20,10,0.38075000000000614,76.2955,0.33333333333333337,0.33333333333333337,0.6423160173160173,0.6076388888888888,1.05349042621627,-0.672740426216264
2025,Dutch Grand Prix,Race,race,Williams,ALB,76.57,27,76.18075,20,10,-0.3892499999999899,76.51599999999999,0.11111111111111116,0.11111111111111116,0.4249622071050642,0.351984126984127,0.26859346837757936,-0.6578434683775692
2025,Dutch Grand Prix,Race,race,Williams,SAI,76.462,27,76.18075,20,10,-0.28125,76.51599999999999,0.11111111111111116,0.11111111111111116,0.4249622071050642,0.351984126984127,0.13770117581501623,-0.41895117581501623
2025,Emilia Romagna Grand Prix,Qualifying,qualifying,Aston Martin,ALO,75.6475,4,75.76725,12,6,0.11975000000001046,75.66075000000001,0.8,0.2222222222222222,0.3057142857142857,0.3685185185185185,0.14345355062000661,-0.023703550619996155
2025,Emilia Romagna Grand Prix,Qualifying,qualifying,Aston Martin,STR,75.674,4,75.76725,12,6,0.09324999999999761,75.66075000000001,0.8,0.2222222222222222,0.3057142857142857,0.3685185185185185,-0.11131040426236238,0.20456040426236
2025,Emilia Romagna Grand Prix,Qualifying,qualifying,Ferrari,HAM,76.08699999999999,4,75.76725,12,6,-0.3197499999999849,76.0045,0.19999999999999996,0.5555555555555556,0.7150103519668738,0.7572222222222222,0.3949955738094543,-0.7147455738094393
2025,Emilia Romagna Grand Prix,Qualifying,qualifying,Ferrari,LEC,75.922,4,75.76725,12,6,-0.15474999999999284,76.0045,0.19999999999999996,0.5555555555555556,0.7150103519668738,0.7572222222222222,0.4980360426406395,-0.6527860426406323
2025,Emilia Romagna Grand Prix,Qualifying,qualifying,Kick Sauber,BOR,76.67,3,75.76725,12,6,-0.9027499999999975,76.7445,0.0,0.11111111111111116,0.24415204678362576,0.34413580246913583,-0.5535069083600311,-0.34924309163996636
2025,Emilia Romagna Grand Prix,Qualifying,qualifying,Kick Sauber,HUL,76.819,3,75.76725,12,6,-1.0517499999999984,76.7445,0.0,0.11111111111111116,0.24415204678362576,0.34413580246913583,-0.46068755930034505,-0.5910624406996534
2025,Emilia Romagna Grand Prix,Qualifying,qualifying,McLaren,NOR,75.3025,4,75.76725,12,6,0.4647500000000093,75.16,1.0,1.0,0.9608585858585859,0.9861111111111112,0.12450891586109554,0.3402410841389138
2025,Emilia Romagna Grand Prix,Qualifying,qualifying,McLaren,PIA,75.0175,4,75.76725,12,6,0.7497500000000059,75.16,1.0,1.0,0.9608585858585859,0.9861111111111112,0.03443707754662947,0.7153129224533764
2025,Emilia Romagna Grand Prix,Qualifying,qualifying,Mercedes,ANT,75.943,3,75.76725,12,6,-0.17574999999999363,75.747,0.6,0.33333333333333337,0.6664862914862915,0.75,0.23237994816558635,-0.40812994816558
2025,Emilia Romagna Grand Prix,Qualifying,qualifying,Mercedes,RUS,75.551,3,75.76725,12,6,0.21625000000000227,75.747,0.6,0.33333333333333337,0.6664862914862915,0.75,0.45271685282537005,-0.23646685282536778
2025,Emilia Romagna Grand Prix,Qualifying,qualifying,Williams,ALB,75.8605,4,75.76725,12,6,-0.09324999999999761,75.75575,0.4,0.8888888888888888,0.4249622071050642,0.321875,0.4053446987189551,-0.49859469871895273
2025,Emilia Romagna Grand Prix,Qualifying,qualifying,Williams,SAI,75.65100000000001,4,75.76725,12,6,0.11624999999999375,75.75575,0.4,0.8888888888888888,0.4249622071050642,0.321875,0.42089768077579187,-0.3046476807757981
2025,Emilia Romagna Grand Prix,Race,race,Alpine,COL,81.58449999999999,24,81.80575,20,10,0.22125000000001194,81.76875,0.4444444444444444,0.4444444444444444,0.28111946532999166,0.2638888888888889,0.06255266167480363,0.15869733832520833
2025,Emilia Romagna Grand Prix,Race,race,Alpine,GAS,81.953,24,81.80575,20,10,-0.14724999999999966,81.76875,0.4444444444444444,0.4444444444444444,0.28111946532999166,0.2638888888888889,0.03412313799982952,-0.18137313799982918
2025,Emilia Romagna Grand Prix,Race,race,Aston Martin,ALO,81.864,35,81.80575,20,10,-0.05825000000000102,81.902,0.2222222222222222,0.2222222222222222,0.3057142857142857,0.3685185185185185,0.016901313346079846,-0.07515131334608087
2025,Emilia Romagna Grand Prix,Race,race,Aston Martin,STR,81.94,35,81.80575,20,10,-0.13424999999999443,81.902,0.2222222222222222,0.2222222222222222,0.3057142857142857,0.3685185185185185,-0.2745680106068059,0.14031801060681148
2025,Emilia Romagna Grand Prix,Race,race,Ferrari,HAM,81.929,30,81.80575,20,10,-0.12324999999999875,81.468,0.5555555555555556,0.5555555555555556,0.7150103519668738,0.7572222222222222,-0.03013038881255811,-0.09311961118744064
2025,Emilia Romagna Grand Prix,Race,race,Ferrari,LEC,81.007,30,81.80575,20,10,0.7987499999999983,81.468,0.5555555555555556,0.5555555555555556,0.7150103519668738,0.7572222222222222,0.1958228383996559,0.6029271616003424
2025,Emilia Romagna Grand Prix,Race,race,Haas F1 Team,BEA,82.30449999999999,20,81.80575,20,10,-0.4987499999999869,82.30675,0.0,0.0,0.29614748677248676,0.3105555555555556,0.0345295176463184,-0.5332795176463053
2025,Emilia Romagna Grand Prix,Race,race,Haas F1 Team,OCO,82.309,20,81.80575,20,10,-0.5032499999999942,82.30675,0.0,0.0,0.29614748677248676,0.3105555555555556,-0.12843307985374308,-0.3748169201462511
2025,Emilia Romagna Grand Prix,Race,race,Kick Sauber,BOR,82.1235,24,81.80575,20,10,-0.31775000000000375,82.13825,0.11111111111111116,0.11111111111111116,0.24415204678362576,0.34413580246913583,-0.23563312919797155,-0.0821168708020322
2025,Emilia Romagna Grand Prix,Race,race,Kick Sauber,HUL,82.153,24,81.80575,20,10,-0.3472500000000025,82.13825,0.11111111111111116,0.11111111111111116,0.24415204678362576,0.34413580246913583,-0.18641475160805335,-0.16083524839194915
2025,Emilia Romagna Grand Prix,Race,race,McLaren,NOR,79.78450000000001,26,81.80575,20,10,2.021249999999995,80.48750000000001,1.0,1.0,0.9608585858585859,0.9861111111111112,0.2594772926936577,1.7617727073063372
2025,Emilia Romagna Grand Prix,Race,race,McLaren,PIA,81.1905,26,81.80575,20,10,0.6152500000000032,80.48750000000001,1.0,1.0,0.9608585858585859,0.9861111111111112,0.12747228817738215,0.48777771182262103
2025,Emilia Romagna Grand Prix,Race,race,Mercedes,ANT,81.994,21,81.80575,20,10,-0.18824999999999648,81.773,0.33333333333333337,0.33333333333333337,0.6664862914862915,0.75,-0.24773778002094068,0.05948778002094421
2025,Emilia Romagna Grand Prix,Race,race,Mercedes,RUS,81.552,21,81.80575,20,10,0.2537499999999966,81.773,0.33333333333333337,0.33333333333333337,0.6664862914862915,0.75,-0.09081960026679484,0.3445696002667914
2025,Emilia Romagna Grand Prix,Race,race,Racing Bulls,HAD,80.815,25,81.80575,20,10,0.9907500000000056,81.4395,0.6666666666666667,0.6666666666666667,0.38076341647770223,0.32986111111111116,0.19209060622006915,0.7986593937799364
2025,Emilia Romagna Grand Prix,Race,race,Racing Bulls,LAW,82.064,25,81.80575,20,10,-0.25824999999998965,81.4395,0.6666666666666667,0.6666666666666667,0.38076341647770223,0.32986111111111116,-0.0020845522345543707,-0.25616544776543526
2025,Emilia Romagna Grand Prix,Race,race,Red Bull Racing,TSU,81.7475,26,81.80575,20,10,0.05825000000000102,81.42625,0.7777777777777778,0.7777777777777778,0.6423160173160173,0.5771604938271605,-0.008871756926109803,0.06712175692611083
2025,Emilia Romagna Grand Prix,Race,race,Red Bull Racing,VER,81.10499999999999,26,81.80575,20,10,0.7007500000000135,81.42625,0.7777777777777778,0.7777777777777778,0.6423160173160173,0.5771604938271605,1.05349042621627,-0.35274042621625656
2025,Emilia Romagna Grand Prix,Race,race,Williams,ALB,80.70849999999999,26,81.80575,20,10,1.0972500000000167,81.12674999999999,0.8888888888888888,0.8888888888888888,0.4249622071050642,0.321875,0.26859346837757936,0.8286565316224374
2025,Emilia Romagna Grand Prix,Race,race,Williams,SAI,81.54499999999999,26,81.80575,20,10,0.2607500000000158,81.12674999999999,0.8888888888888888,0.8888888888888888,0.4249622071050642,0.321875,0.13770117581501623,0.12304882418499957
2025,Hungarian Grand Prix,Qualifying,qualifying,Aston Martin,ALO,75.481,3,75.7815,12,6,0.30049999999999955,75.5805,0.8,0.33333333333333337,0.3057142857142857,0.35388888888888886,0.14345355062000661,0.15704644937999293
2025,Hungarian Grand Prix,Qualifying,qualifying,Aston Martin,STR,75.68,3,75.7815,12,6,0.10149999999998727,75.5805,0.8,0.33333333333333337,0.3057142857142857,0.35388888888888886,-0.11131040426236238,0.21281040426234965
2025,Hungarian Grand Prix,Qualifying,qualifying,Ferrari,HAM,75.84100000000001,4,75.7815,12,6,-0.0595000000000141,75.86225,0.4,0.4444444444444444,0.7150103519668738,0.7388888888888889,0.3949955738094543,-0.4544955738094684
2025,Hungarian Grand Prix,Qualifying,qualifying,Ferrari,LEC,75.8835,4,75.7815,12,6,-0.10200000000000387,75.86225,0.4,0.4444444444444444,0.7150103519668738,0.7388888888888889,0.4980360426406395,-0.6000360426406434
2025,Hungarian Grand Prix,Qualifying,qualifying,McLaren,NOR,75.247,4,75.7815,12,6,0.5344999999999942,75.267,1.0,1.0,0.9608585858585859,0.9876543209876544,0.12450891586109554,0.4099910841388987
2025,Hungarian Grand Prix,Qualifying,qualifying,McLaren,PIA,75.287,4,75.7815,12,6,0.49449999999998795,75.267,1.0,1.0,0.9608585858585859,0.9876543209876544,0.03443707754662947,0.4600629224533585
2025,Hungarian Grand Prix,Qualifying,qualifying,Mercedes,ANT,75.782,3,75.7815,12,6,-0.0005000000000023874,75.7045,0.6,0.7777777777777778,0.6664862914862915,0.7037037037037037,0.23237994816558635,-0.23287994816558874
2025,Hungarian Grand Prix,Qualifying,qualifying,Mercedes,RUS,75.627,3,75.7815,12,6,0.15449999999999875,75.7045,0.6,0.7777777777777778,0.6664862914862915,0.7037037037037037,0.45271685282537005,-0.2982168528253713
2025,Hungarian Grand Prix,Qualifying,qualifying,Racing Bulls,HAD,75.781,3,75.7815,12,6,0.0004999999999881766,75.9685,0.19999999999999996,0.6666666666666667,0.38076341647770223,0.36728395061728397,-0.14520422670120633,0.1457042267011945
2025,Hungarian Grand Prix,Qualifying,qualifying,Racing Bulls,LAW,76.156,3,75.7815,12,6,-0.3745000000000118,75.9685,0.19999999999999996,0.6666666666666667,0.38076341647770223,0.36728395061728397,-0.24819032494534726,-0.12630967505466456
2025,Hungarian Grand Prix,Qualifying,qualifying,Williams,ALB,76.448,3,75.7815,12,6,-0.6664999999999992,76.45849999999999,0.0,0.5555555555555556,0.4249622071050642,0.3848765432098766,0.4053446987189551,-1.0718446987189543
2025,Hungarian Grand Prix,Qualifying,qualifying,Williams,SAI,76.469,3,75.7815,12,6,-0.6875,76.45849999999999,0.0,0.5555555555555556,0.4249622071050642,0.3848765432098766,0.42089768077579187,-1.1083976807757918
2025,Hungarian Grand Prix,Race,race,Alpine,COL,82.1255,34,82.5825,20,10,0.45699999999999363,82.82825,0.2222222222222222,0.2222222222222222,0.28111946532999166,0.2839506172839506,0.06255266167480363,0.39444733832519
2025,Hungarian Grand Prix,Race,race,Alpine,GAS,83.531,34,82.5825,20,10,-0.9485000000000099,82.82825,0.2222222222222222,0.2222222222222222,0.28111946532999166,0.2839506172839506,0.03412313799982952,-0.9826231379998394
2025,Hungarian Grand Prix,Race,race,Aston Martin,ALO,82.576,53,82.5825,20,10,0.006500000000002615,82.8265,0.33333333333333337,0.33333333333333337,0.3057142857142857,0.35388888888888886,0.016901313346079846,-0.010401313346077232
2025,Hungarian Grand Prix,Race,race,Aston Martin,STR,83.077,53,82.5825,20,10,-0.49450000000000216,82.8265,0.33333333333333337,0.33333333333333337,0.3057142857142857,0.35388888888888886,-0.2745680106068059,-0.21993198939319625
2025,Hungarian Grand Prix,Race,race,Ferrari,HAM,83.449,40,82.5825,20,10,-0.866500000000002,82.589,0.4444444444444444,0.4444444444444444,0.7150103519668738,0.7388888888888889,-0.03013038881255811,-0.8363696111874439
2025,Hungarian Grand Prix,Race,race,Ferrari,LEC,81.729,40,82.5825,20,10,0.8534999999999968,82.589,0.4444444444444444,0.4444444444444444,0.7150103519668738,0.7388888888888889,0.1958228383996559,0.657677161600341
2025,Hungarian Grand Prix,Race,race,Haas F1 Team,BEA,82.8155,24,82.5825,20,10,-0.2330000000000041,83.07425,0.0,0.0,0.29614748677248676,0.2823232323232323,0.0345295176463184,-0.2675295176463225
2025,Hungarian Grand Prix,Race,race,Haas F1 Team,OCO,83.333,24,82.5825,20,10,-0.7505000000000024,83.07425,0.0,0.0,0.29614748677248676,0.2823232323232323,-0.12843307985374308,-0.6220669201462593
2025,Hungarian Grand Prix,Race,race,Kick Sauber,BOR,83.02,27,82.5825,20,10,-0.4375,82.86099999999999,0.11111111111111116,0.11111111111111116,0.24415204678362576,0.32083333333333336,-0.23563312919797155,-0.20186687080202845
2025,Hungarian Grand Prix,Race,race,Kick Sauber,HUL,82.702,27,82.5825,20,10,-0.11950000000000216,82.86099999999999,0.11111111111111116,0.11111111111111116,0.24415204678362576,0.32083333333333336,-0.18641475160805335,0.06691475160805119
2025,Hungarian Grand Prix,Race,race,McLaren,NOR,80.726,35,82.5825,20,10,1.856499999999997,81.13550000000001,1.0,1.0,0.9608585858585859,0.9876543209876544,0.2594772926936577,1.5970227073063392
2025,Hungarian Grand Prix,Race,race,McLaren,PIA,81.545,35,82.5825,20,10,1.0374999999999943,81.13550000000001,1.0,1.0,0.9608585858585859,0.9876543209876544,0.12747228817738215,0.9100277118226121
2025,Hungarian Grand Prix,Race,race,Mercedes,ANT,82.589,33,82.5825,20,10,-0.006500000000002615,82.124,0.7777777777777778,0.7777777777777778,0.6664862914862915,0.7037037037037037,-0.24773778002094068,0.24123778002093807
2025,Hungarian Grand Prix,Race,race,Mercedes,RUS,81.659,33,82.5825,20,10,0.92349999999999,82.124,0.7777777777777778,0.7777777777777778,0.6664862914862915,0.7037037037037037,-0.09081960026679484,1.014319600266785
2025,Hungarian Grand Prix,Race,race,Racing Bulls,HAD,82.788,52,82.5825,20,10,-0.20550000000000068,82.47025,0.6666666666666667,0.6666666666666667,0.38076341647770223,0.36728395061728397,0.19209060622006915,-0.3975906062200698
2025,Hungarian Grand Prix,Race,race,Racing Bulls,LAW,82.1525,52,82.5825,20,10,0.4299999999999926,82.47025,0.6666666666666667,0.6666666666666667,0.38076341647770223,0.36728395061728397,-0.0020845522345543707,0.432084552234547
2025,Hungarian Grand Prix,Race,race,Red Bull Racing,TSU,82.065,38,82.5825,20,10,0.5174999999999983,82.049,0.8888888888888888,0.8888888888888888,0.6423160173160173,0.5972222222222222,-0.008871756926109803,0.526371756926108
2025,Hungarian Grand Prix,Race,race,Red Bull Racing,VER,82.033,38,82.5825,20,10,0.5494999999999948,82.049,0.8888888888888888,0.8888888888888888,0.6423160173160173,0.5972222222222222,1.05349042621627,-0.5039904262162753
2025,Hungarian Grand Prix,Race,race,Williams,ALB,82.37899999999999,44,82.5825,20,10,0.20350000000000534,82.52125,0.5555555555555556,0.5555555555555556,0.4249622071050642,0.3848765432098766,0.26859346837757936,-0.06509346837757402
2025,Hungarian Grand Prix,Race,race,Williams,SAI,82.6635,44,82.5825,20,10,-0.08100000000000307,82.52125,0.5555555555555556,0.5555555555555556,0.4249622071050642,0.3848765432098766,0.13770117581501623,-0.2187011758150193
2025,Italian Grand Prix,Qualifying,qualifying,Alpine,COL,80.181,3,79.53275000000001,16,8,-0.6482499999999902,80.15950000000001,0.0,0.1428571428571429,0.28111946532999166,0.2777777777777778,-0.24517484313212232,-0.4030751568678679
2025,Italian Grand Prix,Qualifying,qualifying,Alpine,GAS,80.138,3,79.53275000000001,16,8,-0.6052499999999981,80.15950000000001,0.0,0.1428571428571429,0.28111946532999166,0.2777777777777778,-0.08121862419797127,-0.5240313758020267
2025,Italian Grand Prix,Qualifying,qualifying,Ferrari,HAM,79.3255,4,79.53275000000001,16,8,0.20725000000000193,79.29575,0.7142857142857143,0.8571428571428572,0.7150103519668738,0.7143518518518519,0.3949955738094543,-0.1877455738094524
2025,Italian Grand Prix,Qualifying,qualifying,Ferrari,LEC,79.26599999999999,4,79.53275000000001,16,8,0.26675000000001603,79.29575,0.7142857142857143,0.8571428571428572,0.7150103519668738,0.7143518518518519,0.4980360426406395,-0.23128604264062347
2025,Italian Grand Prix,Qualifying,qualifying,Haas F1 Team,BEA,79.688,5,79.53275000000001,16,8,-0.15524999999999523,79.846,0.1428571428571429,0.4285714285714286,0.29614748677248676,0.2587962962962963,0.1909954717993887,-0.3462454717993839
2025,Italian Grand Prix,Qualifying,qualifying,Haas F1 Team,OCO,80.004,5,79.53275000000001,16,8,-0.4712499999999977,79.846,0.1428571428571429,0.4285714285714286,0.29614748677248676,0.2587962962962963,-0.06464507161486799,-0.40660492838512974
2025,Italian Grand Prix,Qualifying,qualifying,Kick Sauber,BOR,79.688,5,79.53275000000001,16,8,-0.15524999999999523,79.7465,0.4285714285714286,,0.24415204678362576,,-0.5535069083600311,0.3982569083600359
2025,Italian Grand Prix,Qualifying,qualifying,Kick Sauber,HUL,79.805,5,79.53275000000001,16,8,-0.27224999999999966,79.7465,0.4285714285714286,,0.24415204678362576,,-0.46068755930034505,0.1884375593003454
2025,Italian Grand Prix,Qualifying,qualifying,McLaren,NOR,79.363,4,79.53275000000001,16,8,0.16975000000000762,79.267,1.0,1.0,0.9608585858585859,0.9888888888888889,0.12450891586109554,0.04524108413891208
2025,Italian Grand Prix,Qualifying,qualifying,McLaren,PIA,79.17099999999999,4,79.53275000000001,16,8,0.3617500000000149,79.267,1.0,1.0,0.9608585858585859,0.9888888888888889,0.03443707754662947,0.32731292245338545
2025,Italian Grand Prix,Qualifying,qualifying,Mercedes,ANT,79.349,4,79.53275000000001,16,8,0.1837500000000034,79.31825,0.5714285714285714,0.5714285714285714,0.6664862914862915,0.711111111111111,0.23237994816558635,-0.04862994816558294
2025,Italian Grand Prix,Qualifying,qualifying,Mercedes,RUS,79.2875,4,79.53275000000001,16,8,0.24525000000001285,79.31825,0.5714285714285714,0.5714285714285714,0.6664862914862915,0.711111111111111,0.45271685282537005,-0.2074668528253572
2025,Italian Grand Prix,Qualifying,qualifying,Red Bull Racing,TSU,79.52350000000001,4,79.53275000000001,16,8,0.00924999999999443,79.2775,0.8571428571428572,0.2857142857142857,0.6423160173160173,0.6237373737373737,-0.01826717338177214,0.02751717338176657
2025,Italian Grand Prix,Qualifying,qualifying,Red Bull Racing,VER,79.0315,4,79.53275000000001,16,8,0.5012500000000131,79.2775,0.8571428571428572,0.2857142857142857,0.6423160173160173,0.6237373737373737,0.44653785362151754,0.05471214637849553
2025,Italian Grand Prix,Qualifying,qualifying,Williams,ALB,80.107,3,79.53275000000001,16,8,-0.5742499999999922,79.8245,0.2857142857142857,0.7142857142857143,0.4249622071050642,0.4019444444444445,0.4053446987189551,-0.9795946987189472
2025,Italian Grand Prix,Qualifying,qualifying,Williams,SAI,79.542,3,79.53275000000001,16,8,-0.00924999999999443,79.8245,0.2857142857142857,0.7142857142857143,0.4249622071050642,0.4019444444444445,0.42089768077579187,-0.4301476807757863
2025,Italian Grand Prix,Race,race,Alpine,COL,82.833,9,83.489,16,8,0.6560000000000059,83.848,0.1428571428571429,0.1428571428571429,0.28111946532999166,0.2777777777777778,0.06255266167480363,0.5934473383252022
2025,Italian Grand Prix,Race,race,Alpine,GAS,84.863,9,83.489,16,8,-1.3739999999999952,83.848,0.1428571428571429,0.1428571428571429,0.28111946532999166,0.2777777777777778,0.03412313799982952,-1.4081231379998247
2025,Italian Grand Prix,Race,race,Ferrari,HAM,83.463,35,83.489,16,8,0.02600000000001046,83.3075,0.8571428571428572,0.8571428571428572,0.7150103519668738,0.7143518518518519,-0.03013038881255811,0.05613038881256857
2025,Italian Grand Prix,Race,race,Ferrari,LEC,83.152,35,83.489,16,8,0.3370000000000033,83.3075,0.8571428571428572,0.8571428571428572,0.7150103519668738,0.7143518518518519,0.1958228383996559,0.1411771616003474
2025,Italian Grand Prix,Race,race,Haas F1 Team,BEA,82.911,29,83.489,16,8,0.578000000000003,83.58,0.4285714285714286,0.4285714285714286,0.29614748677248676,0.2587962962962963,0.0345295176463184,0.5434704823536846
2025,Italian Grand Prix,Race,race,Haas F1 Team,OCO,84.249,29,83.489,16,8,-0.7599999999999909,83.58,0.4285714285714286,0.4285714285714286,0.29614748677248676,0.2587962962962963,-0.12843307985374308,-0.6315669201462478
2025,Italian Grand Prix,Race,race,McLaren,NOR,82.904,41,83.489,16,8,0.585000000000008,82.89349999999999,1.0,1.0,0.9608585858585859,0.9888888888888889,0.2594772926936577,0.32552270730635025
2025,Italian Grand Prix,Race,race,McLaren,PIA,82.883,41,83.489,16,8,0.6060000000000088,82.89349999999999,1.0,1.0,0.9608585858585859,0.9888888888888889,0.12747228817738215,0.4785277118226266
2025,Italian Grand Prix,Race,race,Mercedes,ANT,83.515,41,83.489,16,8,-0.02599999999999625,83.542,0.5714285714285714,0.5714285714285714,0.6664862914862915,0.711111111111111,-0.24773778002094068,0.22173778002094444
2025,Italian Grand Prix,Race,race,Mercedes,RUS,83.569,41,83.489,16,8,-0.0799999999999983,83.542,0.5714285714285714,0.5714285714285714,0.6664862914862915,0.711111111111111,-0.09081960026679484,0.010819600266796542
2025,Italian Grand Prix,Race,race,Racing Bulls,HAD,84.131,22,83.489,16,8,-0.6419999999999959,83.957,0.0,0.0,0.38076341647770223,0.39722222222222225,0.19209060622006915,-0.834090606220065
2025,Italian Grand Prix,Race,race,Racing Bulls,LAW,83.783,22,83.489,16,8,-0.29399999999999693,83.957,0.0,0.0,0.38076341647770223,0.39722222222222225,-0.0020845522345543707,-0.29191544776544254
2025,Italian Grand Prix,Race,race,Red Bull Racing,TSU,84.395,21,83.489,16,8,-0.9059999999999917,83.69800000000001,0.2857142857142857,0.2857142857142857,0.6423160173160173,0.6237373737373737,-0.008871756926109803,-0.897128243073882
2025,Italian Grand Prix,Race,race,Red Bull Racing,VER,83.001,21,83.489,16,8,0.48799999999999955,83.69800000000001,0.2857142857142857,0.2857142857142857,0.6423160173160173,0.6237373737373737,1.05349042621627,-0.5654904262162705
2025,Italian Grand Prix,Race,race,Williams,ALB,84.413,23,83.489,16,8,-0.9239999999999924,83.48849999999999,0.7142857142857143,0.7142857142857143,0.4249622071050642,0.4019444444444445,0.26859346837757936,-1.1925934683775719
2025,Italian Grand Prix,Race,race,Williams,SAI,82.564,23,83.489,16,8,0.9250000000000114,83.48849999999999,0.7142857142857143,0.7142857142857143,0.4249622071050642,0.4019444444444445,0.13770117581501623,0.7872988241849952
2025,Japanese Grand Prix,Qualifying,qualifying,Ferrari,HAM,87.63900000000001,4,88.07650000000001,16,8,0.4375,87.5875,0.8571428571428572,0.6666666666666667,0.7150103519668738,0.7253357753357753,0.3949955738094543,0.042504426190545674
2025,Japanese Grand Prix,Qualifying,qualifying,Ferrari,LEC,87.536,4,88.07650000000001,16,8,0.5405000000000086,87.5875,0.8571428571428572,0.6666666666666667,0.7150103519668738,0.7253357753357753,0.4980360426406395,0.04246395735936914
2025,Japanese Grand Prix,Qualifying,qualifying,Haas F1 Team,BEA,88.327,3,88.07650000000001,16,8,-0.2504999999999882,88.614,0.1428571428571429,0.4444444444444444,0.29614748677248676,0.27185592185592183,0.1909954717993887,-0.44149547179937687
2025,Japanese Grand Prix,Qualifying,qualifying,Haas F1 Team,OCO,88.901,3,88.07650000000001,16,8,-0.8244999999999862,88.614,0.1428571428571429,0.4444444444444444,0.29614748677248676,0.27185592185592183,-0.06464507161486799,-0.7598549283851183
2025,Japanese Grand Prix,Qualifying,qualifying,Kick Sauber,BOR,88.768,3,88.07650000000001,16,8,-0.6914999999999907,88.8125,0.0,0.2222222222222222,0.24415204678362576,0.3017676767676768,-0.5535069083600311,-0.13799309163995954
2025,Japanese Grand Prix,Qualifying,qualifying,Kick Sauber,HUL,88.857,3,88.07650000000001,16,8,-0.7804999999999893,88.8125,0.0,0.2222222222222222,0.24415204678362576,0.3017676767676768,-0.46068755930034505,-0.31981244069964426
2025,Japanese Grand Prix,Qualifying,qualifying,McLaren,NOR,87.146,3,88.07650000000001,16,8,0.9305000000000092,87.099,1.0,1.0,0.9608585858585859,0.98989898989899,0.12450891586109554,0.8059910841389136
2025,Japanese Grand Prix,Qualifying,qualifying,McLaren,PIA,87.052,3,88.07650000000001,16,8,1.0245000000000033,87.099,1.0,1.0,0.9608585858585859,0.98989898989899,0.03443707754662947,0.9900629224533738
2025,Japanese Grand Prix,Qualifying,qualifying,Mercedes,ANT,87.902,3,88.07650000000001,16,8,0.17450000000000898,87.65100000000001,0.7142857142857143,0.5555555555555556,0.6664862914862915,0.6984126984126985,0.23237994816558635,-0.05787994816557737
2025,Japanese Grand Prix,Qualifying,qualifying,Mercedes,RUS,87.4,3,88.07650000000001,16,8,0.6765000000000043,87.65100000000001,0.7142857142857143,0.5555555555555556,0.6664862914862915,0.6984126984126985,0.45271685282537005,0.22378314717463427
2025,Japanese Grand Prix,Qualifying,qualifying,Racing Bulls,HAD,88.128,4,88.07650000000001,16,8,-0.05149999999999011,88.27324999999999,0.2857142857142857,0.11111111111111116,0.38076341647770223,0.3611111111111111,-0.14520422670120633,0.09370422670121623
2025,Japanese Grand Prix,Qualifying,qualifying,Racing Bulls,LAW,88.4185,4,88.07650000000001,16,8,-0.34199999999998454,88.27324999999999,0.2857142857142857,0.11111111111111116,0.38076341647770223,0.3611111111111111,-0.24819032494534726,-0.09380967505463728
2025,Japanese Grand Prix,Qualifying,qualifying,Red Bull Racing,TSU,88.154,3,88.07650000000001,16,8,-0.07749999999998636,88.04849999999999,0.5714285714285714,0.8888888888888888,0.6423160173160173,0.5955687830687831,-0.01826717338177214,-0.05923282661821422
2025,Japanese Grand Prix,Qualifying,qualifying,Red Bull Racing,VER,87.943,3,88.07650000000001,16,8,0.13350000000001216,88.04849999999999,0.5714285714285714,0.8888888888888888,0.6423160173160173,0.5955687830687831,0.44653785362151754,-0.3130378536215054
2025,Japanese Grand Prix,Qualifying,qualifying,Williams,ALB,88.025,4,88.07650000000001,16,8,0.05150000000000432,88.16675000000001,0.4285714285714286,0.0,0.4249622071050642,0.4303391053391054,0.4053446987189551,-0.3538446987189508
2025,Japanese Grand Prix,Qualifying,qualifying,Williams,SAI,88.30850000000001,4,88.07650000000001,16,8,-0.23199999999999932,88.16675000000001,0.4285714285714286,0.0,0.4249622071050642,0.4303391053391054,0.42089768077579187,-0.6528976807757911
2025,Japanese Grand Prix,Race,race,Alpine,DOO,93.251,23,93.25450000000001,20,10,0.003500000000002501,92.73349999999999,0.7777777777777778,0.7777777777777778,0.28111946532999166,0.26551226551226553,-0.4703648855874647,0.4738648855874672
2025,Japanese Grand Prix,Race,race,Alpine,GAS,92.216,23,93.25450000000001,20,10,1.0385000000000133,92.73349999999999,0.7777777777777778,0.7777777777777778,0.28111946532999166,0.26551226551226553,0.03412313799982952,1.0043768620001838
2025,Japanese Grand Prix,Race,race,Aston Martin,ALO,94.111,33,93.25450000000001,20,10,-0.8564999999999969,93.6405,0.33333333333333337,0.33333333333333337,0.3057142857142857,0.352020202020202,0.016901313346079846,-0.8734013133460767
2025,Japanese Grand Prix,Race,race,Aston Martin,STR,93.17,33,93.25450000000001,20,10,0.08450000000000557,93.6405,0.33333333333333337,0.33333333333333337,0.3057142857142857,0.352020202020202,-0.2745680106068059,0.3590680106068115
2025,Japanese Grand Prix,Race,race,Ferrari,HAM,93.301,38,93.25450000000001,20,10,-0.04649999999999466,92.74025,0.6666666666666667,0.6666666666666667,0.7150103519668738,0.7253357753357753,-0.03013038881255811,-0.016369611187436548
2025,Japanese Grand Prix,Race,race,Ferrari,LEC,92.17949999999999,38,93.25450000000001,20,10,1.075000000000017,92.74025,0.6666666666666667,0.6666666666666667,0.7150103519668738,0.7253357753357753,0.1958228383996559,0.8791771616003612
2025,Japanese Grand Prix,Race,race,Haas F1 Team,BEA,93.079,37,93.25450000000001,20,10,0.17550000000001376,93.501,0.4444444444444444,0.4444444444444444,0.29614748677248676,0.27185592185592183,0.0345295176463184,0.14097048235369536
2025,Japanese Grand Prix,Race,race,Haas F1 Team,OCO,93.923,37,93.25450000000001,20,10,-0.6684999999999945,93.501,0.4444444444444444,0.4444444444444444,0.29614748677248676,0.27185592185592183,-0.12843307985374308,-0.5400669201462515
2025,Japanese Grand Prix,Race,race,Kick Sauber,BOR,94.204,43,93.25450000000001,20,10,-0.9494999999999862,93.7515,0.2222222222222222,0.2222222222222222,0.24415204678362576,0.3017676767676768,-0.23563312919797155,-0.7138668708020147
2025,Japanese Grand Prix,Race,race,Kick Sauber,HUL,93.299,43,93.25450000000001,20,10,-0.04449999999999932,93.7515,0.2222222222222222,0.2222222222222222,0.24415204678362576,0.3017676767676768,-0.18641475160805335,0.14191475160805403
2025,Japanese Grand Prix,Race,race,McLaren,NOR,91.937,40,93.25450000000001,20,10,1.3175000000000097,91.9375,1.0,1.0,0.9608585858585859,0.98989898989899,0.2594772926936577,1.058022707306352
2025,Japanese Grand Prix,Race,race,McLaren,PIA,91.938,40,93.25450000000001,20,10,1.3165000000000049,91.9375,1.0,1.0,0.9608585858585859,0.98989898989899,0.12747228817738215,1.1890277118226227
2025,Japanese Grand Prix,Race,race,Mercedes,ANT,92.709,28,93.25450000000001,20,10,0.5455000000000041,92.98349999999999,0.5555555555555556,0.5555555555555556,0.6664862914862915,0.6984126984126985,-0.24773778002094068,0.7932377800209448
2025,Japanese Grand Prix,Race,race,Mercedes,RUS,93.258,28,93.25450000000001,20,10,-0.0034999999999882903,92.98349999999999,0.5555555555555556,0.5555555555555556,0.6664862914862915,0.6984126984126985,-0.09081960026679484,0.08731960026680655
2025,Japanese Grand Prix,Race,race,Racing Bulls,HAD,94.0085,20,93.25450000000001,20,10,-0.7539999999999907,94.353,0.11111111111111116,0.11111111111111116,0.38076341647770223,0.3611111111111111,0.19209060622006915,-0.9460906062200598
2025,Japanese Grand Prix,Race,race,Racing Bulls,LAW,94.69749999999999,20,93.25450000000001,20,10,-1.4429999999999836,94.353,0.11111111111111116,0.11111111111111116,0.38076341647770223,0.3611111111111111,-0.0020845522345543707,-1.4409154477654293
2025,Japanese Grand Prix,Race,race,Red Bull Racing,TSU,92.782,40,93.25450000000001,20,10,0.4725000000000108,92.43625,0.8888888888888888,0.8888888888888888,0.6423160173160173,0.5955687830687831,-0.008871756926109803,0.4813717569261206
2025,Japanese Grand Prix,Race,race,Red Bull Racing,VER,92.09049999999999,40,93.25450000000001,20,10,1.1640000000000157,92.43625,0.8888888888888888,0.8888888888888888,0.6423160173160173,0.5955687830687831,1.05349042621627,0.1105095737837456
2025,Japanese Grand Prix,Race,race,Williams,ALB,94.194,19,93.25450000000001,20,10,-0.9394999999999953,94.4795,0.0,0.0,0.4249622071050642,0.4303391053391054,0.26859346837757936,-1.2080934683775748
2025,Japanese Grand Prix,Race,race,Williams,SAI,94.765,19,93.25450000000001,20,10,-1.5104999999999933,94.4795,0.0,0.0,0.4249622071050642,0.4303391053391054,0.13770117581501623,-1.6482011758150095
2025,Las Vegas Grand Prix,Qualifying,qualifying,Alpine,COL,115.988,2,112.41575,8,4,-3.572249999999997,114.73675,0.0,0.0,0.28111946532999166,0.3082010582010582,-0.24517484313212232,-3.3270751568678745
2025,Las Vegas Grand Prix,Qualifying,qualifying,Alpine,GAS,113.4855,2,112.41575,8,4,-1.069749999999999,114.73675,0.0,0.0,0.28111946532999166,0.3082010582010582,-0.08121862419797127,-0.9885313758020278
2025,Las Vegas Grand Prix,Qualifying,qualifying,Haas F1 Team,BEA,113.516,3,112.41575,8,4,-1.1002500000000026,114.498,0.33333333333333337,0.4285714285714286,0.29614748677248676,0.2841836734693878,0.1909954717993887,-1.2912454717993913
2025,Las Vegas Grand Prix,Qualifying,qualifying,Haas F1 Team,OCO,115.48,3,112.41575,8,4,-3.0642500000000013,114.498,0.33333333333333337,0.4285714285714286,0.29614748677248676,0.2841836734693878,-0.06464507161486799,-2.9996049283851334
2025,Las Vegas Grand Prix,Qualifying,qualifying,McLaren,NOR,109.606,3,112.41575,8,4,2.809750000000008,109.371,1.0,1.0,0.9608585858585859,0.9907407407407408,0.12450891586109554,2.6852410841389127
2025,Las Vegas Grand Prix,Qualifying,qualifying,McLaren,PIA,109.136,3,112.41575,8,4,3.279750000000007,109.371,1.0,1.0,0.9608585858585859,0.9907407407407408,0.03443707754662947,3.2453129224533774
2025,Las Vegas Grand Prix,Qualifying,qualifying,Racing Bulls,HAD,111.346,3,112.41575,8,4,1.069749999999999,110.74600000000001,0.6666666666666667,0.1428571428571429,0.38076341647770223,0.34027777777777785,-0.14520422670120633,1.2149542267012055
2025,Las Vegas Grand Prix,Qualifying,qualifying,Racing Bulls,LAW,110.146,3,112.41575,8,4,2.269750000000002,110.74600000000001,0.6666666666666667,0.1428571428571429,0.38076341647770223,0.34027777777777785,-0.24819032494534726,2.517940324945349
2025,Las Vegas Grand Prix,Race,race,Alpine,COL,98.221,15,95.76050000000001,16,8,-2.460499999999996,97.721,0.0,0.0,0.28111946532999166,0.3082010582010582,0.06255266167480363,-2.5230526616747997
2025,Las Vegas Grand Prix,Race,race,Alpine,GAS,97.221,15,95.76050000000001,16,8,-1.4604999999999961,97.721,0.0,0.0,0.28111946532999166,0.3082010582010582,0.03412313799982952,-1.4946231379998256
2025,Las Vegas Grand Prix,Race,race,Ferrari,HAM,95.987,31,95.76050000000001,16,8,-0.22649999999998727,95.48849999999999,0.8571428571428572,0.8571428571428572,0.7150103519668738,0.7211451247165533,-0.03013038881255811,-0.19636961118742915
2025,Las Vegas Grand Prix,Race,race,Ferrari,LEC,94.99,31,95.76050000000001,16,8,0.7705000000000126,95.48849999999999,0.8571428571428572,0.8571428571428572,0.7150103519668738,0.7211451247165533,0.1958228383996559,0.5746771616003568
2025,Las Vegas Grand Prix,Race,race,Haas F1 Team,BEA,96.545,25,95.76050000000001,16,8,-0.7844999999999942,95.943,0.4285714285714286,0.4285714285714286,0.29614748677248676,0.2841836734693878,0.0345295176463184,-0.8190295176463126
2025,Las Vegas Grand Prix,Race,race,Haas F1 Team,OCO,95.341,25,95.76050000000001,16,8,0.41950000000001353,95.943,0.4285714285714286,0.4285714285714286,0.29614748677248676,0.2841836734693878,-0.12843307985374308,0.5479330798537566
2025,Las Vegas Grand Prix,Race,race,McLaren,NOR,95.534,33,95.76050000000001,16,8,0.22650000000000148,95.33600000000001,1.0,1.0,0.9608585858585859,0.9907407407407408,0.2594772926936577,-0.032977292693656235
2025,Las Vegas Grand Prix,Race,race,McLaren,PIA,95.138,33,95.76050000000001,16,8,0.6225000000000023,95.33600000000001,1.0,1.0,0.9608585858585859,0.9907407407407408,0.12747228817738215,0.4950277118226201
2025,Las Vegas Grand Prix,Race,race,Mercedes,ANT,96.181,23,95.76050000000001,16,8,-0.4204999999999899,95.768,0.5714285714285714,0.5714285714285714,0.6664862914862915,0.6865079365079364,-0.24773778002094068,-0.1727622199790492
2025,Las Vegas Grand Prix,Race,race,Mercedes,RUS,95.355,23,95.76050000000001,16,8,0.4055000000000035,95.768,0.5714285714285714,0.5714285714285714,0.6664862914862915,0.6865079365079364,-0.09081960026679484,0.49631960026679833
2025,Las Vegas Grand Prix,Race,race,Racing Bulls,HAD,95.352,20,95.76050000000001,16,8,0.40850000000000364,96.21575,0.1428571428571429,0.1428571428571429,0.38076341647770223,0.34027777777777785,0.19209060622006915,0.21640939377993448
2025,Las Vegas Grand Prix,Race,race,Racing Bulls,LAW,97.0795,20,95.76050000000001,16,8,-1.3189999999999884,96.21575,0.1428571428571429,0.1428571428571429,0.38076341647770223,0.34027777777777785,-0.0020845522345543707,-1.3169154477654341
2025,Las Vegas Grand Prix,Race,race,Red Bull Racing,TSU,96.15299999999999,28,95.76050000000001,16,8,-0.3924999999999841,95.69324999999999,0.7142857142857143,0.7142857142857143,0.6423160173160173,0.6181318681318682,-0.008871756926109803,-0.3836282430738743
2025,Las Vegas Grand Prix,Race,race,Red Bull Racing,VER,95.23349999999999,28,95.76050000000001,16,8,0.5270000000000152,95.69324999999999,0.7142857142857143,0.7142857142857143,0.6423160173160173,0.6181318681318682,1.05349042621627,-0.5264904262162549
2025,Las Vegas Grand Prix,Race,race,Williams,ALB,97.269,15,95.76050000000001,16,8,-1.508499999999998,96.20400000000001,0.2857142857142857,0.2857142857142857,0.4249622071050642,0.3944775132275133,0.26859346837757936,-1.7770934683775774
2025,Las Vegas Grand Prix,Race,race,Williams,SAI,95.139,15,95.76050000000001,16,8,0.6215000000000117,96.20400000000001,0.2857142857142857,0.2857142857142857,0.4249622071050642,0.3944775132275133,0.13770117581501623,0.4837988241849955
2025,Mexico City Grand Prix,Qualifying,qualifying,Aston Martin,ALO,77.414,3,77.11625,16,8,-0.29775000000000773,77.64150000000001,0.0,0.0,0.3057142857142857,0.350462962962963,0.14345355062000661,-0.4412035506200144
2025,Mexico City Grand Prix,Qualifying,qualifying,Aston Martin,STR,77.869,3,77.11625,16,8,-0.752750000000006,77.64150000000001,0.0,0.0,0.3057142857142857,0.350462962962963,-0.11131040426236238,-0.6414395957376436
2025,Mexico City Grand Prix,Qualifying,qualifying,Ferrari,HAM,76.416,4,77.11625,16,8,0.7002499999999969,76.37025,1.0,0.5,0.7150103519668738,0.7302116402116402,0.3949955738094543,0.3052544261905426
2025,Mexico City Grand Prix,Qualifying,qualifying,Ferrari,LEC,76.3245,4,77.11625,16,8,0.7917499999999933,76.37025,1.0,0.5,0.7150103519668738,0.7302116402116402,0.4980360426406395,0.2937139573593538
2025,Mexico City Grand Prix,Qualifying,qualifying,Haas F1 Team,BEA,77.106,5,77.11625,16,8,0.010249999999999204,77.249,0.4285714285714286,0.25,0.29614748677248676,0.29380952380952385,0.1909954717993887,-0.1807454717993895
2025,Mexico City Grand Prix,Qualifying,qualifying,Haas F1 Team,OCO,77.392,5,77.11625,16,8,-0.27575000000000216,77.249,0.4285714285714286,0.25,0.29614748677248676,0.29380952380952385,-0.06464507161486799,-0.21110492838513417
2025,Mexico City Grand Prix,Qualifying,qualifying,Kick Sauber,BOR,77.437,3,77.11625,16,8,-0.32075000000000387,77.554,0.1428571428571429,0.125,0.24415204678362576,0.2951388888888889,-0.5535069083600311,0.23275690836002727
2025,Mexico City Grand Prix,Qualifying,qualifying,Kick Sauber,HUL,77.671,3,77.11625,16,8,-0.5547500000000127,77.554,0.1428571428571429,0.125,0.24415204678362576,0.2951388888888889,-0.46068755930034505,-0.09406244069966768
2025,Mexico City Grand Prix,Qualifying,qualifying,McLaren,NOR,76.211,4,77.11625,16,8,0.9052499999999952,76.407,0.8571428571428572,0.625,0.9608585858585859,0.9914529914529915,0.12450891586109554,0.7807410841388996
2025,Mexico City Grand Prix,Qualifying,qualifying,McLaren,PIA,76.603,4,77.11625,16,8,0.5132499999999993,76.407,0.8571428571428572,0.625,0.9608585858585859,0.9914529914529915,0.03443707754662947,0.47881292245336987
2025,Mexico City Grand Prix,Qualifying,qualifying,Mercedes,ANT,76.78,4,77.11625,16,8,0.3362499999999926,76.64775,0.7142857142857143,0.75,0.6664862914862915,0.6776556776556777,0.23237994816558635,0.10387005183440626
2025,Mexico City Grand Prix,Qualifying,qualifying,Mercedes,RUS,76.5155,4,77.11625,16,8,0.6007499999999908,76.64775,0.7142857142857143,0.75,0.6664862914862915,0.6776556776556777,0.45271685282537005,0.14803314717462074
2025,Mexico City Grand Prix,Qualifying,qualifying,Racing Bulls,HAD,77.137,3,77.11625,16,8,-0.020750000000006708,77.2975,0.2857142857142857,,0.38076341647770223,,-0.14520422670120633,0.12445422670119963
2025,Mexico City Grand Prix,Qualifying,qualifying,Racing Bulls,LAW,77.458,3,77.11625,16,8,-0.34175000000000466,77.2975,0.2857142857142857,,0.38076341647770223,,-0.24819032494534726,-0.0935596750546574
2025,Mexico City Grand Prix,Qualifying,qualifying,Red Bull Racing,TSU,77.1265,4,77.11625,16,8,-0.010249999999999204,77.03824999999999,0.5714285714285714,0.375,0.6423160173160173,0.625,-0.01826717338177214,0.008017173381772935
2025,Mexico City Grand Prix,Qualifying,qualifying,Red Bull Racing,VER,76.94999999999999,4,77.11625,16,8,0.16625000000000512,77.03824999999999,0.5714285714285714,0.375,0.6423160173160173,0.625,0.44653785362151754,-0.28028785362151243
2025,Mexico City Grand Prix,Race,race,Alpine,COL,81.757,17,82.65674999999999,18,9,0.8997499999999832,82.21000000000001,0.875,0.875,0.28111946532999166,0.2844932844932845,0.06255266167480363,0.8371973383251795
2025,Mexico City Grand Prix,Race,race,Alpine,GAS,82.663,17,82.65674999999999,18,9,-0.0062500000000085265,82.21000000000001,0.875,0.875,0.28111946532999166,0.2844932844932845,0.03412313799982952,-0.04037313799983805
2025,Mexico City Grand Prix,Race,race,Aston Martin,ALO,83.803,23,82.65674999999999,18,9,-1.146250000000009,83.7065,0.0,0.0,0.3057142857142857,0.350462962962963,0.016901313346079846,-1.163151313346089
2025,Mexico City Grand Prix,Race,race,Aston Martin,STR,83.61,23,82.65674999999999,18,9,-0.9532500000000113,83.7065,0.0,0.0,0.3057142857142857,0.350462962962963,-0.2745680106068059,-0.6786819893932053
2025,Mexico City Grand Prix,Race,race,Ferrari,HAM,82.549,36,82.65674999999999,18,9,0.10774999999998158,82.51225,0.5,0.5,0.7150103519668738,0.7302116402116402,-0.03013038881255811,0.1378803888125397
2025,Mexico City Grand Prix,Race,race,Ferrari,LEC,82.4755,36,82.65674999999999,18,9,0.18124999999999147,82.51225,0.5,0.5,0.7150103519668738,0.7302116402116402,0.1958228383996559,-0.014572838399664417
2025,Mexico City Grand Prix,Race,race,Haas F1 Team,BEA,82.854,37,82.65674999999999,18,9,-0.19725000000001103,83.10849999999999,0.25,0.25,0.29614748677248676,0.29380952380952385,0.0345295176463184,-0.23177951764632942
2025,Mexico City Grand Prix,Race,race,Haas F1 Team,OCO,83.363,37,82.65674999999999,18,9,-0.7062500000000114,83.10849999999999,0.25,0.25,0.29614748677248676,0.29380952380952385,-0.12843307985374308,-0.5778169201462683
2025,Mexico City Grand Prix,Race,race,Kick Sauber,BOR,82.10499999999999,18,82.65674999999999,18,9,0.5517499999999984,83.11824999999999,0.125,0.125,0.24415204678362576,0.2951388888888889,-0.23563312919797155,0.7873831291979699
2025,Mexico City Grand Prix,Race,race,Kick Sauber,HUL,84.13149999999999,18,82.65674999999999,18,9,-1.4747500000000002,83.11824999999999,0.125,0.125,0.24415204678362576,0.2951388888888889,-0.18641475160805335,-1.2883352483919468
2025,Mexico City Grand Prix,Race,race,McLaren,NOR,82.076,37,82.65674999999999,18,9,0.5807499999999948,82.484,0.625,0.625,0.9608585858585859,0.9914529914529915,0.2594772926936577,0.32127270730633706
2025,Mexico City Grand Prix,Race,race,McLaren,PIA,82.892,37,82.65674999999999,18,9,-0.23525000000000773,82.484,0.625,0.625,0.9608585858585859,0.9914529914529915,0.12747228817738215,-0.3627222881773899
2025,Mexico City Grand Prix,Race,race,Mercedes,ANT,82.467,53,82.65674999999999,18,9,0.18974999999998943,82.382,0.75,0.75,0.6664862914862915,0.6776556776556777,-0.24773778002094068,0.43748778002093014
2025,Mexico City Grand Prix,Race,race,Mercedes,RUS,82.297,53,82.65674999999999,18,9,0.35974999999999113,82.382,0.75,0.75,0.6664862914862915,0.6776556776556777,-0.09081960026679484,0.45056960026678594
2025,Mexico City Grand Prix,Race,race,Red Bull Racing,TSU,83.235,54,82.65674999999999,18,9,-0.5782500000000113,83.037,0.375,0.375,0.6423160173160173,0.625,-0.008871756926109803,-0.5693782430739015
2025,Mexico City Grand Prix,Race,race,Red Bull Racing,VER,82.839,54,82.65674999999999,18,9,-0.18225000000001046,83.037,0.375,0.375,0.6423160173160173,0.625,1.05349042621627,-1.2357404262162806
2025,Mexico City Grand Prix,Race,race,Williams,ALB,81.6835,22,82.65674999999999,18,9,0.9732499999999931,82.167,1.0,1.0,0.4249622071050642,0.3861111111111111,0.26859346837757936,0.7046565316224137
2025,Mexico City Grand Prix,Race,race,Williams,SAI,82.6505,22,82.65674999999999,18,9,0.006249999999994316,82.167,1.0,1.0,0.4249622071050642,0.3861111111111111,0.13770117581501623,-0.13145117581502191
2025,Miami Grand Prix,Qualifying,qualifying,Alpine,DOO,87.658,3,87.392,20,10,-0.26600000000000534,87.78399999999999,0.2222222222222222,,0.28111946532999166,,0.11898813623457953,-0.3849881362345849
2025,Miami Grand Prix,Qualifying,qualifying,Alpine,GAS,87.91,3,87.392,20,10,-0.5180000000000007,87.78399999999999,0.2222222222222222,,0.28111946532999166,,-0.08121862419797127,-0.4367813758020294
2025,Miami Grand Prix,Qualifying,qualifying,Aston Martin,ALO,87.88,3,87.392,20,10,-0.48799999999999955,88.072,0.11111111111111116,0.25,0.3057142857142857,0.3235042735042735,0.14345355062000661,-0.6314535506200062
2025,Miami Grand Prix,Qualifying,qualifying,Aston Martin,STR,88.264,3,87.392,20,10,-0.8719999999999999,88.072,0.11111111111111116,0.25,0.3057142857142857,0.3235042735042735,-0.11131040426236238,-0.7606895957376375
2025,Miami Grand Prix,Qualifying,qualifying,Ferrari,HAM,87.561,5,87.392,20,10,-0.16900000000001114,87.489,0.33333333333333337,0.5,0.7150103519668738,0.7158234126984127,0.3949955738094543,-0.5639955738094655
2025,Miami Grand Prix,Qualifying,qualifying,Ferrari,LEC,87.417,5,87.392,20,10,-0.025000000000005684,87.489,0.33333333333333337,0.5,0.7150103519668738,0.7158234126984127,0.4980360426406395,-0.5230360426406452
2025,Miami Grand Prix,Qualifying,qualifying,Haas F1 Team,BEA,88.611,3,87.392,20,10,-1.2190000000000083,88.1875,0.0,0.375,0.29614748677248676,0.2910714285714286,0.1909954717993887,-1.409995471799397
2025,Miami Grand Prix,Qualifying,qualifying,Haas F1 Team,OCO,87.764,3,87.392,20,10,-0.3719999999999999,88.1875,0.0,0.375,0.29614748677248676,0.2910714285714286,-0.06464507161486799,-0.3073549283851319
2025,Miami Grand Prix,Qualifying,qualifying,Kick Sauber,BOR,87.367,3,87.392,20,10,0.024999999999991473,87.462,0.4444444444444444,0.125,0.24415204678362576,0.28205128205128205,-0.5535069083600311,0.5785069083600226
2025,Miami Grand Prix,Qualifying,qualifying,Kick Sauber,HUL,87.557,3,87.392,20,10,-0.16500000000000625,87.462,0.4444444444444444,0.125,0.24415204678362576,0.28205128205128205,-0.46068755930034505,0.2956875593003388
2025,Miami Grand Prix,Qualifying,qualifying,McLaren,NOR,86.495,3,87.392,20,10,0.8969999999999914,86.435,1.0,0.75,0.9608585858585859,0.9652777777777778,0.12450891586109554,0.7724910841388958
2025,Miami Grand Prix,Qualifying,qualifying,McLaren,PIA,86.375,3,87.392,20,10,1.016999999999996,86.435,1.0,0.75,0.9608585858585859,0.9652777777777778,0.03443707754662947,0.9825629224533664
2025,Miami Grand Prix,Qualifying,qualifying,Mercedes,ANT,86.6705,4,87.392,20,10,0.7214999999999918,86.769,0.8888888888888888,0.625,0.6664862914862915,0.6828231292517007,0.23237994816558635,0.48912005183440543
2025,Miami Grand Prix,Qualifying,qualifying,Mercedes,RUS,86.8675,4,87.392,20,10,0.5244999999999891,86.769,0.8888888888888888,0.625,0.6664862914862915,0.6828231292517007,0.45271685282537005,0.07178314717461903
2025,Miami Grand Prix,Qualifying,qualifying,Racing Bulls,HAD,87.301,3,87.392,20,10,0.09099999999999397,87.40350000000001,0.5555555555555556,0.0,0.38076341647770223,0.3250915750915751,-0.14520422670120633,0.2362042267012003
2025,Miami Grand Prix,Qualifying,qualifying,Racing Bulls,LAW,87.506,3,87.392,20,10,-0.11400000000000432,87.40350000000001,0.5555555555555556,0.0,0.38076341647770223,0.3250915750915751,-0.24819032494534726,0.13419032494534294
2025,Miami Grand Prix,Qualifying,qualifying,Red Bull Racing,TSU,87.054,4,87.392,20,10,0.33799999999999386,86.81075,0.7777777777777778,1.0,0.6423160173160173,0.6083333333333333,-0.01826717338177214,0.356267173381766
2025,Miami Grand Prix,Qualifying,qualifying,Red Bull Racing,VER,86.5675,4,87.392,20,10,0.8245000000000005,86.81075,0.7777777777777778,1.0,0.6423160173160173,0.6083333333333333,0.44653785362151754,0.3779621463784829
2025,Miami Grand Prix,Qualifying,qualifying,Williams,ALB,86.855,3,87.392,20,10,0.5369999999999919,86.88050000000001,0.6666666666666667,0.875,0.4249622071050642,0.4299603174603175,0.4053446987189551,0.1316553012810368
2025,Miami Grand Prix,Qualifying,qualifying,Williams,SAI,86.906,3,87.392,20,10,0.48599999999999,86.88050000000001,0.6666666666666667,0.875,0.4249622071050642,0.4299603174603175,0.42089768077579187,0.06510231922419812
2025,Miami Grand Prix,Race,race,Aston Martin,ALO,93.268,21,92.85925,18,9,-0.4087499999999977,93.4075,0.25,0.25,0.3057142857142857,0.3235042735042735,0.016901313346079846,-0.4256513133460776
2025,Miami Grand Prix,Race,race,Aston Martin,STR,93.547,21,92.85925,18,9,-0.6877499999999941,93.4075,0.25,0.25,0.3057142857142857,0.3235042735042735,-0.2745680106068059,-0.4131819893931882
2025,Miami Grand Prix,Race,race,Ferrari,HAM,92.9625,24,92.85925,18,9,-0.10325000000000273,92.85925,0.5,0.5,0.7150103519668738,0.7158234126984127,-0.03013038881255811,-0.07311961118744462
2025,Miami Grand Prix,Race,race,Ferrari,LEC,92.756,24,92.85925,18,9,0.10325000000000273,92.85925,0.5,0.5,0.7150103519668738,0.7158234126984127,0.1958228383996559,-0.09257283839965316
2025,Miami Grand Prix,Race,race,Haas F1 Team,BEA,93.625,18,92.85925,18,9,-0.765749999999997,93.387,0.375,0.375,0.29614748677248676,0.2910714285714286,0.0345295176463184,-0.8002795176463154
2025,Miami Grand Prix,Race,race,Haas F1 Team,OCO,93.149,18,92.85925,18,9,-0.28974999999999795,93.387,0.375,0.375,0.29614748677248676,0.2910714285714286,-0.12843307985374308,-0.16131692014625487
2025,Miami Grand Prix,Race,race,Kick Sauber,BOR,93.381,19,92.85925,18,9,-0.5217499999999973,93.449,0.125,0.125,0.24415204678362576,0.28205128205128205,-0.23563312919797155,-0.28611687080202575
2025,Miami Grand Prix,Race,race,Kick Sauber,HUL,93.517,19,92.85925,18,9,-0.657749999999993,93.449,0.125,0.125,0.24415204678362576,0.28205128205128205,-0.18641475160805335,-0.47133524839193963
2025,Miami Grand Prix,Race,race,McLaren,NOR,91.2945,40,92.85925,18,9,1.5647500000000036,91.35249999999999,0.75,0.75,0.9608585858585859,0.9652777777777778,0.2594772926936577,1.305272707306346
2025,Miami Grand Prix,Race,race,McLaren,PIA,91.4105,40,92.85925,18,9,1.448750000000004,91.35249999999999,0.75,0.75,0.9608585858585859,0.9652777777777778,0.12747228817738215,1.3212777118226218
2025,Miami Grand Prix,Race,race,Mercedes,ANT,92.745,25,92.85925,18,9,0.11424999999999841,92.732,0.625,0.625,0.6664862914862915,0.6828231292517007,-0.24773778002094068,0.3619877800209391
2025,Miami Grand Prix,Race,race,Mercedes,RUS,92.719,25,92.85925,18,9,0.14025000000000887,92.732,0.625,0.625,0.6664862914862915,0.6828231292517007,-0.09081960026679484,0.2310696002668037
2025,Miami Grand Prix,Race,race,Racing Bulls,HAD,93.22,20,92.85925,18,9,-0.3607499999999959,93.78125,0.0,0.0,0.38076341647770223,0.3250915750915751,0.19209060622006915,-0.552840606220065
2025,Miami Grand Prix,Race,race,Racing Bulls,LAW,94.3425,20,92.85925,18,9,-1.4832499999999982,93.78125,0.0,0.0,0.38076341647770223,0.3250915750915751,-0.0020845522345543707,-1.481165447765444
2025,Miami Grand Prix,Race,race,Red Bull Racing,TSU,91.613,40,92.85925,18,9,1.2462500000000034,91.31075,1.0,1.0,0.6423160173160173,0.6083333333333333,-0.008871756926109803,1.2551217569261133
2025,Miami Grand Prix,Race,race,Red Bull Racing,VER,91.0085,40,92.85925,18,9,1.850750000000005,91.31075,1.0,1.0,0.6423160173160173,0.6083333333333333,1.05349042621627,0.7972595737837349
2025,Miami Grand Prix,Race,race,Williams,ALB,91.357,38,92.85925,18,9,1.5022500000000036,91.32175,0.875,0.875,0.4249622071050642,0.4299603174603175,0.26859346837757936,1.2336565316224242
2025,Miami Grand Prix,Race,race,Williams,SAI,91.28649999999999,38,92.85925,18,9,1.5727500000000134,91.32175,0.875,0.875,0.4249622071050642,0.4299603174603175,0.13770117581501623,1.4350488241849972
2025,Monaco Grand Prix,Qualifying,qualifying,Alpine,COL,72.815,3,71.717,18,9,-1.097999999999999,72.526,0.25,,0.28111946532999166,,-0.24517484313212232,-0.8528251568678766
2025,Monaco Grand Prix,Qualifying,qualifying,Alpine,GAS,72.237,3,71.717,18,9,-0.519999999999996,72.526,0.25,,0.28111946532999166,,-0.08121862419797127,-0.43878137580202475
2025,Monaco Grand Prix,Qualifying,qualifying,Aston Martin,ALO,72.318,3,71.717,18,9,-0.6009999999999991,72.475,0.375,0.125,0.3057142857142857,0.3182539682539683,0.14345355062000661,-0.7444535506200057
2025,Monaco Grand Prix,Qualifying,qualifying,Aston Martin,STR,72.632,3,71.717,18,9,-0.9150000000000063,72.475,0.375,0.125,0.3057142857142857,0.3182539682539683,-0.11131040426236238,-0.8036895957376439
2025,Monaco Grand Prix,Qualifying,qualifying,Ferrari,HAM,70.918,5,71.717,18,9,0.7989999999999924,70.762,0.875,0.875,0.7150103519668738,0.7031279178338001,0.3949955738094543,0.40400442619053806
2025,Monaco Grand Prix,Qualifying,qualifying,Ferrari,LEC,70.606,5,71.717,18,9,1.1110000000000042,70.762,0.875,0.875,0.7150103519668738,0.7031279178338001,0.4980360426406395,0.6129639573593647
2025,Monaco Grand Prix,Qualifying,qualifying,Haas F1 Team,BEA,72.6315,4,71.717,18,9,-0.9145000000000039,72.7355,0.0,0.5,0.29614748677248676,0.29600840336134454,0.1909954717993887,-1.1054954717993926
2025,Monaco Grand Prix,Qualifying,qualifying,Haas F1 Team,OCO,72.8395,4,71.717,18,9,-1.1225000000000023,72.7355,0.0,0.5,0.29614748677248676,0.29600840336134454,-0.06464507161486799,-1.0578549283851344
2025,Monaco Grand Prix,Qualifying,qualifying,Kick Sauber,BOR,72.446,5,71.717,18,9,-0.7289999999999992,72.5595,0.125,0.25,0.24415204678362576,0.27083333333333337,-0.5535069083600311,-0.17549309163996807
2025,Monaco Grand Prix,Qualifying,qualifying,Kick Sauber,HUL,72.673,5,71.717,18,9,-0.9560000000000031,72.5595,0.125,0.25,0.24415204678362576,0.27083333333333337,-0.46068755930034505,-0.495312440699658
2025,Monaco Grand Prix,Qualifying,qualifying,McLaren,NOR,70.125,3,71.717,18,9,1.5919999999999987,70.1325,1.0,1.0,0.9608585858585859,0.950925925925926,0.12450891586109554,1.4674910841389033
2025,Monaco Grand Prix,Qualifying,qualifying,McLaren,PIA,70.14,3,71.717,18,9,1.5769999999999982,70.1325,1.0,1.0,0.9608585858585859,0.950925925925926,0.03443707754662947,1.5425629224533688
2025,Monaco Grand Prix,Qualifying,qualifying,Racing Bulls,HAD,71.418,5,71.717,18,9,0.2989999999999924,71.402,0.625,0.75,0.38076341647770223,0.30187074829931976,-0.14520422670120633,0.44420422670119875
2025,Monaco Grand Prix,Qualifying,qualifying,Racing Bulls,LAW,71.386,5,71.717,18,9,0.33100000000000307,71.402,0.625,0.75,0.38076341647770223,0.30187074829931976,-0.24819032494534726,0.5791903249453503
2025,Monaco Grand Prix,Qualifying,qualifying,Red Bull Racing,TSU,72.003,5,71.717,18,9,-0.28600000000000136,71.717,0.5,0.375,0.6423160173160173,0.6328125,-0.01826717338177214,-0.2677328266182292
2025,Monaco Grand Prix,Qualifying,qualifying,Red Bull Racing,VER,71.431,5,71.717,18,9,0.28600000000000136,71.717,0.5,0.375,0.6423160173160173,0.6328125,0.44653785362151754,-0.16053785362151618
2025,Monaco Grand Prix,Qualifying,qualifying,Williams,ALB,71.071,3,71.717,18,9,0.6460000000000008,71.23400000000001,0.75,0.625,0.4249622071050642,0.45962962962962967,0.4053446987189551,0.24065530128104567
2025,Monaco Grand Prix,Qualifying,qualifying,Williams,SAI,71.397,3,71.717,18,9,0.3199999999999932,71.23400000000001,0.75,0.625,0.4249622071050642,0.45962962962962967,0.42089768077579187,-0.10089768077579869
2025,Monaco Grand Prix,Race,race,Aston Martin,ALO,77.033,24,77.04475,18,9,0.011749999999992156,78.08125000000001,0.125,0.125,0.3057142857142857,0.3182539682539683,0.016901313346079846,-0.005151313346087691
2025,Monaco Grand Prix,Race,race,Aston Martin,STR,79.12950000000001,24,77.04475,18,9,-2.084750000000014,78.08125000000001,0.125,0.125,0.3057142857142857,0.3182539682539683,-0.2745680106068059,-1.8101819893932078
2025,Monaco Grand Prix,Race,race,Ferrari,HAM,75.5155,36,77.04475,18,9,1.5292499999999905,75.16425000000001,0.875,0.875,0.7150103519668738,0.7031279178338001,-0.03013038881255811,1.5593803888125486
2025,Monaco Grand Prix,Race,race,Ferrari,LEC,74.813,36,77.04475,18,9,2.231749999999991,75.16425000000001,0.875,0.875,0.7150103519668738,0.7031279178338001,0.1958228383996559,2.035927161600335
2025,Monaco Grand Prix,Race,race,Haas F1 Team,BEA,77.189,21,77.04475,18,9,-0.14424999999999955,76.894,0.5,0.5,0.29614748677248676,0.29600840336134454,0.0345295176463184,-0.17877951764631794
2025,Monaco Grand Prix,Race,race,Haas F1 Team,OCO,76.599,21,77.04475,18,9,0.44574999999998965,76.894,0.5,0.5,0.29614748677248676,0.29600840336134454,-0.12843307985374308,0.5741830798537327
2025,Monaco Grand Prix,Race,race,Kick Sauber,BOR,77.67099999999999,20,77.04475,18,9,-0.6262499999999989,78.01474999999999,0.25,0.25,0.24415204678362576,0.27083333333333337,-0.23563312919797155,-0.39061687080202734
2025,Monaco Grand Prix,Race,race,Kick Sauber,HUL,78.35849999999999,20,77.04475,18,9,-1.3137499999999989,78.01474999999999,0.25,0.25,0.24415204678362576,0.27083333333333337,-0.18641475160805335,-1.1273352483919454
2025,Monaco Grand Prix,Race,race,McLaren,NOR,75.159,57,77.04475,18,9,1.8857499999999874,75.136,1.0,1.0,0.9608585858585859,0.950925925925926,0.2594772926936577,1.6262727073063297
2025,Monaco Grand Prix,Race,race,McLaren,PIA,75.113,57,77.04475,18,9,1.9317499999999939,75.136,1.0,1.0,0.9608585858585859,0.950925925925926,0.12747228817738215,1.8042777118226117
2025,Monaco Grand Prix,Race,race,Mercedes,ANT,79.084,42,77.04475,18,9,-2.0392500000000098,79.108,0.0,0.0,0.6664862914862915,0.678968253968254,-0.24773778002094068,-1.7915122199790692
2025,Monaco Grand Prix,Race,race,Mercedes,RUS,79.132,42,77.04475,18,9,-2.0872500000000116,79.108,0.0,0.0,0.6664862914862915,0.678968253968254,-0.09081960026679484,-1.9964303997332167
2025,Monaco Grand Prix,Race,race,Racing Bulls,HAD,77.0565,34,77.04475,18,9,-0.011750000000006366,76.82325,0.75,0.75,0.38076341647770223,0.30187074829931976,0.19209060622006915,-0.20384060622007552
2025,Monaco Grand Prix,Race,race,Racing Bulls,LAW,76.59,34,77.04475,18,9,0.45474999999999,76.82325,0.75,0.75,0.38076341647770223,0.30187074829931976,-0.0020845522345543707,0.4568345522345444
2025,Monaco Grand Prix,Race,race,Red Bull Racing,TSU,78.991,16,77.04475,18,9,-1.9462500000000063,77.13175000000001,0.375,0.375,0.6423160173160173,0.6328125,-0.008871756926109803,-1.9373782430738964
2025,Monaco Grand Prix,Race,race,Red Bull Racing,VER,75.27250000000001,16,77.04475,18,9,1.7722499999999854,77.13175000000001,0.375,0.375,0.6423160173160173,0.6328125,1.05349042621627,0.7187595737837154
2025,Monaco Grand Prix,Race,race,Williams,ALB,76.37,37,77.04475,18,9,0.6747499999999889,76.8235,0.625,0.625,0.4249622071050642,0.45962962962962967,0.26859346837757936,0.4061565316224095
2025,Monaco Grand Prix,Race,race,Williams,SAI,77.277,37,77.04475,18,9,-0.23225000000000762,76.8235,0.625,0.625,0.4249622071050642,0.45962962962962967,0.13770117581501623,-0.36995117581502385
2025,Qatar Grand Prix,Qualifying,qualifying,Alpine,COL,82.08,3,80.6635,20,10,-1.4164999999999992,81.3805,0.0,0.625,0.28111946532999166,0.326672335600907,-0.24517484313212232,-1.1713251568678769
2025,Qatar Grand Prix,Qualifying,qualifying,Alpine,GAS,80.681,3,80.6635,20,10,-0.017499999999998295,81.3805,0.0,0.625,0.28111946532999166,0.326672335600907,-0.08121862419797127,0.06371862419797297
2025,Qatar Grand Prix,Qualifying,qualifying,Aston Martin,ALO,80.894,3,80.6635,20,10,-0.23050000000000637,81.14150000000001,0.2222222222222222,0.125,0.3057142857142857,0.3053703703703704,0.14345355062000661,-0.373953550620013
2025,Qatar Grand Prix,Qualifying,qualifying,Aston Martin,STR,81.389,3,80.6635,20,10,-0.7254999999999967,81.14150000000001,0.2222222222222222,0.125,0.3057142857142857,0.3053703703703704,-0.11131040426236238,-0.6141895957376343
2025,Qatar Grand Prix,Qualifying,qualifying,Ferrari,HAM,80.918,3,80.6635,20,10,-0.2545000000000073,80.968,0.33333333333333337,0.25,0.7150103519668738,0.7126763668430335,0.3949955738094543,-0.6494955738094617
2025,Qatar Grand Prix,Qualifying,qualifying,Ferrari,LEC,81.018,3,80.6635,20,10,-0.3545000000000016,80.968,0.33333333333333337,0.25,0.7150103519668738,0.7126763668430335,0.4980360426406395,-0.8525360426406411
2025,Qatar Grand Prix,Qualifying,qualifying,Haas F1 Team,BEA,80.918,4,80.6635,20,10,-0.2545000000000073,81.20225,0.11111111111111116,0.0,0.29614748677248676,0.30734126984126986,0.1909954717993887,-0.44549547179939597
2025,Qatar Grand Prix,Qualifying,qualifying,Haas F1 Team,OCO,81.4865,4,80.6635,20,10,-0.8230000000000075,81.20225,0.11111111111111116,0.0,0.29614748677248676,0.30734126984126986,-0.06464507161486799,-0.7583549283851395
2025,Qatar Grand Prix,Qualifying,qualifying,Kick Sauber,BOR,80.646,3,80.6635,20,10,0.017499999999998295,80.5325,0.7777777777777778,,0.24415204678362576,,-0.5535069083600311,0.5710069083600294
2025,Qatar Grand Prix,Qualifying,qualifying,Kick Sauber,HUL,80.419,3,80.6635,20,10,0.24450000000000216,80.5325,0.7777777777777778,,0.24415204678362576,,-0.46068755930034505,0.7051875593003472
2025,Qatar Grand Prix,Qualifying,qualifying,McLaren,NOR,79.861,3,80.6635,20,10,0.8024999999999949,79.75550000000001,1.0,1.0,0.9608585858585859,0.9539930555555556,0.12450891586109554,0.6779910841388993
2025,Qatar Grand Prix,Qualifying,qualifying,McLaren,PIA,79.65,3,80.6635,20,10,1.0134999999999934,79.75550000000001,1.0,1.0,0.9608585858585859,0.9539930555555556,0.03443707754662947,0.9790629224533639
2025,Qatar Grand Prix,Qualifying,qualifying,Mercedes,ANT,80.12950000000001,4,80.6635,20,10,0.5339999999999918,80.03525,0.8888888888888888,0.75,0.6664862914862915,0.6365327380952381,0.23237994816558635,0.30162005183440543
2025,Qatar Grand Prix,Qualifying,qualifying,Mercedes,RUS,79.941,4,80.6635,20,10,0.7224999999999966,80.03525,0.8888888888888888,0.75,0.6664862914862915,0.6365327380952381,0.45271685282537005,0.26978314717462654
2025,Qatar Grand Prix,Qualifying,qualifying,Racing Bulls,HAD,80.603,5,80.6635,20,10,0.06050000000000466,80.5935,0.6666666666666667,0.5,0.38076341647770223,0.33174603174603173,-0.14520422670120633,0.205704226701211
2025,Qatar Grand Prix,Qualifying,qualifying,Racing Bulls,LAW,80.584,5,80.6635,20,10,0.07949999999999591,80.5935,0.6666666666666667,0.5,0.38076341647770223,0.33174603174603173,-0.24819032494534726,0.32769032494534317
2025,Qatar Grand Prix,Qualifying,qualifying,Red Bull Racing,TSU,81.05,3,80.6635,20,10,-0.38649999999999807,80.792,0.4444444444444444,0.875,0.6423160173160173,0.6176470588235294,-0.01826717338177214,-0.36823282661822593
2025,Qatar Grand Prix,Qualifying,qualifying,Red Bull Racing,VER,80.534,3,80.6635,20,10,0.12949999999999307,80.792,0.4444444444444444,0.875,0.6423160173160173,0.6176470588235294,0.44653785362151754,-0.3170378536215245
2025,Qatar Grand Prix,Qualifying,qualifying,Williams,ALB,80.811,6,80.6635,20,10,-0.14750000000000796,80.7205,0.5555555555555556,0.375,0.4249622071050642,0.4699652777777778,0.4053446987189551,-0.552844698718963
2025,Qatar Grand Prix,Qualifying,qualifying,Williams,SAI,80.63,6,80.6635,20,10,0.03350000000000364,80.7205,0.5555555555555556,0.375,0.4249622071050642,0.4699652777777778,0.42089768077579187,-0.38739768077578823
2025,Qatar Grand Prix,Race,race,Alpine,COL,87.646,21,86.8755,18,9,-0.7704999999999984,86.638,0.625,0.625,0.28111946532999166,0.326672335600907,0.06255266167480363,-0.8330526616748021
2025,Qatar Grand Prix,Race,race,Alpine,GAS,85.63,21,86.8755,18,9,1.245500000000007,86.638,0.625,0.625,0.28111946532999166,0.326672335600907,0.03412313799982952,1.2113768620001775
2025,Qatar Grand Prix,Race,race,Aston Martin,ALO,87.386,25,86.8755,18,9,-0.5104999999999933,87.535,0.125,0.125,0.3057142857142857,0.3053703703703704,0.016901313346079846,-0.5274013133460731
2025,Qatar Grand Prix,Race,race,Aston Martin,STR,87.684,25,86.8755,18,9,-0.8084999999999951,87.535,0.125,0.125,0.3057142857142857,0.3053703703703704,-0.2745680106068059,-0.5339319893931892
2025,Qatar Grand Prix,Race,race,Ferrari,HAM,87.635,23,86.8755,18,9,-0.7595000000000027,87.5195,0.25,0.25,0.7150103519668738,0.7126763668430335,-0.03013038881255811,-0.7293696111874446
2025,Qatar Grand Prix,Race,race,Ferrari,LEC,87.404,23,86.8755,18,9,-0.528499999999994,87.5195,0.25,0.25,0.7150103519668738,0.7126763668430335,0.1958228383996559,-0.7243228383996498
2025,Qatar Grand Prix,Race,race,Haas F1 Team,BEA,87.527,30,86.8755,18,9,-0.6514999999999986,87.58850000000001,0.0,0.0,0.29614748677248676,0.30734126984126986,0.0345295176463184,-0.686029517646317
2025,Qatar Grand Prix,Race,race,Haas F1 Team,OCO,87.65,30,86.8755,18,9,-0.7745000000000033,87.58850000000001,0.0,0.0,0.29614748677248676,0.30734126984126986,-0.12843307985374308,-0.6460669201462602
2025,Qatar Grand Prix,Race,race,McLaren,NOR,85.0055,36,86.8755,18,9,1.8700000000000045,84.89349999999999,1.0,1.0,0.9608585858585859,0.9539930555555556,0.2594772926936577,1.6105227073063468
2025,Qatar Grand Prix,Race,race,McLaren,PIA,84.7815,36,86.8755,18,9,2.0940000000000083,84.89349999999999,1.0,1.0,0.9608585858585859,0.9539930555555556,0.12747228817738215,1.966527711822626
2025,Qatar Grand Prix,Race,race,Mercedes,ANT,86.3075,42,86.8755,18,9,0.5679999999999978,86.52575,0.75,0.75,0.6664862914862915,0.6365327380952381,-0.24773778002094068,0.8157377800209386
2025,Qatar Grand Prix,Race,race,Mercedes,RUS,86.744,42,86.8755,18,9,0.13150000000000261,86.52575,0.75,0.75,0.6664862914862915,0.6365327380952381,-0.09081960026679484,0.22231960026679745
2025,Qatar Grand Prix,Race,race,Racing Bulls,HAD,86.51,43,86.8755,18,9,0.36549999999999727,86.7585,0.5,0.5,0.38076341647770223,0.33174603174603173,0.19209060622006915,0.17340939377992812
2025,Qatar Grand Prix,Race,race,Racing Bulls,LAW,87.007,43,86.8755,18,9,-0.13150000000000261,86.7585,0.5,0.5,0.38076341647770223,0.33174603174603173,-0.0020845522345543707,-0.12941544776544825
2025,Qatar Grand Prix,Race,race,Red Bull Racing,TSU,86.184,45,86.8755,18,9,0.6915000000000049,85.5455,0.875,0.875,0.6423160173160173,0.6176470588235294,-0.008871756926109803,0.7003717569261146
2025,Qatar Grand Prix,Race,race,Red Bull Racing,VER,84.907,45,86.8755,18,9,1.968500000000006,85.5455,0.875,0.875,0.6423160173160173,0.6176470588235294,1.05349042621627,0.9150095737837358
2025,Qatar Grand Prix,Race,race,Williams,ALB,87.543,26,86.8755,18,9,-0.667500000000004,87.12375,0.375,0.375,0.4249622071050642,0.4699652777777778,0.26859346837757936,-0.9360934683775833
2025,Qatar Grand Prix,Race,race,Williams,SAI,86.7045,26,86.8755,18,9,0.17100000000000648,87.12375,0.375,0.375,0.4249622071050642,0.4699652777777778,0.13770117581501623,0.03329882418499025
2025,Saudi Arabian Grand Prix,Qualifying,qualifying,Ferrari,HAM,88.201,3,87.8835,10,5,-0.31749999999999545,88.0335,0.25,0.7142857142857143,0.7150103519668738,0.6883249791144528,0.3949955738094543,-0.7124955738094498
2025,Saudi Arabian Grand Prix,Qualifying,qualifying,Ferrari,LEC,87.866,3,87.8835,10,5,0.017499999999998295,88.0335,0.25,0.7142857142857143,0.7150103519668738,0.6883249791144528,0.4980360426406395,-0.4805360426406412
2025,Saudi Arabian Grand Prix,Qualifying,qualifying,McLaren,NOR,87.805,3,87.8835,10,5,0.07849999999999113,87.85300000000001,0.75,1.0,0.9608585858585859,0.9566993464052288,0.12450891586109554,-0.04600891586110441
2025,Saudi Arabian Grand Prix,Qualifying,qualifying,McLaren,PIA,87.901,3,87.8835,10,5,-0.017499999999998295,87.85300000000001,0.75,1.0,0.9608585858585859,0.9566993464052288,0.03443707754662947,-0.05193707754662776
2025,Saudi Arabian Grand Prix,Qualifying,qualifying,Mercedes,ANT,87.866,3,87.8835,10,5,0.017499999999998295,87.7325,1.0,0.8571428571428572,0.6664862914862915,0.6432072829131653,0.23237994816558635,-0.21487994816558806
2025,Saudi Arabian Grand Prix,Qualifying,qualifying,Mercedes,RUS,87.599,3,87.8835,10,5,0.2844999999999942,87.7325,1.0,0.8571428571428572,0.6664862914862915,0.6432072829131653,0.45271685282537005,-0.16821685282537585
2025,Saudi Arabian Grand Prix,Qualifying,qualifying,Red Bull Racing,TSU,88.165,3,87.8835,10,5,-0.2815000000000083,87.862,0.5,,0.6423160173160173,,-0.01826717338177214,-0.26323282661823616
2025,Saudi Arabian Grand Prix,Qualifying,qualifying,Red Bull Racing,VER,87.559,3,87.8835,10,5,0.32450000000000045,87.862,0.5,,0.6423160173160173,,0.44653785362151754,-0.12203785362151709
2025,Saudi Arabian Grand Prix,Qualifying,qualifying,Williams,ALB,88.581,5,87.8835,10,5,-0.6975000000000051,88.4675,0.0,0.5714285714285714,0.4249622071050642,0.4643790849673203,0.4053446987189551,-1.1028446987189602
2025,Saudi Arabian Grand Prix,Qualifying,qualifying,Williams,SAI,88.354,5,87.8835,10,5,-0.47050000000000125,88.4675,0.0,0.5714285714285714,0.4249622071050642,0.4643790849673203,0.42089768077579187,-0.8913976807757931
2025,Saudi Arabian Grand Prix,Race,race,Aston Martin,ALO,94.41300000000001,28,94.3755,16,8,-0.037500000000008527,95.0455,0.2857142857142857,0.2857142857142857,0.3057142857142857,0.29409722222222223,0.016901313346079846,-0.05440131334608837
2025,Saudi Arabian Grand Prix,Race,race,Aston Martin,STR,95.678,28,94.3755,16,8,-1.3024999999999949,95.0455,0.2857142857142857,0.2857142857142857,0.3057142857142857,0.29409722222222223,-0.2745680106068059,-1.0279319893931889
2025,Saudi Arabian Grand Prix,Race,race,Ferrari,HAM,94.45,32,94.3755,16,8,-0.07450000000000045,94.12575000000001,0.7142857142857143,0.7142857142857143,0.7150103519668738,0.6883249791144528,-0.03013038881255811,-0.04436961118744234
2025,Saudi Arabian Grand Prix,Race,race,Ferrari,LEC,93.8015,32,94.3755,16,8,0.5739999999999981,94.12575000000001,0.7142857142857143,0.7142857142857143,0.7150103519668738,0.6883249791144528,0.1958228383996559,0.3781771616003422
2025,Saudi Arabian Grand Prix,Race,race,Haas F1 Team,BEA,94.2585,26,94.3755,16,8,0.11700000000000443,95.05175,0.1428571428571429,0.1428571428571429,0.29614748677248676,0.2911654135338346,0.0345295176463184,0.08247048235368604
2025,Saudi Arabian Grand Prix,Race,race,Haas F1 Team,OCO,95.845,26,94.3755,16,8,-1.4694999999999965,95.05175,0.1428571428571429,0.1428571428571429,0.29614748677248676,0.2911654135338346,-0.12843307985374308,-1.3410669201462535
2025,Saudi Arabian Grand Prix,Race,race,Kick Sauber,BOR,96.087,27,94.3755,16,8,-1.711500000000001,95.97749999999999,0.0,0.0,0.24415204678362576,0.2694444444444445,-0.23563312919797155,-1.4758668708020293
2025,Saudi Arabian Grand Prix,Race,race,Kick Sauber,HUL,95.868,27,94.3755,16,8,-1.4924999999999926,95.97749999999999,0.0,0.0,0.24415204678362576,0.2694444444444445,-0.18641475160805335,-1.3060852483919392
2025,Saudi Arabian Grand Prix,Race,race,McLaren,NOR,93.61500000000001,34,94.3755,16,8,0.7604999999999933,93.25675000000001,1.0,1.0,0.9608585858585859,0.9566993464052288,0.2594772926936577,0.5010227073063356
2025,Saudi Arabian Grand Prix,Race,race,McLaren,PIA,92.8985,34,94.3755,16,8,1.4770000000000039,93.25675000000001,1.0,1.0,0.9608585858585859,0.9566993464052288,0.12747228817738215,1.3495277118226217
2025,Saudi Arabian Grand Prix,Race,race,Mercedes,ANT,93.80449999999999,40,94.3755,16,8,0.5710000000000122,93.7605,0.8571428571428572,0.8571428571428572,0.6664862914862915,0.6432072829131653,-0.24773778002094068,0.8187377800209529
2025,Saudi Arabian Grand Prix,Race,race,Mercedes,RUS,93.7165,40,94.3755,16,8,0.659000000000006,93.7605,0.8571428571428572,0.8571428571428572,0.6664862914862915,0.6432072829131653,-0.09081960026679484,0.7498196002668008
2025,Saudi Arabian Grand Prix,Race,race,Racing Bulls,HAD,94.63550000000001,32,94.3755,16,8,-0.2600000000000051,94.56575000000001,0.4285714285714286,0.4285714285714286,0.38076341647770223,0.34226190476190477,0.19209060622006915,-0.45209060622007424
2025,Saudi Arabian Grand Prix,Race,race,Racing Bulls,LAW,94.496,32,94.3755,16,8,-0.12049999999999272,94.56575000000001,0.4285714285714286,0.4285714285714286,0.38076341647770223,0.34226190476190477,-0.0020845522345543707,-0.11841544776543836
2025,Saudi Arabian Grand Prix,Race,race,Williams,ALB,94.178,37,94.3755,16,8,0.19750000000000512,94.258,0.5714285714285714,0.5714285714285714,0.4249622071050642,0.4643790849673203,0.26859346837757936,-0.07109346837757424
2025,Saudi Arabian Grand Prix,Race,race,Williams,SAI,94.338,37,94.3755,16,8,0.037500000000008527,94.258,0.5714285714285714,0.5714285714285714,0.4249622071050642,0.4643790849673203,0.13770117581501623,-0.1002011758150077
2025,Singapore Grand Prix,Qualifying,qualifying,Ferrari,HAM,89.733,3,89.838,12,6,0.10499999999998977,89.7955,0.6,0.7777777777777778,0.7150103519668738,0.6896230158730159,0.3949955738094543,-0.28999557380946456
2025,Singapore Grand Prix,Qualifying,qualifying,Ferrari,LEC,89.858,3,89.838,12,6,-0.020000000000010232,89.7955,0.6,0.7777777777777778,0.7150103519668738,0.6896230158730159,0.4980360426406395,-0.5180360426406497
2025,Singapore Grand Prix,Qualifying,qualifying,McLaren,NOR,89.708,4,89.838,12,6,0.12999999999999545,89.763,0.8,1.0,0.9608585858585859,0.9591049382716049,0.12450891586109554,0.005491084138899913
2025,Singapore Grand Prix,Qualifying,qualifying,McLaren,PIA,89.818,4,89.838,12,6,0.01999999999999602,89.763,0.8,1.0,0.9608585858585859,0.9591049382716049,0.03443707754662947,-0.014437077546633446
2025,Singapore Grand Prix,Qualifying,qualifying,Mercedes,ANT,89.705,4,89.838,12,6,0.13299999999999557,89.53425,1.0,0.8888888888888888,0.6664862914862915,0.6550925925925926,0.23237994816558635,-0.09937994816559079
2025,Singapore Grand Prix,Qualifying,qualifying,Mercedes,RUS,89.3635,4,89.838,12,6,0.47449999999999193,89.53425,1.0,0.8888888888888888,0.6664862914862915,0.6550925925925926,0.45271685282537005,0.021783147174621875
2025,Singapore Grand Prix,Qualifying,qualifying,Racing Bulls,HAD,90.122,3,89.838,12,6,-0.284000000000006,90.32300000000001,0.19999999999999996,0.5555555555555556,0.38076341647770223,0.34733893557422973,-0.14520422670120633,-0.1387957732987997
2025,Singapore Grand Prix,Qualifying,qualifying,Racing Bulls,LAW,90.524,3,89.838,12,6,-0.686000000000007,90.32300000000001,0.19999999999999996,0.5555555555555556,0.38076341647770223,0.34733893557422973,-0.24819032494534726,-0.4378096750546598
2025,Singapore Grand Prix,Qualifying,qualifying,Red Bull Racing,TSU,90.432,3,89.838,12,6,-0.5940000000000083,90.0895,0.4,0.6666666666666667,0.6423160173160173,0.6319444444444444,-0.01826717338177214,-0.5757328266182362
2025,Singapore Grand Prix,Qualifying,qualifying,Red Bull Racing,VER,89.747,3,89.838,12,6,0.09099999999999397,90.0895,0.4,0.6666666666666667,0.6423160173160173,0.6319444444444444,0.44653785362151754,-0.35553785362152357
2025,Singapore Grand Prix,Qualifying,qualifying,Williams,ALB,90.476,3,89.838,12,6,-0.6380000000000052,90.4195,0.0,0.33333333333333337,0.4249622071050642,0.47032627865961196,0.4053446987189551,-1.0433446987189603
2025,Singapore Grand Prix,Qualifying,qualifying,Williams,SAI,90.363,3,89.838,12,6,-0.5250000000000057,90.4195,0.0,0.33333333333333337,0.4249622071050642,0.47032627865961196,0.42089768077579187,-0.9458976807757975
2025,Singapore Grand Prix,Race,race,Alpine,COL,98.418,25,98.30250000000001,20,10,-0.11549999999999727,98.632,0.0,0.0,0.28111946532999166,0.34656084656084657,0.06255266167480363,-0.17805266167480088
2025,Singapore Grand Prix,Race,race,Alpine,GAS,98.846,25,98.30250000000001,20,10,-0.5434999999999945,98.632,0.0,0.0,0.28111946532999166,0.34656084656084657,0.03412313799982952,-0.577623137999824
2025,Singapore Grand Prix,Race,race,Aston Martin,ALO,98.11449999999999,38,98.30250000000001,20,10,0.1880000000000166,98.3065,0.4444444444444444,0.4444444444444444,0.3057142857142857,0.2936041083099907,0.016901313346079846,0.17109868665393674
2025,Singapore Grand Prix,Race,race,Aston Martin,STR,98.4985,38,98.30250000000001,20,10,-0.19599999999999795,98.3065,0.4444444444444444,0.4444444444444444,0.3057142857142857,0.2936041083099907,-0.2745680106068059,0.07856801060680796
2025,Singapore Grand Prix,Race,race,Ferrari,HAM,96.4615,34,98.30250000000001,20,10,1.8410000000000082,96.73025,0.7777777777777778,0.7777777777777778,0.7150103519668738,0.6896230158730159,-0.03013038881255811,1.8711303888125663
2025,Singapore Grand Prix,Race,race,Ferrari,LEC,96.999,34,98.30250000000001,20,10,1.3035000000000139,96.73025,0.7777777777777778,0.7777777777777778,0.7150103519668738,0.6896230158730159,0.1958228383996559,1.107677161600358
2025,Singapore Grand Prix,Race,race,Haas F1 Team,BEA,98.336,39,98.30250000000001,20,10,-0.03349999999998943,98.43299999999999,0.11111111111111116,0.11111111111111116,0.29614748677248676,0.28375,0.0345295176463184,-0.06802951764630782
2025,Singapore Grand Prix,Race,race,Haas F1 Team,OCO,98.53,39,98.30250000000001,20,10,-0.22749999999999204,98.43299999999999,0.11111111111111116,0.11111111111111116,0.29614748677248676,0.28375,-0.12843307985374308,-0.09906692014624896
2025,Singapore Grand Prix,Race,race,Kick Sauber,BOR,98.324,25,98.30250000000001,20,10,-0.021499999999988972,98.423,0.2222222222222222,0.2222222222222222,0.24415204678362576,0.2526041666666667,-0.23563312919797155,0.21413312919798258
2025,Singapore Grand Prix,Race,race,Kick Sauber,HUL,98.522,25,98.30250000000001,20,10,-0.21949999999999648,98.423,0.2222222222222222,0.2222222222222222,0.24415204678362576,0.2526041666666667,-0.18641475160805335,-0.03308524839194313
2025,Singapore Grand Prix,Race,race,McLaren,NOR,96.638,47,98.30250000000001,20,10,1.6645000000000039,96.519,1.0,1.0,0.9608585858585859,0.9591049382716049,0.2594772926936577,1.4050227073063462
2025,Singapore Grand Prix,Race,race,McLaren,PIA,96.4,47,98.30250000000001,20,10,1.9025000000000034,96.519,1.0,1.0,0.9608585858585859,0.9591049382716049,0.12747228817738215,1.7750277118226212
2025,Singapore Grand Prix,Race,race,Mercedes,ANT,96.825,46,98.30250000000001,20,10,1.4775000000000063,96.58500000000001,0.8888888888888888,0.8888888888888888,0.6664862914862915,0.6550925925925926,-0.24773778002094068,1.7252377800209469
2025,Singapore Grand Prix,Race,race,Mercedes,RUS,96.345,46,98.30250000000001,20,10,1.9575000000000102,96.58500000000001,0.8888888888888888,0.8888888888888888,0.6664862914862915,0.6550925925925926,-0.09081960026679484,2.048319600266805
2025,Singapore Grand Prix,Race,race,Racing Bulls,HAD,98.5095,8,98.30250000000001,20,10,-0.20699999999999363,97.80375000000001,0.5555555555555556,0.5555555555555556,0.38076341647770223,0.34733893557422973,0.19209060622006915,-0.39909060622006276
2025,Singapore Grand Prix,Race,race,Racing Bulls,LAW,97.098,8,98.30250000000001,20,10,1.2045000000000101,97.80375000000001,0.5555555555555556,0.5555555555555556,0.38076341647770223,0.34733893557422973,-0.0020845522345543707,1.2065845522345644
2025,Singapore Grand Prix,Race,race,Red Bull Racing,TSU,98.281,39,98.30250000000001,20,10,0.021500000000003183,97.272,0.6666666666666667,0.6666666666666667,0.6423160173160173,0.6319444444444444,-0.008871756926109803,0.030371756926112985
2025,Singapore Grand Prix,Race,race,Red Bull Racing,VER,96.263,39,98.30250000000001,20,10,2.039500000000004,97.272,0.6666666666666667,0.6666666666666667,0.6423160173160173,0.6319444444444444,1.05349042621627,0.9860095737837338
2025,Singapore Grand Prix,Race,race,Williams,ALB,98.488,40,98.30250000000001,20,10,-0.18549999999999045,98.4205,0.33333333333333337,0.33333333333333337,0.4249622071050642,0.47032627865961196,0.26859346837757936,-0.4540934683775698
2025,Singapore Grand Prix,Race,race,Williams,SAI,98.353,40,98.30250000000001,20,10,-0.050499999999985334,98.4205,0.33333333333333337,0.33333333333333337,0.4249622071050642,0.47032627865961196,0.13770117581501623,-0.18820117581500156
2025,Spanish Grand Prix,Qualifying,qualifying,Ferrari,HAM,72.447,3,72.6235,10,5,0.17650000000000432,72.471,0.5,0.875,0.7150103519668738,0.6938208616780046,0.3949955738094543,-0.21849557380945
2025,Spanish Grand Prix,Qualifying,qualifying,Ferrari,LEC,72.495,3,72.6235,10,5,0.1285000000000025,72.471,0.5,0.875,0.7150103519668738,0.6938208616780046,0.4980360426406395,-0.369536042640637
2025,Spanish Grand Prix,Qualifying,qualifying,Haas F1 Team,BEA,73.329,3,72.6235,10,5,-0.7054999999999865,73.443,0.0,0.375,0.29614748677248676,0.27552910052910057,0.1909954717993887,-0.8964954717993752
2025,Spanish Grand Prix,Qualifying,qualifying,Haas F1 Team,OCO,73.557,3,72.6235,10,5,-0.9334999999999951,73.443,0.0,0.375,0.29614748677248676,0.27552910052910057,-0.06464507161486799,-0.8688549283851271
2025,Spanish Grand Prix,Qualifying,qualifying,McLaren,NOR,71.819,3,72.6235,10,5,0.8045000000000044,71.8275,1.0,1.0,0.9608585858585859,0.9612573099415205,0.12450891586109554,0.6799910841389089
2025,Spanish Grand Prix,Qualifying,qualifying,McLaren,PIA,71.836,3,72.6235,10,5,0.7875000000000085,71.8275,1.0,1.0,0.9608585858585859,0.9612573099415205,0.03443707754662947,0.753062922453379
2025,Spanish Grand Prix,Qualifying,qualifying,Mercedes,ANT,72.752,3,72.6235,10,5,-0.1284999999999883,72.4135,0.75,0.625,0.6664862914862915,0.6673976608187134,0.23237994816558635,-0.36087994816557467
2025,Spanish Grand Prix,Qualifying,qualifying,Mercedes,RUS,72.075,3,72.6235,10,5,0.5485000000000042,72.4135,0.75,0.625,0.6664862914862915,0.6673976608187134,0.45271685282537005,0.09578314717463415
2025,Spanish Grand Prix,Qualifying,qualifying,Racing Bulls,HAD,73.0655,4,72.6235,10,5,-0.44199999999999307,73.06800000000001,0.25,0.5,0.38076341647770223,0.35890652557319225,-0.14520422670120633,-0.2967957732987867
2025,Spanish Grand Prix,Qualifying,qualifying,Racing Bulls,LAW,73.07050000000001,4,72.6235,10,5,-0.44700000000000273,73.06800000000001,0.25,0.5,0.38076341647770223,0.35890652557319225,-0.24819032494534726,-0.19880967505465547
2025,Spanish Grand Prix,Race,race,Alpine,COL,82.593,35,81.35,18,9,-1.2430000000000092,82.11449999999999,0.0,0.0,0.28111946532999166,0.32490079365079366,0.06255266167480363,-1.3055526616748128
2025,Spanish Grand Prix,Race,race,Alpine,GAS,81.636,35,81.35,18,9,-0.28600000000000136,82.11449999999999,0.0,0.0,0.28111946532999166,0.32490079365079366,0.03412313799982952,-0.3201231379998309
2025,Spanish Grand Prix,Race,race,Ferrari,HAM,80.592,32,81.35,18,9,0.7579999999999956,80.44049999999999,0.875,0.875,0.7150103519668738,0.6938208616780046,-0.03013038881255811,0.7881303888125537
2025,Spanish Grand Prix,Race,race,Ferrari,LEC,80.28899999999999,32,81.35,18,9,1.061000000000007,80.44049999999999,0.875,0.875,0.7150103519668738,0.6938208616780046,0.1958228383996559,0.8651771616003512
2025,Spanish Grand Prix,Race,race,Haas F1 Team,BEA,81.748,35,81.35,18,9,-0.39800000000001035,81.498,0.375,0.375,0.29614748677248676,0.27552910052910057,0.0345295176463184,-0.43252951764632874
2025,Spanish Grand Prix,Race,race,Haas F1 Team,OCO,81.248,35,81.35,18,9,0.10199999999998965,81.498,0.375,0.375,0.29614748677248676,0.27552910052910057,-0.12843307985374308,0.23043307985373274
2025,Spanish Grand Prix,Race,race,Kick Sauber,BOR,81.48349999999999,32,81.35,18,9,-0.13349999999999795,81.598,0.25,0.25,0.24415204678362576,0.2508169934640523,-0.23563312919797155,0.1021331291979736
2025,Spanish Grand Prix,Race,race,Kick Sauber,HUL,81.7125,32,81.35,18,9,-0.36250000000001137,81.598,0.25,0.25,0.24415204678362576,0.2508169934640523,-0.18641475160805335,-0.17608524839195802
2025,Spanish Grand Prix,Race,race,McLaren,NOR,79.9865,46,81.35,18,9,1.3634999999999877,79.95925,1.0,1.0,0.9608585858585859,0.9612573099415205,0.2594772926936577,1.10402270730633
2025,Spanish Grand Prix,Race,race,McLaren,PIA,79.93199999999999,46,81.35,18,9,1.4180000000000064,79.95925,1.0,1.0,0.9608585858585859,0.9612573099415205,0.12747228817738215,1.2905277118226242
2025,Spanish Grand Prix,Race,race,Mercedes,ANT,80.774,35,81.35,18,9,0.5759999999999934,80.72149999999999,0.625,0.625,0.6664862914862915,0.6673976608187134,-0.24773778002094068,0.8237377800209341
2025,Spanish Grand Prix,Race,race,Mercedes,RUS,80.669,35,81.35,18,9,0.6809999999999974,80.72149999999999,0.625,0.625,0.6664862914862915,0.6673976608187134,-0.09081960026679484,0.7718196002667922
2025,Spanish Grand Prix,Race,race,Racing Bulls,HAD,81.11,39,81.35,18,9,0.23999999999999488,81.2885,0.5,0.5,0.38076341647770223,0.35890652557319225,0.19209060622006915,0.04790939377992573
2025,Spanish Grand Prix,Race,race,Racing Bulls,LAW,81.467,39,81.35,18,9,-0.11700000000000443,81.2885,0.5,0.5,0.38076341647770223,0.35890652557319225,-0.0020845522345543707,-0.11491544776545007
2025,Spanish Grand Prix,Race,race,Red Bull Racing,TSU,81.452,33,81.35,18,9,-0.10200000000000387,80.6815,0.75,0.75,0.6423160173160173,0.6337719298245613,-0.008871756926109803,-0.09312824307389406
2025,Spanish Grand Prix,Race,race,Red Bull Racing,VER,79.911,33,81.35,18,9,1.438999999999993,80.6815,0.75,0.75,0.6423160173160173,0.6337719298245613,1.05349042621627,0.38550957378372286
2025,Spanish Grand Prix,Race,race,Williams,ALB,81.932,19,81.35,18,9,-0.5820000000000078,81.91300000000001,0.125,0.125,0.4249622071050642,0.4631161236424394,0.26859346837757936,-0.8505934683775872
2025,Spanish Grand Prix,Race,race,Williams,SAI,81.894,19,81.35,18,9,-0.5440000000000111,81.91300000000001,0.125,0.125,0.4249622071050642,0.4631161236424394,0.13770117581501623,-0.6817011758150273
2025,São Paulo Grand Prix,Qualifying,qualifying,Aston Martin,ALO,70.181,5,70.09575000000001,14,7,-0.08524999999998784,70.201,0.33333333333333337,0.4285714285714286,0.3057142857142857,0.301984126984127,0.14345355062000661,-0.22870355061999445
2025,São Paulo Grand Prix,Qualifying,qualifying,Aston Martin,STR,70.221,5,70.09575000000001,14,7,-0.1252499999999941,70.201,0.33333333333333337,0.4285714285714286,0.3057142857142857,0.301984126984127,-0.11131040426236238,-0.013939595737631705
2025,São Paulo Grand Prix,Qualifying,qualifying,Ferrari,HAM,70.108,3,70.09575000000001,14,7,-0.012249999999994543,70.021,0.8333333333333334,,0.7150103519668738,,0.3949955738094543,-0.40724557380944887
2025,São Paulo Grand Prix,Qualifying,qualifying,Ferrari,LEC,69.934,3,70.09575000000001,14,7,0.16175000000001205,70.021,0.8333333333333334,,0.7150103519668738,,0.4980360426406395,-0.33628604264062745
2025,São Paulo Grand Prix,Qualifying,qualifying,McLaren,NOR,69.93,3,70.09575000000001,14,7,0.16575000000000273,69.908,1.0,1.0,0.9608585858585859,0.9631944444444445,0.12450891586109554,0.04124108413890719
2025,São Paulo Grand Prix,Qualifying,qualifying,McLaren,PIA,69.886,3,70.09575000000001,14,7,0.20975000000001387,69.908,1.0,1.0,0.9608585858585859,0.9631944444444445,0.03443707754662947,0.1753129224533844
2025,São Paulo Grand Prix,Qualifying,qualifying,Mercedes,ANT,70.002,3,70.09575000000001,14,7,0.09375000000001421,70.0325,0.6666666666666667,0.8571428571428572,0.6664862914862915,0.6652777777777777,0.23237994816558635,-0.13862994816557214
2025,São Paulo Grand Prix,Qualifying,qualifying,Mercedes,RUS,70.063,3,70.09575000000001,14,7,0.03275000000000716,70.0325,0.6666666666666667,0.8571428571428572,0.6664862914862915,0.6652777777777777,0.45271685282537005,-0.4199668528253629
2025,São Paulo Grand Prix,Qualifying,qualifying,Racing Bulls,HAD,70.0835,4,70.09575000000001,14,7,0.012250000000008754,70.03399999999999,0.5,0.2857142857142857,0.38076341647770223,0.3663324979114453,-0.14520422670120633,0.1574542267012151
2025,São Paulo Grand Prix,Qualifying,qualifying,Racing Bulls,LAW,69.9845,4,70.09575000000001,14,7,0.1112500000000125,70.03399999999999,0.5,0.2857142857142857,0.38076341647770223,0.3663324979114453,-0.24819032494534726,0.35944032494535977
2025,São Paulo Grand Prix,Qualifying,qualifying,Red Bull Racing,TSU,71.012,3,70.09575000000001,14,7,-0.9162499999999909,70.84649999999999,0.0,0.7142857142857143,0.6423160173160173,0.6395833333333333,-0.01826717338177214,-0.8979828266182188
2025,São Paulo Grand Prix,Qualifying,qualifying,Red Bull Racing,VER,70.681,3,70.09575000000001,14,7,-0.5852499999999878,70.84649999999999,0.0,0.7142857142857143,0.6423160173160173,0.6395833333333333,0.44653785362151754,-1.0317878536215055
2025,São Paulo Grand Prix,Qualifying,qualifying,Williams,ALB,70.351,3,70.09575000000001,14,7,-0.25524999999998954,70.501,0.16666666666666663,0.0,0.4249622071050642,0.4462103174603175,0.4053446987189551,-0.6605946987189446
2025,São Paulo Grand Prix,Qualifying,qualifying,Williams,SAI,70.651,3,70.09575000000001,14,7,-0.5552499999999867,70.501,0.16666666666666663,0.0,0.4249622071050642,0.4462103174603175,0.42089768077579187,-0.9761476807757785
2025,São Paulo Grand Prix,Race,race,Alpine,COL,75.156,38,74.74549999999999,16,8,-0.4105000000000132,74.947,0.1428571428571429,0.1428571428571429,0.28111946532999166,0.3057889822595705,0.06255266167480363,-0.4730526616748168
2025,São Paulo Grand Prix,Race,race,Alpine,GAS,74.738,38,74.74549999999999,16,8,0.007499999999993179,74.947,0.1428571428571429,0.1428571428571429,0.28111946532999166,0.3057889822595705,0.03412313799982952,-0.026623137999836344
2025,São Paulo Grand Prix,Race,race,Aston Martin,ALO,74.572,50,74.74549999999999,16,8,0.17349999999999,74.685,0.4285714285714286,0.4285714285714286,0.3057142857142857,0.301984126984127,0.016901313346079846,0.15659868665391014
2025,São Paulo Grand Prix,Race,race,Aston Martin,STR,74.798,50,74.74549999999999,16,8,-0.052500000000009095,74.685,0.4285714285714286,0.4285714285714286,0.3057142857142857,0.301984126984127,-0.2745680106068059,0.22206801060679682
2025,São Paulo Grand Prix,Race,race,Haas F1 Team,BEA,74.243,43,74.74549999999999,16,8,0.5024999999999977,74.6685,0.5714285714285714,0.5714285714285714,0.29614748677248676,0.28005050505050505,0.0345295176463184,0.46797048235367933
2025,São Paulo Grand Prix,Race,race,Haas F1 Team,OCO,75.094,43,74.74549999999999,16,8,-0.34850000000000136,74.6685,0.5714285714285714,0.5714285714285714,0.29614748677248676,0.28005050505050505,-0.12843307985374308,-0.22006692014625828
2025,São Paulo Grand Prix,Race,race,McLaren,NOR,74.2895,46,74.74549999999999,16,8,0.45599999999998886,74.069,1.0,1.0,0.9608585858585859,0.9631944444444445,0.2594772926936577,0.19652270730633115
2025,São Paulo Grand Prix,Race,race,McLaren,PIA,73.8485,46,74.74549999999999,16,8,0.8969999999999914,74.069,1.0,1.0,0.9608585858585859,0.9631944444444445,0.12747228817738215,0.7695277118226092
2025,São Paulo Grand Prix,Race,race,Mercedes,ANT,74.261,40,74.74549999999999,16,8,0.48449999999999704,74.16075,0.8571428571428572,0.8571428571428572,0.6664862914862915,0.6652777777777777,-0.24773778002094068,0.7322377800209378
2025,São Paulo Grand Prix,Race,race,Mercedes,RUS,74.06049999999999,40,74.74549999999999,16,8,0.6850000000000023,74.16075,0.8571428571428572,0.8571428571428572,0.6664862914862915,0.6652777777777777,-0.09081960026679484,0.7758196002667971
2025,São Paulo Grand Prix,Race,race,Racing Bulls,HAD,74.753,39,74.74549999999999,16,8,-0.00750000000000739,74.9075,0.2857142857142857,0.2857142857142857,0.38076341647770223,0.3663324979114453,0.19209060622006915,-0.19959060622007654
2025,São Paulo Grand Prix,Race,race,Racing Bulls,LAW,75.062,39,74.74549999999999,16,8,-0.3165000000000049,74.9075,0.2857142857142857,0.2857142857142857,0.38076341647770223,0.3663324979114453,-0.0020845522345543707,-0.3144154477654505
2025,São Paulo Grand Prix,Race,race,Red Bull Racing,TSU,75.059,37,74.74549999999999,16,8,-0.3135000000000048,74.54050000000001,0.7142857142857143,0.7142857142857143,0.6423160173160173,0.6395833333333333,-0.008871756926109803,-0.30462824307389497
2025,São Paulo Grand Prix,Race,race,Red Bull Racing,VER,74.022,37,74.74549999999999,16,8,0.7234999999999872,74.54050000000001,0.7142857142857143,0.7142857142857143,0.6423160173160173,0.6395833333333333,1.05349042621627,-0.32999042621628294
2025,São Paulo Grand Prix,Race,race,Williams,ALB,75.2635,44,74.74549999999999,16,8,-0.5180000000000007,75.1465,0.0,0.0,0.4249622071050642,0.4462103174603175,0.26859346837757936,-0.78659346837758
2025,São Paulo Grand Prix,Race,race,Williams,SAI,75.0295,44,74.74549999999999,16,8,-0.284000000000006,75.1465,0.0,0.0,0.4249622071050642,0.4462103174603175,0.13770117581501623,-0.42170117581502226
2025,United States Grand Prix,Qualifying,qualifying,Alpine,COL,94.044,3,93.16024999999999,10,5,-0.8837500000000063,94.07499999999999,0.0,0.0,0.28111946532999166,0.2967372134038801,-0.24517484313212232,-0.6385751568678839
2025,United States Grand Prix,Qualifying,qualifying,Alpine,GAS,94.106,3,93.16024999999999,10,5,-0.9457500000000039,94.07499999999999,0.0,0.0,0.28111946532999166,0.2967372134038801,-0.08121862419797127,-0.8645313758020325
2025,United States Grand Prix,Qualifying,qualifying,Ferrari,HAM,92.914,3,93.16024999999999,10,5,0.2462499999999892,92.89150000000001,1.0,1.0,0.7150103519668738,0.7020562770562772,0.3949955738094543,-0.14874557380946513
2025,United States Grand Prix,Qualifying,qualifying,Ferrari,LEC,92.869,3,93.16024999999999,10,5,0.2912499999999909,92.89150000000001,1.0,1.0,0.7150103519668738,0.7020562770562772,0.4980360426406395,-0.2067860426406486
2025,United States Grand Prix,Qualifying,qualifying,McLaren,NOR,92.876,3,93.16024999999999,10,5,0.2842499999999859,93.05199999999999,0.75,0.875,0.9608585858585859,0.96494708994709,0.12450891586109554,0.15974108413889038
2025,United States Grand Prix,Qualifying,qualifying,McLaren,PIA,93.228,3,93.16024999999999,10,5,-0.06775000000000375,93.05199999999999,0.75,0.875,0.9608585858585859,0.96494708994709,0.03443707754662947,-0.10218707754663323
2025,United States Grand Prix,Qualifying,qualifying,Mercedes,ANT,93.1135,4,93.16024999999999,10,5,0.046749999999988745,93.061,0.5,0.5,0.6664862914862915,0.6744142101284959,0.23237994816558635,-0.1856299481655976
2025,United States Grand Prix,Qualifying,qualifying,Mercedes,RUS,93.0085,4,93.16024999999999,10,5,0.15174999999999272,93.061,0.5,0.5,0.6664862914862915,0.6744142101284959,0.45271685282537005,-0.30096685282537733
2025,United States Grand Prix,Qualifying,qualifying,Red Bull Racing,TSU,93.935,3,93.16024999999999,10,5,-0.7747500000000116,93.571,0.25,0.625,0.6423160173160173,0.643140589569161,-0.01826717338177214,-0.7564828266182395
2025,United States Grand Prix,Qualifying,qualifying,Red Bull Racing,VER,93.207,3,93.16024999999999,10,5,-0.046750000000002956,93.571,0.25,0.625,0.6423160173160173,0.643140589569161,0.44653785362151754,-0.4932878536215205
2025,United States Grand Prix,Race,race,Alpine,COL,100.547,35,100.01,18,9,-0.5369999999999919,100.7875,0.0,0.0,0.28111946532999166,0.2967372134038801,0.06255266167480363,-0.5995526616747956
2025,United States Grand Prix,Race,race,Alpine,GAS,101.028,35,100.01,18,9,-1.0180000000000007,100.7875,0.0,0.0,0.28111946532999166,0.2967372134038801,0.03412313799982952,-1.0521231379998301
2025,United States Grand Prix,Race,race,Aston Martin,ALO,100.4795,38,100.01,18,9,-0.4694999999999965,100.1995,0.25,0.25,0.3057142857142857,0.3086466165413534,0.016901313346079846,-0.48640131334607634
2025,United States Grand Prix,Race,race,Aston Martin,STR,99.9195,38,100.01,18,9,0.0905000000000058,100.1995,0.25,0.25,0.3057142857142857,0.3086466165413534,-0.2745680106068059,0.3650680106068117
2025,United States Grand Prix,Race,race,Ferrari,HAM,100.007,34,100.01,18,9,0.0030000000000001137,99.596,1.0,1.0,0.7150103519668738,0.7020562770562772,-0.03013038881255811,0.033130388812558226
2025,United States Grand Prix,Race,race,Ferrari,LEC,99.185,34,100.01,18,9,0.8250000000000028,99.596,1.0,1.0,0.7150103519668738,0.7020562770562772,0.1958228383996559,0.629177161600347
2025,United States Grand Prix,Race,race,Haas F1 Team,BEA,100.6425,20,100.01,18,9,-0.6324999999999932,100.19550000000001,0.375,0.375,0.29614748677248676,0.2927191166321601,0.0345295176463184,-0.6670295176463116
2025,United States Grand Prix,Race,race,Haas F1 Team,OCO,99.7485,20,100.01,18,9,0.26149999999999807,100.19550000000001,0.375,0.375,0.29614748677248676,0.2927191166321601,-0.12843307985374308,0.38993307985374115
2025,United States Grand Prix,Race,race,Kick Sauber,BOR,100.869,27,100.01,18,9,-0.8589999999999947,100.441,0.125,0.125,0.24415204678362576,0.2507716049382716,-0.23563312919797155,-0.6233668708020231
2025,United States Grand Prix,Race,race,Kick Sauber,HUL,100.013,27,100.01,18,9,-0.0030000000000001137,100.441,0.125,0.125,0.24415204678362576,0.2507716049382716,-0.18641475160805335,0.18341475160805323
2025,United States Grand Prix,Race,race,McLaren,NOR,99.4425,38,100.01,18,9,0.5675000000000097,99.70675,0.875,0.875,0.9608585858585859,0.96494708994709,0.2594772926936577,0.30802270730635195
2025,United States Grand Prix,Race,race,McLaren,PIA,99.971,38,100.01,18,9,0.03900000000000148,99.70675,0.875,0.875,0.9608585858585859,0.96494708994709,0.12747228817738215,-0.08847228817738068
2025,United States Grand Prix,Race,race,Mercedes,ANT,100.136,41,100.01,18,9,-0.12599999999999056,100.144,0.5,0.5,0.6664862914862915,0.6744142101284959,-0.24773778002094068,0.12173778002095012
2025,United States Grand Prix,Race,race,Mercedes,RUS,100.152,41,100.01,18,9,-0.1419999999999959,100.144,0.5,0.5,0.6664862914862915,0.6744142101284959,-0.09081960026679484,-0.05118039973320107
2025,United States Grand Prix,Race,race,Racing Bulls,HAD,99.844,17,100.01,18,9,0.16600000000001103,99.714,0.75,0.75,0.38076341647770223,0.36230158730158735,0.19209060622006915,-0.026090606220058127
2025,United States Grand Prix,Race,race,Racing Bulls,LAW,99.584,17,100.01,18,9,0.42600000000000193,99.714,0.75,0.75,0.38076341647770223,0.36230158730158735,-0.0020845522345543707,0.4280845522345563
2025,United States Grand Prix,Race,race,Red Bull Racing,TSU,100.2515,38,100.01,18,9,-0.24149999999998784,99.835,0.625,0.625,0.6423160173160173,0.643140589569161,-0.008871756926109803,-0.23262824307387803
2025,United States Grand Prix,Race,race,Red Bull Racing,VER,99.4185,38,100.01,18,9,0.5915000000000106,99.835,0.625,0.625,0.6423160173160173,0.643140589569161,1.05349042621627,-0.4619904262162595
2026,Australian Grand Prix,Qualifying,qualifying,Alpine,COL,81.852,5,80.28925000000001,14,7,-1.562749999999994,81.495,0.0,0.5,0.4638888888888889,,-0.24517484313212232,-1.3175751568678717
2026,Australian Grand Prix,Qualifying,qualifying,Alpine,GAS,81.138,5,80.28925000000001,14,7,-0.8487499999999955,81.495,0.0,0.5,0.4638888888888889,,-0.08121862419797127,-0.7675313758020241
2026,Australian Grand Prix,Qualifying,qualifying,Audi,BOR,80.4345,4,80.28925000000001,14,7,-0.1452499999999901,80.787,0.33333333333333337,,0.4302083333333333,,-0.5535069083600311,0.408256908360041
2026,Australian Grand Prix,Qualifying,qualifying,Audi,HUL,81.1395,4,80.28925000000001,14,7,-0.8502499999999884,80.787,0.33333333333333337,,0.4302083333333333,,-0.46068755930034505,-0.38956244069964335
2026,Australian Grand Prix,Qualifying,qualifying,Ferrari,HAM,79.921,3,80.28925000000001,14,7,0.3682500000000033,80.00450000000001,0.6666666666666667,0.8333333333333334,0.8893939393939394,,0.3949955738094543,-0.02674557380945103
2026,Australian Grand Prix,Qualifying,qualifying,Ferrari,LEC,80.088,3,80.28925000000001,14,7,0.20125000000001592,80.00450000000001,0.6666666666666667,0.8333333333333334,0.8893939393939394,,0.4980360426406395,-0.2967860426406236
2026,Australian Grand Prix,Qualifying,qualifying,Haas F1 Team,BEA,81.318,6,80.28925000000001,14,7,-1.028749999999988,81.14325,0.16666666666666663,0.6666666666666667,0.30707070707070705,,0.1909954717993887,-1.2197454717993768
2026,Australian Grand Prix,Qualifying,qualifying,Haas F1 Team,OCO,80.9685,6,80.28925000000001,14,7,-0.6792499999999961,81.14325,0.16666666666666663,0.6666666666666667,0.30707070707070705,,-0.06464507161486799,-0.6146049283851281
2026,Australian Grand Prix,Qualifying,qualifying,McLaren,NOR,79.74350000000001,4,80.28925000000001,14,7,0.5457499999999982,79.64850000000001,0.8333333333333334,,0.8033950617283951,,0.12450891586109554,0.42124108413890266
2026,Australian Grand Prix,Qualifying,qualifying,McLaren,PIA,79.5535,4,80.28925000000001,14,7,0.7357500000000101,79.64850000000001,0.8333333333333334,,0.8033950617283951,,0.03443707754662947,0.7013129224533806
2026,Australian Grand Prix,Qualifying,qualifying,Mercedes,ANT,79.435,3,80.28925000000001,14,7,0.8542500000000075,79.211,1.0,1.0,0.908611111111111,,0.23237994816558635,0.6218700518344211
2026,Australian Grand Prix,Qualifying,qualifying,Mercedes,RUS,78.987,3,80.28925000000001,14,7,1.302250000000015,79.211,1.0,1.0,0.908611111111111,,0.45271685282537005,0.849533147174645
2026,Australian Grand Prix,Qualifying,qualifying,Racing Bulls,LAW,80.144,3,80.28925000000001,14,7,0.14525000000000432,80.69550000000001,0.5,0.33333333333333337,0.4382716049382716,,-0.24819032494534726,0.3934403249453516
2026,Australian Grand Prix,Race,race,Alpine,COL,85.596,20,85.0885,14,7,-0.5075000000000074,85.262,0.5,0.5,0.4638888888888889,,0.06255266167480363,-0.5700526616748111
2026,Australian Grand Prix,Race,race,Alpine,GAS,84.928,20,85.0885,14,7,0.16049999999999898,85.262,0.5,0.5,0.4638888888888889,,0.03412313799982952,0.12637686200016945
2026,Australian Grand Prix,Race,race,Cadillac,BOT,87.738,9,85.0885,14,7,-2.6495000000000033,88.045,0.0,0.0,0.03611111111111111,,0.10127365318653098,-2.7507736531865343
2026,Australian Grand Prix,Race,race,Cadillac,PER,88.352,9,85.0885,14,7,-3.2635000000000076,88.045,0.0,0.0,0.03611111111111111,,0.6328857924494375,-3.896385792449445
2026,Australian Grand Prix,Race,race,Ferrari,HAM,83.0685,32,85.0885,14,7,2.019999999999996,83.12425,0.8333333333333334,0.8333333333333334,0.8893939393939394,,-0.03013038881255811,2.050130388812554
2026,Australian Grand Prix,Race,race,Ferrari,LEC,83.18,32,85.0885,14,7,1.9084999999999894,83.12425,0.8333333333333334,0.8333333333333334,0.8893939393939394,,0.1958228383996559,1.7126771616003336
2026,Australian Grand Prix,Race,race,Haas F1 Team,BEA,84.627,31,85.0885,14,7,0.4615000000000009,84.93799999999999,0.6666666666666667,0.6666666666666667,0.30707070707070705,,0.0345295176463184,0.4269704823536825
2026,Australian Grand Prix,Race,race,Haas F1 Team,OCO,85.249,31,85.0885,14,7,-0.16049999999999898,84.93799999999999,0.6666666666666667,0.6666666666666667,0.30707070707070705,,-0.12843307985374308,-0.032066920146255895
2026,Australian Grand Prix,Race,race,Mercedes,ANT,82.966,37,85.0885,14,7,2.1225000000000023,83.0,1.0,1.0,0.908611111111111,,-0.24773778002094068,2.370237780020943
2026,Australian Grand Prix,Race,race,Mercedes,RUS,83.034,37,85.0885,14,7,2.0544999999999902,83.0,1.0,1.0,0.908611111111111,,-0.09081960026679484,2.145319600266785
2026,Australian Grand Prix,Race,race,Racing Bulls,LAW,85.8155,22,85.0885,14,7,-0.7270000000000039,85.326,0.33333333333333337,0.33333333333333337,0.4382716049382716,,-0.0020845522345543707,-0.7249154477654495
2026,Australian Grand Prix,Race,race,Williams,ALB,85.558,25,85.0885,14,7,-0.4695000000000107,85.69200000000001,0.16666666666666663,0.16666666666666663,0.2576388888888889,,0.26859346837757936,-0.73809346837759
2026,Australian Grand Prix,Race,race,Williams,SAI,85.826,25,85.0885,14,7,-0.7374999999999972,85.69200000000001,0.16666666666666663,0.16666666666666663,0.2576388888888889,,0.13770117581501623,-0.8752011758150133
2026,Austrian Grand Prix,Qualifying,qualifying,Alpine,COL,68.171,3,67.711,20,10,-0.46000000000000796,68.1045,0.4444444444444444,0.25,0.4638888888888889,0.5,-0.24517484313212232,-0.21482515686788564
2026,Austrian Grand Prix,Qualifying,qualifying,Alpine,GAS,68.038,3,67.711,20,10,-0.3269999999999982,68.1045,0.4444444444444444,0.25,0.4638888888888889,0.5,-0.08121862419797127,-0.2457813758020269
2026,Austrian Grand Prix,Qualifying,qualifying,Audi,BOR,68.0085,4,67.711,20,10,-0.29749999999999943,68.22749999999999,0.33333333333333337,0.5,0.4302083333333333,,-0.5535069083600311,0.2560069083600317
2026,Austrian Grand Prix,Qualifying,qualifying,Audi,HUL,68.4465,4,67.711,20,10,-0.7355000000000018,68.22749999999999,0.33333333333333337,0.5,0.4302083333333333,,-0.46068755930034505,-0.27481244069965677
2026,Austrian Grand Prix,Qualifying,qualifying,Cadillac,BOT,69.188,3,67.711,20,10,-1.4770000000000039,69.146,0.0,,0.03611111111111111,,0.13799208001694666,-1.6149920800169506
2026,Austrian Grand Prix,Qualifying,qualifying,Cadillac,PER,69.104,3,67.711,20,10,-1.3930000000000007,69.146,0.0,,0.03611111111111111,,0.050894241176247655,-1.4438942411762483
2026,Austrian Grand Prix,Qualifying,qualifying,Ferrari,HAM,66.994,3,67.711,20,10,0.7169999999999987,67.012,0.7777777777777778,0.875,0.8893939393939394,0.8333333333333334,0.3949955738094543,0.3220044261905444
2026,Austrian Grand Prix,Qualifying,qualifying,Ferrari,LEC,67.03,3,67.711,20,10,0.6809999999999974,67.012,0.7777777777777778,0.875,0.8893939393939394,0.8333333333333334,0.4980360426406395,0.1829639573593579
2026,Austrian Grand Prix,Qualifying,qualifying,Haas F1 Team,BEA,68.0995,4,67.711,20,10,-0.3885000000000076,68.50150000000001,0.2222222222222222,0.125,0.30707070707070705,0.6666666666666667,0.1909954717993887,-0.5794954717993963
2026,Austrian Grand Prix,Qualifying,qualifying,Haas F1 Team,OCO,68.90350000000001,4,67.711,20,10,-1.1925000000000097,68.50150000000001,0.2222222222222222,0.125,0.30707070707070705,0.6666666666666667,-0.06464507161486799,-1.1278549283851418
2026,Austrian Grand Prix,Qualifying,qualifying,McLaren,NOR,66.9,3,67.711,20,10,0.8109999999999928,66.7925,1.0,0.625,0.8033950617283951,,0.12450891586109554,0.6864910841388973
2026,Austrian Grand Prix,Qualifying,qualifying,McLaren,PIA,66.685,3,67.711,20,10,1.0259999999999962,66.7925,1.0,0.625,0.8033950617283951,,0.03443707754662947,0.9915629224533667
2026,Austrian Grand Prix,Qualifying,qualifying,Mercedes,ANT,66.763,3,67.711,20,10,0.9479999999999933,66.87100000000001,0.8888888888888888,1.0,0.908611111111111,1.0,0.23237994816558635,0.7156200518344069
2026,Austrian Grand Prix,Qualifying,qualifying,Mercedes,RUS,66.979,3,67.711,20,10,0.7319999999999993,66.87100000000001,0.8888888888888888,1.0,0.908611111111111,1.0,0.45271685282537005,0.27928314717462926
2026,Austrian Grand Prix,Qualifying,qualifying,Racing Bulls,LAW,67.339,4,67.711,20,10,0.3719999999999999,67.37625,0.5555555555555556,0.375,0.4382716049382716,0.33333333333333337,-0.24819032494534726,0.6201903249453471
2026,Austrian Grand Prix,Qualifying,qualifying,Red Bull Racing,HAD,67.321,3,67.711,20,10,0.39000000000000057,67.25200000000001,0.6666666666666667,0.75,0.7416666666666667,,-0.14520422670120633,0.5352042267012069
2026,Austrian Grand Prix,Qualifying,qualifying,Red Bull Racing,VER,67.183,3,67.711,20,10,0.5279999999999916,67.25200000000001,0.6666666666666667,0.75,0.7416666666666667,,0.44653785362151754,0.08146214637847404
2026,Austrian Grand Prix,Qualifying,qualifying,Williams,ALB,68.863,3,67.711,20,10,-1.152000000000001,68.8,0.11111111111111116,,0.2576388888888889,,0.4053446987189551,-1.557344698718956
2026,Austrian Grand Prix,Qualifying,qualifying,Williams,SAI,68.737,3,67.711,20,10,-1.0259999999999962,68.8,0.11111111111111116,,0.2576388888888889,,0.42089768077579187,-1.446897680775788
2026,Austrian Grand Prix,Race,race,Alpine,COL,73.4375,28,72.70400000000001,18,9,-0.7334999999999923,73.2575,0.25,0.25,0.4638888888888889,0.5,0.06255266167480363,-0.7960526616747959
2026,Austrian Grand Prix,Race,race,Alpine,GAS,73.0775,28,72.70400000000001,18,9,-0.37349999999999284,73.2575,0.25,0.25,0.4638888888888889,0.5,0.03412313799982952,-0.40762313799982236
2026,Austrian Grand Prix,Race,race,Aston Martin,ALO,75.429,35,72.70400000000001,18,9,-2.7249999999999943,75.22200000000001,0.0,0.0,0.08472222222222223,,0.016901313346079846,-2.7419013133460743
2026,Austrian Grand Prix,Race,race,Aston Martin,STR,75.015,35,72.70400000000001,18,9,-2.310999999999993,75.22200000000001,0.0,0.0,0.08472222222222223,,-0.2745680106068059,-2.036431989393187
2026,Austrian Grand Prix,Race,race,Audi,BOR,72.547,34,72.70400000000001,18,9,0.1570000000000107,72.76875,0.5,0.5,0.4302083333333333,,-0.23563312919797155,0.3926331291979822
2026,Austrian Grand Prix,Race,race,Audi,HUL,72.9905,34,72.70400000000001,18,9,-0.28649999999998954,72.76875,0.5,0.5,0.4302083333333333,,-0.18641475160805335,-0.1000852483919362
2026,Austrian Grand Prix,Race,race,Ferrari,HAM,71.704,43,72.70400000000001,18,9,1.0000000000000142,71.7815,0.875,0.875,0.8893939393939394,0.8333333333333334,-0.03013038881255811,1.0301303888125724
2026,Austrian Grand Prix,Race,race,Ferrari,LEC,71.859,43,72.70400000000001,18,9,0.8450000000000131,71.7815,0.875,0.875,0.8893939393939394,0.8333333333333334,0.1958228383996559,0.6491771616003572
2026,Austrian Grand Prix,Race,race,Haas F1 Team,BEA,73.858,36,72.70400000000001,18,9,-1.1539999999999964,73.802,0.125,0.125,0.30707070707070705,0.6666666666666667,0.0345295176463184,-1.1885295176463146
2026,Austrian Grand Prix,Race,race,Haas F1 Team,OCO,73.74600000000001,36,72.70400000000001,18,9,-1.0420000000000016,73.802,0.125,0.125,0.30707070707070705,0.6666666666666667,-0.12843307985374308,-0.9135669201462585
2026,Austrian Grand Prix,Race,race,McLaren,NOR,71.916,49,72.70400000000001,18,9,0.7880000000000109,71.9285,0.625,0.625,0.8033950617283951,,0.2594772926936577,0.5285227073063532
2026,Austrian Grand Prix,Race,race,McLaren,PIA,71.941,49,72.70400000000001,18,9,0.7630000000000052,71.9285,0.625,0.625,0.8033950617283951,,0.12747228817738215,0.635527711822623
2026,Austrian Grand Prix,Race,race,Mercedes,ANT,71.723,47,72.70400000000001,18,9,0.9810000000000088,71.7045,1.0,1.0,0.908611111111111,1.0,-0.24773778002094068,1.2287377800209494
2026,Austrian Grand Prix,Race,race,Mercedes,RUS,71.686,47,72.70400000000001,18,9,1.0180000000000007,71.7045,1.0,1.0,0.908611111111111,1.0,-0.09081960026679484,1.1088196002667956
2026,Austrian Grand Prix,Race,race,Racing Bulls,LAW,73.035,43,72.70400000000001,18,9,-0.33099999999998886,72.94800000000001,0.375,0.375,0.4382716049382716,0.33333333333333337,-0.0020845522345543707,-0.32891544776543447
2026,Austrian Grand Prix,Race,race,Red Bull Racing,HAD,71.7635,38,72.70400000000001,18,9,0.9405000000000143,71.92075,0.75,0.75,0.7416666666666667,,0.19209060622006915,0.7484093937799452
2026,Austrian Grand Prix,Race,race,Red Bull Racing,VER,72.078,38,72.70400000000001,18,9,0.6260000000000048,71.92075,0.75,0.75,0.7416666666666667,,1.05349042621627,-0.4274904262162653
2026,Barcelona Grand Prix,Qualifying,qualifying,Alpine,COL,76.9075,4,76.72775,14,7,-0.17974999999999852,76.8735,0.33333333333333337,0.5555555555555556,0.4638888888888889,0.375,-0.24517484313212232,0.0654248431321238
2026,Barcelona Grand Prix,Qualifying,qualifying,Alpine,GAS,76.8395,4,76.72775,14,7,-0.11175000000000068,76.8735,0.33333333333333337,0.5555555555555556,0.4638888888888889,0.375,-0.08121862419797127,-0.030531375802029415
2026,Barcelona Grand Prix,Qualifying,qualifying,Audi,BOR,76.616,3,76.72775,14,7,0.11175000000000068,76.769,0.5,0.4444444444444444,0.4302083333333333,0.5,-0.5535069083600311,0.6652569083600318
2026,Barcelona Grand Prix,Qualifying,qualifying,Audi,HUL,76.922,3,76.72775,14,7,-0.1942499999999967,76.769,0.5,0.4444444444444444,0.4302083333333333,0.5,-0.46068755930034505,0.26643755930034835
2026,Barcelona Grand Prix,Qualifying,qualifying,Haas F1 Team,BEA,77.444,3,76.72775,14,7,-0.7162500000000023,77.78999999999999,0.16666666666666663,0.2222222222222222,0.30707070707070705,0.39583333333333337,0.1909954717993887,-0.907245471799391
2026,Barcelona Grand Prix,Qualifying,qualifying,Haas F1 Team,OCO,78.136,3,76.72775,14,7,-1.4082499999999953,77.78999999999999,0.16666666666666663,0.2222222222222222,0.30707070707070705,0.39583333333333337,-0.06464507161486799,-1.3436049283851275
2026,Barcelona Grand Prix,Qualifying,qualifying,McLaren,NOR,75.361,3,76.72775,14,7,1.3667499999999961,75.43950000000001,0.8333333333333334,0.7777777777777778,0.8033950617283951,0.625,0.12450891586109554,1.2422410841389007
2026,Barcelona Grand Prix,Qualifying,qualifying,McLaren,PIA,75.518,3,76.72775,14,7,1.2097499999999997,75.43950000000001,0.8333333333333334,0.7777777777777778,0.8033950617283951,0.625,0.03443707754662947,1.1753129224533703
2026,Barcelona Grand Prix,Qualifying,qualifying,Mercedes,ANT,75.295,3,76.72775,14,7,1.4327499999999986,75.22,1.0,0.8888888888888888,0.908611111111111,1.0,0.23237994816558635,1.2003700518344123
2026,Barcelona Grand Prix,Qualifying,qualifying,Mercedes,RUS,75.145,3,76.72775,14,7,1.5827500000000043,75.22,1.0,0.8888888888888888,0.908611111111111,1.0,0.45271685282537005,1.1300331471746343
2026,Barcelona Grand Prix,Qualifying,qualifying,Red Bull Racing,HAD,75.754,3,76.72775,14,7,0.9737499999999955,75.619,0.6666666666666667,0.6666666666666667,0.7416666666666667,0.75,-0.14520422670120633,1.1189542267012018
2026,Barcelona Grand Prix,Qualifying,qualifying,Red Bull Racing,VER,75.484,3,76.72775,14,7,1.2437500000000057,75.619,0.6666666666666667,0.6666666666666667,0.7416666666666667,0.75,0.44653785362151754,0.7972121463784881
2026,Barcelona Grand Prix,Qualifying,qualifying,Williams,ALB,78.252,3,76.72775,14,7,-1.524249999999995,78.17949999999999,0.0,0.11111111111111116,0.2576388888888889,0.16666666666666663,0.4053446987189551,-1.92959469871895
2026,Barcelona Grand Prix,Qualifying,qualifying,Williams,SAI,78.107,3,76.72775,14,7,-1.379249999999999,78.17949999999999,0.0,0.11111111111111116,0.2576388888888889,0.16666666666666663,0.42089768077579187,-1.8001476807757908
2026,Barcelona Grand Prix,Race,race,Alpine,COL,83.93,33,83.89750000000001,20,10,-0.03249999999999886,83.878,0.5555555555555556,0.5555555555555556,0.4638888888888889,0.375,0.06255266167480363,-0.09505266167480249
2026,Barcelona Grand Prix,Race,race,Alpine,GAS,83.826,33,83.89750000000001,20,10,0.07150000000001455,83.878,0.5555555555555556,0.5555555555555556,0.4638888888888889,0.375,0.03412313799982952,0.03737686200018503
2026,Barcelona Grand Prix,Race,race,Audi,BOR,83.914,17,83.89750000000001,20,10,-0.01649999999999352,84.126,0.4444444444444444,0.4444444444444444,0.4302083333333333,0.5,-0.23563312919797155,0.21913312919797803
2026,Barcelona Grand Prix,Race,race,Audi,HUL,84.338,17,83.89750000000001,20,10,-0.4404999999999859,84.126,0.4444444444444444,0.4444444444444444,0.4302083333333333,0.5,-0.18641475160805335,-0.2540852483919326
2026,Barcelona Grand Prix,Race,race,Cadillac,BOT,86.66,9,83.89750000000001,20,10,-2.7624999999999886,85.2705,0.0,0.0,0.03611111111111111,0.0,0.10127365318653098,-2.8637736531865197
2026,Barcelona Grand Prix,Race,race,Cadillac,PER,83.881,9,83.89750000000001,20,10,0.01650000000000773,85.2705,0.0,0.0,0.03611111111111111,0.0,0.6328857924494375,-0.6163857924494298
2026,Barcelona Grand Prix,Race,race,Ferrari,HAM,81.17,43,83.89750000000001,20,10,2.7275000000000063,81.88499999999999,1.0,1.0,0.8893939393939394,0.8541666666666667,-0.03013038881255811,2.757630388812564
2026,Barcelona Grand Prix,Race,race,Ferrari,LEC,82.6,43,83.89750000000001,20,10,1.2975000000000136,81.88499999999999,1.0,1.0,0.8893939393939394,0.8541666666666667,0.1958228383996559,1.1016771616003578
2026,Barcelona Grand Prix,Race,race,Haas F1 Team,BEA,84.353,38,83.89750000000001,20,10,-0.45549999999998647,84.58924999999999,0.2222222222222222,0.2222222222222222,0.30707070707070705,0.39583333333333337,0.0345295176463184,-0.49002951764630487
2026,Barcelona Grand Prix,Race,race,Haas F1 Team,OCO,84.8255,38,83.89750000000001,20,10,-0.9279999999999973,84.58924999999999,0.2222222222222222,0.2222222222222222,0.30707070707070705,0.39583333333333337,-0.12843307985374308,-0.7995669201462542
2026,Barcelona Grand Prix,Race,race,McLaren,NOR,82.251,43,83.89750000000001,20,10,1.6465000000000032,82.551,0.7777777777777778,0.7777777777777778,0.8033950617283951,0.625,0.2594772926936577,1.3870227073063455
2026,Barcelona Grand Prix,Race,race,McLaren,PIA,82.851,43,83.89750000000001,20,10,1.0465000000000089,82.551,0.7777777777777778,0.7777777777777778,0.8033950617283951,0.625,0.12747228817738215,0.9190277118226267
2026,Barcelona Grand Prix,Race,race,Mercedes,ANT,82.07300000000001,46,83.89750000000001,20,10,1.8245000000000005,82.18350000000001,0.8888888888888888,0.8888888888888888,0.908611111111111,1.0,-0.24773778002094068,2.072237780020941
2026,Barcelona Grand Prix,Race,race,Mercedes,RUS,82.29400000000001,46,83.89750000000001,20,10,1.6034999999999968,82.18350000000001,0.8888888888888888,0.8888888888888888,0.908611111111111,1.0,-0.09081960026679484,1.6943196002667917
2026,Barcelona Grand Prix,Race,race,Racing Bulls,LAW,84.47200000000001,36,83.89750000000001,20,10,-0.5745000000000005,84.19475,0.33333333333333337,0.33333333333333337,0.4382716049382716,0.3541666666666667,-0.0020845522345543707,-0.5724154477654461
2026,Barcelona Grand Prix,Race,race,Red Bull Racing,HAD,83.843,21,83.89750000000001,20,10,0.054500000000004434,82.982,0.6666666666666667,0.6666666666666667,0.7416666666666667,0.75,0.19209060622006915,-0.13759060622006472
2026,Barcelona Grand Prix,Race,race,Red Bull Racing,VER,82.121,21,83.89750000000001,20,10,1.7765000000000128,82.982,0.6666666666666667,0.6666666666666667,0.7416666666666667,0.75,1.05349042621627,0.7230095737837428
2026,Barcelona Grand Prix,Race,race,Williams,ALB,84.482,27,83.89750000000001,20,10,-0.5844999999999914,84.60249999999999,0.11111111111111116,0.11111111111111116,0.2576388888888889,0.16666666666666663,0.26859346837757936,-0.8530934683775707
2026,Barcelona Grand Prix,Race,race,Williams,SAI,84.723,27,83.89750000000001,20,10,-0.825499999999991,84.60249999999999,0.11111111111111116,0.11111111111111116,0.2576388888888889,0.16666666666666663,0.13770117581501623,-0.9632011758150072
2026,Belgian Grand Prix,Qualifying,qualifying,Alpine,COL,106.9405,4,106.17075,14,7,-0.7697500000000019,106.7355,0.16666666666666663,0.375,0.4638888888888889,0.4351851851851852,-0.24517484313212232,-0.5245751568678796
2026,Belgian Grand Prix,Qualifying,qualifying,Alpine,GAS,106.5305,4,106.17075,14,7,-0.35975000000000534,106.7355,0.16666666666666663,0.375,0.4638888888888889,0.4351851851851852,-0.08121862419797127,-0.2785313758020341
2026,Belgian Grand Prix,Qualifying,qualifying,Audi,BOR,106.398,4,106.17075,14,7,-0.22724999999999795,106.601,0.33333333333333337,0.5,0.4302083333333333,0.4722222222222222,-0.5535069083600311,0.3262569083600332
2026,Belgian Grand Prix,Qualifying,qualifying,Audi,HUL,106.804,4,106.17075,14,7,-0.6332500000000039,106.601,0.33333333333333337,0.5,0.4302083333333333,0.4722222222222222,-0.46068755930034505,-0.17256244069965881
2026,Belgian Grand Prix,Qualifying,qualifying,Cadillac,BOT,108.622,3,106.17075,14,7,-2.4512500000000017,108.563,0.0,,0.03611111111111111,,0.13799208001694666,-2.589242080016948
2026,Belgian Grand Prix,Qualifying,qualifying,Cadillac,PER,108.504,3,106.17075,14,7,-2.3332500000000067,108.563,0.0,,0.03611111111111111,,0.050894241176247655,-2.3841442411762546
2026,Belgian Grand Prix,Qualifying,qualifying,Ferrari,HAM,105.062,3,106.17075,14,7,1.1087500000000006,104.9915,1.0,0.875,0.8893939393939394,0.9027777777777778,0.3949955738094543,0.7137544261905462
2026,Belgian Grand Prix,Qualifying,qualifying,Ferrari,LEC,104.921,3,106.17075,14,7,1.2497499999999917,104.9915,1.0,0.875,0.8893939393939394,0.9027777777777778,0.4980360426406395,0.7517139573593522
2026,Belgian Grand Prix,Qualifying,qualifying,McLaren,NOR,105.454,3,106.17075,14,7,0.7167500000000047,105.5625,0.6666666666666667,0.75,0.8033950617283951,0.7013888888888888,0.12450891586109554,0.5922410841389091
2026,Belgian Grand Prix,Qualifying,qualifying,McLaren,PIA,105.671,3,106.17075,14,7,0.4997499999999917,105.5625,0.6666666666666667,0.75,0.8033950617283951,0.7013888888888888,0.03443707754662947,0.46531292245336225
2026,Belgian Grand Prix,Qualifying,qualifying,Mercedes,ANT,104.84,3,106.17075,14,7,1.3307499999999948,104.998,0.8333333333333334,,0.908611111111111,,0.23237994816558635,1.0983700518344084
2026,Belgian Grand Prix,Qualifying,qualifying,Mercedes,RUS,105.156,3,106.17075,14,7,1.0147499999999923,104.998,0.8333333333333334,,0.908611111111111,,0.45271685282537005,0.5620331471746223
2026,Belgian Grand Prix,Qualifying,qualifying,Racing Bulls,LAW,106.331,4,106.17075,14,7,-0.1602500000000049,106.17075,0.5,0.625,0.4382716049382716,0.34722222222222227,-0.24819032494534726,0.08794032494534237
2026,Belgian Grand Prix,Race,race,Alpine,COL,111.741,24,111.78524999999999,18,9,0.04424999999999102,111.78524999999999,0.375,0.375,0.4638888888888889,0.4351851851851852,0.06255266167480363,-0.018302661674812606
2026,Belgian Grand Prix,Race,race,Alpine,GAS,111.8295,24,111.78524999999999,18,9,-0.04425000000000523,111.78524999999999,0.375,0.375,0.4638888888888889,0.4351851851851852,0.03412313799982952,-0.07837313799983475
2026,Belgian Grand Prix,Race,race,Aston Martin,ALO,115.319,15,111.78524999999999,18,9,-3.533750000000012,115.673,0.0,0.0,0.08472222222222223,0.0,0.016901313346079846,-3.550651313346092
2026,Belgian Grand Prix,Race,race,Aston Martin,STR,116.027,15,111.78524999999999,18,9,-4.24175000000001,115.673,0.0,0.0,0.08472222222222223,0.0,-0.2745680106068059,-3.9671819893932043
2026,Belgian Grand Prix,Race,race,Audi,BOR,111.16650000000001,30,111.78524999999999,18,9,0.6187499999999773,111.6235,0.5,0.5,0.4302083333333333,0.4722222222222222,-0.23563312919797155,0.8543831291979488
2026,Belgian Grand Prix,Race,race,Audi,HUL,112.0805,30,111.78524999999999,18,9,-0.29525000000001,111.6235,0.5,0.5,0.4302083333333333,0.4722222222222222,-0.18641475160805335,-0.10883524839195666
2026,Belgian Grand Prix,Race,race,Ferrari,HAM,110.152,29,111.78524999999999,18,9,1.6332499999999897,110.1525,0.875,0.875,0.8893939393939394,0.9027777777777778,-0.03013038881255811,1.6633803888125478
2026,Belgian Grand Prix,Race,race,Ferrari,LEC,110.153,29,111.78524999999999,18,9,1.6322499999999849,110.1525,0.875,0.875,0.8893939393939394,0.9027777777777778,0.1958228383996559,1.436427161600329
2026,Belgian Grand Prix,Race,race,Haas F1 Team,BEA,112.28399999999999,26,111.78524999999999,18,9,-0.49875000000000114,112.32549999999999,0.125,0.125,0.30707070707070705,0.33796296296296297,0.0345295176463184,-0.5332795176463195
2026,Belgian Grand Prix,Race,race,Haas F1 Team,OCO,112.36699999999999,26,111.78524999999999,18,9,-0.5817499999999995,112.32549999999999,0.125,0.125,0.30707070707070705,0.33796296296296297,-0.12843307985374308,-0.45331692014625646
2026,Belgian Grand Prix,Race,race,McLaren,NOR,110.733,19,111.78524999999999,18,9,1.0522499999999866,110.73349999999999,0.75,0.75,0.8033950617283951,0.7013888888888888,0.2594772926936577,0.7927727073063289
2026,Belgian Grand Prix,Race,race,McLaren,PIA,110.734,19,111.78524999999999,18,9,1.051249999999996,110.73349999999999,0.75,0.75,0.8033950617283951,0.7013888888888888,0.12747228817738215,0.9237777118226138
2026,Belgian Grand Prix,Race,race,Racing Bulls,LAW,111.952,25,111.78524999999999,18,9,-0.1667500000000075,111.473,0.625,0.625,0.4382716049382716,0.34722222222222227,-0.0020845522345543707,-0.16466544776545314
2026,Belgian Grand Prix,Race,race,Red Bull Racing,HAD,110.125,19,111.78524999999999,18,9,1.6602499999999907,110.113,1.0,1.0,0.7416666666666667,0.7083333333333334,0.19209060622006915,1.4681593937799216
2026,Belgian Grand Prix,Race,race,Red Bull Racing,VER,110.101,19,111.78524999999999,18,9,1.6842499999999916,110.113,1.0,1.0,0.7416666666666667,0.7083333333333334,1.05349042621627,0.6307595737837215
2026,Belgian Grand Prix,Race,race,Williams,ALB,112.524,17,111.78524999999999,18,9,-0.7387500000000102,112.306,0.25,0.25,0.2576388888888889,0.1388888888888889,0.26859346837757936,-1.0073434683775897
2026,Belgian Grand Prix,Race,race,Williams,SAI,112.088,17,111.78524999999999,18,9,-0.3027500000000032,112.306,0.25,0.25,0.2576388888888889,0.1388888888888889,0.13770117581501623,-0.4404511758150194
2026,British Grand Prix,Qualifying,qualifying,Audi,BOR,89.916,3,89.27425,14,7,-0.6417500000000018,89.996,0.16666666666666663,0.4,0.4302083333333333,0.48148148148148145,-0.5535069083600311,-0.08824309163997068
2026,British Grand Prix,Qualifying,qualifying,Audi,HUL,90.076,3,89.27425,14,7,-0.8017499999999984,89.996,0.16666666666666663,0.4,0.4302083333333333,0.48148148148148145,-0.46068755930034505,-0.34106244069965336
2026,British Grand Prix,Qualifying,qualifying,Ferrari,HAM,88.72749999999999,4,89.27425,14,7,0.546750000000003,88.67525,0.8333333333333334,1.0,0.8893939393939394,0.8958333333333334,0.3949955738094543,0.15175442619054863
2026,British Grand Prix,Qualifying,qualifying,Ferrari,LEC,88.623,4,89.27425,14,7,0.6512499999999903,88.67525,0.8333333333333334,1.0,0.8893939393939394,0.8958333333333334,0.4980360426406395,0.15321395735935084
2026,British Grand Prix,Qualifying,qualifying,McLaren,NOR,89.34899999999999,4,89.27425,14,7,-0.07474999999999454,89.28675,0.5,0.9,0.8033950617283951,0.7175925925925926,0.12450891586109554,-0.19925891586109007
2026,British Grand Prix,Qualifying,qualifying,McLaren,PIA,89.2245,4,89.27425,14,7,0.04974999999998886,89.28675,0.5,0.9,0.8033950617283951,0.7175925925925926,0.03443707754662947,0.015312922453359391
2026,British Grand Prix,Qualifying,qualifying,Mercedes,ANT,88.439,4,89.27425,14,7,0.835250000000002,88.621,1.0,0.8,0.908611111111111,0.9629629629629629,0.23237994816558635,0.6028700518344157
2026,British Grand Prix,Qualifying,qualifying,Mercedes,RUS,88.803,4,89.27425,14,7,0.4712499999999977,88.621,1.0,0.8,0.908611111111111,0.9629629629629629,0.45271685282537005,0.018533147174627673
2026,British Grand Prix,Qualifying,qualifying,Racing Bulls,LAW,89.703,3,89.27425,14,7,-0.42875000000000796,89.5135,0.33333333333333337,0.5,0.4382716049382716,0.4166666666666667,-0.24819032494534726,-0.1805596750546607
2026,British Grand Prix,Qualifying,qualifying,Red Bull Racing,HAD,88.91300000000001,4,89.27425,14,7,0.3612499999999841,89.02250000000001,0.6666666666666667,0.7,0.7416666666666667,0.8055555555555557,-0.14520422670120633,0.5064542267011904
2026,British Grand Prix,Qualifying,qualifying,Red Bull Racing,VER,89.132,4,89.27425,14,7,0.14224999999999,89.02250000000001,0.6666666666666667,0.7,0.7416666666666667,0.8055555555555557,0.44653785362151754,-0.30428785362152755
2026,British Grand Prix,Qualifying,qualifying,Williams,ALB,90.743,3,89.27425,14,7,-1.46875,90.78399999999999,0.0,0.30000000000000004,0.2576388888888889,0.17592592592592593,0.4053446987189551,-1.874094698718955
2026,British Grand Prix,Qualifying,qualifying,Williams,SAI,90.825,3,89.27425,14,7,-1.5507500000000078,90.78399999999999,0.0,0.30000000000000004,0.2576388888888889,0.17592592592592593,0.42089768077579187,-1.9716476807757997
2026,British Grand Prix,Race,race,Alpine,COL,95.5495,28,95.60974999999999,22,11,0.06024999999999636,95.45925,0.6,0.6,0.4638888888888889,0.4201388888888889,0.06255266167480363,-0.002302661674807263
2026,British Grand Prix,Race,race,Alpine,GAS,95.369,28,95.60974999999999,22,11,0.24074999999999136,95.45925,0.6,0.6,0.4638888888888889,0.4201388888888889,0.03412313799982952,0.20662686200016184
2026,British Grand Prix,Race,race,Aston Martin,ALO,98.6635,28,95.60974999999999,22,11,-3.053750000000008,98.7575,0.0,0.0,0.08472222222222223,0.0,0.016901313346079846,-3.070651313346088
2026,British Grand Prix,Race,race,Aston Martin,STR,98.8515,28,95.60974999999999,22,11,-3.2417500000000103,98.7575,0.0,0.0,0.08472222222222223,0.0,-0.2745680106068059,-2.9671819893932043
2026,British Grand Prix,Race,race,Audi,BOR,95.7185,22,95.60974999999999,22,11,-0.10875000000001478,95.813,0.4,0.4,0.4302083333333333,0.48148148148148145,-0.23563312919797155,0.12688312919795677
2026,British Grand Prix,Race,race,Audi,HUL,95.9075,22,95.60974999999999,22,11,-0.29775000000000773,95.813,0.4,0.4,0.4302083333333333,0.48148148148148145,-0.18641475160805335,-0.11133524839195438
2026,British Grand Prix,Race,race,Cadillac,BOT,97.577,25,95.60974999999999,22,11,-1.967250000000007,97.3355,0.09999999999999998,0.09999999999999998,0.03611111111111111,0.0,0.10127365318653098,-2.068523653186538
2026,British Grand Prix,Race,race,Cadillac,PER,97.094,25,95.60974999999999,22,11,-1.484250000000003,97.3355,0.09999999999999998,0.09999999999999998,0.03611111111111111,0.0,0.6328857924494375,-2.1171357924494405
2026,British Grand Prix,Race,race,Ferrari,HAM,94.042,32,95.60974999999999,22,11,1.5677499999999895,93.94624999999999,1.0,1.0,0.8893939393939394,0.8958333333333334,-0.03013038881255811,1.5978803888125477
2026,British Grand Prix,Race,race,Ferrari,LEC,93.8505,32,95.60974999999999,22,11,1.7592499999999944,93.94624999999999,1.0,1.0,0.8893939393939394,0.8958333333333334,0.1958228383996559,1.5634271616003386
2026,British Grand Prix,Race,race,Haas F1 Team,BEA,97.002,24,95.60974999999999,22,11,-1.3922500000000042,96.8665,0.19999999999999996,0.19999999999999996,0.30707070707070705,0.2847222222222222,0.0345295176463184,-1.4267795176463225
2026,British Grand Prix,Race,race,Haas F1 Team,OCO,96.731,24,95.60974999999999,22,11,-1.1212500000000034,96.8665,0.19999999999999996,0.19999999999999996,0.30707070707070705,0.2847222222222222,-0.12843307985374308,-0.9928169201462603
2026,British Grand Prix,Race,race,McLaren,NOR,93.523,12,95.60974999999999,22,11,2.086749999999995,94.00999999999999,0.9,0.9,0.8033950617283951,0.7175925925925926,0.2594772926936577,1.8272727073063373
2026,British Grand Prix,Race,race,McLaren,PIA,94.497,12,95.60974999999999,22,11,1.1127499999999912,94.00999999999999,0.9,0.9,0.8033950617283951,0.7175925925925926,0.12747228817738215,0.985277711822609
2026,British Grand Prix,Race,race,Mercedes,ANT,94.188,18,95.60974999999999,22,11,1.4217499999999887,94.38875,0.8,0.8,0.908611111111111,0.9629629629629629,-0.24773778002094068,1.6694877800209293
2026,British Grand Prix,Race,race,Mercedes,RUS,94.5895,18,95.60974999999999,22,11,1.02024999999999,94.38875,0.8,0.8,0.908611111111111,0.9629629629629629,-0.09081960026679484,1.111069600266785
2026,British Grand Prix,Race,race,Racing Bulls,LAW,95.637,30,95.60974999999999,22,11,-0.027250000000009322,95.60974999999999,0.5,0.5,0.4382716049382716,0.4166666666666667,-0.0020845522345543707,-0.02516544776545495
2026,British Grand Prix,Race,race,Red Bull Racing,HAD,94.71449999999999,32,95.60974999999999,22,11,0.8952500000000043,94.42675,0.7,0.7,0.7416666666666667,0.8055555555555557,0.19209060622006915,0.7031593937799352
2026,British Grand Prix,Race,race,Red Bull Racing,VER,94.13900000000001,32,95.60974999999999,22,11,1.4707499999999811,94.42675,0.7,0.7,0.7416666666666667,0.8055555555555557,1.05349042621627,0.41725957378371104
2026,British Grand Prix,Race,race,Williams,ALB,96.85,11,95.60974999999999,22,11,-1.2402500000000032,96.2785,0.30000000000000004,0.30000000000000004,0.2576388888888889,0.17592592592592593,0.26859346837757936,-1.5088434683775827
2026,British Grand Prix,Race,race,Williams,SAI,95.707,11,95.60974999999999,22,11,-0.0972500000000025,96.2785,0.30000000000000004,0.30000000000000004,0.2576388888888889,0.17592592592592593,0.13770117581501623,-0.23495117581501873
2026,Canadian Grand Prix,Qualifying,qualifying,Alpine,COL,74.386,4,74.1815,20,10,-0.2044999999999959,74.54525,0.33333333333333337,0.625,0.4638888888888889,0.4561111111111111,-0.24517484313212232,0.04067484313212641
2026,Canadian Grand Prix,Qualifying,qualifying,Alpine,GAS,74.7045,4,74.1815,20,10,-0.5229999999999961,74.54525,0.33333333333333337,0.625,0.4638888888888889,0.4561111111111111,-0.08121862419797127,-0.44178137580202487
2026,Canadian Grand Prix,Qualifying,qualifying,Aston Martin,ALO,76.184,3,74.1815,20,10,-2.0024999999999977,76.40299999999999,0.0,0.0,0.08472222222222223,0.0,0.14345355062000661,-2.1459535506200043
2026,Canadian Grand Prix,Qualifying,qualifying,Aston Martin,STR,76.622,3,74.1815,20,10,-2.4405,76.40299999999999,0.0,0.0,0.08472222222222223,0.0,-0.11131040426236238,-2.329189595737638
2026,Canadian Grand Prix,Qualifying,qualifying,Audi,BOR,74.426,3,74.1815,20,10,-0.24450000000000216,74.20150000000001,0.5555555555555556,0.375,0.4302083333333333,0.46111111111111114,-0.5535069083600311,0.309006908360029
2026,Canadian Grand Prix,Qualifying,qualifying,Audi,HUL,73.977,3,74.1815,20,10,0.2044999999999959,74.20150000000001,0.5555555555555556,0.375,0.4302083333333333,0.46111111111111114,-0.46068755930034505,0.6651875593003409
2026,Canadian Grand Prix,Qualifying,qualifying,Ferrari,HAM,73.041,3,74.1815,20,10,1.140500000000003,73.428,0.7777777777777778,1.0,0.8893939393939394,0.9166666666666666,0.3949955738094543,0.7455044261905486
2026,Canadian Grand Prix,Qualifying,qualifying,Ferrari,LEC,73.815,3,74.1815,20,10,0.36650000000000205,73.428,0.7777777777777778,1.0,0.8893939393939394,0.9166666666666666,0.4980360426406395,-0.13153604264063745
2026,Canadian Grand Prix,Qualifying,qualifying,Haas F1 Team,BEA,74.7065,4,74.1815,20,10,-0.5250000000000057,75.007,0.2222222222222222,0.25,0.30707070707070705,0.2677777777777778,0.1909954717993887,-0.7159954717993944
2026,Canadian Grand Prix,Qualifying,qualifying,Haas F1 Team,OCO,75.3075,4,74.1815,20,10,-1.1260000000000048,75.007,0.2222222222222222,0.25,0.30707070707070705,0.2677777777777778,-0.06464507161486799,-1.061354928385137
2026,Canadian Grand Prix,Qualifying,qualifying,McLaren,NOR,72.734,3,74.1815,20,10,1.4475000000000051,72.8685,1.0,0.5,0.8033950617283951,0.7631944444444445,0.12450891586109554,1.3229910841389096
2026,Canadian Grand Prix,Qualifying,qualifying,McLaren,PIA,73.003,3,74.1815,20,10,1.1784999999999997,72.8685,1.0,0.5,0.8033950617283951,0.7631944444444445,0.03443707754662947,1.1440629224533703
2026,Canadian Grand Prix,Qualifying,qualifying,Mercedes,ANT,73.082,4,74.1815,20,10,1.0995000000000061,73.059,0.8888888888888888,0.875,0.908611111111111,0.9222222222222223,0.23237994816558635,0.8671200518344198
2026,Canadian Grand Prix,Qualifying,qualifying,Mercedes,RUS,73.036,4,74.1815,20,10,1.1454999999999984,73.059,0.8888888888888888,0.875,0.908611111111111,0.9222222222222223,0.45271685282537005,0.6927831471746284
2026,Canadian Grand Prix,Qualifying,qualifying,Racing Bulls,LAW,74.756,6,74.1815,20,10,-0.5745000000000005,74.3635,0.4444444444444444,,0.4382716049382716,,-0.24819032494534726,-0.3263096750546532
2026,Canadian Grand Prix,Qualifying,qualifying,Red Bull Racing,HAD,73.4135,4,74.1815,20,10,0.7680000000000007,73.452,0.6666666666666667,0.75,0.7416666666666667,0.7791666666666667,-0.14520422670120633,0.913204226701207
2026,Canadian Grand Prix,Qualifying,qualifying,Red Bull Racing,VER,73.4905,4,74.1815,20,10,0.6910000000000025,73.452,0.6666666666666667,0.75,0.7416666666666667,0.7791666666666667,0.44653785362151754,0.24446214637848496
2026,Canadian Grand Prix,Qualifying,qualifying,Williams,ALB,75.761,3,74.1815,20,10,-1.579499999999996,75.2535,0.11111111111111116,,0.2576388888888889,,0.4053446987189551,-1.984844698718951
2026,Canadian Grand Prix,Qualifying,qualifying,Williams,SAI,74.746,3,74.1815,20,10,-0.5644999999999953,75.2535,0.11111111111111116,,0.2576388888888889,,0.42089768077579187,-0.9853976807757872
2026,Canadian Grand Prix,Race,race,Alpine,COL,76.97200000000001,38,77.1165,18,9,0.14449999999999363,77.06875000000001,0.625,0.625,0.4638888888888889,0.4561111111111111,0.06255266167480363,0.08194733832519001
2026,Canadian Grand Prix,Race,race,Alpine,GAS,77.16550000000001,38,77.1165,18,9,-0.049000000000006594,77.06875000000001,0.625,0.625,0.4638888888888889,0.4561111111111111,0.03412313799982952,-0.08312313799983612
2026,Canadian Grand Prix,Race,race,Aston Martin,ALO,80.40350000000001,10,77.1165,18,9,-3.287000000000006,80.741,0.0,0.0,0.08472222222222223,0.0,0.016901313346079846,-3.303901313346086
2026,Canadian Grand Prix,Race,race,Aston Martin,STR,81.07849999999999,10,77.1165,18,9,-3.961999999999989,80.741,0.0,0.0,0.08472222222222223,0.0,-0.2745680106068059,-3.687431989393183
2026,Canadian Grand Prix,Race,race,Audi,BOR,77.483,31,77.1165,18,9,-0.36650000000000205,77.267,0.375,0.375,0.4302083333333333,0.46111111111111114,-0.23563312919797155,-0.1308668708020305
2026,Canadian Grand Prix,Race,race,Audi,HUL,77.051,31,77.1165,18,9,0.06550000000000011,77.267,0.375,0.375,0.4302083333333333,0.46111111111111114,-0.18641475160805335,0.25191475160805343
2026,Canadian Grand Prix,Race,race,Cadillac,BOT,79.511,16,77.1165,18,9,-2.3944999999999936,79.03825,0.125,0.125,0.03611111111111111,0.033333333333333326,0.10127365318653098,-2.4957736531865247
2026,Canadian Grand Prix,Race,race,Cadillac,PER,78.5655,16,77.1165,18,9,-1.448999999999998,79.03825,0.125,0.125,0.03611111111111111,0.033333333333333326,0.6328857924494375,-2.0818857924494356
2026,Canadian Grand Prix,Race,race,Ferrari,HAM,75.71100000000001,46,77.1165,18,9,1.4054999999999893,75.96675,1.0,1.0,0.8893939393939394,0.9166666666666666,-0.03013038881255811,1.4356303888125475
2026,Canadian Grand Prix,Race,race,Ferrari,LEC,76.2225,46,77.1165,18,9,0.8940000000000055,75.96675,1.0,1.0,0.8893939393939394,0.9166666666666666,0.1958228383996559,0.6981771616003496
2026,Canadian Grand Prix,Race,race,Haas F1 Team,BEA,77.554,22,77.1165,18,9,-0.4375,78.05475,0.25,0.25,0.30707070707070705,0.2677777777777778,0.0345295176463184,-0.4720295176463184
2026,Canadian Grand Prix,Race,race,Haas F1 Team,OCO,78.5555,22,77.1165,18,9,-1.438999999999993,78.05475,0.25,0.25,0.30707070707070705,0.2677777777777778,-0.12843307985374308,-1.31056692014625
2026,Canadian Grand Prix,Race,race,McLaren,NOR,77.0675,16,77.1165,18,9,0.049000000000006594,77.22725,0.5,0.5,0.8033950617283951,0.7631944444444445,0.2594772926936577,-0.21047729269365112
2026,Canadian Grand Prix,Race,race,McLaren,PIA,77.387,16,77.1165,18,9,-0.2704999999999984,77.22725,0.5,0.5,0.8033950617283951,0.7631944444444445,0.12747228817738215,-0.39797228817738056
2026,Canadian Grand Prix,Race,race,Mercedes,ANT,75.9435,22,77.1165,18,9,1.1730000000000018,76.066,0.875,0.875,0.908611111111111,0.9222222222222223,-0.24773778002094068,1.4207377800209424
2026,Canadian Grand Prix,Race,race,Mercedes,RUS,76.1885,22,77.1165,18,9,0.9279999999999973,76.066,0.875,0.875,0.908611111111111,0.9222222222222223,-0.09081960026679484,1.0188196002667922
2026,Canadian Grand Prix,Race,race,Red Bull Racing,HAD,76.342,38,77.1165,18,9,0.7745000000000033,76.2595,0.75,0.75,0.7416666666666667,0.7791666666666667,0.19209060622006915,0.5824093937799342
2026,Canadian Grand Prix,Race,race,Red Bull Racing,VER,76.177,38,77.1165,18,9,0.9394999999999953,76.2595,0.75,0.75,0.7416666666666667,0.7791666666666667,1.05349042621627,-0.11399042621627475
2026,Chinese Grand Prix,Qualifying,qualifying,Alpine,COL,94.011,4,93.9285,20,10,-0.08249999999999602,93.9285,0.4444444444444444,0.16666666666666663,0.4638888888888889,0.4842592592592592,-0.24517484313212232,0.1626748431321263
2026,Chinese Grand Prix,Qualifying,qualifying,Alpine,GAS,93.846,4,93.9285,20,10,0.08249999999999602,93.9285,0.4444444444444444,0.16666666666666663,0.4638888888888889,0.4842592592592592,-0.08121862419797127,0.1637186241979673
2026,Chinese Grand Prix,Qualifying,qualifying,Aston Martin,ALO,95.446,3,93.9285,20,10,-1.5174999999999983,95.929,0.0,,0.08472222222222223,,0.14345355062000661,-1.6609535506200048
2026,Chinese Grand Prix,Qualifying,qualifying,Aston Martin,STR,96.412,3,93.9285,20,10,-2.4835000000000065,95.929,0.0,,0.08472222222222223,,-0.11131040426236238,-2.372189595737644
2026,Chinese Grand Prix,Qualifying,qualifying,Audi,BOR,94.349,3,93.9285,20,10,-0.4205000000000041,94.2325,0.33333333333333337,,0.4302083333333333,,-0.5535069083600311,0.13300690836002704
2026,Chinese Grand Prix,Qualifying,qualifying,Audi,HUL,94.116,3,93.9285,20,10,-0.1875,94.2325,0.33333333333333337,,0.4302083333333333,,-0.46068755930034505,0.27318755930034505
2026,Chinese Grand Prix,Qualifying,qualifying,Ferrari,HAM,92.7005,4,93.9285,20,10,1.2279999999999944,92.6275,1.0,0.8333333333333334,0.8893939393939394,0.9305555555555557,0.3949955738094543,0.83300442619054
2026,Chinese Grand Prix,Qualifying,qualifying,Ferrari,LEC,92.5545,4,93.9285,20,10,1.3739999999999952,92.6275,1.0,0.8333333333333334,0.8893939393939394,0.9305555555555557,0.4980360426406395,0.8759639573593557
2026,Chinese Grand Prix,Qualifying,qualifying,Haas F1 Team,BEA,93.72149999999999,4,93.9285,20,10,0.20700000000000784,93.87125,0.5555555555555556,0.5,0.30707070707070705,0.26481481481481484,0.1909954717993887,0.01600452820061915
2026,Chinese Grand Prix,Qualifying,qualifying,Haas F1 Team,OCO,94.021,4,93.9285,20,10,-0.09250000000000114,93.87125,0.5555555555555556,0.5,0.30707070707070705,0.26481481481481484,-0.06464507161486799,-0.02785492838513315
2026,Chinese Grand Prix,Qualifying,qualifying,McLaren,NOR,92.8275,4,93.9285,20,10,1.100999999999999,92.83824999999999,0.7777777777777778,,0.8033950617283951,,0.12450891586109554,0.9764910841389035
2026,Chinese Grand Prix,Qualifying,qualifying,McLaren,PIA,92.84899999999999,4,93.9285,20,10,1.0795000000000101,92.83824999999999,0.7777777777777778,,0.8033950617283951,,0.03443707754662947,1.0450629224533807
2026,Chinese Grand Prix,Qualifying,qualifying,Mercedes,ANT,92.95,3,93.9285,20,10,0.9784999999999968,92.7365,0.8888888888888888,1.0,0.908611111111111,0.9127777777777778,0.23237994816558635,0.7461200518344104
2026,Chinese Grand Prix,Qualifying,qualifying,Mercedes,RUS,92.523,3,93.9285,20,10,1.4055000000000035,92.7365,0.8888888888888888,1.0,0.908611111111111,0.9127777777777778,0.45271685282537005,0.9527831471746335
2026,Chinese Grand Prix,Qualifying,qualifying,Racing Bulls,LAW,94.174,4,93.9285,20,10,-0.24550000000000693,94.32225,0.2222222222222222,0.33333333333333337,0.4382716049382716,0.4333333333333334,-0.24819032494534726,0.0026903249453403277
2026,Chinese Grand Prix,Qualifying,qualifying,Red Bull Racing,HAD,93.35300000000001,4,93.9285,20,10,0.575499999999991,93.24575,0.6666666666666667,0.6666666666666667,0.7416666666666667,0.7733333333333333,-0.14520422670120633,0.7207042267011974
2026,Chinese Grand Prix,Qualifying,qualifying,Red Bull Racing,VER,93.1385,4,93.9285,20,10,0.7900000000000063,93.24575,0.6666666666666667,0.6666666666666667,0.7416666666666667,0.7733333333333333,0.44653785362151754,0.3434621463784887
2026,Chinese Grand Prix,Qualifying,qualifying,Williams,ALB,95.145,3,93.9285,20,10,-1.2164999999999964,95.2485,0.11111111111111116,,0.2576388888888889,,0.4053446987189551,-1.6218446987189514
2026,Chinese Grand Prix,Qualifying,qualifying,Williams,SAI,95.352,3,93.9285,20,10,-1.4235000000000042,95.2485,0.11111111111111116,,0.2576388888888889,,0.42089768077579187,-1.844397680775796
2026,Chinese Grand Prix,Race,race,Alpine,COL,98.3095,22,97.942,14,7,-0.3675000000000068,98.28875,0.16666666666666663,0.16666666666666663,0.4638888888888889,0.4842592592592592,0.06255266167480363,-0.43005266167481043
2026,Chinese Grand Prix,Race,race,Alpine,GAS,98.268,22,97.942,14,7,-0.3260000000000076,98.28875,0.16666666666666663,0.16666666666666663,0.4638888888888889,0.4842592592592592,0.03412313799982952,-0.36012313799983714
2026,Chinese Grand Prix,Race,race,Cadillac,BOT,99.846,35,97.942,14,7,-1.9040000000000106,99.9115,0.0,0.0,0.03611111111111111,0.056249999999999994,0.10127365318653098,-2.0052736531865416
2026,Chinese Grand Prix,Race,race,Cadillac,PER,99.977,35,97.942,14,7,-2.035000000000011,99.9115,0.0,0.0,0.03611111111111111,0.056249999999999994,0.6328857924494375,-2.6678857924494483
2026,Chinese Grand Prix,Race,race,Ferrari,HAM,96.697,37,97.942,14,7,1.2449999999999903,96.74600000000001,0.8333333333333334,0.8333333333333334,0.8893939393939394,0.9305555555555557,-0.03013038881255811,1.2751303888125485
2026,Chinese Grand Prix,Race,race,Ferrari,LEC,96.795,37,97.942,14,7,1.1469999999999914,96.74600000000001,0.8333333333333334,0.8333333333333334,0.8893939393939394,0.9305555555555557,0.1958228383996559,0.9511771616003355
2026,Chinese Grand Prix,Race,race,Haas F1 Team,BEA,97.68,17,97.942,14,7,0.26199999999998624,98.19,0.5,0.5,0.30707070707070705,0.26481481481481484,0.0345295176463184,0.22747048235366785
2026,Chinese Grand Prix,Race,race,Haas F1 Team,OCO,98.7,17,97.942,14,7,-0.7580000000000098,98.19,0.5,0.5,0.30707070707070705,0.26481481481481484,-0.12843307985374308,-0.6295669201462667
2026,Chinese Grand Prix,Race,race,Mercedes,ANT,96.15450000000001,40,97.942,14,7,1.78749999999998,96.1695,1.0,1.0,0.908611111111111,0.9127777777777778,-0.24773778002094068,2.0352377800209207
2026,Chinese Grand Prix,Race,race,Mercedes,RUS,96.1845,40,97.942,14,7,1.7574999999999932,96.1695,1.0,1.0,0.908611111111111,0.9127777777777778,-0.09081960026679484,1.848319600266788
2026,Chinese Grand Prix,Race,race,Racing Bulls,LAW,97.9905,30,97.942,14,7,-0.048500000000004206,98.227,0.33333333333333337,0.33333333333333337,0.4382716049382716,0.4333333333333334,-0.0020845522345543707,-0.046415447765449834
2026,Chinese Grand Prix,Race,race,Red Bull Racing,HAD,97.89349999999999,18,97.942,14,7,0.048500000000004206,97.6505,0.6666666666666667,0.6666666666666667,0.7416666666666667,0.7733333333333333,0.19209060622006915,-0.14359060622006495
2026,Chinese Grand Prix,Race,race,Red Bull Racing,VER,97.4075,18,97.942,14,7,0.5344999999999942,97.6505,0.6666666666666667,0.6666666666666667,0.7416666666666667,0.7733333333333333,1.05349042621627,-0.5189904262162759
2026,Hungarian Grand Prix,Qualifying,qualifying,Alpine,COL,79.771,3,78.9505,18,9,-0.8204999999999956,79.756,0.25,0.30000000000000004,0.4638888888888889,0.43888888888888883,-0.24517484313212232,-0.5753251568678732
2026,Hungarian Grand Prix,Qualifying,qualifying,Alpine,GAS,79.741,3,78.9505,18,9,-0.7904999999999944,79.756,0.25,0.30000000000000004,0.4638888888888889,0.43888888888888883,-0.08121862419797127,-0.7092813758020231
2026,Hungarian Grand Prix,Qualifying,qualifying,Audi,BOR,79.105,3,78.9505,18,9,-0.15449999999999875,78.9505,0.5,0.6,0.4302083333333333,0.4438888888888889,-0.5535069083600311,0.3990069083600324
2026,Hungarian Grand Prix,Qualifying,qualifying,Audi,HUL,78.796,3,78.9505,18,9,0.15449999999999875,78.9505,0.5,0.6,0.4302083333333333,0.4438888888888889,-0.46068755930034505,0.6151875593003437
2026,Hungarian Grand Prix,Qualifying,qualifying,Cadillac,BOT,81.304,3,78.9505,18,9,-2.353499999999997,81.4855,0.0,0.0,0.03611111111111111,0.045,0.13799208001694666,-2.4914920800169433
2026,Hungarian Grand Prix,Qualifying,qualifying,Cadillac,PER,81.667,3,78.9505,18,9,-2.7164999999999964,81.4855,0.0,0.0,0.03611111111111111,0.045,0.050894241176247655,-2.767394241176244
2026,Hungarian Grand Prix,Qualifying,qualifying,Ferrari,HAM,77.931,3,78.9505,18,9,1.0195000000000078,77.77850000000001,0.875,0.9,0.8893939393939394,0.9166666666666667,0.3949955738094543,0.6245044261905535
2026,Hungarian Grand Prix,Qualifying,qualifying,Ferrari,LEC,77.626,3,78.9505,18,9,1.3245000000000005,77.77850000000001,0.875,0.9,0.8893939393939394,0.9166666666666667,0.4980360426406395,0.826463957359361
2026,Hungarian Grand Prix,Qualifying,qualifying,McLaren,NOR,77.456,3,78.9505,18,9,1.4945000000000022,77.69200000000001,1.0,1.0,0.8033950617283951,0.7105555555555556,0.12450891586109554,1.3699910841389067
2026,Hungarian Grand Prix,Qualifying,qualifying,McLaren,PIA,77.928,3,78.9505,18,9,1.022500000000008,77.69200000000001,1.0,1.0,0.8033950617283951,0.7105555555555556,0.03443707754662947,0.9880629224533785
2026,Hungarian Grand Prix,Qualifying,qualifying,Mercedes,ANT,78.4735,4,78.9505,18,9,0.47700000000000387,78.612,0.625,0.8,0.908611111111111,0.9273148148148148,0.23237994816558635,0.2446200518344175
2026,Hungarian Grand Prix,Qualifying,qualifying,Mercedes,RUS,78.75049999999999,4,78.9505,18,9,0.20000000000001705,78.612,0.625,0.8,0.908611111111111,0.9273148148148148,0.45271685282537005,-0.252716852825353
2026,Hungarian Grand Prix,Qualifying,qualifying,Racing Bulls,LAW,79.161,3,78.9505,18,9,-0.21049999999999613,79.197,0.375,0.5,0.4382716049382716,0.4166666666666667,-0.24819032494534726,0.03769032494535113
2026,Hungarian Grand Prix,Qualifying,qualifying,Red Bull Racing,HAD,77.872,3,78.9505,18,9,1.0785000000000053,78.06049999999999,0.75,0.7,0.7416666666666667,0.7555555555555555,-0.14520422670120633,1.2237042267012117
2026,Hungarian Grand Prix,Qualifying,qualifying,Red Bull Racing,VER,78.249,3,78.9505,18,9,0.70150000000001,78.06049999999999,0.75,0.7,0.7416666666666667,0.7555555555555555,0.44653785362151754,0.25496214637849246
2026,Hungarian Grand Prix,Qualifying,qualifying,Williams,ALB,80.783,3,78.9505,18,9,-1.832499999999996,81.0425,0.125,0.09999999999999998,0.2576388888888889,0.20694444444444446,0.4053446987189551,-2.237844698718951
2026,Hungarian Grand Prix,Qualifying,qualifying,Williams,SAI,81.302,3,78.9505,18,9,-2.3515000000000015,81.0425,0.125,0.09999999999999998,0.2576388888888889,0.20694444444444446,0.42089768077579187,-2.7723976807757933
2026,Hungarian Grand Prix,Race,race,Alpine,COL,87.138,37,86.6345,22,11,-0.5035000000000025,86.947,0.30000000000000004,0.30000000000000004,0.4638888888888889,0.43888888888888883,0.06255266167480363,-0.5660526616748062
2026,Hungarian Grand Prix,Race,race,Alpine,GAS,86.756,37,86.6345,22,11,-0.1214999999999975,86.947,0.30000000000000004,0.30000000000000004,0.4638888888888889,0.43888888888888883,0.03412313799982952,-0.15562313799982702
2026,Hungarian Grand Prix,Race,race,Aston Martin,ALO,87.495,37,86.6345,22,11,-0.8605000000000018,86.653,0.4,0.4,0.08472222222222223,0.0,0.016901313346079846,-0.8774013133460816
2026,Hungarian Grand Prix,Race,race,Aston Martin,STR,85.811,37,86.6345,22,11,0.8234999999999957,86.653,0.4,0.4,0.08472222222222223,0.0,-0.2745680106068059,1.0980680106068017
2026,Hungarian Grand Prix,Race,race,Audi,BOR,86.927,33,86.6345,22,11,-0.292500000000004,86.4805,0.6,0.6,0.4302083333333333,0.4438888888888889,-0.23563312919797155,-0.056866870802032427
2026,Hungarian Grand Prix,Race,race,Audi,HUL,86.034,33,86.6345,22,11,0.6004999999999967,86.4805,0.6,0.6,0.4302083333333333,0.4438888888888889,-0.18641475160805335,0.78691475160805
2026,Hungarian Grand Prix,Race,race,Cadillac,BOT,88.935,11,86.6345,22,11,-2.3004999999999995,89.09,0.0,0.0,0.03611111111111111,0.045,0.10127365318653098,-2.4017736531865306
2026,Hungarian Grand Prix,Race,race,Cadillac,PER,89.245,11,86.6345,22,11,-2.610500000000002,89.09,0.0,0.0,0.03611111111111111,0.045,0.6328857924494375,-3.2433857924494394
2026,Hungarian Grand Prix,Race,race,Ferrari,HAM,85.00049999999999,48,86.6345,22,11,1.6340000000000146,84.97375,0.9,0.9,0.8893939393939394,0.9166666666666667,-0.03013038881255811,1.6641303888125727
2026,Hungarian Grand Prix,Race,race,Ferrari,LEC,84.947,48,86.6345,22,11,1.6875,84.97375,0.9,0.9,0.8893939393939394,0.9166666666666667,0.1958228383996559,1.4916771616003441
2026,Hungarian Grand Prix,Race,race,Haas F1 Team,BEA,87.95400000000001,40,86.6345,22,11,-1.319500000000005,87.6515,0.19999999999999996,0.19999999999999996,0.30707070707070705,0.2984126984126984,0.0345295176463184,-1.3540295176463233
2026,Hungarian Grand Prix,Race,race,Haas F1 Team,OCO,87.349,40,86.6345,22,11,-0.714500000000001,87.6515,0.19999999999999996,0.19999999999999996,0.30707070707070705,0.2984126984126984,-0.12843307985374308,-0.5860669201462579
2026,Hungarian Grand Prix,Race,race,McLaren,NOR,84.973,39,86.6345,22,11,1.6615000000000038,84.965,1.0,1.0,0.8033950617283951,0.7105555555555556,0.2594772926936577,1.402022707306346
2026,Hungarian Grand Prix,Race,race,McLaren,PIA,84.957,39,86.6345,22,11,1.677500000000009,84.965,1.0,1.0,0.8033950617283951,0.7105555555555556,0.12747228817738215,1.5500277118226269
2026,Hungarian Grand Prix,Race,race,Mercedes,ANT,85.139,43,86.6345,22,11,1.495500000000007,85.1125,0.8,0.8,0.908611111111111,0.9273148148148148,-0.24773778002094068,1.7432377800209475
2026,Hungarian Grand Prix,Race,race,Mercedes,RUS,85.086,43,86.6345,22,11,1.5485000000000042,85.1125,0.8,0.8,0.908611111111111,0.9273148148148148,-0.09081960026679484,1.6393196002667991
2026,Hungarian Grand Prix,Race,race,Racing Bulls,LAW,86.521,29,86.6345,22,11,0.11350000000000193,86.6345,0.5,0.5,0.4382716049382716,0.4166666666666667,-0.0020845522345543707,0.1155845522345563
2026,Hungarian Grand Prix,Race,race,Red Bull Racing,HAD,85.5675,32,86.6345,22,11,1.0670000000000073,85.50125,0.7,0.7,0.7416666666666667,0.7555555555555555,0.19209060622006915,0.8749093937799381
2026,Hungarian Grand Prix,Race,race,Red Bull Racing,VER,85.435,32,86.6345,22,11,1.1995000000000005,85.50125,0.7,0.7,0.7416666666666667,0.7555555555555555,1.05349042621627,0.14600957378373036
2026,Hungarian Grand Prix,Race,race,Williams,ALB,88.2205,28,86.6345,22,11,-1.5859999999999985,88.0985,0.09999999999999998,0.09999999999999998,0.2576388888888889,0.20694444444444446,0.26859346837757936,-1.854593468377578
2026,Hungarian Grand Prix,Race,race,Williams,SAI,87.9765,28,86.6345,22,11,-1.3419999999999987,88.0985,0.09999999999999998,0.09999999999999998,0.2576388888888889,0.20694444444444446,0.13770117581501623,-1.479701175815015
2026,Japanese Grand Prix,Qualifying,qualifying,Alpine,COL,90.904,4,90.47075000000001,20,10,-0.4332499999999868,90.6285,0.4444444444444444,0.6,0.4638888888888889,0.4215277777777778,-0.24517484313212232,-0.1880751568678645
2026,Japanese Grand Prix,Qualifying,qualifying,Alpine,GAS,90.35300000000001,4,90.47075000000001,20,10,0.11775000000000091,90.6285,0.4444444444444444,0.6,0.4638888888888889,0.4215277777777778,-0.08121862419797127,0.19896862419797218
2026,Japanese Grand Prix,Qualifying,qualifying,Aston Martin,ALO,93.392,3,90.47075000000001,20,10,-2.9212499999999864,93.3625,0.0,0.0,0.08472222222222223,0.08,0.14345355062000661,-3.064703550619993
2026,Japanese Grand Prix,Qualifying,qualifying,Aston Martin,STR,93.333,3,90.47075000000001,20,10,-2.862249999999989,93.3625,0.0,0.0,0.08472222222222223,0.08,-0.11131040426236238,-2.7509395957376266
2026,Japanese Grand Prix,Qualifying,qualifying,Audi,BOR,90.359,5,90.47075000000001,20,10,0.11175000000001489,90.38550000000001,0.6666666666666667,0.4,0.4302083333333333,0.46990740740740744,-0.5535069083600311,0.665256908360046
2026,Japanese Grand Prix,Qualifying,qualifying,Audi,HUL,90.412,5,90.47075000000001,20,10,0.05875000000000341,90.38550000000001,0.6666666666666667,0.4,0.4302083333333333,0.46990740740740744,-0.46068755930034505,0.5194375593003484
2026,Japanese Grand Prix,Qualifying,qualifying,Ferrari,HAM,89.8025,4,90.47075000000001,20,10,0.6682500000000147,89.61099999999999,0.7777777777777778,0.8,0.8893939393939394,0.9145833333333333,0.3949955738094543,0.27325442619056034
2026,Japanese Grand Prix,Qualifying,qualifying,Ferrari,LEC,89.4195,4,90.47075000000001,20,10,1.0512500000000102,89.61099999999999,0.7777777777777778,0.8,0.8893939393939394,0.9145833333333333,0.4980360426406395,0.5532139573593707
2026,Japanese Grand Prix,Qualifying,qualifying,Haas F1 Team,BEA,91.421,3,90.47075000000001,20,10,-0.9502499999999969,91.30850000000001,0.2222222222222222,0.19999999999999996,0.30707070707070705,0.2861111111111111,0.1909954717993887,-1.1412454717993856
2026,Japanese Grand Prix,Qualifying,qualifying,Haas F1 Team,OCO,91.196,3,90.47075000000001,20,10,-0.7252499999999884,91.30850000000001,0.2222222222222222,0.19999999999999996,0.30707070707070705,0.2861111111111111,-0.06464507161486799,-0.6606049283851204
2026,Japanese Grand Prix,Qualifying,qualifying,McLaren,NOR,89.77600000000001,4,90.47075000000001,20,10,0.6947499999999991,89.55025,0.8888888888888888,0.9,0.8033950617283951,0.7587962962962963,0.12450891586109554,0.5702410841389035
2026,Japanese Grand Prix,Qualifying,qualifying,McLaren,PIA,89.3245,4,90.47075000000001,20,10,1.146250000000009,89.55025,0.8888888888888888,0.9,0.8033950617283951,0.7587962962962963,0.03443707754662947,1.1118129224533797
2026,Japanese Grand Prix,Qualifying,qualifying,Mercedes,ANT,88.9435,4,90.47075000000001,20,10,1.5272500000000093,89.21225,1.0,1.0,0.908611111111111,0.9091269841269841,0.23237994816558635,1.294870051834423
2026,Japanese Grand Prix,Qualifying,qualifying,Mercedes,RUS,89.481,4,90.47075000000001,20,10,0.989750000000015,89.21225,1.0,1.0,0.908611111111111,0.9091269841269841,0.45271685282537005,0.537033147174645
2026,Japanese Grand Prix,Qualifying,qualifying,Racing Bulls,LAW,90.8305,4,90.47075000000001,20,10,-0.35974999999999113,90.83875,0.33333333333333337,0.5,0.4382716049382716,0.42857142857142855,-0.24819032494534726,-0.11155967505464387
2026,Japanese Grand Prix,Qualifying,qualifying,Red Bull Racing,HAD,90.5005,4,90.47075000000001,20,10,-0.029749999999992838,90.47075000000001,0.5555555555555556,0.7,0.7416666666666667,0.7476190476190476,-0.14520422670120633,0.1154542267012135
2026,Japanese Grand Prix,Qualifying,qualifying,Red Bull Racing,VER,90.441,4,90.47075000000001,20,10,0.02975000000000705,90.47075000000001,0.5555555555555556,0.7,0.7416666666666667,0.7476190476190476,0.44653785362151754,-0.4167878536215105
2026,Japanese Grand Prix,Qualifying,qualifying,Williams,ALB,91.51,3,90.47075000000001,20,10,-1.0392499999999956,91.593,0.11111111111111116,0.30000000000000004,0.2576388888888889,0.18555555555555556,0.4053446987189551,-1.4445946987189506
2026,Japanese Grand Prix,Qualifying,qualifying,Williams,SAI,91.676,3,90.47075000000001,20,10,-1.2052499999999924,91.593,0.11111111111111116,0.30000000000000004,0.2576388888888889,0.18555555555555556,0.42089768077579187,-1.6261476807757842
2026,Japanese Grand Prix,Race,race,Alpine,COL,95.46000000000001,28,95.41300000000001,22,11,-0.046999999999997044,94.86775,0.6,0.6,0.4638888888888889,0.4215277777777778,0.06255266167480363,-0.10955266167480067
2026,Japanese Grand Prix,Race,race,Alpine,GAS,94.2755,28,95.41300000000001,22,11,1.137500000000017,94.86775,0.6,0.6,0.4638888888888889,0.4215277777777778,0.03412313799982952,1.1033768620001876
2026,Japanese Grand Prix,Race,race,Aston Martin,ALO,98.501,19,95.41300000000001,22,11,-3.087999999999994,98.4535,0.0,0.0,0.08472222222222223,0.08,0.016901313346079846,-3.104901313346074
2026,Japanese Grand Prix,Race,race,Aston Martin,STR,98.406,19,95.41300000000001,22,11,-2.992999999999995,98.4535,0.0,0.0,0.08472222222222223,0.08,-0.2745680106068059,-2.718431989393189
2026,Japanese Grand Prix,Race,race,Audi,BOR,95.6455,38,95.41300000000001,22,11,-0.2324999999999875,95.556,0.4,0.4,0.4302083333333333,0.46990740740740744,-0.23563312919797155,0.003133129197984058
2026,Japanese Grand Prix,Race,race,Audi,HUL,95.4665,38,95.41300000000001,22,11,-0.05349999999998545,95.556,0.4,0.4,0.4302083333333333,0.46990740740740744,-0.18641475160805335,0.1329147516080679
2026,Japanese Grand Prix,Race,race,Cadillac,BOT,97.369,19,95.41300000000001,22,11,-1.9559999999999889,97.57900000000001,0.09999999999999998,0.09999999999999998,0.03611111111111111,0.0375,0.10127365318653098,-2.05727365318652
2026,Japanese Grand Prix,Race,race,Cadillac,PER,97.789,19,95.41300000000001,22,11,-2.3759999999999906,97.57900000000001,0.09999999999999998,0.09999999999999998,0.03611111111111111,0.0375,0.6328857924494375,-3.008885792449428
2026,Japanese Grand Prix,Race,race,Ferrari,HAM,94.193,27,95.41300000000001,22,11,1.220000000000013,94.054,0.8,0.8,0.8893939393939394,0.9145833333333333,-0.03013038881255811,1.2501303888125712
2026,Japanese Grand Prix,Race,race,Ferrari,LEC,93.915,27,95.41300000000001,22,11,1.4980000000000047,94.054,0.8,0.8,0.8893939393939394,0.9145833333333333,0.1958228383996559,1.3021771616003488
2026,Japanese Grand Prix,Race,race,Haas F1 Team,BEA,96.7135,12,95.41300000000001,22,11,-1.3004999999999853,96.6425,0.19999999999999996,0.19999999999999996,0.30707070707070705,0.2861111111111111,0.0345295176463184,-1.3350295176463036
2026,Japanese Grand Prix,Race,race,Haas F1 Team,OCO,96.5715,12,95.41300000000001,22,11,-1.1584999999999894,96.6425,0.19999999999999996,0.19999999999999996,0.30707070707070705,0.2861111111111111,-0.12843307985374308,-1.0300669201462465
2026,Japanese Grand Prix,Race,race,McLaren,NOR,93.927,33,95.41300000000001,22,11,1.4860000000000042,93.766,0.9,0.9,0.8033950617283951,0.7587962962962963,0.2594772926936577,1.2265227073063465
2026,Japanese Grand Prix,Race,race,McLaren,PIA,93.605,33,95.41300000000001,22,11,1.808000000000007,93.766,0.9,0.9,0.8033950617283951,0.7587962962962963,0.12747228817738215,1.6805277118226247
2026,Japanese Grand Prix,Race,race,Mercedes,ANT,93.2345,38,95.41300000000001,22,11,2.178500000000014,93.64699999999999,1.0,1.0,0.908611111111111,0.9091269841269841,-0.24773778002094068,2.4262377800209545
2026,Japanese Grand Prix,Race,race,Mercedes,RUS,94.0595,38,95.41300000000001,22,11,1.353500000000011,93.64699999999999,1.0,1.0,0.908611111111111,0.9091269841269841,-0.09081960026679484,1.444319600266806
2026,Japanese Grand Prix,Race,race,Racing Bulls,LAW,94.926,29,95.41300000000001,22,11,0.487000000000009,95.043,0.5,0.5,0.4382716049382716,0.42857142857142855,-0.0020845522345543707,0.4890845522345634
2026,Japanese Grand Prix,Race,race,Red Bull Racing,HAD,95.366,31,95.41300000000001,22,11,0.047000000000011255,94.7565,0.7,0.7,0.7416666666666667,0.7476190476190476,0.19209060622006915,-0.1450906062200579
2026,Japanese Grand Prix,Race,race,Red Bull Racing,VER,94.147,31,95.41300000000001,22,11,1.2660000000000053,94.7565,0.7,0.7,0.7416666666666667,0.7476190476190476,1.05349042621627,0.21250957378373525
2026,Japanese Grand Prix,Race,race,Williams,ALB,96.592,27,95.41300000000001,22,11,-1.1789999999999878,96.526,0.30000000000000004,0.30000000000000004,0.2576388888888889,0.18555555555555556,0.26859346837757936,-1.4475934683775673
2026,Japanese Grand Prix,Race,race,Williams,SAI,96.46,27,95.41300000000001,22,11,-1.0469999999999828,96.526,0.30000000000000004,0.30000000000000004,0.2576388888888889,0.18555555555555556,0.13770117581501623,-1.184701175814999
2026,Miami Grand Prix,Qualifying,qualifying,Alpine,COL,88.975,3,88.84925,14,7,-0.12574999999999648,89.0225,0.33333333333333337,,0.4638888888888889,,-0.24517484313212232,0.11942484313212584
2026,Miami Grand Prix,Qualifying,qualifying,Alpine,GAS,89.07,3,88.84925,14,7,-0.22074999999999534,89.0225,0.33333333333333337,,0.4638888888888889,,-0.08121862419797127,-0.13953137580202407
2026,Miami Grand Prix,Qualifying,qualifying,Ferrari,HAM,88.4265,4,88.84925,14,7,0.4227499999999935,88.34275,1.0,0.6666666666666667,0.8893939393939394,0.9018518518518519,0.3949955738094543,0.027754426190539194
2026,Miami Grand Prix,Qualifying,qualifying,Ferrari,LEC,88.259,4,88.84925,14,7,0.5902499999999975,88.34275,1.0,0.6666666666666667,0.8893939393939394,0.9018518518518519,0.4980360426406395,0.092213957359358
2026,Miami Grand Prix,Qualifying,qualifying,Haas F1 Team,BEA,89.7945,4,88.84925,14,7,-0.9452500000000015,89.94825,0.16666666666666663,0.33333333333333337,0.30707070707070705,0.27654320987654324,0.1909954717993887,-1.1362454717993902
2026,Miami Grand Prix,Qualifying,qualifying,Haas F1 Team,OCO,90.102,4,88.84925,14,7,-1.252750000000006,89.94825,0.16666666666666663,0.33333333333333337,0.30707070707070705,0.27654320987654324,-0.06464507161486799,-1.1881049283851381
2026,Miami Grand Prix,Qualifying,qualifying,McLaren,NOR,88.7235,4,88.84925,14,7,0.12574999999999648,88.6585,0.5,1.0,0.8033950617283951,0.778968253968254,0.12450891586109554,0.0012410841389009358
2026,Miami Grand Prix,Qualifying,qualifying,McLaren,PIA,88.5935,4,88.84925,14,7,0.25574999999999193,88.6585,0.5,1.0,0.8033950617283951,0.778968253968254,0.03443707754662947,0.22131292245336245
2026,Miami Grand Prix,Qualifying,qualifying,Mercedes,ANT,88.289,3,88.84925,14,7,0.5602499999999964,88.38300000000001,0.8333333333333334,0.8333333333333334,0.908611111111111,0.9204861111111111,0.23237994816558635,0.32787005183441
2026,Miami Grand Prix,Qualifying,qualifying,Mercedes,RUS,88.477,3,88.84925,14,7,0.372249999999994,88.38300000000001,0.8333333333333334,0.8333333333333334,0.908611111111111,0.9204861111111111,0.45271685282537005,-0.08046685282537608
2026,Miami Grand Prix,Qualifying,qualifying,Red Bull Racing,HAD,89.1,4,88.84925,14,7,-0.2507499999999965,88.62424999999999,0.6666666666666667,,0.7416666666666667,,-0.14520422670120633,-0.10554577329879014
2026,Miami Grand Prix,Qualifying,qualifying,Red Bull Racing,VER,88.1485,4,88.84925,14,7,0.7007499999999993,88.62424999999999,0.6666666666666667,,0.7416666666666667,,0.44653785362151754,0.2542121463784818
2026,Miami Grand Prix,Qualifying,qualifying,Williams,ALB,90.0375,4,88.84925,14,7,-1.1882499999999965,90.12725,0.0,0.5,0.2576388888888889,0.20462962962962963,0.4053446987189551,-1.5935946987189515
2026,Miami Grand Prix,Qualifying,qualifying,Williams,SAI,90.217,4,88.84925,14,7,-1.367750000000001,90.12725,0.0,0.5,0.2576388888888889,0.20462962962962963,0.42089768077579187,-1.7886476807757927
2026,Miami Grand Prix,Race,race,Aston Martin,ALO,96.206,20,94.229,14,7,-1.9770000000000039,96.217,0.16666666666666663,0.16666666666666663,0.08472222222222223,0.06666666666666667,0.016901313346079846,-1.9939013133460837
2026,Miami Grand Prix,Race,race,Aston Martin,STR,96.228,20,94.229,14,7,-1.9989999999999952,96.217,0.16666666666666663,0.16666666666666663,0.08472222222222223,0.06666666666666667,-0.2745680106068059,-1.7244319893931892
2026,Miami Grand Prix,Race,race,Cadillac,BOT,97.674,10,94.229,14,7,-3.4450000000000074,97.10650000000001,0.0,0.0,0.03611111111111111,0.04642857142857142,0.10127365318653098,-3.5462736531865384
2026,Miami Grand Prix,Race,race,Cadillac,PER,96.539,10,94.229,14,7,-2.3100000000000023,97.10650000000001,0.0,0.0,0.03611111111111111,0.04642857142857142,0.6328857924494375,-2.94288579244944
2026,Miami Grand Prix,Race,race,Ferrari,HAM,93.451,29,94.229,14,7,0.7780000000000058,93.2435,0.6666666666666667,0.6666666666666667,0.8893939393939394,0.9018518518518519,-0.03013038881255811,0.8081303888125639
2026,Miami Grand Prix,Race,race,Ferrari,LEC,93.036,29,94.229,14,7,1.1929999999999978,93.2435,0.6666666666666667,0.6666666666666667,0.8893939393939394,0.9018518518518519,0.1958228383996559,0.997177161600342
2026,Miami Grand Prix,Race,race,Haas F1 Team,BEA,94.4425,32,94.229,14,7,-0.21349999999999625,94.5165,0.33333333333333337,0.33333333333333337,0.30707070707070705,0.27654320987654324,0.0345295176463184,-0.24802951764631465
2026,Miami Grand Prix,Race,race,Haas F1 Team,OCO,94.59049999999999,32,94.229,14,7,-0.3614999999999924,94.5165,0.33333333333333337,0.33333333333333337,0.30707070707070705,0.27654320987654324,-0.12843307985374308,-0.2330669201462493
2026,Miami Grand Prix,Race,race,McLaren,NOR,92.64,35,94.229,14,7,1.5889999999999986,92.738,1.0,1.0,0.8033950617283951,0.778968253968254,0.2594772926936577,1.329522707306341
2026,Miami Grand Prix,Race,race,McLaren,PIA,92.836,35,94.229,14,7,1.3930000000000007,92.738,1.0,1.0,0.8033950617283951,0.778968253968254,0.12747228817738215,1.2655277118226185
2026,Miami Grand Prix,Race,race,Mercedes,ANT,92.4205,32,94.229,14,7,1.8084999999999951,92.89750000000001,0.8333333333333334,0.8333333333333334,0.908611111111111,0.9204861111111111,-0.24773778002094068,2.0562377800209357
2026,Miami Grand Prix,Race,race,Mercedes,RUS,93.3745,32,94.229,14,7,0.8545000000000016,92.89750000000001,0.8333333333333334,0.8333333333333334,0.908611111111111,0.9204861111111111,-0.09081960026679484,0.9453196002667964
2026,Miami Grand Prix,Race,race,Williams,ALB,94.356,37,94.229,14,7,-0.12699999999999534,94.229,0.5,0.5,0.2576388888888889,0.20462962962962963,0.26859346837757936,-0.3955934683775747
2026,Miami Grand Prix,Race,race,Williams,SAI,94.102,37,94.229,14,7,0.12699999999999534,94.229,0.5,0.5,0.2576388888888889,0.20462962962962963,0.13770117581501623,-0.010701175815020891
2026,Monaco Grand Prix,Qualifying,qualifying,Alpine,COL,74.316,4,74.25175,22,11,-0.06425000000000125,74.25175,0.4,0.6666666666666667,0.4638888888888889,0.44135802469135804,-0.24517484313212232,0.18092484313212107
2026,Monaco Grand Prix,Qualifying,qualifying,Alpine,GAS,74.1875,4,74.25175,22,11,0.06425000000000125,74.25175,0.4,0.6666666666666667,0.4638888888888889,0.44135802469135804,-0.08121862419797127,0.14546862419797252
2026,Monaco Grand Prix,Qualifying,qualifying,Aston Martin,ALO,76.03,3,74.25175,22,11,-1.7782499999999999,76.4975,0.09999999999999998,0.11111111111111116,0.08472222222222223,0.08095238095238096,0.14345355062000661,-1.9217035506200064
2026,Monaco Grand Prix,Qualifying,qualifying,Aston Martin,STR,76.965,3,74.25175,22,11,-2.713250000000002,76.4975,0.09999999999999998,0.11111111111111116,0.08472222222222223,0.08095238095238096,-0.11131040426236238,-2.60193959573764
2026,Monaco Grand Prix,Qualifying,qualifying,Audi,BOR,75.11,3,74.25175,22,11,-0.8582499999999982,75.2435,0.19999999999999996,0.2222222222222222,0.4302083333333333,0.45992063492063495,-0.5535069083600311,-0.30474309163996705
2026,Monaco Grand Prix,Qualifying,qualifying,Audi,HUL,75.377,3,74.25175,22,11,-1.125249999999994,75.2435,0.19999999999999996,0.2222222222222222,0.4302083333333333,0.45992063492063495,-0.46068755930034505,-0.6645624406996491
2026,Monaco Grand Prix,Qualifying,qualifying,Cadillac,BOT,76.372,3,74.25175,22,11,-2.1202499999999986,76.5575,0.0,0.0,0.03611111111111111,0.040624999999999994,0.13799208001694666,-2.258242080016945
2026,Monaco Grand Prix,Qualifying,qualifying,Cadillac,PER,76.743,3,74.25175,22,11,-2.4912499999999937,76.5575,0.0,0.0,0.03611111111111111,0.040624999999999994,0.050894241176247655,-2.5421442411762416
2026,Monaco Grand Prix,Qualifying,qualifying,Ferrari,HAM,72.7435,4,74.25175,22,11,1.5082500000000039,73.76925,0.7,1.0,0.8893939393939394,0.8783333333333333,0.3949955738094543,1.1132544261905495
2026,Monaco Grand Prix,Qualifying,qualifying,Ferrari,LEC,74.795,4,74.25175,22,11,-0.5432500000000005,73.76925,0.7,1.0,0.8893939393939394,0.8783333333333333,0.4980360426406395,-1.0412860426406398
2026,Monaco Grand Prix,Qualifying,qualifying,Haas F1 Team,BEA,75.1255,4,74.25175,22,11,-0.8737500000000011,75.15925000000001,0.30000000000000004,0.5555555555555556,0.30707070707070705,0.2822222222222222,0.1909954717993887,-1.0647454717993898
2026,Monaco Grand Prix,Qualifying,qualifying,Haas F1 Team,OCO,75.19300000000001,4,74.25175,22,11,-0.9412500000000108,75.15925000000001,0.30000000000000004,0.5555555555555556,0.30707070707070705,0.2822222222222222,-0.06464507161486799,-0.8766049283851428
2026,Monaco Grand Prix,Qualifying,qualifying,McLaren,NOR,72.94749999999999,4,74.25175,22,11,1.3042500000000103,72.972,0.9,0.7777777777777778,0.8033950617283951,0.8065972222222222,0.12450891586109554,1.1797410841389149
2026,Monaco Grand Prix,Qualifying,qualifying,McLaren,PIA,72.9965,4,74.25175,22,11,1.2552500000000038,72.972,0.9,0.7777777777777778,0.8033950617283951,0.8065972222222222,0.03443707754662947,1.2208129224533744
2026,Monaco Grand Prix,Qualifying,qualifying,Mercedes,ANT,72.753,5,74.25175,22,11,1.4987500000000011,72.99549999999999,0.8,0.8888888888888888,0.908611111111111,0.9108024691358025,0.23237994816558635,1.2663700518344148
2026,Monaco Grand Prix,Qualifying,qualifying,Mercedes,RUS,73.238,5,74.25175,22,11,1.0137500000000017,72.99549999999999,0.8,0.8888888888888888,0.908611111111111,0.9108024691358025,0.45271685282537005,0.5610331471746317
2026,Monaco Grand Prix,Qualifying,qualifying,Racing Bulls,LAW,73.827,3,74.25175,22,11,0.42475000000000307,74.09100000000001,0.5,0.4444444444444444,0.4382716049382716,0.4375,-0.24819032494534726,0.6729403249453503
2026,Monaco Grand Prix,Qualifying,qualifying,Red Bull Racing,HAD,72.8035,4,74.25175,22,11,1.4482500000000016,72.70575,1.0,,0.7416666666666667,,-0.14520422670120633,1.593454226701208
2026,Monaco Grand Prix,Qualifying,qualifying,Red Bull Racing,VER,72.608,4,74.25175,22,11,1.6437499999999972,72.70575,1.0,,0.7416666666666667,,0.44653785362151754,1.1972121463784795
2026,Monaco Grand Prix,Qualifying,qualifying,Williams,ALB,74.136,3,74.25175,22,11,0.11575000000000557,74.036,0.6,0.33333333333333337,0.2576388888888889,0.24682539682539684,0.4053446987189551,-0.28959469871894955
2026,Monaco Grand Prix,Qualifying,qualifying,Williams,SAI,73.936,3,74.25175,22,11,0.3157499999999942,74.036,0.6,0.33333333333333337,0.2576388888888889,0.24682539682539684,0.42089768077579187,-0.10514768077579767
2026,Monaco Grand Prix,Race,race,Alpine,COL,79.121,47,78.87049999999999,20,10,-0.2505000000000024,78.713,0.6666666666666667,0.6666666666666667,0.4638888888888889,0.44135802469135804,0.06255266167480363,-0.313052661674806
2026,Monaco Grand Prix,Race,race,Alpine,GAS,78.305,47,78.87049999999999,20,10,0.5654999999999859,78.713,0.6666666666666667,0.6666666666666667,0.4638888888888889,0.44135802469135804,0.03412313799982952,0.5313768620001564
2026,Monaco Grand Prix,Race,race,Aston Martin,ALO,79.213,37,78.87049999999999,20,10,-0.34250000000000114,79.216,0.11111111111111116,0.11111111111111116,0.08472222222222223,0.08095238095238096,0.016901313346079846,-0.359401313346081
2026,Monaco Grand Prix,Race,race,Aston Martin,STR,79.219,37,78.87049999999999,20,10,-0.34850000000000136,79.216,0.11111111111111116,0.11111111111111116,0.08472222222222223,0.08095238095238096,-0.2745680106068059,-0.07393198939319545
2026,Monaco Grand Prix,Race,race,Audi,BOR,78.553,47,78.87049999999999,20,10,0.31749999999999545,79.1515,0.2222222222222222,0.2222222222222222,0.4302083333333333,0.45992063492063495,-0.23563312919797155,0.553133129197967
2026,Monaco Grand Prix,Race,race,Audi,HUL,79.75,47,78.87049999999999,20,10,-0.8795000000000073,79.1515,0.2222222222222222,0.2222222222222222,0.4302083333333333,0.45992063492063495,-0.18641475160805335,-0.693085248391954
2026,Monaco Grand Prix,Race,race,Cadillac,BOT,81.0855,10,78.87049999999999,20,10,-2.2150000000000034,80.0575,0.0,0.0,0.03611111111111111,0.040624999999999994,0.10127365318653098,-2.3162736531865344
2026,Monaco Grand Prix,Race,race,Cadillac,PER,79.02950000000001,10,78.87049999999999,20,10,-0.15900000000002024,80.0575,0.0,0.0,0.03611111111111111,0.040624999999999994,0.6328857924494375,-0.7918857924494578
2026,Monaco Grand Prix,Race,race,Ferrari,HAM,77.058,41,78.87049999999999,20,10,1.8124999999999858,77.0065,1.0,1.0,0.8893939393939394,0.8783333333333333,-0.03013038881255811,1.842630388812544
2026,Monaco Grand Prix,Race,race,Ferrari,LEC,76.955,41,78.87049999999999,20,10,1.9154999999999944,77.0065,1.0,1.0,0.8893939393939394,0.8783333333333333,0.1958228383996559,1.7196771616003386
2026,Monaco Grand Prix,Race,race,Haas F1 Team,BEA,79.542,23,78.87049999999999,20,10,-0.6715000000000089,78.798,0.5555555555555556,0.5555555555555556,0.30707070707070705,0.2822222222222222,0.0345295176463184,-0.7060295176463273
2026,Monaco Grand Prix,Race,race,Haas F1 Team,OCO,78.054,23,78.87049999999999,20,10,0.8164999999999907,78.798,0.5555555555555556,0.5555555555555556,0.30707070707070705,0.2822222222222222,-0.12843307985374308,0.9449330798537338
2026,Monaco Grand Prix,Race,race,McLaren,NOR,78.3835,36,78.87049999999999,20,10,0.48699999999999477,78.336,0.7777777777777778,0.7777777777777778,0.8033950617283951,0.8065972222222222,0.2594772926936577,0.22752270730633706
2026,Monaco Grand Prix,Race,race,McLaren,PIA,78.2885,36,78.87049999999999,20,10,0.5819999999999936,78.336,0.7777777777777778,0.7777777777777778,0.8033950617283951,0.8065972222222222,0.12747228817738215,0.4545277118226115
2026,Monaco Grand Prix,Race,race,Mercedes,ANT,76.661,45,78.87049999999999,20,10,2.2094999999999914,77.27600000000001,0.8888888888888888,0.8888888888888888,0.908611111111111,0.9108024691358025,-0.24773778002094068,2.457237780020932
2026,Monaco Grand Prix,Race,race,Mercedes,RUS,77.891,45,78.87049999999999,20,10,0.9794999999999874,77.27600000000001,0.8888888888888888,0.8888888888888888,0.908611111111111,0.9108024691358025,-0.09081960026679484,1.0703196002667823
2026,Monaco Grand Prix,Race,race,Racing Bulls,LAW,78.744,37,78.87049999999999,20,10,0.12649999999999295,78.8955,0.4444444444444444,0.4444444444444444,0.4382716049382716,0.4375,-0.0020845522345543707,0.12858455223454732
2026,Monaco Grand Prix,Race,race,Williams,ALB,78.997,31,78.87049999999999,20,10,-0.12650000000000716,79.012,0.33333333333333337,0.33333333333333337,0.2576388888888889,0.24682539682539684,0.26859346837757936,-0.3950934683775865
2026,Monaco Grand Prix,Race,race,Williams,SAI,79.027,31,78.87049999999999,20,10,-0.1565000000000083,79.012,0.33333333333333337,0.33333333333333337,0.2576388888888889,0.24682539682539684,0.13770117581501623,-0.29420117581502453
